-- MySQL dump 10.13  Distrib 5.1.41, for debian-linux-gnu (i486)
--
-- Host: localhost    Database: itvision
-- ------------------------------------------------------
-- Server version	5.1.41-3ubuntu12.6

/*!40101 SET @OLD_CHARACTER_SET_CLIENT=@@CHARACTER_SET_CLIENT */;
/*!40101 SET @OLD_CHARACTER_SET_RESULTS=@@CHARACTER_SET_RESULTS */;
/*!40101 SET @OLD_COLLATION_CONNECTION=@@COLLATION_CONNECTION */;
/*!40101 SET NAMES utf8 */;
/*!40103 SET @OLD_TIME_ZONE=@@TIME_ZONE */;
/*!40103 SET TIME_ZONE='+00:00' */;
/*!40014 SET @OLD_UNIQUE_CHECKS=@@UNIQUE_CHECKS, UNIQUE_CHECKS=0 */;
/*!40014 SET @OLD_FOREIGN_KEY_CHECKS=@@FOREIGN_KEY_CHECKS, FOREIGN_KEY_CHECKS=0 */;
/*!40101 SET @OLD_SQL_MODE=@@SQL_MODE, SQL_MODE='NO_AUTO_VALUE_ON_ZERO' */;
/*!40111 SET @OLD_SQL_NOTES=@@SQL_NOTES, SQL_NOTES=0 */;

--
-- Table structure for table `cdef`
--

DROP TABLE IF EXISTS `cdef`;
/*!40101 SET @saved_cs_client     = @@character_set_client */;
/*!40101 SET character_set_client = utf8 */;
CREATE TABLE `cdef` (
  `id` mediumint(8) unsigned NOT NULL AUTO_INCREMENT,
  `hash` varchar(32) NOT NULL DEFAULT '',
  `name` varchar(255) NOT NULL DEFAULT '',
  PRIMARY KEY (`id`)
) ENGINE=MyISAM AUTO_INCREMENT=16 DEFAULT CHARSET=latin1;
/*!40101 SET character_set_client = @saved_cs_client */;

--
-- Dumping data for table `cdef`
--

LOCK TABLES `cdef` WRITE;
/*!40000 ALTER TABLE `cdef` DISABLE KEYS */;
INSERT INTO `cdef` VALUES (3,'3d352eed9fa8f7b2791205b3273708c7','Make Stack Negative'),(4,'e961cc8ec04fda6ed4981cf5ad501aa5','Make Per 5 Minutes'),(12,'f1ac79f05f255c02f914c920f1038c54','Total All Data Sources'),(2,'73f95f8b77b5508157d64047342c421e','Turn Bytes into Bits'),(14,'634a23af5e78af0964e8d33b1a4ed26b','Multiply by 1024'),(15,'068984b5ccdfd2048869efae5166f722','Total All Data Sources, Multiply by 1024');
/*!40000 ALTER TABLE `cdef` ENABLE KEYS */;
UNLOCK TABLES;

--
-- Table structure for table `cdef_items`
--

DROP TABLE IF EXISTS `cdef_items`;
/*!40101 SET @saved_cs_client     = @@character_set_client */;
/*!40101 SET character_set_client = utf8 */;
CREATE TABLE `cdef_items` (
  `id` mediumint(8) unsigned NOT NULL AUTO_INCREMENT,
  `hash` varchar(32) NOT NULL DEFAULT '',
  `cdef_id` mediumint(8) unsigned NOT NULL DEFAULT '0',
  `sequence` mediumint(8) unsigned NOT NULL DEFAULT '0',
  `type` tinyint(2) NOT NULL DEFAULT '0',
  `value` varchar(150) NOT NULL DEFAULT '',
  PRIMARY KEY (`id`),
  KEY `cdef_id` (`cdef_id`)
) ENGINE=MyISAM AUTO_INCREMENT=24 DEFAULT CHARSET=latin1;
/*!40101 SET character_set_client = @saved_cs_client */;

--
-- Dumping data for table `cdef_items`
--

LOCK TABLES `cdef_items` WRITE;
/*!40000 ALTER TABLE `cdef_items` DISABLE KEYS */;
INSERT INTO `cdef_items` VALUES (7,'9bbf6b792507bb9bb17d2af0970f9be9',2,1,4,'CURRENT_DATA_SOURCE'),(9,'a4b8eb2c3bf4920a3ef571a7a004be53',2,2,6,'8'),(8,'caa4e023ac2d7b1c4b4c8c4adfd55dfe',2,3,2,'3'),(10,'c888c9fe6b62c26c4bfe23e18991731d',3,1,4,'CURRENT_DATA_SOURCE'),(11,'1e1d0b29a94e08b648c8f053715442a0',3,3,2,'3'),(12,'4355c197998c7f8b285be7821ddc6da4',3,2,6,'-1'),(13,'40bb7a1143b0f2e2efca14eb356236de',4,1,4,'CURRENT_DATA_SOURCE'),(14,'42686ea0925c0220924b7d333599cd67',4,3,2,'3'),(15,'faf1b148b2c0e0527362ed5b8ca1d351',4,2,6,'300'),(16,'0ef6b8a42dc83b4e43e437960fccd2ea',12,1,4,'ALL_DATA_SOURCES_NODUPS'),(18,'86370cfa0008fe8c56b28be80ee39a40',14,1,4,'CURRENT_DATA_SOURCE'),(19,'9a35cc60d47691af37f6fddf02064e20',14,2,6,'1024'),(20,'5d7a7941ec0440b257e5598a27dd1688',14,3,2,'3'),(21,'44fd595c60539ff0f5817731d9f43a85',15,1,4,'ALL_DATA_SOURCES_NODUPS'),(22,'aa38be265e5ac31783e57ce6f9314e9a',15,2,6,'1024'),(23,'204423d4b2598f1f7252eea19458345c',15,3,2,'3');
/*!40000 ALTER TABLE `cdef_items` ENABLE KEYS */;
UNLOCK TABLES;

--
-- Table structure for table `colors`
--

DROP TABLE IF EXISTS `colors`;
/*!40101 SET @saved_cs_client     = @@character_set_client */;
/*!40101 SET character_set_client = utf8 */;
CREATE TABLE `colors` (
  `id` mediumint(8) unsigned NOT NULL AUTO_INCREMENT,
  `hex` varchar(6) NOT NULL DEFAULT '',
  PRIMARY KEY (`id`)
) ENGINE=MyISAM AUTO_INCREMENT=105 DEFAULT CHARSET=latin1;
/*!40101 SET character_set_client = @saved_cs_client */;

--
-- Dumping data for table `colors`
--

LOCK TABLES `colors` WRITE;
/*!40000 ALTER TABLE `colors` DISABLE KEYS */;
INSERT INTO `colors` VALUES (1,'000000'),(2,'FFFFFF'),(4,'FAFD9E'),(5,'C0C0C0'),(6,'74C366'),(7,'6DC8FE'),(8,'EA8F00'),(9,'FF0000'),(10,'4444FF'),(11,'FF00FF'),(12,'00FF00'),(13,'8D85F3'),(14,'AD3B6E'),(15,'EACC00'),(16,'12B3B5'),(17,'157419'),(18,'C4FD3D'),(19,'817C4E'),(20,'002A97'),(21,'0000FF'),(22,'00CF00'),(24,'F9FD5F'),(25,'FFF200'),(26,'CCBB00'),(27,'837C04'),(28,'EAAF00'),(29,'FFD660'),(30,'FFC73B'),(31,'FFAB00'),(33,'FF7D00'),(34,'ED7600'),(35,'FF5700'),(36,'EE5019'),(37,'B1441E'),(38,'FFC3C0'),(39,'FF897C'),(40,'FF6044'),(41,'FF4105'),(42,'DA4725'),(43,'942D0C'),(44,'FF3932'),(45,'862F2F'),(46,'FF5576'),(47,'562B29'),(48,'F51D30'),(49,'DE0056'),(50,'ED5394'),(51,'B90054'),(52,'8F005C'),(53,'F24AC8'),(54,'E8CDEF'),(55,'D8ACE0'),(56,'A150AA'),(57,'750F7D'),(58,'8D00BA'),(59,'623465'),(60,'55009D'),(61,'3D168B'),(62,'311F4E'),(63,'D2D8F9'),(64,'9FA4EE'),(65,'6557D0'),(66,'4123A1'),(67,'4668E4'),(68,'0D006A'),(69,'00004D'),(70,'001D61'),(71,'00234B'),(72,'002A8F'),(73,'2175D9'),(74,'7CB3F1'),(75,'005199'),(76,'004359'),(77,'00A0C1'),(78,'007283'),(79,'00BED9'),(80,'AFECED'),(81,'55D6D3'),(82,'00BBB4'),(83,'009485'),(84,'005D57'),(85,'008A77'),(86,'008A6D'),(87,'00B99B'),(88,'009F67'),(89,'00694A'),(90,'00A348'),(91,'00BF47'),(92,'96E78A'),(93,'00BD27'),(94,'35962B'),(95,'7EE600'),(96,'6EA100'),(97,'CAF100'),(98,'F5F800'),(99,'CDCFC4'),(100,'BCBEB3'),(101,'AAABA1'),(102,'8F9286'),(103,'797C6E'),(104,'2E3127');
/*!40000 ALTER TABLE `colors` ENABLE KEYS */;
UNLOCK TABLES;

--
-- Table structure for table `data_input`
--

DROP TABLE IF EXISTS `data_input`;
/*!40101 SET @saved_cs_client     = @@character_set_client */;
/*!40101 SET character_set_client = utf8 */;
CREATE TABLE `data_input` (
  `id` mediumint(8) unsigned NOT NULL AUTO_INCREMENT,
  `hash` varchar(32) NOT NULL DEFAULT '',
  `name` varchar(200) NOT NULL DEFAULT '',
  `input_string` varchar(255) DEFAULT NULL,
  `type_id` tinyint(2) NOT NULL DEFAULT '0',
  PRIMARY KEY (`id`),
  KEY `name` (`name`)
) ENGINE=MyISAM AUTO_INCREMENT=13 DEFAULT CHARSET=latin1;
/*!40101 SET character_set_client = @saved_cs_client */;

--
-- Dumping data for table `data_input`
--

LOCK TABLES `data_input` WRITE;
/*!40000 ALTER TABLE `data_input` DISABLE KEYS */;
INSERT INTO `data_input` VALUES (1,'3eb92bb845b9660a7445cf9740726522','Get SNMP Data','',2),(2,'bf566c869ac6443b0c75d1c32b5a350e','Get SNMP Data (Indexed)','',3),(3,'274f4685461170b9eb1b98d22567ab5e','Unix - Get Free Disk Space','<path_cacti>/scripts/diskfree.sh <partition>',1),(4,'95ed0993eb3095f9920d431ac80f4231','Unix - Get Load Average','perl <path_cacti>/scripts/loadavg_multi.pl',1),(5,'79a284e136bb6b061c6f96ec219ac448','Unix - Get Logged In Users','perl <path_cacti>/scripts/unix_users.pl <username>',1),(6,'362e6d4768937c4f899dd21b91ef0ff8','Linux - Get Memory Usage','perl <path_cacti>/scripts/linux_memory.pl <grepstr>',1),(7,'a637359e0a4287ba43048a5fdf202066','Unix - Get System Processes','perl <path_cacti>/scripts/unix_processes.pl',1),(8,'47d6bfe8be57a45171afd678920bd399','Unix - Get TCP Connections','perl <path_cacti>/scripts/unix_tcp_connections.pl <grepstr>',1),(9,'cc948e4de13f32b6aea45abaadd287a3','Unix - Get Web Hits','perl <path_cacti>/scripts/webhits.pl <log_path>',1),(10,'8bd153aeb06e3ff89efc73f35849a7a0','Unix - Ping Host','perl <path_cacti>/scripts/ping.pl <ip>',1),(11,'80e9e4c4191a5da189ae26d0e237f015','Get Script Data (Indexed)','',4),(12,'332111d8b54ac8ce939af87a7eac0c06','Get Script Server Data (Indexed)','',6);
/*!40000 ALTER TABLE `data_input` ENABLE KEYS */;
UNLOCK TABLES;

--
-- Table structure for table `data_input_data`
--

DROP TABLE IF EXISTS `data_input_data`;
/*!40101 SET @saved_cs_client     = @@character_set_client */;
/*!40101 SET character_set_client = utf8 */;
CREATE TABLE `data_input_data` (
  `data_input_field_id` mediumint(8) unsigned NOT NULL DEFAULT '0',
  `data_template_data_id` mediumint(8) unsigned NOT NULL DEFAULT '0',
  `t_value` char(2) DEFAULT NULL,
  `value` text,
  PRIMARY KEY (`data_input_field_id`,`data_template_data_id`),
  KEY `t_value` (`t_value`)
) ENGINE=MyISAM DEFAULT CHARSET=latin1;
/*!40101 SET character_set_client = @saved_cs_client */;

--
-- Dumping data for table `data_input_data`
--

LOCK TABLES `data_input_data` WRITE;
/*!40000 ALTER TABLE `data_input_data` DISABLE KEYS */;
INSERT INTO `data_input_data` VALUES (14,1,'on',''),(13,1,'on',''),(12,1,'on',''),(14,2,'on',''),(13,2,'on',''),(12,2,'on',''),(14,3,'on',''),(13,3,'on',''),(12,3,'on',''),(1,4,'',''),(1,5,'',''),(1,6,'',''),(14,7,'on',''),(13,7,'on',''),(12,7,'on',''),(14,8,'on',''),(13,8,'on',''),(12,8,'on',''),(14,9,'on',''),(13,9,'on',''),(12,9,'on',''),(14,10,'on',''),(13,10,'on',''),(12,10,'on',''),(22,12,'','Buffers:'),(22,13,'','MemFree:'),(22,14,'','^Cached:'),(22,15,'','SwapFree:'),(29,18,'',''),(1,19,'',''),(2,19,'',''),(6,21,'','.1.3.6.1.2.1.25.3.3.1.2.1'),(1,27,'',''),(6,28,'','.1.3.6.1.4.1.9.9.109.1.1.1.1.3.1'),(6,29,'','.1.3.6.1.4.1.9.9.109.1.1.1.1.4.1'),(1,30,'',''),(1,31,'',''),(1,32,'',''),(1,33,'',''),(1,34,'',''),(14,35,'on',''),(13,35,'on',''),(12,35,'on',''),(14,36,'on',''),(13,36,'on',''),(12,36,'on',''),(1,22,'',''),(1,23,'',''),(1,24,'',''),(1,25,'',''),(1,26,'',''),(33,37,'on',''),(32,37,'on',''),(31,37,'on',''),(14,38,'on',''),(13,38,'on',''),(12,38,'on',''),(14,39,'on',''),(13,39,'on',''),(12,39,'on',''),(14,40,'on',''),(13,40,'on',''),(12,40,'on',''),(14,41,'on',''),(13,41,'on',''),(12,41,'on',''),(14,55,'on',''),(13,55,'on',''),(12,55,'on',''),(37,56,'on',''),(36,56,'on',''),(35,56,'on',''),(37,57,'on',''),(36,57,'on',''),(35,57,'on',''),(1,58,'',''),(1,59,'',''),(1,20,'',''),(5,6,'',''),(22,62,NULL,'MemFree:'),(22,63,NULL,'SwapFree:'),(4,6,'',''),(3,6,'',''),(2,6,'',''),(6,69,'on',''),(1,68,'',''),(2,68,'',''),(6,6,'','.1.3.6.1.4.1.2021.11.51.0'),(2,27,'',''),(3,27,'',''),(4,27,'',''),(5,27,'',''),(6,27,'','.1.3.6.1.4.1.9.2.1.58.0'),(2,59,'',''),(3,59,'',''),(4,59,'',''),(5,59,'',''),(6,59,'','.1.3.6.1.2.1.25.1.5.0'),(2,58,'',''),(3,58,'',''),(4,58,'',''),(5,58,'',''),(6,58,'','.1.3.6.1.2.1.25.1.6.0'),(2,24,'',''),(3,24,'',''),(4,24,'',''),(5,24,'',''),(6,24,'','.1.3.6.1.4.1.23.2.28.2.5.0'),(2,25,'',''),(3,25,'',''),(4,25,'',''),(5,25,'',''),(6,25,'','.1.3.6.1.4.1.23.2.28.2.6.0'),(2,22,'',''),(3,22,'',''),(4,22,'',''),(5,22,'',''),(6,22,'','.1.3.6.1.4.1.23.2.28.2.1.0'),(2,23,'',''),(3,23,'',''),(4,23,'',''),(5,23,'',''),(6,23,'','.1.3.6.1.4.1.23.2.28.2.2.0'),(2,26,'',''),(3,26,'',''),(4,26,'',''),(5,26,'',''),(6,26,'','.1.3.6.1.4.1.23.2.28.2.7.0'),(2,20,'',''),(3,20,'',''),(4,20,'',''),(5,20,'',''),(6,20,'','.1.3.6.1.4.1.23.2.28.3.2.0'),(3,19,'',''),(4,19,'',''),(5,19,'',''),(6,19,'','.1.3.6.1.4.1.23.2.28.3.1'),(2,4,'',''),(3,4,'',''),(4,4,'',''),(5,4,'',''),(6,4,'','.1.3.6.1.4.1.2021.11.52.0'),(2,5,'',''),(3,5,'',''),(4,5,'',''),(5,5,'',''),(6,5,'','.1.3.6.1.4.1.2021.11.50.0'),(2,30,'',''),(3,30,'',''),(4,30,'',''),(5,30,'',''),(6,30,'','.1.3.6.1.4.1.2021.10.1.3.1'),(2,32,'',''),(3,32,'',''),(4,32,'',''),(5,32,'',''),(6,32,'','.1.3.6.1.4.1.2021.10.1.3.3'),(2,31,'',''),(3,31,'',''),(4,31,'',''),(5,31,'',''),(6,31,'','.1.3.6.1.4.1.2021.10.1.3.2'),(2,33,'',''),(3,33,'',''),(4,33,'',''),(5,33,'',''),(6,33,'','.1.3.6.1.4.1.2021.4.14.0'),(3,68,'',''),(4,68,'',''),(5,68,'',''),(6,68,'','.1.3.6.1.4.1.2021.4.15.0'),(2,34,'',''),(3,34,'',''),(4,34,'',''),(5,34,'',''),(6,34,'','.1.3.6.1.4.1.2021.4.6.0'),(20,17,'',''),(20,65,NULL,'');
/*!40000 ALTER TABLE `data_input_data` ENABLE KEYS */;
UNLOCK TABLES;

--
-- Table structure for table `data_input_fields`
--

DROP TABLE IF EXISTS `data_input_fields`;
/*!40101 SET @saved_cs_client     = @@character_set_client */;
/*!40101 SET character_set_client = utf8 */;
CREATE TABLE `data_input_fields` (
  `id` mediumint(8) unsigned NOT NULL AUTO_INCREMENT,
  `hash` varchar(32) NOT NULL DEFAULT '',
  `data_input_id` mediumint(8) unsigned NOT NULL DEFAULT '0',
  `name` varchar(200) NOT NULL DEFAULT '',
  `data_name` varchar(50) NOT NULL DEFAULT '',
  `input_output` char(3) NOT NULL DEFAULT '',
  `update_rra` char(2) DEFAULT '0',
  `sequence` smallint(5) NOT NULL DEFAULT '0',
  `type_code` varchar(40) DEFAULT NULL,
  `regexp_match` varchar(200) DEFAULT NULL,
  `allow_nulls` char(2) DEFAULT NULL,
  PRIMARY KEY (`id`),
  KEY `data_input_id` (`data_input_id`),
  KEY `type_code` (`type_code`)
) ENGINE=MyISAM AUTO_INCREMENT=47 DEFAULT CHARSET=latin1;
/*!40101 SET character_set_client = @saved_cs_client */;

--
-- Dumping data for table `data_input_fields`
--

LOCK TABLES `data_input_fields` WRITE;
/*!40000 ALTER TABLE `data_input_fields` DISABLE KEYS */;
INSERT INTO `data_input_fields` VALUES (1,'92f5906c8dc0f964b41f4253df582c38',1,'SNMP IP Address','management_ip','in','',0,'hostname','',''),(2,'32285d5bf16e56c478f5e83f32cda9ef',1,'SNMP Community','snmp_community','in','',0,'snmp_community','',''),(3,'ad14ac90641aed388139f6ba86a2e48b',1,'SNMP Username','snmp_username','in','',0,'snmp_username','','on'),(4,'9c55a74bd571b4f00a96fd4b793278c6',1,'SNMP Password','snmp_password','in','',0,'snmp_password','','on'),(5,'012ccb1d3687d3edb29c002ea66e72da',1,'SNMP Version (1, 2, or 3)','snmp_version','in','',0,'snmp_version','','on'),(6,'4276a5ec6e3fe33995129041b1909762',1,'OID','oid','in','',0,'snmp_oid','',''),(7,'617cdc8a230615e59f06f361ef6e7728',2,'SNMP IP Address','management_ip','in','',0,'hostname','',''),(8,'acb449d1451e8a2a655c2c99d31142c7',2,'SNMP Community','snmp_community','in','',0,'snmp_community','',''),(9,'f4facc5e2ca7ebee621f09bc6d9fc792',2,'SNMP Username (v3)','snmp_username','in','',0,'snmp_username','','on'),(10,'1cc1493a6781af2c478fa4de971531cf',2,'SNMP Password (v3)','snmp_password','in','',0,'snmp_password','','on'),(11,'b5c23f246559df38662c255f4aa21d6b',2,'SNMP Version (1, 2, or 3)','snmp_version','in','',0,'snmp_version','',''),(12,'6027a919c7c7731fbe095b6f53ab127b',2,'Index Type','index_type','in','',0,'index_type','',''),(13,'cbbe5c1ddfb264a6e5d509ce1c78c95f',2,'Index Value','index_value','in','',0,'index_value','',''),(14,'e6deda7be0f391399c5130e7c4a48b28',2,'Output Type ID','output_type','in','',0,'output_type','',''),(15,'edfd72783ad02df128ff82fc9324b4b9',3,'Disk Partition','partition','in','',1,'','',''),(16,'8b75fb61d288f0b5fc0bd3056af3689b',3,'Kilobytes Free','kilobytes','out','on',0,'','',''),(17,'363588d49b263d30aecb683c52774f39',4,'1 Minute Average','1min','out','on',0,'','',''),(18,'ad139a9e1d69881da36fca07889abf58',4,'5 Minute Average','5min','out','on',0,'','',''),(19,'5db9fee64824c08258c7ff6f8bc53337',4,'10 Minute Average','10min','out','on',0,'','',''),(20,'c0cfd0beae5e79927c5a360076706820',5,'Username (Optional)','username','in','',1,'','','on'),(21,'52c58ad414d9a2a83b00a7a51be75a53',5,'Logged In Users','users','out','on',0,'','',''),(22,'05eb5d710f0814871b8515845521f8d7',6,'Grep String','grepstr','in','',1,'','',''),(23,'86cb1cbfde66279dbc7f1144f43a3219',6,'Result (in Kilobytes)','kilobytes','out','on',0,'','',''),(24,'d5a8dd5fbe6a5af11667c0039af41386',7,'Number of Processes','proc','out','on',0,'','',''),(25,'8848cdcae831595951a3f6af04eec93b',8,'Grep String','grepstr','in','',1,'','','on'),(26,'3d1288d33008430ce354e8b9c162f7ff',8,'Connections','connections','out','on',0,'','',''),(27,'c6af570bb2ed9c84abf32033702e2860',9,'(Optional) Log Path','log_path','in','',1,'','','on'),(28,'f9389860f5c5340c9b27fca0b4ee5e71',9,'Web Hits','webhits','out','on',0,'','',''),(29,'5fbadb91ad66f203463c1187fe7bd9d5',10,'IP Address','ip','in','',1,'hostname','',''),(30,'6ac4330d123c69067d36a933d105e89a',10,'Milliseconds','out_ms','out','on',0,'','',''),(31,'d39556ecad6166701bfb0e28c5a11108',11,'Index Type','index_type','in','',0,'index_type','',''),(32,'3b7caa46eb809fc238de6ef18b6e10d5',11,'Index Value','index_value','in','',0,'index_value','',''),(33,'74af2e42dc12956c4817c2ef5d9983f9',11,'Output Type ID','output_type','in','',0,'output_type','',''),(34,'8ae57f09f787656bf4ac541e8bd12537',11,'Output Value','output','out','on',0,'','',''),(35,'172b4b0eacee4948c6479f587b62e512',12,'Index Type','index_type','in','',0,'index_type','',''),(36,'30fb5d5bcf3d66bb5abe88596f357c26',12,'Index Value','index_value','in','',0,'index_value','',''),(37,'31112c85ae4ff821d3b288336288818c',12,'Output Type ID','output_type','in','',0,'output_type','',''),(38,'5be8fa85472d89c621790b43510b5043',12,'Output Value','output','out','on',0,'','',''),(39,'c1f36ee60c3dc98945556d57f26e475b',2,'SNMP Port','snmp_port','in','',0,'snmp_port','',''),(40,'fc64b99742ec417cc424dbf8c7692d36',1,'SNMP Port','snmp_port','in','',0,'snmp_port','',''),(41,'20832ce12f099c8e54140793a091af90',1,'SNMP Authenticaion Protocol (v3)','snmp_auth_protocol','in','',0,'snmp_auth_protocol','',''),(42,'c60c9aac1e1b3555ea0620b8bbfd82cb',1,'SNMP Privacy Passphrase (v3)','snmp_priv_passphrase','in','',0,'snmp_priv_passphrase','',''),(43,'feda162701240101bc74148415ef415a',1,'SNMP Privacy Protocol (v3)','snmp_priv_protocol','in','',0,'snmp_priv_protocol','',''),(44,'2cf7129ad3ff819a7a7ac189bee48ce8',2,'SNMP Authenticaion Protocol (v3)','snmp_auth_protocol','in','',0,'snmp_auth_protocol','',''),(45,'6b13ac0a0194e171d241d4b06f913158',2,'SNMP Privacy Passphrase (v3)','snmp_priv_passphrase','in','',0,'snmp_priv_passphrase','',''),(46,'3a33d4fc65b8329ab2ac46a36da26b72',2,'SNMP Privacy Protocol (v3)','snmp_priv_protocol','in','',0,'snmp_priv_protocol','','');
/*!40000 ALTER TABLE `data_input_fields` ENABLE KEYS */;
UNLOCK TABLES;

--
-- Table structure for table `data_local`
--

DROP TABLE IF EXISTS `data_local`;
/*!40101 SET @saved_cs_client     = @@character_set_client */;
/*!40101 SET character_set_client = utf8 */;
CREATE TABLE `data_local` (
  `id` mediumint(8) unsigned NOT NULL AUTO_INCREMENT,
  `data_template_id` mediumint(8) unsigned NOT NULL DEFAULT '0',
  `host_id` mediumint(8) unsigned NOT NULL DEFAULT '0',
  `snmp_query_id` mediumint(8) NOT NULL DEFAULT '0',
  `snmp_index` varchar(255) NOT NULL DEFAULT '',
  PRIMARY KEY (`id`)
) ENGINE=MyISAM AUTO_INCREMENT=8 DEFAULT CHARSET=latin1;
/*!40101 SET character_set_client = @saved_cs_client */;

--
-- Dumping data for table `data_local`
--

LOCK TABLES `data_local` WRITE;
/*!40000 ALTER TABLE `data_local` DISABLE KEYS */;
INSERT INTO `data_local` VALUES (3,13,1,0,''),(4,15,1,0,''),(5,11,1,0,''),(6,17,1,0,''),(7,16,1,0,'');
/*!40000 ALTER TABLE `data_local` ENABLE KEYS */;
UNLOCK TABLES;

--
-- Table structure for table `data_template`
--

DROP TABLE IF EXISTS `data_template`;
/*!40101 SET @saved_cs_client     = @@character_set_client */;
/*!40101 SET character_set_client = utf8 */;
CREATE TABLE `data_template` (
  `id` mediumint(8) unsigned NOT NULL AUTO_INCREMENT,
  `hash` varchar(32) NOT NULL DEFAULT '',
  `name` varchar(150) NOT NULL DEFAULT '',
  PRIMARY KEY (`id`)
) ENGINE=MyISAM AUTO_INCREMENT=49 DEFAULT CHARSET=latin1;
/*!40101 SET character_set_client = @saved_cs_client */;

--
-- Dumping data for table `data_template`
--

LOCK TABLES `data_template` WRITE;
/*!40000 ALTER TABLE `data_template` DISABLE KEYS */;
INSERT INTO `data_template` VALUES (3,'c8a8f50f5f4a465368222594c5709ede','ucd/net - Hard Drive Space'),(4,'cdfed2d401723d2f41fc239d4ce249c7','ucd/net - CPU Usage - System'),(5,'a27e816377d2ac6434a87c494559c726','ucd/net - CPU Usage - User'),(6,'c06c3d20eccb9598939dc597701ff574','ucd/net - CPU Usage - Nice'),(7,'a14f2d6f233b05e64263ff03a5b0b386','Karlnet - Noise Level'),(8,'def1a9019d888ed2ad2e106aa9595ede','Karlnet - Signal Level'),(9,'513a99ae3c9c4413609c1534ffc36eab','Karlnet - Wireless Transmits'),(10,'77404ae93c9cc410f1c2c717e7117378','Karlnet - Wireless Re-Transmits'),(11,'9e72511e127de200733eb502eb818e1d','Unix - Load Average'),(13,'dc33aa9a8e71fb7c61ec0e7a6da074aa','Linux - Memory - Free'),(15,'41f55087d067142d702dd3c73c98f020','Linux - Memory - Free Swap'),(16,'9b8c92d3c32703900ff7dd653bfc9cd8','Unix - Processes'),(17,'c221c2164c585b6da378013a7a6a2c13','Unix - Logged in Users'),(18,'a30a81cb1de65b52b7da542c8df3f188','Unix - Ping Host'),(19,'0de466a1b81dfe581d44ac014b86553a','Netware - Total Users'),(20,'bbe2da0708103029fbf949817d3a4537','Netware - Total Logins'),(22,'e4ac5d5fe73e3c773671c6d0498a8d9d','Netware - File System Reads'),(23,'f29f8c998425eedd249be1e7caf90ceb','Netware - File System Writes'),(24,'7a6216a113e19881e35565312db8a371','Netware - Cache Checks'),(25,'1dbd1251c8e94b334c0e6aeae5ca4b8d','Netware - Cache Hits'),(26,'1a4c5264eb27b5e57acd3160af770a61','Netware - Open Files'),(27,'e9def3a0e409f517cb804dfeba4ccd90','Cisco Router - 5 Minute CPU'),(30,'9b82d44eb563027659683765f92c9757','ucd/net - Load Average - 1 Minute'),(31,'87847714d19f405ff3c74f3341b3f940','ucd/net - Load Average - 5 Minute'),(32,'308ac157f24e2763f8cd828a80b3e5ff','ucd/net - Load Average - 15 Minute'),(33,'797a3e92b0039841b52e441a2823a6fb','ucd/net - Memory - Buffers'),(34,'fa15932d3cab0da2ab94c69b1a9f5ca7','ucd/net - Memory - Free'),(35,'6ce4ab04378f9f3b03ee0623abb6479f','Netware - Volumes'),(36,'03060555fab086b8412bbf9951179cd9','Netware - Directory Entries'),(37,'e4ac6919d4f6f21ec5b281a1d6ac4d4e','Unix - Hard Drive Space'),(38,'36335cd98633963a575b70639cd2fdad','Interface - Errors/Discards'),(39,'2f654f7d69ac71a5d56b1db8543ccad3','Interface - Unicast Packets'),(40,'c84e511401a747409053c90ba910d0fe','Interface - Non-Unicast Packets'),(41,'6632e1e0b58a565c135d7ff90440c335','Interface - Traffic'),(42,'1d17325f416b262921a0b55fe5f7e31d','Netware - CPU Utilization'),(43,'d814fa3b79bd0f8933b6e0834d3f16d0','Host MIB - Hard Drive Space'),(44,'f6e7d21c19434666bbdac00ccef9932f','Host MIB - CPU Utilization'),(45,'f383db441d1c246cff8482f15e184e5f','Host MIB - Processes'),(46,'2ef027cc76d75720ee5f7a528f0f1fda','Host MIB - Logged in Users'),(47,'a274deec1f78654dca6c446ba75ebca4','ucd/net - Memory - Cache'),(48,'d429e4a6019c91e6e84562593c1968ca','SNMP - Generic OID Template');
/*!40000 ALTER TABLE `data_template` ENABLE KEYS */;
UNLOCK TABLES;

--
-- Table structure for table `data_template_data`
--

DROP TABLE IF EXISTS `data_template_data`;
/*!40101 SET @saved_cs_client     = @@character_set_client */;
/*!40101 SET character_set_client = utf8 */;
CREATE TABLE `data_template_data` (
  `id` mediumint(8) unsigned NOT NULL AUTO_INCREMENT,
  `local_data_template_data_id` mediumint(8) unsigned NOT NULL DEFAULT '0',
  `local_data_id` mediumint(8) unsigned NOT NULL DEFAULT '0',
  `data_template_id` mediumint(8) unsigned NOT NULL DEFAULT '0',
  `data_input_id` mediumint(8) unsigned NOT NULL DEFAULT '0',
  `t_name` char(2) DEFAULT NULL,
  `name` varchar(250) NOT NULL DEFAULT '',
  `name_cache` varchar(255) NOT NULL DEFAULT '',
  `data_source_path` varchar(255) DEFAULT NULL,
  `t_active` char(2) DEFAULT NULL,
  `active` char(2) DEFAULT NULL,
  `t_rrd_step` char(2) DEFAULT NULL,
  `rrd_step` mediumint(8) unsigned NOT NULL DEFAULT '0',
  `t_rra_id` char(2) DEFAULT NULL,
  PRIMARY KEY (`id`),
  KEY `local_data_id` (`local_data_id`),
  KEY `data_template_id` (`data_template_id`)
) ENGINE=MyISAM AUTO_INCREMENT=70 DEFAULT CHARSET=latin1;
/*!40101 SET character_set_client = @saved_cs_client */;

--
-- Dumping data for table `data_template_data`
--

LOCK TABLES `data_template_data` WRITE;
/*!40000 ALTER TABLE `data_template_data` DISABLE KEYS */;
INSERT INTO `data_template_data` VALUES (3,0,0,3,2,'on','|host_description| - Hard Drive Space','',NULL,'','on','',300,''),(4,0,0,4,1,'','|host_description| - CPU Usage - System','',NULL,'','on','',300,''),(5,0,0,5,1,'','|host_description| - CPU Usage - User','',NULL,'','on','',300,''),(6,0,0,6,1,'','|host_description| - CPU Usage - Nice','',NULL,'','on','',300,''),(7,0,0,7,2,'on','|host_description| - Noise Level','',NULL,'','on','',300,''),(8,0,0,8,2,'on','|host_description| - Signal Level','',NULL,'','on','',300,''),(9,0,0,9,2,'on','|host_description| - Wireless Transmits','',NULL,'','on','',300,''),(10,0,0,10,2,'on','|host_description| - Wireless Re-Transmits','',NULL,'','on','',300,''),(11,0,0,11,4,'','|host_description| - Load Average','',NULL,'','on','',300,''),(13,0,0,13,6,'','|host_description| - Memory - Free','',NULL,'','on','',300,''),(15,0,0,15,6,'','|host_description| - Memory - Free Swap','',NULL,'','on','',300,''),(16,0,0,16,7,'','|host_description| - Processes','',NULL,'','on','',300,''),(17,0,0,17,5,'','|host_description| - Logged in Users','',NULL,'','on','',300,''),(18,0,0,18,10,'','|host_description| - Ping Host','',NULL,'','on','',300,''),(19,0,0,19,1,'','|host_description| - Total Users','',NULL,'','on','',300,''),(20,0,0,20,1,'','|host_description| - Total Logins','',NULL,'','on','',300,''),(22,0,0,22,1,'','|host_description| - File System Reads','',NULL,'','on','',300,''),(23,0,0,23,1,'','|host_description| - File System Writes','',NULL,'','on','',300,''),(24,0,0,24,1,'','|host_description| - Cache Checks','',NULL,'','on','',300,''),(25,0,0,25,1,'','|host_description| - Cache Hits','',NULL,'','on','',300,''),(26,0,0,26,1,'','|host_description| - Open Files','',NULL,'','on','',300,''),(27,0,0,27,1,'','|host_description| - 5 Minute CPU','',NULL,'','on','',300,''),(30,0,0,30,1,'','|host_description| - Load Average - 1 Minute','',NULL,'','on','',300,''),(31,0,0,31,1,'','|host_description| - Load Average - 5 Minute','',NULL,'','on','',300,''),(32,0,0,32,1,'','|host_description| - Load Average - 15 Minute','',NULL,'','on','',300,''),(33,0,0,33,1,'','|host_description| - Memory - Buffers','',NULL,'','on','',300,''),(34,0,0,34,1,'','|host_description| - Memory - Free','',NULL,'','on','',300,''),(35,0,0,35,2,'on','|host_description| - Volumes','',NULL,'','on','',300,''),(36,0,0,36,2,'on','|host_description| - Directory Entries','',NULL,'','on','',300,''),(37,0,0,37,11,'on','|host_description| - Hard Drive Space','',NULL,'','on','',300,''),(38,0,0,38,2,'on','|host_description| - Errors/Discards','',NULL,'','on','',300,''),(39,0,0,39,2,'on','|host_description| - Unicast Packets','',NULL,'','on','',300,''),(40,0,0,40,2,'on','|host_description| - Non-Unicast Packets','',NULL,'','on','',300,''),(41,0,0,41,2,'on','|host_description| - Traffic','',NULL,'','on','',300,''),(55,0,0,42,2,'','|host_description| - CPU Utilization','',NULL,'','on','',300,''),(56,0,0,43,12,'','|host_description| - Hard Drive Space','',NULL,'','on','',300,''),(57,0,0,44,12,'','|host_description| - CPU Utilization','',NULL,'','on','',300,''),(58,0,0,45,1,'','|host_description| - Processes','',NULL,'','on','',300,''),(59,0,0,46,1,'','|host_description| - Logged in Users','',NULL,'','on','',300,''),(62,13,3,13,6,NULL,'|host_description| - Memory - Free','Localhost - Memory - Free','<path_rra>/localhost_mem_buffers_3.rrd',NULL,'on',NULL,300,NULL),(63,15,4,15,6,NULL,'|host_description| - Memory - Free Swap','Localhost - Memory - Free Swap','<path_rra>/localhost_mem_swap_4.rrd',NULL,'on',NULL,300,NULL),(64,11,5,11,4,NULL,'|host_description| - Load Average','Localhost - Load Average','<path_rra>/localhost_load_1min_5.rrd',NULL,'on',NULL,300,NULL),(65,17,6,17,5,NULL,'|host_description| - Logged in Users','Localhost - Logged in Users','<path_rra>/localhost_users_6.rrd',NULL,'on',NULL,300,NULL),(66,16,7,16,7,NULL,'|host_description| - Processes','Localhost - Processes','<path_rra>/localhost_proc_7.rrd',NULL,'on',NULL,300,NULL),(68,0,0,47,1,'','|host_description| - Memory - Cache','',NULL,'','on','',300,''),(69,0,0,48,1,'on','|host_description| -','',NULL,'','on','',300,'');
/*!40000 ALTER TABLE `data_template_data` ENABLE KEYS */;
UNLOCK TABLES;

--
-- Table structure for table `data_template_data_rra`
--

DROP TABLE IF EXISTS `data_template_data_rra`;
/*!40101 SET @saved_cs_client     = @@character_set_client */;
/*!40101 SET character_set_client = utf8 */;
CREATE TABLE `data_template_data_rra` (
  `data_template_data_id` mediumint(8) unsigned NOT NULL DEFAULT '0',
  `rra_id` mediumint(8) unsigned NOT NULL DEFAULT '0',
  PRIMARY KEY (`data_template_data_id`,`rra_id`),
  KEY `data_template_data_id` (`data_template_data_id`)
) ENGINE=MyISAM DEFAULT CHARSET=latin1;
/*!40101 SET character_set_client = @saved_cs_client */;

--
-- Dumping data for table `data_template_data_rra`
--

LOCK TABLES `data_template_data_rra` WRITE;
/*!40000 ALTER TABLE `data_template_data_rra` DISABLE KEYS */;
INSERT INTO `data_template_data_rra` VALUES (3,1),(3,2),(3,3),(3,4),(4,1),(4,2),(4,3),(4,4),(5,1),(5,2),(5,3),(5,4),(6,1),(6,2),(6,3),(6,4),(7,1),(7,2),(7,3),(7,4),(8,1),(8,2),(8,3),(8,4),(9,1),(9,2),(9,3),(9,4),(10,1),(10,2),(10,3),(10,4),(11,1),(11,2),(11,3),(11,4),(13,1),(13,2),(13,3),(13,4),(15,1),(15,2),(15,3),(15,4),(16,1),(16,2),(16,3),(16,4),(17,1),(17,2),(17,3),(17,4),(18,1),(18,2),(18,3),(18,4),(19,1),(19,2),(19,3),(19,4),(20,1),(20,2),(20,3),(20,4),(22,1),(22,2),(22,3),(22,4),(23,1),(23,2),(23,3),(23,4),(24,1),(24,2),(24,3),(24,4),(25,1),(25,2),(25,3),(25,4),(26,1),(26,2),(26,3),(26,4),(27,1),(27,2),(27,3),(27,4),(30,1),(30,2),(30,3),(30,4),(31,1),(31,2),(31,3),(31,4),(32,1),(32,2),(32,3),(32,4),(33,1),(33,2),(33,3),(33,4),(34,1),(34,2),(34,3),(34,4),(35,1),(35,2),(35,3),(35,4),(36,1),(36,2),(36,3),(36,4),(37,1),(37,2),(37,3),(37,4),(38,1),(38,2),(38,3),(38,4),(39,1),(39,2),(39,3),(39,4),(40,1),(40,2),(40,3),(40,4),(41,1),(41,2),(41,3),(41,4),(55,1),(55,2),(55,3),(55,4),(56,1),(56,2),(56,3),(56,4),(57,1),(57,2),(57,3),(57,4),(58,1),(58,2),(58,3),(58,4),(59,1),(59,2),(59,3),(59,4),(62,1),(62,2),(62,3),(62,4),(63,1),(63,2),(63,3),(63,4),(64,1),(64,2),(64,3),(64,4),(65,1),(65,2),(65,3),(65,4),(66,1),(66,2),(66,3),(66,4),(68,1),(68,2),(68,3),(68,4),(69,1),(69,2),(69,3),(69,4);
/*!40000 ALTER TABLE `data_template_data_rra` ENABLE KEYS */;
UNLOCK TABLES;

--
-- Table structure for table `data_template_rrd`
--

DROP TABLE IF EXISTS `data_template_rrd`;
/*!40101 SET @saved_cs_client     = @@character_set_client */;
/*!40101 SET character_set_client = utf8 */;
CREATE TABLE `data_template_rrd` (
  `id` mediumint(8) unsigned NOT NULL AUTO_INCREMENT,
  `hash` varchar(32) NOT NULL DEFAULT '',
  `local_data_template_rrd_id` mediumint(8) unsigned NOT NULL DEFAULT '0',
  `local_data_id` mediumint(8) unsigned NOT NULL DEFAULT '0',
  `data_template_id` mediumint(8) unsigned NOT NULL DEFAULT '0',
  `t_rrd_maximum` char(2) DEFAULT NULL,
  `rrd_maximum` varchar(20) NOT NULL DEFAULT '0',
  `t_rrd_minimum` char(2) DEFAULT NULL,
  `rrd_minimum` varchar(20) NOT NULL DEFAULT '0',
  `t_rrd_heartbeat` char(2) DEFAULT NULL,
  `rrd_heartbeat` mediumint(6) NOT NULL DEFAULT '0',
  `t_data_source_type_id` char(2) DEFAULT NULL,
  `data_source_type_id` smallint(5) NOT NULL DEFAULT '0',
  `t_data_source_name` char(2) DEFAULT NULL,
  `data_source_name` varchar(19) NOT NULL DEFAULT '',
  `t_data_input_field_id` char(2) DEFAULT NULL,
  `data_input_field_id` mediumint(8) unsigned NOT NULL DEFAULT '0',
  PRIMARY KEY (`id`),
  KEY `local_data_id` (`local_data_id`),
  KEY `data_template_id` (`data_template_id`),
  KEY `local_data_template_rrd_id` (`local_data_template_rrd_id`)
) ENGINE=MyISAM AUTO_INCREMENT=97 DEFAULT CHARSET=latin1;
/*!40101 SET character_set_client = @saved_cs_client */;

--
-- Dumping data for table `data_template_rrd`
--

LOCK TABLES `data_template_rrd` WRITE;
/*!40000 ALTER TABLE `data_template_rrd` DISABLE KEYS */;
INSERT INTO `data_template_rrd` VALUES (3,'2d53f9c76767a2ae8909f4152fd473a4',0,0,3,'','0','','0','',600,'',1,'','hdd_free','',0),(4,'93d91aa7a3cc5473e7b195d5d6e6e675',0,0,3,'','0','','0','',600,'',1,'','hdd_used','',0),(5,'7bee7987bbf30a3bc429d2a67c6b2595',0,0,4,'','100','','0','',600,'',2,'','cpu_system','',0),(6,'ddccd7fbdece499da0235b4098b87f9e',0,0,5,'','100','','0','',600,'',2,'','cpu_user','',0),(7,'122ab2097f8c6403b7b90cde7b9e2bc2',0,0,6,'','100','','0','',600,'',2,'','cpu_nice','',0),(8,'34f50c820092ea0fecba25b4b94a7946',0,0,7,'','100','','0','',600,'',1,'','wrls_noise','',0),(9,'830b811d1834e5ba0e2af93bd92db057',0,0,8,'','100','','0','',600,'',1,'','wrls_signal','',0),(10,'2f1b016a2465eef3f7369f6313cd4a94',0,0,9,'','1000000','','0','',600,'',2,'','wrls_transmits','',0),(11,'28ffcecaf8b50e49f676f2d4a822685d',0,0,10,'','1000000','','0','',600,'',2,'','wrls_retransmits','',0),(12,'8175ca431c8fe50efff5a1d3ae51b55d',0,0,11,'','500','','0','',600,'',1,'','load_1min','',17),(13,'a2eeb8acd6ea01cd0e3ac852965c0eb6',0,0,11,'','500','','0','',600,'',1,'','load_5min','',18),(14,'9f951b7fb3b19285a411aebb5254a831',0,0,11,'','500','','0','',600,'',1,'','load_15min','',19),(16,'a4df3de5238d3beabee1a2fe140d3d80',0,0,13,'','0','','0','',600,'',1,'','mem_buffers','',23),(18,'7fea6acc9b1a19484b4cb4cef2b6c5da',0,0,15,'','0','','0','',600,'',1,'','mem_swap','',23),(19,'f1ba3a5b17b95825021241398bb0f277',0,0,16,'','1000','','0','',600,'',1,'','proc','',24),(20,'46a5afe8e6c0419172c76421dc9e304a',0,0,17,'','500','','0','',600,'',1,'','users','',21),(21,'962fd1994fe9cae87fb36436bdb8a742',0,0,18,'','5000','','0','',600,'',1,'','ping','',30),(22,'7a8dd1111a8624369906bf2cd6ea9ca9',0,0,19,'','100000','','0','',600,'',1,'','total_users','',0),(23,'ddb6e74d34d2f1969ce85f809dbac23d',0,0,20,'','100000','','0','',600,'',1,'','total_logins','',0),(25,'289311d10336941d33d9a1c48a7b11ee',0,0,22,'','10000000','','0','',600,'',2,'','fs_reads','',0),(26,'02216f036cca04655ee2f67fedb6f4f0',0,0,23,'','10000000','','0','',600,'',2,'','fs_writes','',0),(27,'9e402c0f29131ef7139c20bd500b4e8a',0,0,24,'','10000000','','0','',600,'',2,'','cache_checks','',0),(28,'46717dfe3c8c030d8b5ec0874f9dbdca',0,0,25,'','1000000','','0','',600,'',2,'','cache_hits','',0),(29,'7a88a60729af62561812c43bde61dfc1',0,0,26,'','100000','','0','',600,'',1,'','open_files','',0),(30,'3c0fd1a188b64a662dfbfa985648397b',0,0,27,'','100','','0','',600,'',1,'','5min_cpu','',0),(33,'ed44c2438ef7e46e2aeed2b6c580815c',0,0,30,'','500','','0','',600,'',1,'','load_1min','',0),(34,'9b3a00c9e3530d9e58895ac38271361e',0,0,31,'','500','','0','',600,'',1,'','load_5min','',0),(35,'6746c2ed836ecc68a71bbddf06b0e5d9',0,0,32,'','500','','0','',600,'',1,'','load_15min','',0),(36,'9835d9e1a8c78aa2475d752e8fa74812',0,0,33,'','10000000','','0','',600,'',1,'','mem_buffers','',0),(37,'9c78dc1981bcea841b8c827c6dc0d26c',0,0,34,'','10000000','','0','',600,'',1,'','mem_free','',0),(38,'62a56dc76fe4cd8566a31b5df0274cc3',0,0,35,'','0','','0','',600,'',1,'','vol_total','',0),(39,'2e366ab49d0e0238fb4e3141ea5a88c3',0,0,35,'','0','','0','',600,'',1,'','vol_free','',0),(40,'dceedc84718dd93a5affe4b190bca810',0,0,35,'','0','','0','',600,'',1,'','vol_freeable','',0),(42,'93330503f1cf67db00d8fe636035e545',0,0,36,'','100000000000','','0','',600,'',1,'','dir_total','',0),(43,'6b0fe4aa6aaf22ef9cfbbe96d87fa0d7',0,0,36,'','100000000000','','0','',600,'',1,'','dir_used','',0),(44,'4c82df790325d789d304e6ee5cd4ab7d',0,0,37,'','0','','0','',600,'',1,'','hdd_free','',0),(46,'c802e2fd77f5b0a4c4298951bf65957c',0,0,38,'','10000000','','0','',600,'',2,'','errors_in','',0),(47,'4e2a72240955380dc8ffacfcc8c09874',0,0,38,'','10000000','','0','',600,'',2,'','discards_in','',0),(48,'636672962b5bb2f31d86985e2ab4bdfe',0,0,39,'','1000000000','','0','',600,'',2,'','unicast_in','',0),(49,'18ce92c125a236a190ee9dd948f56268',0,0,39,'','1000000000','','0','',600,'',2,'','unicast_out','',0),(50,'13ebb33f9cbccfcba828db1075a8167c',0,0,38,'','10000000','','0','',600,'',2,'','discards_out','',0),(51,'31399c3725bee7e09ec04049e3d5cd17',0,0,38,'','10000000','','0','',600,'',2,'','errors_out','',0),(52,'7be68cbc4ee0b2973eb9785f8c7a35c7',0,0,40,'','1000000000','','0','',600,'',2,'','nonunicast_out','',0),(53,'93e2b6f59b10b13f2ddf2da3ae98b89a',0,0,40,'','1000000000','','0','',600,'',2,'','nonunicast_in','',0),(54,'2df25c57022b0c7e7d0be4c035ada1a0',0,0,41,'on','100000000','','0','',600,'',2,'','traffic_in','',0),(55,'721c0794526d1ac1c359f27dc56faa49',0,0,41,'on','100000000','','0','',600,'',2,'','traffic_out','',0),(56,'07175541991def89bd02d28a215f6fcc',0,0,37,'','0','','0','',600,'',1,'','hdd_used','',0),(76,'07492e5cace6d74e7db3cb1fc005a3f3',0,0,42,'','100','','0','',600,'',1,'','cpu','',0),(78,'0ee6bb54957f6795a5369a29f818d860',0,0,43,'','0','','0','',600,'',1,'','hdd_used','',0),(79,'9825aaf7c0bdf1554c5b4b86680ac2c0',0,0,44,'','100','','0','',600,'',1,'','cpu','',0),(80,'50ccbe193c6c7fc29fb9f726cd6c48ee',0,0,45,'','1000','','0','',600,'',1,'','proc','',0),(81,'9464c91bcff47f23085ae5adae6ab987',0,0,46,'','5000','','0','',600,'',1,'','users','',0),(84,'',16,3,13,NULL,'0',NULL,'0',NULL,600,NULL,1,NULL,'mem_buffers',NULL,23),(85,'',18,4,15,NULL,'0',NULL,'0',NULL,600,NULL,1,NULL,'mem_swap',NULL,23),(86,'',12,5,11,NULL,'500',NULL,'0',NULL,600,NULL,1,NULL,'load_1min',NULL,17),(87,'',13,5,11,NULL,'500',NULL,'0',NULL,600,NULL,1,NULL,'load_5min',NULL,18),(88,'',14,5,11,NULL,'500',NULL,'0',NULL,600,NULL,1,NULL,'load_15min',NULL,19),(89,'',20,6,17,NULL,'500',NULL,'0',NULL,600,NULL,1,NULL,'users',NULL,21),(90,'',19,7,16,NULL,'1000',NULL,'0',NULL,600,NULL,1,NULL,'proc',NULL,24),(92,'165a0da5f461561c85d092dfe96b9551',0,0,43,'','0','','0','',600,'',1,'','hdd_total','',0),(95,'7a6ca455bbeff99ca891371bc77d5cf9',0,0,47,'','10000000','','0','',600,'',1,'','mem_cache','',0),(96,'224b83ea73f55f8a861bcf4c9bea0472',0,0,48,'on','100','','0','',600,'on',1,'','snmp_oid','',0);
/*!40000 ALTER TABLE `data_template_rrd` ENABLE KEYS */;
UNLOCK TABLES;

--
-- Table structure for table `glpi_alerts`
--

DROP TABLE IF EXISTS `glpi_alerts`;
/*!40101 SET @saved_cs_client     = @@character_set_client */;
/*!40101 SET character_set_client = utf8 */;
CREATE TABLE `glpi_alerts` (
  `id` int(11) NOT NULL AUTO_INCREMENT,
  `itemtype` varchar(100) COLLATE utf8_unicode_ci NOT NULL,
  `items_id` int(11) NOT NULL DEFAULT '0',
  `type` int(11) NOT NULL DEFAULT '0' COMMENT 'see define.php ALERT_* constant',
  `date` datetime NOT NULL,
  PRIMARY KEY (`id`),
  UNIQUE KEY `unicity` (`itemtype`,`items_id`,`type`),
  KEY `type` (`type`),
  KEY `date` (`date`)
) ENGINE=MyISAM DEFAULT CHARSET=utf8 COLLATE=utf8_unicode_ci;
/*!40101 SET character_set_client = @saved_cs_client */;

--
-- Dumping data for table `glpi_alerts`
--

LOCK TABLES `glpi_alerts` WRITE;
/*!40000 ALTER TABLE `glpi_alerts` DISABLE KEYS */;
/*!40000 ALTER TABLE `glpi_alerts` ENABLE KEYS */;
UNLOCK TABLES;

--
-- Table structure for table `glpi_authldapreplicates`
--

DROP TABLE IF EXISTS `glpi_authldapreplicates`;
/*!40101 SET @saved_cs_client     = @@character_set_client */;
/*!40101 SET character_set_client = utf8 */;
CREATE TABLE `glpi_authldapreplicates` (
  `id` int(11) NOT NULL AUTO_INCREMENT,
  `authldaps_id` int(11) NOT NULL DEFAULT '0',
  `host` varchar(255) COLLATE utf8_unicode_ci DEFAULT NULL,
  `port` int(11) NOT NULL DEFAULT '389',
  `name` varchar(255) COLLATE utf8_unicode_ci DEFAULT NULL,
  PRIMARY KEY (`id`),
  KEY `authldaps_id` (`authldaps_id`)
) ENGINE=MyISAM DEFAULT CHARSET=utf8 COLLATE=utf8_unicode_ci;
/*!40101 SET character_set_client = @saved_cs_client */;

--
-- Dumping data for table `glpi_authldapreplicates`
--

LOCK TABLES `glpi_authldapreplicates` WRITE;
/*!40000 ALTER TABLE `glpi_authldapreplicates` DISABLE KEYS */;
/*!40000 ALTER TABLE `glpi_authldapreplicates` ENABLE KEYS */;
UNLOCK TABLES;

--
-- Table structure for table `glpi_authldaps`
--

DROP TABLE IF EXISTS `glpi_authldaps`;
/*!40101 SET @saved_cs_client     = @@character_set_client */;
/*!40101 SET character_set_client = utf8 */;
CREATE TABLE `glpi_authldaps` (
  `id` int(11) NOT NULL AUTO_INCREMENT,
  `name` varchar(255) COLLATE utf8_unicode_ci DEFAULT NULL,
  `host` varchar(255) COLLATE utf8_unicode_ci DEFAULT NULL,
  `basedn` varchar(255) COLLATE utf8_unicode_ci DEFAULT NULL,
  `rootdn` varchar(255) COLLATE utf8_unicode_ci DEFAULT NULL,
  `rootdn_password` varchar(255) COLLATE utf8_unicode_ci DEFAULT NULL,
  `port` int(11) NOT NULL DEFAULT '389',
  `condition` text COLLATE utf8_unicode_ci,
  `login_field` varchar(255) COLLATE utf8_unicode_ci DEFAULT 'uid',
  `use_tls` tinyint(1) NOT NULL DEFAULT '0',
  `group_field` varchar(255) COLLATE utf8_unicode_ci DEFAULT NULL,
  `group_condition` varchar(255) COLLATE utf8_unicode_ci DEFAULT NULL,
  `group_search_type` int(11) NOT NULL DEFAULT '0',
  `group_member_field` varchar(255) COLLATE utf8_unicode_ci DEFAULT NULL,
  `email_field` varchar(255) COLLATE utf8_unicode_ci DEFAULT NULL,
  `realname_field` varchar(255) COLLATE utf8_unicode_ci DEFAULT NULL,
  `firstname_field` varchar(255) COLLATE utf8_unicode_ci DEFAULT NULL,
  `phone_field` varchar(255) COLLATE utf8_unicode_ci DEFAULT NULL,
  `phone2_field` varchar(255) COLLATE utf8_unicode_ci DEFAULT NULL,
  `mobile_field` varchar(255) COLLATE utf8_unicode_ci DEFAULT NULL,
  `comment_field` varchar(255) COLLATE utf8_unicode_ci DEFAULT NULL,
  `use_dn` tinyint(1) NOT NULL DEFAULT '1',
  `time_offset` int(11) NOT NULL DEFAULT '0' COMMENT 'in seconds',
  `deref_option` int(11) NOT NULL DEFAULT '0',
  `title_field` varchar(255) COLLATE utf8_unicode_ci DEFAULT NULL,
  `category_field` varchar(255) COLLATE utf8_unicode_ci DEFAULT NULL,
  `language_field` varchar(255) COLLATE utf8_unicode_ci DEFAULT NULL,
  `entity_field` varchar(255) COLLATE utf8_unicode_ci DEFAULT NULL,
  `entity_condition` text COLLATE utf8_unicode_ci,
  `date_mod` datetime DEFAULT NULL,
  `comment` text COLLATE utf8_unicode_ci,
  `is_default` tinyint(1) NOT NULL DEFAULT '0',
  PRIMARY KEY (`id`),
  KEY `date_mod` (`date_mod`),
  KEY `is_default` (`is_default`)
) ENGINE=MyISAM DEFAULT CHARSET=utf8 COLLATE=utf8_unicode_ci;
/*!40101 SET character_set_client = @saved_cs_client */;

--
-- Dumping data for table `glpi_authldaps`
--

LOCK TABLES `glpi_authldaps` WRITE;
/*!40000 ALTER TABLE `glpi_authldaps` DISABLE KEYS */;
/*!40000 ALTER TABLE `glpi_authldaps` ENABLE KEYS */;
UNLOCK TABLES;

--
-- Table structure for table `glpi_authmails`
--

DROP TABLE IF EXISTS `glpi_authmails`;
/*!40101 SET @saved_cs_client     = @@character_set_client */;
/*!40101 SET character_set_client = utf8 */;
CREATE TABLE `glpi_authmails` (
  `id` int(11) NOT NULL AUTO_INCREMENT,
  `name` varchar(255) COLLATE utf8_unicode_ci DEFAULT NULL,
  `connect_string` varchar(255) COLLATE utf8_unicode_ci DEFAULT NULL,
  `host` varchar(255) COLLATE utf8_unicode_ci DEFAULT NULL,
  `date_mod` datetime DEFAULT NULL,
  `comment` text COLLATE utf8_unicode_ci,
  PRIMARY KEY (`id`),
  KEY `date_mod` (`date_mod`)
) ENGINE=MyISAM DEFAULT CHARSET=utf8 COLLATE=utf8_unicode_ci;
/*!40101 SET character_set_client = @saved_cs_client */;

--
-- Dumping data for table `glpi_authmails`
--

LOCK TABLES `glpi_authmails` WRITE;
/*!40000 ALTER TABLE `glpi_authmails` DISABLE KEYS */;
/*!40000 ALTER TABLE `glpi_authmails` ENABLE KEYS */;
UNLOCK TABLES;

--
-- Table structure for table `glpi_autoupdatesystems`
--

DROP TABLE IF EXISTS `glpi_autoupdatesystems`;
/*!40101 SET @saved_cs_client     = @@character_set_client */;
/*!40101 SET character_set_client = utf8 */;
CREATE TABLE `glpi_autoupdatesystems` (
  `id` int(11) NOT NULL AUTO_INCREMENT,
  `name` varchar(255) COLLATE utf8_unicode_ci DEFAULT NULL,
  `comment` text COLLATE utf8_unicode_ci,
  PRIMARY KEY (`id`),
  KEY `name` (`name`)
) ENGINE=MyISAM DEFAULT CHARSET=utf8 COLLATE=utf8_unicode_ci;
/*!40101 SET character_set_client = @saved_cs_client */;

--
-- Dumping data for table `glpi_autoupdatesystems`
--

LOCK TABLES `glpi_autoupdatesystems` WRITE;
/*!40000 ALTER TABLE `glpi_autoupdatesystems` DISABLE KEYS */;
/*!40000 ALTER TABLE `glpi_autoupdatesystems` ENABLE KEYS */;
UNLOCK TABLES;

--
-- Table structure for table `glpi_bookmarks`
--

DROP TABLE IF EXISTS `glpi_bookmarks`;
/*!40101 SET @saved_cs_client     = @@character_set_client */;
/*!40101 SET character_set_client = utf8 */;
CREATE TABLE `glpi_bookmarks` (
  `id` int(11) NOT NULL AUTO_INCREMENT,
  `name` varchar(255) COLLATE utf8_unicode_ci DEFAULT NULL,
  `type` int(11) NOT NULL DEFAULT '0' COMMENT 'see define.php BOOKMARK_* constant',
  `itemtype` varchar(100) COLLATE utf8_unicode_ci NOT NULL,
  `users_id` int(11) NOT NULL DEFAULT '0',
  `is_private` tinyint(1) NOT NULL DEFAULT '1',
  `entities_id` int(11) NOT NULL DEFAULT '-1',
  `is_recursive` tinyint(1) NOT NULL DEFAULT '0',
  `path` varchar(255) COLLATE utf8_unicode_ci DEFAULT NULL,
  `query` text COLLATE utf8_unicode_ci,
  PRIMARY KEY (`id`),
  KEY `type` (`type`),
  KEY `itemtype` (`itemtype`),
  KEY `entities_id` (`entities_id`),
  KEY `users_id` (`users_id`),
  KEY `is_private` (`is_private`),
  KEY `is_recursive` (`is_recursive`)
) ENGINE=MyISAM DEFAULT CHARSET=utf8 COLLATE=utf8_unicode_ci;
/*!40101 SET character_set_client = @saved_cs_client */;

--
-- Dumping data for table `glpi_bookmarks`
--

LOCK TABLES `glpi_bookmarks` WRITE;
/*!40000 ALTER TABLE `glpi_bookmarks` DISABLE KEYS */;
/*!40000 ALTER TABLE `glpi_bookmarks` ENABLE KEYS */;
UNLOCK TABLES;

--
-- Table structure for table `glpi_bookmarks_users`
--

DROP TABLE IF EXISTS `glpi_bookmarks_users`;
/*!40101 SET @saved_cs_client     = @@character_set_client */;
/*!40101 SET character_set_client = utf8 */;
CREATE TABLE `glpi_bookmarks_users` (
  `id` int(11) NOT NULL AUTO_INCREMENT,
  `users_id` int(11) NOT NULL DEFAULT '0',
  `itemtype` varchar(100) COLLATE utf8_unicode_ci NOT NULL,
  `bookmarks_id` int(11) NOT NULL DEFAULT '0',
  PRIMARY KEY (`id`),
  UNIQUE KEY `unicity` (`users_id`,`itemtype`),
  KEY `bookmarks_id` (`bookmarks_id`)
) ENGINE=MyISAM DEFAULT CHARSET=utf8 COLLATE=utf8_unicode_ci;
/*!40101 SET character_set_client = @saved_cs_client */;

--
-- Dumping data for table `glpi_bookmarks_users`
--

LOCK TABLES `glpi_bookmarks_users` WRITE;
/*!40000 ALTER TABLE `glpi_bookmarks_users` DISABLE KEYS */;
/*!40000 ALTER TABLE `glpi_bookmarks_users` ENABLE KEYS */;
UNLOCK TABLES;

--
-- Table structure for table `glpi_budgets`
--

DROP TABLE IF EXISTS `glpi_budgets`;
/*!40101 SET @saved_cs_client     = @@character_set_client */;
/*!40101 SET character_set_client = utf8 */;
CREATE TABLE `glpi_budgets` (
  `id` int(11) NOT NULL AUTO_INCREMENT,
  `name` varchar(255) COLLATE utf8_unicode_ci DEFAULT NULL,
  `entities_id` int(11) NOT NULL DEFAULT '0',
  `is_recursive` tinyint(1) NOT NULL DEFAULT '0',
  `comment` text COLLATE utf8_unicode_ci,
  `is_deleted` tinyint(1) NOT NULL DEFAULT '0',
  `begin_date` date DEFAULT NULL,
  `end_date` date DEFAULT NULL,
  `value` decimal(20,4) NOT NULL DEFAULT '0.0000',
  `is_template` tinyint(1) NOT NULL DEFAULT '0',
  `template_name` varchar(255) COLLATE utf8_unicode_ci DEFAULT NULL,
  `date_mod` datetime DEFAULT NULL,
  `notepad` longtext COLLATE utf8_unicode_ci,
  PRIMARY KEY (`id`),
  KEY `name` (`name`),
  KEY `is_recursive` (`is_recursive`),
  KEY `entities_id` (`entities_id`),
  KEY `is_deleted` (`is_deleted`),
  KEY `begin_date` (`begin_date`),
  KEY `end_date` (`begin_date`),
  KEY `is_template` (`is_template`),
  KEY `date_mod` (`date_mod`)
) ENGINE=MyISAM DEFAULT CHARSET=utf8 COLLATE=utf8_unicode_ci;
/*!40101 SET character_set_client = @saved_cs_client */;

--
-- Dumping data for table `glpi_budgets`
--

LOCK TABLES `glpi_budgets` WRITE;
/*!40000 ALTER TABLE `glpi_budgets` DISABLE KEYS */;
/*!40000 ALTER TABLE `glpi_budgets` ENABLE KEYS */;
UNLOCK TABLES;

--
-- Table structure for table `glpi_cartridgeitems`
--

DROP TABLE IF EXISTS `glpi_cartridgeitems`;
/*!40101 SET @saved_cs_client     = @@character_set_client */;
/*!40101 SET character_set_client = utf8 */;
CREATE TABLE `glpi_cartridgeitems` (
  `id` int(11) NOT NULL AUTO_INCREMENT,
  `entities_id` int(11) NOT NULL DEFAULT '0',
  `name` varchar(255) COLLATE utf8_unicode_ci DEFAULT NULL,
  `ref` varchar(255) COLLATE utf8_unicode_ci DEFAULT NULL,
  `locations_id` int(11) NOT NULL DEFAULT '0',
  `cartridgeitemtypes_id` int(11) NOT NULL DEFAULT '0',
  `manufacturers_id` int(11) NOT NULL DEFAULT '0',
  `users_id_tech` int(11) NOT NULL DEFAULT '0',
  `is_deleted` tinyint(1) NOT NULL DEFAULT '0',
  `comment` text COLLATE utf8_unicode_ci,
  `alarm_threshold` int(11) NOT NULL DEFAULT '10',
  `notepad` longtext COLLATE utf8_unicode_ci,
  PRIMARY KEY (`id`),
  KEY `name` (`name`),
  KEY `entities_id` (`entities_id`),
  KEY `manufacturers_id` (`manufacturers_id`),
  KEY `locations_id` (`locations_id`),
  KEY `users_id_tech` (`users_id_tech`),
  KEY `cartridgeitemtypes_id` (`cartridgeitemtypes_id`),
  KEY `is_deleted` (`is_deleted`),
  KEY `alarm_threshold` (`alarm_threshold`)
) ENGINE=MyISAM DEFAULT CHARSET=utf8 COLLATE=utf8_unicode_ci;
/*!40101 SET character_set_client = @saved_cs_client */;

--
-- Dumping data for table `glpi_cartridgeitems`
--

LOCK TABLES `glpi_cartridgeitems` WRITE;
/*!40000 ALTER TABLE `glpi_cartridgeitems` DISABLE KEYS */;
/*!40000 ALTER TABLE `glpi_cartridgeitems` ENABLE KEYS */;
UNLOCK TABLES;

--
-- Table structure for table `glpi_cartridgeitemtypes`
--

DROP TABLE IF EXISTS `glpi_cartridgeitemtypes`;
/*!40101 SET @saved_cs_client     = @@character_set_client */;
/*!40101 SET character_set_client = utf8 */;
CREATE TABLE `glpi_cartridgeitemtypes` (
  `id` int(11) NOT NULL AUTO_INCREMENT,
  `name` varchar(255) COLLATE utf8_unicode_ci DEFAULT NULL,
  `comment` text COLLATE utf8_unicode_ci,
  PRIMARY KEY (`id`),
  KEY `name` (`name`)
) ENGINE=MyISAM DEFAULT CHARSET=utf8 COLLATE=utf8_unicode_ci;
/*!40101 SET character_set_client = @saved_cs_client */;

--
-- Dumping data for table `glpi_cartridgeitemtypes`
--

LOCK TABLES `glpi_cartridgeitemtypes` WRITE;
/*!40000 ALTER TABLE `glpi_cartridgeitemtypes` DISABLE KEYS */;
/*!40000 ALTER TABLE `glpi_cartridgeitemtypes` ENABLE KEYS */;
UNLOCK TABLES;

--
-- Table structure for table `glpi_cartridges`
--

DROP TABLE IF EXISTS `glpi_cartridges`;
/*!40101 SET @saved_cs_client     = @@character_set_client */;
/*!40101 SET character_set_client = utf8 */;
CREATE TABLE `glpi_cartridges` (
  `id` int(11) NOT NULL AUTO_INCREMENT,
  `entities_id` int(11) NOT NULL DEFAULT '0',
  `cartridgeitems_id` int(11) NOT NULL DEFAULT '0',
  `printers_id` int(11) NOT NULL DEFAULT '0',
  `date_in` date DEFAULT NULL,
  `date_use` date DEFAULT NULL,
  `date_out` date DEFAULT NULL,
  `pages` int(11) NOT NULL DEFAULT '0',
  PRIMARY KEY (`id`),
  KEY `cartridgeitems_id` (`cartridgeitems_id`),
  KEY `printers_id` (`printers_id`),
  KEY `entities_id` (`entities_id`)
) ENGINE=MyISAM DEFAULT CHARSET=utf8 COLLATE=utf8_unicode_ci;
/*!40101 SET character_set_client = @saved_cs_client */;

--
-- Dumping data for table `glpi_cartridges`
--

LOCK TABLES `glpi_cartridges` WRITE;
/*!40000 ALTER TABLE `glpi_cartridges` DISABLE KEYS */;
/*!40000 ALTER TABLE `glpi_cartridges` ENABLE KEYS */;
UNLOCK TABLES;

--
-- Table structure for table `glpi_cartridges_printermodels`
--

DROP TABLE IF EXISTS `glpi_cartridges_printermodels`;
/*!40101 SET @saved_cs_client     = @@character_set_client */;
/*!40101 SET character_set_client = utf8 */;
CREATE TABLE `glpi_cartridges_printermodels` (
  `id` int(11) NOT NULL AUTO_INCREMENT,
  `cartridgeitems_id` int(11) NOT NULL DEFAULT '0',
  `printermodels_id` int(11) NOT NULL DEFAULT '0',
  PRIMARY KEY (`id`),
  UNIQUE KEY `unicity` (`printermodels_id`,`cartridgeitems_id`),
  KEY `cartridgeitems_id` (`cartridgeitems_id`)
) ENGINE=MyISAM DEFAULT CHARSET=utf8 COLLATE=utf8_unicode_ci;
/*!40101 SET character_set_client = @saved_cs_client */;

--
-- Dumping data for table `glpi_cartridges_printermodels`
--

LOCK TABLES `glpi_cartridges_printermodels` WRITE;
/*!40000 ALTER TABLE `glpi_cartridges_printermodels` DISABLE KEYS */;
/*!40000 ALTER TABLE `glpi_cartridges_printermodels` ENABLE KEYS */;
UNLOCK TABLES;

--
-- Table structure for table `glpi_computerdisks`
--

DROP TABLE IF EXISTS `glpi_computerdisks`;
/*!40101 SET @saved_cs_client     = @@character_set_client */;
/*!40101 SET character_set_client = utf8 */;
CREATE TABLE `glpi_computerdisks` (
  `id` int(11) NOT NULL AUTO_INCREMENT,
  `entities_id` int(11) NOT NULL DEFAULT '0',
  `computers_id` int(11) NOT NULL DEFAULT '0',
  `name` varchar(255) COLLATE utf8_unicode_ci DEFAULT NULL,
  `device` varchar(255) COLLATE utf8_unicode_ci DEFAULT NULL,
  `mountpoint` varchar(255) COLLATE utf8_unicode_ci DEFAULT NULL,
  `filesystems_id` int(11) NOT NULL DEFAULT '0',
  `totalsize` int(11) NOT NULL DEFAULT '0',
  `freesize` int(11) NOT NULL DEFAULT '0',
  PRIMARY KEY (`id`),
  KEY `name` (`name`),
  KEY `device` (`device`),
  KEY `mountpoint` (`mountpoint`),
  KEY `totalsize` (`totalsize`),
  KEY `freesize` (`freesize`),
  KEY `computers_id` (`computers_id`),
  KEY `filesystems_id` (`filesystems_id`),
  KEY `entities_id` (`entities_id`)
) ENGINE=MyISAM DEFAULT CHARSET=utf8 COLLATE=utf8_unicode_ci;
/*!40101 SET character_set_client = @saved_cs_client */;

--
-- Dumping data for table `glpi_computerdisks`
--

LOCK TABLES `glpi_computerdisks` WRITE;
/*!40000 ALTER TABLE `glpi_computerdisks` DISABLE KEYS */;
/*!40000 ALTER TABLE `glpi_computerdisks` ENABLE KEYS */;
UNLOCK TABLES;

--
-- Table structure for table `glpi_computermodels`
--

DROP TABLE IF EXISTS `glpi_computermodels`;
/*!40101 SET @saved_cs_client     = @@character_set_client */;
/*!40101 SET character_set_client = utf8 */;
CREATE TABLE `glpi_computermodels` (
  `id` int(11) NOT NULL AUTO_INCREMENT,
  `name` varchar(255) COLLATE utf8_unicode_ci DEFAULT NULL,
  `comment` text COLLATE utf8_unicode_ci,
  PRIMARY KEY (`id`),
  KEY `name` (`name`)
) ENGINE=MyISAM DEFAULT CHARSET=utf8 COLLATE=utf8_unicode_ci;
/*!40101 SET character_set_client = @saved_cs_client */;

--
-- Dumping data for table `glpi_computermodels`
--

LOCK TABLES `glpi_computermodels` WRITE;
/*!40000 ALTER TABLE `glpi_computermodels` DISABLE KEYS */;
/*!40000 ALTER TABLE `glpi_computermodels` ENABLE KEYS */;
UNLOCK TABLES;

--
-- Table structure for table `glpi_computers`
--

DROP TABLE IF EXISTS `glpi_computers`;
/*!40101 SET @saved_cs_client     = @@character_set_client */;
/*!40101 SET character_set_client = utf8 */;
CREATE TABLE `glpi_computers` (
  `id` int(11) NOT NULL AUTO_INCREMENT,
  `entities_id` int(11) NOT NULL DEFAULT '0',
  `name` varchar(255) COLLATE utf8_unicode_ci DEFAULT NULL,
  `serial` varchar(255) COLLATE utf8_unicode_ci DEFAULT NULL,
  `otherserial` varchar(255) COLLATE utf8_unicode_ci DEFAULT NULL,
  `contact` varchar(255) COLLATE utf8_unicode_ci DEFAULT NULL,
  `contact_num` varchar(255) COLLATE utf8_unicode_ci DEFAULT NULL,
  `users_id_tech` int(11) NOT NULL DEFAULT '0',
  `comment` text COLLATE utf8_unicode_ci,
  `date_mod` datetime DEFAULT NULL,
  `operatingsystems_id` int(11) NOT NULL DEFAULT '0',
  `operatingsystemversions_id` int(11) NOT NULL DEFAULT '0',
  `operatingsystemservicepacks_id` int(11) NOT NULL DEFAULT '0',
  `os_license_number` varchar(255) COLLATE utf8_unicode_ci DEFAULT NULL,
  `os_licenseid` varchar(255) COLLATE utf8_unicode_ci DEFAULT NULL,
  `autoupdatesystems_id` int(11) NOT NULL DEFAULT '0',
  `locations_id` int(11) NOT NULL DEFAULT '0',
  `domains_id` int(11) NOT NULL DEFAULT '0',
  `networks_id` int(11) NOT NULL DEFAULT '0',
  `computermodels_id` int(11) NOT NULL DEFAULT '0',
  `computertypes_id` int(11) NOT NULL DEFAULT '0',
  `is_template` tinyint(1) NOT NULL DEFAULT '0',
  `template_name` varchar(255) COLLATE utf8_unicode_ci DEFAULT NULL,
  `manufacturers_id` int(11) NOT NULL DEFAULT '0',
  `is_deleted` tinyint(1) NOT NULL DEFAULT '0',
  `notepad` longtext COLLATE utf8_unicode_ci,
  `is_ocs_import` tinyint(1) NOT NULL DEFAULT '0',
  `users_id` int(11) NOT NULL DEFAULT '0',
  `groups_id` int(11) NOT NULL DEFAULT '0',
  `states_id` int(11) NOT NULL DEFAULT '0',
  `ticket_tco` decimal(20,4) DEFAULT '0.0000',
  PRIMARY KEY (`id`),
  KEY `date_mod` (`date_mod`),
  KEY `name` (`name`),
  KEY `is_template` (`is_template`),
  KEY `autoupdatesystems_id` (`autoupdatesystems_id`),
  KEY `domains_id` (`domains_id`),
  KEY `entities_id` (`entities_id`),
  KEY `manufacturers_id` (`manufacturers_id`),
  KEY `groups_id` (`groups_id`),
  KEY `users_id` (`users_id`),
  KEY `locations_id` (`locations_id`),
  KEY `computermodels_id` (`computermodels_id`),
  KEY `networks_id` (`networks_id`),
  KEY `operatingsystems_id` (`operatingsystems_id`),
  KEY `operatingsystemservicepacks_id` (`operatingsystemservicepacks_id`),
  KEY `operatingsystemversions_id` (`operatingsystemversions_id`),
  KEY `states_id` (`states_id`),
  KEY `users_id_tech` (`users_id_tech`),
  KEY `computertypes_id` (`computertypes_id`),
  KEY `is_deleted` (`is_deleted`),
  KEY `is_ocs_import` (`is_ocs_import`)
) ENGINE=MyISAM AUTO_INCREMENT=2 DEFAULT CHARSET=utf8 COLLATE=utf8_unicode_ci;
/*!40101 SET character_set_client = @saved_cs_client */;

--
-- Dumping data for table `glpi_computers`
--

LOCK TABLES `glpi_computers` WRITE;
/*!40000 ALTER TABLE `glpi_computers` DISABLE KEYS */;
INSERT INTO `glpi_computers` VALUES (1,0,'localhost','','','','',2,'','2010-11-03 13:25:43',1,0,0,'','',0,0,0,0,0,1,0,NULL,0,0,NULL,0,0,0,1,'0.0000');
/*!40000 ALTER TABLE `glpi_computers` ENABLE KEYS */;
UNLOCK TABLES;

--
-- Table structure for table `glpi_computers_devicecases`
--

DROP TABLE IF EXISTS `glpi_computers_devicecases`;
/*!40101 SET @saved_cs_client     = @@character_set_client */;
/*!40101 SET character_set_client = utf8 */;
CREATE TABLE `glpi_computers_devicecases` (
  `id` int(11) NOT NULL AUTO_INCREMENT,
  `computers_id` int(11) NOT NULL DEFAULT '0',
  `devicecases_id` int(11) NOT NULL DEFAULT '0',
  PRIMARY KEY (`id`),
  KEY `computers_id` (`computers_id`),
  KEY `devicecases_id` (`devicecases_id`)
) ENGINE=MyISAM DEFAULT CHARSET=utf8 COLLATE=utf8_unicode_ci;
/*!40101 SET character_set_client = @saved_cs_client */;

--
-- Dumping data for table `glpi_computers_devicecases`
--

LOCK TABLES `glpi_computers_devicecases` WRITE;
/*!40000 ALTER TABLE `glpi_computers_devicecases` DISABLE KEYS */;
/*!40000 ALTER TABLE `glpi_computers_devicecases` ENABLE KEYS */;
UNLOCK TABLES;

--
-- Table structure for table `glpi_computers_devicecontrols`
--

DROP TABLE IF EXISTS `glpi_computers_devicecontrols`;
/*!40101 SET @saved_cs_client     = @@character_set_client */;
/*!40101 SET character_set_client = utf8 */;
CREATE TABLE `glpi_computers_devicecontrols` (
  `id` int(11) NOT NULL AUTO_INCREMENT,
  `computers_id` int(11) NOT NULL DEFAULT '0',
  `devicecontrols_id` int(11) NOT NULL DEFAULT '0',
  PRIMARY KEY (`id`),
  KEY `computers_id` (`computers_id`),
  KEY `devicecontrols_id` (`devicecontrols_id`)
) ENGINE=MyISAM DEFAULT CHARSET=utf8 COLLATE=utf8_unicode_ci;
/*!40101 SET character_set_client = @saved_cs_client */;

--
-- Dumping data for table `glpi_computers_devicecontrols`
--

LOCK TABLES `glpi_computers_devicecontrols` WRITE;
/*!40000 ALTER TABLE `glpi_computers_devicecontrols` DISABLE KEYS */;
/*!40000 ALTER TABLE `glpi_computers_devicecontrols` ENABLE KEYS */;
UNLOCK TABLES;

--
-- Table structure for table `glpi_computers_devicedrives`
--

DROP TABLE IF EXISTS `glpi_computers_devicedrives`;
/*!40101 SET @saved_cs_client     = @@character_set_client */;
/*!40101 SET character_set_client = utf8 */;
CREATE TABLE `glpi_computers_devicedrives` (
  `id` int(11) NOT NULL AUTO_INCREMENT,
  `computers_id` int(11) NOT NULL DEFAULT '0',
  `devicedrives_id` int(11) NOT NULL DEFAULT '0',
  PRIMARY KEY (`id`),
  KEY `computers_id` (`computers_id`),
  KEY `devicedrives_id` (`devicedrives_id`)
) ENGINE=MyISAM DEFAULT CHARSET=utf8 COLLATE=utf8_unicode_ci;
/*!40101 SET character_set_client = @saved_cs_client */;

--
-- Dumping data for table `glpi_computers_devicedrives`
--

LOCK TABLES `glpi_computers_devicedrives` WRITE;
/*!40000 ALTER TABLE `glpi_computers_devicedrives` DISABLE KEYS */;
/*!40000 ALTER TABLE `glpi_computers_devicedrives` ENABLE KEYS */;
UNLOCK TABLES;

--
-- Table structure for table `glpi_computers_devicegraphiccards`
--

DROP TABLE IF EXISTS `glpi_computers_devicegraphiccards`;
/*!40101 SET @saved_cs_client     = @@character_set_client */;
/*!40101 SET character_set_client = utf8 */;
CREATE TABLE `glpi_computers_devicegraphiccards` (
  `id` int(11) NOT NULL AUTO_INCREMENT,
  `computers_id` int(11) NOT NULL DEFAULT '0',
  `devicegraphiccards_id` int(11) NOT NULL DEFAULT '0',
  `specificity` int(11) NOT NULL,
  PRIMARY KEY (`id`),
  KEY `computers_id` (`computers_id`),
  KEY `devicegraphiccards_id` (`devicegraphiccards_id`),
  KEY `specificity` (`specificity`)
) ENGINE=MyISAM DEFAULT CHARSET=utf8 COLLATE=utf8_unicode_ci;
/*!40101 SET character_set_client = @saved_cs_client */;

--
-- Dumping data for table `glpi_computers_devicegraphiccards`
--

LOCK TABLES `glpi_computers_devicegraphiccards` WRITE;
/*!40000 ALTER TABLE `glpi_computers_devicegraphiccards` DISABLE KEYS */;
/*!40000 ALTER TABLE `glpi_computers_devicegraphiccards` ENABLE KEYS */;
UNLOCK TABLES;

--
-- Table structure for table `glpi_computers_deviceharddrives`
--

DROP TABLE IF EXISTS `glpi_computers_deviceharddrives`;
/*!40101 SET @saved_cs_client     = @@character_set_client */;
/*!40101 SET character_set_client = utf8 */;
CREATE TABLE `glpi_computers_deviceharddrives` (
  `id` int(11) NOT NULL AUTO_INCREMENT,
  `computers_id` int(11) NOT NULL DEFAULT '0',
  `deviceharddrives_id` int(11) NOT NULL DEFAULT '0',
  `specificity` int(11) NOT NULL,
  PRIMARY KEY (`id`),
  KEY `computers_id` (`computers_id`),
  KEY `deviceharddrives_id` (`deviceharddrives_id`),
  KEY `specificity` (`specificity`)
) ENGINE=MyISAM DEFAULT CHARSET=utf8 COLLATE=utf8_unicode_ci;
/*!40101 SET character_set_client = @saved_cs_client */;

--
-- Dumping data for table `glpi_computers_deviceharddrives`
--

LOCK TABLES `glpi_computers_deviceharddrives` WRITE;
/*!40000 ALTER TABLE `glpi_computers_deviceharddrives` DISABLE KEYS */;
/*!40000 ALTER TABLE `glpi_computers_deviceharddrives` ENABLE KEYS */;
UNLOCK TABLES;

--
-- Table structure for table `glpi_computers_devicememories`
--

DROP TABLE IF EXISTS `glpi_computers_devicememories`;
/*!40101 SET @saved_cs_client     = @@character_set_client */;
/*!40101 SET character_set_client = utf8 */;
CREATE TABLE `glpi_computers_devicememories` (
  `id` int(11) NOT NULL AUTO_INCREMENT,
  `computers_id` int(11) NOT NULL DEFAULT '0',
  `devicememories_id` int(11) NOT NULL DEFAULT '0',
  `specificity` int(11) NOT NULL,
  PRIMARY KEY (`id`),
  KEY `computers_id` (`computers_id`),
  KEY `devicememories_id` (`devicememories_id`),
  KEY `specificity` (`specificity`)
) ENGINE=MyISAM DEFAULT CHARSET=utf8 COLLATE=utf8_unicode_ci;
/*!40101 SET character_set_client = @saved_cs_client */;

--
-- Dumping data for table `glpi_computers_devicememories`
--

LOCK TABLES `glpi_computers_devicememories` WRITE;
/*!40000 ALTER TABLE `glpi_computers_devicememories` DISABLE KEYS */;
/*!40000 ALTER TABLE `glpi_computers_devicememories` ENABLE KEYS */;
UNLOCK TABLES;

--
-- Table structure for table `glpi_computers_devicemotherboards`
--

DROP TABLE IF EXISTS `glpi_computers_devicemotherboards`;
/*!40101 SET @saved_cs_client     = @@character_set_client */;
/*!40101 SET character_set_client = utf8 */;
CREATE TABLE `glpi_computers_devicemotherboards` (
  `id` int(11) NOT NULL AUTO_INCREMENT,
  `computers_id` int(11) NOT NULL DEFAULT '0',
  `devicemotherboards_id` int(11) NOT NULL DEFAULT '0',
  PRIMARY KEY (`id`),
  KEY `computers_id` (`computers_id`),
  KEY `devicemotherboards_id` (`devicemotherboards_id`)
) ENGINE=MyISAM DEFAULT CHARSET=utf8 COLLATE=utf8_unicode_ci;
/*!40101 SET character_set_client = @saved_cs_client */;

--
-- Dumping data for table `glpi_computers_devicemotherboards`
--

LOCK TABLES `glpi_computers_devicemotherboards` WRITE;
/*!40000 ALTER TABLE `glpi_computers_devicemotherboards` DISABLE KEYS */;
/*!40000 ALTER TABLE `glpi_computers_devicemotherboards` ENABLE KEYS */;
UNLOCK TABLES;

--
-- Table structure for table `glpi_computers_devicenetworkcards`
--

DROP TABLE IF EXISTS `glpi_computers_devicenetworkcards`;
/*!40101 SET @saved_cs_client     = @@character_set_client */;
/*!40101 SET character_set_client = utf8 */;
CREATE TABLE `glpi_computers_devicenetworkcards` (
  `id` int(11) NOT NULL AUTO_INCREMENT,
  `computers_id` int(11) NOT NULL DEFAULT '0',
  `devicenetworkcards_id` int(11) NOT NULL DEFAULT '0',
  `specificity` varchar(255) COLLATE utf8_unicode_ci DEFAULT NULL,
  PRIMARY KEY (`id`),
  KEY `computers_id` (`computers_id`),
  KEY `devicenetworkcards_id` (`devicenetworkcards_id`),
  KEY `specificity` (`specificity`)
) ENGINE=MyISAM DEFAULT CHARSET=utf8 COLLATE=utf8_unicode_ci;
/*!40101 SET character_set_client = @saved_cs_client */;

--
-- Dumping data for table `glpi_computers_devicenetworkcards`
--

LOCK TABLES `glpi_computers_devicenetworkcards` WRITE;
/*!40000 ALTER TABLE `glpi_computers_devicenetworkcards` DISABLE KEYS */;
/*!40000 ALTER TABLE `glpi_computers_devicenetworkcards` ENABLE KEYS */;
UNLOCK TABLES;

--
-- Table structure for table `glpi_computers_devicepcis`
--

DROP TABLE IF EXISTS `glpi_computers_devicepcis`;
/*!40101 SET @saved_cs_client     = @@character_set_client */;
/*!40101 SET character_set_client = utf8 */;
CREATE TABLE `glpi_computers_devicepcis` (
  `id` int(11) NOT NULL AUTO_INCREMENT,
  `computers_id` int(11) NOT NULL DEFAULT '0',
  `devicepcis_id` int(11) NOT NULL DEFAULT '0',
  PRIMARY KEY (`id`),
  KEY `computers_id` (`computers_id`),
  KEY `devicepcis_id` (`devicepcis_id`)
) ENGINE=MyISAM DEFAULT CHARSET=utf8 COLLATE=utf8_unicode_ci;
/*!40101 SET character_set_client = @saved_cs_client */;

--
-- Dumping data for table `glpi_computers_devicepcis`
--

LOCK TABLES `glpi_computers_devicepcis` WRITE;
/*!40000 ALTER TABLE `glpi_computers_devicepcis` DISABLE KEYS */;
/*!40000 ALTER TABLE `glpi_computers_devicepcis` ENABLE KEYS */;
UNLOCK TABLES;

--
-- Table structure for table `glpi_computers_devicepowersupplies`
--

DROP TABLE IF EXISTS `glpi_computers_devicepowersupplies`;
/*!40101 SET @saved_cs_client     = @@character_set_client */;
/*!40101 SET character_set_client = utf8 */;
CREATE TABLE `glpi_computers_devicepowersupplies` (
  `id` int(11) NOT NULL AUTO_INCREMENT,
  `computers_id` int(11) NOT NULL DEFAULT '0',
  `devicepowersupplies_id` int(11) NOT NULL DEFAULT '0',
  PRIMARY KEY (`id`),
  KEY `computers_id` (`computers_id`),
  KEY `devicepowersupplies_id` (`devicepowersupplies_id`)
) ENGINE=MyISAM DEFAULT CHARSET=utf8 COLLATE=utf8_unicode_ci;
/*!40101 SET character_set_client = @saved_cs_client */;

--
-- Dumping data for table `glpi_computers_devicepowersupplies`
--

LOCK TABLES `glpi_computers_devicepowersupplies` WRITE;
/*!40000 ALTER TABLE `glpi_computers_devicepowersupplies` DISABLE KEYS */;
/*!40000 ALTER TABLE `glpi_computers_devicepowersupplies` ENABLE KEYS */;
UNLOCK TABLES;

--
-- Table structure for table `glpi_computers_deviceprocessors`
--

DROP TABLE IF EXISTS `glpi_computers_deviceprocessors`;
/*!40101 SET @saved_cs_client     = @@character_set_client */;
/*!40101 SET character_set_client = utf8 */;
CREATE TABLE `glpi_computers_deviceprocessors` (
  `id` int(11) NOT NULL AUTO_INCREMENT,
  `computers_id` int(11) NOT NULL DEFAULT '0',
  `deviceprocessors_id` int(11) NOT NULL DEFAULT '0',
  `specificity` int(11) NOT NULL,
  PRIMARY KEY (`id`),
  KEY `computers_id` (`computers_id`),
  KEY `deviceprocessors_id` (`deviceprocessors_id`),
  KEY `specificity` (`specificity`)
) ENGINE=MyISAM DEFAULT CHARSET=utf8 COLLATE=utf8_unicode_ci;
/*!40101 SET character_set_client = @saved_cs_client */;

--
-- Dumping data for table `glpi_computers_deviceprocessors`
--

LOCK TABLES `glpi_computers_deviceprocessors` WRITE;
/*!40000 ALTER TABLE `glpi_computers_deviceprocessors` DISABLE KEYS */;
/*!40000 ALTER TABLE `glpi_computers_deviceprocessors` ENABLE KEYS */;
UNLOCK TABLES;

--
-- Table structure for table `glpi_computers_devicesoundcards`
--

DROP TABLE IF EXISTS `glpi_computers_devicesoundcards`;
/*!40101 SET @saved_cs_client     = @@character_set_client */;
/*!40101 SET character_set_client = utf8 */;
CREATE TABLE `glpi_computers_devicesoundcards` (
  `id` int(11) NOT NULL AUTO_INCREMENT,
  `computers_id` int(11) NOT NULL DEFAULT '0',
  `devicesoundcards_id` int(11) NOT NULL DEFAULT '0',
  PRIMARY KEY (`id`),
  KEY `computers_id` (`computers_id`),
  KEY `devicesoundcards_id` (`devicesoundcards_id`)
) ENGINE=MyISAM DEFAULT CHARSET=utf8 COLLATE=utf8_unicode_ci;
/*!40101 SET character_set_client = @saved_cs_client */;

--
-- Dumping data for table `glpi_computers_devicesoundcards`
--

LOCK TABLES `glpi_computers_devicesoundcards` WRITE;
/*!40000 ALTER TABLE `glpi_computers_devicesoundcards` DISABLE KEYS */;
/*!40000 ALTER TABLE `glpi_computers_devicesoundcards` ENABLE KEYS */;
UNLOCK TABLES;

--
-- Table structure for table `glpi_computers_items`
--

DROP TABLE IF EXISTS `glpi_computers_items`;
/*!40101 SET @saved_cs_client     = @@character_set_client */;
/*!40101 SET character_set_client = utf8 */;
CREATE TABLE `glpi_computers_items` (
  `id` int(11) NOT NULL AUTO_INCREMENT,
  `items_id` int(11) NOT NULL DEFAULT '0' COMMENT 'RELATION to various table, according to itemtype (ID)',
  `computers_id` int(11) NOT NULL DEFAULT '0',
  `itemtype` varchar(100) COLLATE utf8_unicode_ci NOT NULL,
  PRIMARY KEY (`id`),
  UNIQUE KEY `unicity` (`itemtype`,`items_id`,`computers_id`),
  KEY `computers_id` (`computers_id`)
) ENGINE=MyISAM DEFAULT CHARSET=utf8 COLLATE=utf8_unicode_ci;
/*!40101 SET character_set_client = @saved_cs_client */;

--
-- Dumping data for table `glpi_computers_items`
--

LOCK TABLES `glpi_computers_items` WRITE;
/*!40000 ALTER TABLE `glpi_computers_items` DISABLE KEYS */;
/*!40000 ALTER TABLE `glpi_computers_items` ENABLE KEYS */;
UNLOCK TABLES;

--
-- Table structure for table `glpi_computers_softwareversions`
--

DROP TABLE IF EXISTS `glpi_computers_softwareversions`;
/*!40101 SET @saved_cs_client     = @@character_set_client */;
/*!40101 SET character_set_client = utf8 */;
CREATE TABLE `glpi_computers_softwareversions` (
  `id` int(11) NOT NULL AUTO_INCREMENT,
  `computers_id` int(11) NOT NULL DEFAULT '0',
  `softwareversions_id` int(11) NOT NULL DEFAULT '0',
  PRIMARY KEY (`id`),
  KEY `computers_id` (`computers_id`),
  KEY `softwareversions_id` (`softwareversions_id`)
) ENGINE=MyISAM AUTO_INCREMENT=4 DEFAULT CHARSET=utf8 COLLATE=utf8_unicode_ci;
/*!40101 SET character_set_client = @saved_cs_client */;

--
-- Dumping data for table `glpi_computers_softwareversions`
--

LOCK TABLES `glpi_computers_softwareversions` WRITE;
/*!40000 ALTER TABLE `glpi_computers_softwareversions` DISABLE KEYS */;
INSERT INTO `glpi_computers_softwareversions` VALUES (1,1,1),(2,1,2),(3,1,3);
/*!40000 ALTER TABLE `glpi_computers_softwareversions` ENABLE KEYS */;
UNLOCK TABLES;

--
-- Table structure for table `glpi_computertypes`
--

DROP TABLE IF EXISTS `glpi_computertypes`;
/*!40101 SET @saved_cs_client     = @@character_set_client */;
/*!40101 SET character_set_client = utf8 */;
CREATE TABLE `glpi_computertypes` (
  `id` int(11) NOT NULL AUTO_INCREMENT,
  `name` varchar(255) COLLATE utf8_unicode_ci DEFAULT NULL,
  `comment` text COLLATE utf8_unicode_ci,
  PRIMARY KEY (`id`),
  KEY `name` (`name`)
) ENGINE=MyISAM AUTO_INCREMENT=5 DEFAULT CHARSET=utf8 COLLATE=utf8_unicode_ci;
/*!40101 SET character_set_client = @saved_cs_client */;

--
-- Dumping data for table `glpi_computertypes`
--

LOCK TABLES `glpi_computertypes` WRITE;
/*!40000 ALTER TABLE `glpi_computertypes` DISABLE KEYS */;
INSERT INTO `glpi_computertypes` VALUES (1,'Servidor',''),(2,'Blade',''),(3,'Desktop',''),(4,'Laptop','');
/*!40000 ALTER TABLE `glpi_computertypes` ENABLE KEYS */;
UNLOCK TABLES;

--
-- Table structure for table `glpi_configs`
--

DROP TABLE IF EXISTS `glpi_configs`;
/*!40101 SET @saved_cs_client     = @@character_set_client */;
/*!40101 SET character_set_client = utf8 */;
CREATE TABLE `glpi_configs` (
  `id` int(11) NOT NULL AUTO_INCREMENT,
  `show_jobs_at_login` tinyint(1) NOT NULL DEFAULT '0',
  `cut` int(11) NOT NULL DEFAULT '255',
  `list_limit` int(11) NOT NULL DEFAULT '20',
  `list_limit_max` int(11) NOT NULL DEFAULT '50',
  `version` char(10) COLLATE utf8_unicode_ci DEFAULT NULL,
  `event_loglevel` int(11) NOT NULL DEFAULT '5',
  `use_mailing` tinyint(1) NOT NULL DEFAULT '0',
  `admin_email` varchar(255) COLLATE utf8_unicode_ci DEFAULT NULL,
  `admin_reply` varchar(255) COLLATE utf8_unicode_ci DEFAULT NULL,
  `mailing_signature` text COLLATE utf8_unicode_ci,
  `use_anonymous_helpdesk` tinyint(1) NOT NULL DEFAULT '0',
  `language` char(10) COLLATE utf8_unicode_ci DEFAULT 'en_GB' COMMENT 'see define.php CFG_GLPI[language] array',
  `priority_1` char(20) COLLATE utf8_unicode_ci DEFAULT '#fff2f2',
  `priority_2` char(20) COLLATE utf8_unicode_ci DEFAULT '#ffe0e0',
  `priority_3` char(20) COLLATE utf8_unicode_ci DEFAULT '#ffcece',
  `priority_4` char(20) COLLATE utf8_unicode_ci DEFAULT '#ffbfbf',
  `priority_5` char(20) COLLATE utf8_unicode_ci DEFAULT '#ffadad',
  `priority_6` char(20) COLLATE utf8_unicode_ci NOT NULL DEFAULT '#ff5555',
  `date_tax` date NOT NULL DEFAULT '2005-12-31',
  `default_alarm_threshold` int(11) NOT NULL DEFAULT '10',
  `cas_host` varchar(255) COLLATE utf8_unicode_ci DEFAULT NULL,
  `cas_port` int(11) NOT NULL DEFAULT '443',
  `cas_uri` varchar(255) COLLATE utf8_unicode_ci DEFAULT NULL,
  `cas_logout` varchar(255) COLLATE utf8_unicode_ci DEFAULT NULL,
  `authldaps_id_extra` int(11) NOT NULL DEFAULT '0' COMMENT 'extra server',
  `existing_auth_server_field` varchar(255) COLLATE utf8_unicode_ci DEFAULT NULL,
  `existing_auth_server_field_clean_domain` tinyint(1) NOT NULL DEFAULT '0',
  `planning_begin` time NOT NULL DEFAULT '08:00:00',
  `planning_end` time NOT NULL DEFAULT '20:00:00',
  `utf8_conv` int(11) NOT NULL DEFAULT '0',
  `use_auto_assign_to_tech` tinyint(1) NOT NULL DEFAULT '0',
  `use_public_faq` tinyint(1) NOT NULL DEFAULT '0',
  `url_base` varchar(255) COLLATE utf8_unicode_ci DEFAULT NULL,
  `show_link_in_mail` tinyint(1) NOT NULL DEFAULT '0',
  `text_login` text COLLATE utf8_unicode_ci,
  `founded_new_version` char(10) COLLATE utf8_unicode_ci DEFAULT NULL,
  `dropdown_max` int(11) NOT NULL DEFAULT '100',
  `ajax_wildcard` char(1) COLLATE utf8_unicode_ci DEFAULT '*',
  `use_ajax` tinyint(1) NOT NULL DEFAULT '0',
  `ajax_limit_count` int(11) NOT NULL DEFAULT '50',
  `use_ajax_autocompletion` tinyint(1) NOT NULL DEFAULT '1',
  `is_users_auto_add` tinyint(1) NOT NULL DEFAULT '1',
  `date_format` int(11) NOT NULL DEFAULT '0',
  `number_format` int(11) NOT NULL DEFAULT '0',
  `is_ids_visible` tinyint(1) NOT NULL DEFAULT '0',
  `dropdown_chars_limit` int(11) NOT NULL DEFAULT '50',
  `use_ocs_mode` tinyint(1) NOT NULL DEFAULT '0',
  `smtp_mode` int(11) NOT NULL DEFAULT '0' COMMENT 'see define.php MAIL_* constant',
  `smtp_host` varchar(255) COLLATE utf8_unicode_ci DEFAULT NULL,
  `smtp_port` int(11) NOT NULL DEFAULT '25',
  `smtp_username` varchar(255) COLLATE utf8_unicode_ci DEFAULT NULL,
  `smtp_password` varchar(255) COLLATE utf8_unicode_ci DEFAULT NULL,
  `proxy_name` varchar(255) COLLATE utf8_unicode_ci DEFAULT NULL,
  `proxy_port` int(11) NOT NULL DEFAULT '8080',
  `proxy_user` varchar(255) COLLATE utf8_unicode_ci DEFAULT NULL,
  `proxy_password` varchar(255) COLLATE utf8_unicode_ci DEFAULT NULL,
  `add_followup_on_update_ticket` tinyint(1) NOT NULL DEFAULT '1',
  `default_contract_alert` int(11) NOT NULL DEFAULT '0',
  `default_infocom_alert` int(11) NOT NULL DEFAULT '0',
  `use_licenses_alert` tinyint(1) NOT NULL DEFAULT '0',
  `cartridges_alert_repeat` int(11) NOT NULL DEFAULT '0' COMMENT 'in seconds',
  `consumables_alert_repeat` int(11) NOT NULL DEFAULT '0' COMMENT 'in seconds',
  `keep_tickets_on_delete` tinyint(1) NOT NULL DEFAULT '1',
  `time_step` int(11) DEFAULT '5',
  `decimal_number` int(11) DEFAULT '2',
  `helpdesk_doc_url` varchar(255) COLLATE utf8_unicode_ci DEFAULT NULL,
  `central_doc_url` varchar(255) COLLATE utf8_unicode_ci DEFAULT NULL,
  `documentcategories_id_forticket` int(11) NOT NULL DEFAULT '0' COMMENT 'default category for documents added with a ticket',
  `monitors_management_restrict` int(11) NOT NULL DEFAULT '2',
  `phones_management_restrict` int(11) NOT NULL DEFAULT '2',
  `peripherals_management_restrict` int(11) NOT NULL DEFAULT '2',
  `printers_management_restrict` int(11) NOT NULL DEFAULT '2',
  `use_log_in_files` tinyint(1) NOT NULL DEFAULT '0',
  `time_offset` int(11) NOT NULL DEFAULT '0' COMMENT 'in seconds',
  `is_contact_autoupdate` tinyint(1) NOT NULL DEFAULT '1',
  `is_user_autoupdate` tinyint(1) NOT NULL DEFAULT '1',
  `is_group_autoupdate` tinyint(1) NOT NULL DEFAULT '1',
  `is_location_autoupdate` tinyint(1) NOT NULL DEFAULT '1',
  `state_autoupdate_mode` int(11) NOT NULL DEFAULT '0',
  `is_contact_autoclean` tinyint(1) NOT NULL DEFAULT '0',
  `is_user_autoclean` tinyint(1) NOT NULL DEFAULT '0',
  `is_group_autoclean` tinyint(1) NOT NULL DEFAULT '0',
  `is_location_autoclean` tinyint(1) NOT NULL DEFAULT '0',
  `state_autoclean_mode` int(11) NOT NULL DEFAULT '0',
  `use_flat_dropdowntree` tinyint(1) NOT NULL DEFAULT '0',
  `use_autoname_by_entity` tinyint(1) NOT NULL DEFAULT '1',
  `is_categorized_soft_expanded` tinyint(1) NOT NULL DEFAULT '1',
  `is_not_categorized_soft_expanded` tinyint(1) NOT NULL DEFAULT '1',
  `dbreplicate_email` varchar(255) COLLATE utf8_unicode_ci DEFAULT NULL,
  `softwarecategories_id_ondelete` int(11) NOT NULL DEFAULT '0' COMMENT 'category applyed when a software is deleted',
  `x509_email_field` varchar(255) COLLATE utf8_unicode_ci DEFAULT NULL,
  `is_ticket_title_mandatory` tinyint(1) NOT NULL DEFAULT '0',
  `is_ticket_content_mandatory` tinyint(1) NOT NULL DEFAULT '1',
  `is_ticket_category_mandatory` tinyint(1) NOT NULL DEFAULT '0',
  `default_mailcollector_filesize_max` int(11) NOT NULL DEFAULT '2097152',
  `followup_private` tinyint(1) NOT NULL DEFAULT '0',
  `task_private` tinyint(1) NOT NULL DEFAULT '0',
  `default_software_helpdesk_visible` tinyint(1) NOT NULL DEFAULT '1',
  `names_format` int(11) NOT NULL DEFAULT '0' COMMENT 'see *NAME_BEFORE constant in define.php',
  `default_graphtype` char(3) COLLATE utf8_unicode_ci NOT NULL DEFAULT 'svg',
  `default_requesttypes_id` int(11) NOT NULL DEFAULT '1',
  `use_noright_users_add` tinyint(1) NOT NULL DEFAULT '1',
  `cron_limit` tinyint(4) NOT NULL DEFAULT '1' COMMENT 'Number of tasks execute by external cron',
  `priority_matrix` varchar(255) COLLATE utf8_unicode_ci DEFAULT NULL COMMENT 'json encoded array for Urgence / Impact to Protority',
  `urgency_mask` int(11) NOT NULL DEFAULT '62',
  `impact_mask` int(11) NOT NULL DEFAULT '62',
  `use_infocoms_alert` tinyint(1) NOT NULL DEFAULT '0',
  `use_contracts_alert` tinyint(1) NOT NULL DEFAULT '0',
  `use_reservations_alert` tinyint(1) NOT NULL DEFAULT '0',
  `autoclose_delay` int(11) NOT NULL DEFAULT '0',
  `notclosed_delay` int(11) NOT NULL DEFAULT '0',
  `user_deleted_ldap` tinyint(1) NOT NULL DEFAULT '0',
  PRIMARY KEY (`id`)
) ENGINE=MyISAM AUTO_INCREMENT=2 DEFAULT CHARSET=utf8 COLLATE=utf8_unicode_ci;
/*!40101 SET character_set_client = @saved_cs_client */;

--
-- Dumping data for table `glpi_configs`
--

LOCK TABLES `glpi_configs` WRITE;
/*!40000 ALTER TABLE `glpi_configs` DISABLE KEYS */;
INSERT INTO `glpi_configs` VALUES (1,1,250,15,50,' 0.78',5,1,'webmaster@itvision.com.br','webmaster@itvision.com.br','ITvision Monitoring System',1,'pt_BR','#fff2f2','#ffe0e0','#ffcece','#ffbfbf','#ffadad','#ff5555','2010-12-31',10,'',443,'',NULL,1,NULL,0,'08:00:00','20:00:00',1,0,0,'http://192.168.153.136/servdesk',0,'','',100,'*',0,50,1,1,0,2,0,50,1,1,NULL,25,NULL,NULL,NULL,8080,NULL,NULL,1,0,0,0,0,0,0,5,2,NULL,NULL,0,2,2,2,2,1,0,0,0,0,0,0,0,0,0,0,0,0,1,1,1,NULL,0,NULL,0,1,0,2097152,0,0,1,1,'svg',1,1,1,'{\"1\":{\"1\":\"1\",\"2\":\"1\",\"3\":\"2\",\"4\":\"2\",\"5\":\"2\"},\"2\":{\"1\":\"1\",\"2\":\"2\",\"3\":\"2\",\"4\":\"3\",\"5\":\"3\"},\"3\":{\"1\":\"2\",\"2\":\"2\",\"3\":\"3\",\"4\":\"4\",\"5\":\"4\"},\"4\":{\"1\":\"2\",\"2\":\"3\",\"3\":\"4\",\"4\":\"4\",\"5\":\"5\"},\"5\":{\"1\":\"2\",\"2\":\"3\",\"3\":\"4\",\"4\":\"5\",\"5\":\"5\"}}',62,62,0,0,0,0,0,0);
/*!40000 ALTER TABLE `glpi_configs` ENABLE KEYS */;
UNLOCK TABLES;

--
-- Table structure for table `glpi_consumableitems`
--

DROP TABLE IF EXISTS `glpi_consumableitems`;
/*!40101 SET @saved_cs_client     = @@character_set_client */;
/*!40101 SET character_set_client = utf8 */;
CREATE TABLE `glpi_consumableitems` (
  `id` int(11) NOT NULL AUTO_INCREMENT,
  `entities_id` int(11) NOT NULL DEFAULT '0',
  `name` varchar(255) COLLATE utf8_unicode_ci DEFAULT NULL,
  `ref` varchar(255) COLLATE utf8_unicode_ci DEFAULT NULL,
  `locations_id` int(11) NOT NULL DEFAULT '0',
  `consumableitemtypes_id` int(11) NOT NULL DEFAULT '0',
  `manufacturers_id` int(11) NOT NULL DEFAULT '0',
  `users_id_tech` int(11) NOT NULL DEFAULT '0',
  `is_deleted` tinyint(1) NOT NULL DEFAULT '0',
  `comment` text COLLATE utf8_unicode_ci,
  `alarm_threshold` int(11) NOT NULL DEFAULT '10',
  `notepad` longtext COLLATE utf8_unicode_ci,
  PRIMARY KEY (`id`),
  KEY `name` (`name`),
  KEY `entities_id` (`entities_id`),
  KEY `manufacturers_id` (`manufacturers_id`),
  KEY `locations_id` (`locations_id`),
  KEY `users_id_tech` (`users_id_tech`),
  KEY `consumableitemtypes_id` (`consumableitemtypes_id`),
  KEY `is_deleted` (`is_deleted`),
  KEY `alarm_threshold` (`alarm_threshold`)
) ENGINE=MyISAM DEFAULT CHARSET=utf8 COLLATE=utf8_unicode_ci;
/*!40101 SET character_set_client = @saved_cs_client */;

--
-- Dumping data for table `glpi_consumableitems`
--

LOCK TABLES `glpi_consumableitems` WRITE;
/*!40000 ALTER TABLE `glpi_consumableitems` DISABLE KEYS */;
/*!40000 ALTER TABLE `glpi_consumableitems` ENABLE KEYS */;
UNLOCK TABLES;

--
-- Table structure for table `glpi_consumableitemtypes`
--

DROP TABLE IF EXISTS `glpi_consumableitemtypes`;
/*!40101 SET @saved_cs_client     = @@character_set_client */;
/*!40101 SET character_set_client = utf8 */;
CREATE TABLE `glpi_consumableitemtypes` (
  `id` int(11) NOT NULL AUTO_INCREMENT,
  `name` varchar(255) COLLATE utf8_unicode_ci DEFAULT NULL,
  `comment` text COLLATE utf8_unicode_ci,
  PRIMARY KEY (`id`),
  KEY `name` (`name`)
) ENGINE=MyISAM DEFAULT CHARSET=utf8 COLLATE=utf8_unicode_ci;
/*!40101 SET character_set_client = @saved_cs_client */;

--
-- Dumping data for table `glpi_consumableitemtypes`
--

LOCK TABLES `glpi_consumableitemtypes` WRITE;
/*!40000 ALTER TABLE `glpi_consumableitemtypes` DISABLE KEYS */;
/*!40000 ALTER TABLE `glpi_consumableitemtypes` ENABLE KEYS */;
UNLOCK TABLES;

--
-- Table structure for table `glpi_consumables`
--

DROP TABLE IF EXISTS `glpi_consumables`;
/*!40101 SET @saved_cs_client     = @@character_set_client */;
/*!40101 SET character_set_client = utf8 */;
CREATE TABLE `glpi_consumables` (
  `id` int(11) NOT NULL AUTO_INCREMENT,
  `entities_id` int(11) NOT NULL DEFAULT '0',
  `consumableitems_id` int(11) NOT NULL DEFAULT '0',
  `date_in` date DEFAULT NULL,
  `date_out` date DEFAULT NULL,
  `users_id` int(11) NOT NULL DEFAULT '0',
  PRIMARY KEY (`id`),
  KEY `date_in` (`date_in`),
  KEY `date_out` (`date_out`),
  KEY `consumableitems_id` (`consumableitems_id`),
  KEY `users_id` (`users_id`),
  KEY `entities_id` (`entities_id`)
) ENGINE=MyISAM DEFAULT CHARSET=utf8 COLLATE=utf8_unicode_ci;
/*!40101 SET character_set_client = @saved_cs_client */;

--
-- Dumping data for table `glpi_consumables`
--

LOCK TABLES `glpi_consumables` WRITE;
/*!40000 ALTER TABLE `glpi_consumables` DISABLE KEYS */;
/*!40000 ALTER TABLE `glpi_consumables` ENABLE KEYS */;
UNLOCK TABLES;

--
-- Table structure for table `glpi_contacts`
--

DROP TABLE IF EXISTS `glpi_contacts`;
/*!40101 SET @saved_cs_client     = @@character_set_client */;
/*!40101 SET character_set_client = utf8 */;
CREATE TABLE `glpi_contacts` (
  `id` int(11) NOT NULL AUTO_INCREMENT,
  `entities_id` int(11) NOT NULL DEFAULT '0',
  `is_recursive` tinyint(1) NOT NULL DEFAULT '0',
  `name` varchar(255) COLLATE utf8_unicode_ci DEFAULT NULL,
  `firstname` varchar(255) COLLATE utf8_unicode_ci DEFAULT NULL,
  `phone` varchar(255) COLLATE utf8_unicode_ci DEFAULT NULL,
  `phone2` varchar(255) COLLATE utf8_unicode_ci DEFAULT NULL,
  `mobile` varchar(255) COLLATE utf8_unicode_ci DEFAULT NULL,
  `fax` varchar(255) COLLATE utf8_unicode_ci DEFAULT NULL,
  `email` varchar(255) COLLATE utf8_unicode_ci DEFAULT NULL,
  `contacttypes_id` int(11) NOT NULL DEFAULT '0',
  `comment` text COLLATE utf8_unicode_ci,
  `is_deleted` tinyint(1) NOT NULL DEFAULT '0',
  `notepad` longtext COLLATE utf8_unicode_ci,
  PRIMARY KEY (`id`),
  KEY `name` (`name`),
  KEY `entities_id` (`entities_id`),
  KEY `contacttypes_id` (`contacttypes_id`),
  KEY `is_deleted` (`is_deleted`)
) ENGINE=MyISAM DEFAULT CHARSET=utf8 COLLATE=utf8_unicode_ci;
/*!40101 SET character_set_client = @saved_cs_client */;

--
-- Dumping data for table `glpi_contacts`
--

LOCK TABLES `glpi_contacts` WRITE;
/*!40000 ALTER TABLE `glpi_contacts` DISABLE KEYS */;
/*!40000 ALTER TABLE `glpi_contacts` ENABLE KEYS */;
UNLOCK TABLES;

--
-- Table structure for table `glpi_contacts_suppliers`
--

DROP TABLE IF EXISTS `glpi_contacts_suppliers`;
/*!40101 SET @saved_cs_client     = @@character_set_client */;
/*!40101 SET character_set_client = utf8 */;
CREATE TABLE `glpi_contacts_suppliers` (
  `id` int(11) NOT NULL AUTO_INCREMENT,
  `suppliers_id` int(11) NOT NULL DEFAULT '0',
  `contacts_id` int(11) NOT NULL DEFAULT '0',
  PRIMARY KEY (`id`),
  UNIQUE KEY `unicity` (`suppliers_id`,`contacts_id`),
  KEY `contacts_id` (`contacts_id`)
) ENGINE=MyISAM DEFAULT CHARSET=utf8 COLLATE=utf8_unicode_ci;
/*!40101 SET character_set_client = @saved_cs_client */;

--
-- Dumping data for table `glpi_contacts_suppliers`
--

LOCK TABLES `glpi_contacts_suppliers` WRITE;
/*!40000 ALTER TABLE `glpi_contacts_suppliers` DISABLE KEYS */;
/*!40000 ALTER TABLE `glpi_contacts_suppliers` ENABLE KEYS */;
UNLOCK TABLES;

--
-- Table structure for table `glpi_contacttypes`
--

DROP TABLE IF EXISTS `glpi_contacttypes`;
/*!40101 SET @saved_cs_client     = @@character_set_client */;
/*!40101 SET character_set_client = utf8 */;
CREATE TABLE `glpi_contacttypes` (
  `id` int(11) NOT NULL AUTO_INCREMENT,
  `name` varchar(255) COLLATE utf8_unicode_ci DEFAULT NULL,
  `comment` text COLLATE utf8_unicode_ci,
  PRIMARY KEY (`id`),
  KEY `name` (`name`)
) ENGINE=MyISAM DEFAULT CHARSET=utf8 COLLATE=utf8_unicode_ci;
/*!40101 SET character_set_client = @saved_cs_client */;

--
-- Dumping data for table `glpi_contacttypes`
--

LOCK TABLES `glpi_contacttypes` WRITE;
/*!40000 ALTER TABLE `glpi_contacttypes` DISABLE KEYS */;
/*!40000 ALTER TABLE `glpi_contacttypes` ENABLE KEYS */;
UNLOCK TABLES;

--
-- Table structure for table `glpi_contracts`
--

DROP TABLE IF EXISTS `glpi_contracts`;
/*!40101 SET @saved_cs_client     = @@character_set_client */;
/*!40101 SET character_set_client = utf8 */;
CREATE TABLE `glpi_contracts` (
  `id` int(11) NOT NULL AUTO_INCREMENT,
  `entities_id` int(11) NOT NULL DEFAULT '0',
  `is_recursive` tinyint(1) NOT NULL DEFAULT '0',
  `name` varchar(255) COLLATE utf8_unicode_ci DEFAULT NULL,
  `num` varchar(255) COLLATE utf8_unicode_ci DEFAULT NULL,
  `cost` decimal(20,4) NOT NULL DEFAULT '0.0000',
  `contracttypes_id` int(11) NOT NULL DEFAULT '0',
  `begin_date` date DEFAULT NULL,
  `duration` int(11) NOT NULL DEFAULT '0',
  `notice` int(11) NOT NULL DEFAULT '0',
  `periodicity` int(11) NOT NULL DEFAULT '0',
  `billing` int(11) NOT NULL DEFAULT '0',
  `comment` text COLLATE utf8_unicode_ci,
  `accounting_number` varchar(255) COLLATE utf8_unicode_ci DEFAULT NULL,
  `is_deleted` tinyint(1) NOT NULL DEFAULT '0',
  `week_begin_hour` time NOT NULL DEFAULT '00:00:00',
  `week_end_hour` time NOT NULL DEFAULT '00:00:00',
  `saturday_begin_hour` time NOT NULL DEFAULT '00:00:00',
  `saturday_end_hour` time NOT NULL DEFAULT '00:00:00',
  `use_saturday` tinyint(1) NOT NULL DEFAULT '0',
  `monday_begin_hour` time NOT NULL DEFAULT '00:00:00',
  `monday_end_hour` time NOT NULL DEFAULT '00:00:00',
  `use_monday` tinyint(1) NOT NULL DEFAULT '0',
  `max_links_allowed` int(11) NOT NULL DEFAULT '0',
  `notepad` longtext COLLATE utf8_unicode_ci,
  `alert` int(11) NOT NULL DEFAULT '0',
  `renewal` int(11) NOT NULL DEFAULT '0',
  PRIMARY KEY (`id`),
  KEY `begin_date` (`begin_date`),
  KEY `name` (`name`),
  KEY `contracttypes_id` (`contracttypes_id`),
  KEY `entities_id` (`entities_id`),
  KEY `is_deleted` (`is_deleted`),
  KEY `use_monday` (`use_monday`),
  KEY `use_saturday` (`use_saturday`),
  KEY `alert` (`alert`)
) ENGINE=MyISAM DEFAULT CHARSET=utf8 COLLATE=utf8_unicode_ci;
/*!40101 SET character_set_client = @saved_cs_client */;

--
-- Dumping data for table `glpi_contracts`
--

LOCK TABLES `glpi_contracts` WRITE;
/*!40000 ALTER TABLE `glpi_contracts` DISABLE KEYS */;
/*!40000 ALTER TABLE `glpi_contracts` ENABLE KEYS */;
UNLOCK TABLES;

--
-- Table structure for table `glpi_contracts_items`
--

DROP TABLE IF EXISTS `glpi_contracts_items`;
/*!40101 SET @saved_cs_client     = @@character_set_client */;
/*!40101 SET character_set_client = utf8 */;
CREATE TABLE `glpi_contracts_items` (
  `id` int(11) NOT NULL AUTO_INCREMENT,
  `contracts_id` int(11) NOT NULL DEFAULT '0',
  `items_id` int(11) NOT NULL DEFAULT '0',
  `itemtype` varchar(100) COLLATE utf8_unicode_ci NOT NULL,
  PRIMARY KEY (`id`),
  UNIQUE KEY `unicity` (`contracts_id`,`itemtype`,`items_id`),
  KEY `FK_device` (`items_id`,`itemtype`),
  KEY `item` (`itemtype`,`items_id`)
) ENGINE=MyISAM DEFAULT CHARSET=utf8 COLLATE=utf8_unicode_ci;
/*!40101 SET character_set_client = @saved_cs_client */;

--
-- Dumping data for table `glpi_contracts_items`
--

LOCK TABLES `glpi_contracts_items` WRITE;
/*!40000 ALTER TABLE `glpi_contracts_items` DISABLE KEYS */;
/*!40000 ALTER TABLE `glpi_contracts_items` ENABLE KEYS */;
UNLOCK TABLES;

--
-- Table structure for table `glpi_contracts_suppliers`
--

DROP TABLE IF EXISTS `glpi_contracts_suppliers`;
/*!40101 SET @saved_cs_client     = @@character_set_client */;
/*!40101 SET character_set_client = utf8 */;
CREATE TABLE `glpi_contracts_suppliers` (
  `id` int(11) NOT NULL AUTO_INCREMENT,
  `suppliers_id` int(11) NOT NULL DEFAULT '0',
  `contracts_id` int(11) NOT NULL DEFAULT '0',
  PRIMARY KEY (`id`),
  UNIQUE KEY `unicity` (`suppliers_id`,`contracts_id`),
  KEY `contracts_id` (`contracts_id`)
) ENGINE=MyISAM DEFAULT CHARSET=utf8 COLLATE=utf8_unicode_ci;
/*!40101 SET character_set_client = @saved_cs_client */;

--
-- Dumping data for table `glpi_contracts_suppliers`
--

LOCK TABLES `glpi_contracts_suppliers` WRITE;
/*!40000 ALTER TABLE `glpi_contracts_suppliers` DISABLE KEYS */;
/*!40000 ALTER TABLE `glpi_contracts_suppliers` ENABLE KEYS */;
UNLOCK TABLES;

--
-- Table structure for table `glpi_contracttypes`
--

DROP TABLE IF EXISTS `glpi_contracttypes`;
/*!40101 SET @saved_cs_client     = @@character_set_client */;
/*!40101 SET character_set_client = utf8 */;
CREATE TABLE `glpi_contracttypes` (
  `id` int(11) NOT NULL AUTO_INCREMENT,
  `name` varchar(255) COLLATE utf8_unicode_ci DEFAULT NULL,
  `comment` text COLLATE utf8_unicode_ci,
  PRIMARY KEY (`id`),
  KEY `name` (`name`)
) ENGINE=MyISAM DEFAULT CHARSET=utf8 COLLATE=utf8_unicode_ci;
/*!40101 SET character_set_client = @saved_cs_client */;

--
-- Dumping data for table `glpi_contracttypes`
--

LOCK TABLES `glpi_contracttypes` WRITE;
/*!40000 ALTER TABLE `glpi_contracttypes` DISABLE KEYS */;
/*!40000 ALTER TABLE `glpi_contracttypes` ENABLE KEYS */;
UNLOCK TABLES;

--
-- Table structure for table `glpi_crontasklogs`
--

DROP TABLE IF EXISTS `glpi_crontasklogs`;
/*!40101 SET @saved_cs_client     = @@character_set_client */;
/*!40101 SET character_set_client = utf8 */;
CREATE TABLE `glpi_crontasklogs` (
  `id` int(11) NOT NULL AUTO_INCREMENT,
  `crontasks_id` int(11) NOT NULL,
  `crontasklogs_id` int(11) NOT NULL COMMENT 'id of ''start'' event',
  `date` datetime NOT NULL,
  `state` int(11) NOT NULL COMMENT '0:start, 1:run, 2:stop',
  `elapsed` float NOT NULL COMMENT 'time elapsed since start',
  `volume` int(11) NOT NULL COMMENT 'for statistics',
  `content` varchar(255) COLLATE utf8_unicode_ci DEFAULT NULL COMMENT 'message',
  PRIMARY KEY (`id`),
  KEY `date` (`date`),
  KEY `crontasks_id` (`crontasks_id`),
  KEY `crontasklogs_id_state` (`crontasklogs_id`,`state`)
) ENGINE=MyISAM AUTO_INCREMENT=20 DEFAULT CHARSET=utf8 COLLATE=utf8_unicode_ci;
/*!40101 SET character_set_client = @saved_cs_client */;

--
-- Dumping data for table `glpi_crontasklogs`
--

LOCK TABLES `glpi_crontasklogs` WRITE;
/*!40000 ALTER TABLE `glpi_crontasklogs` DISABLE KEYS */;
INSERT INTO `glpi_crontasklogs` VALUES (1,6,0,'2010-10-28 13:48:34',0,0,0,'Modo de execuo : GLPI'),(2,6,1,'2010-10-28 13:48:34',2,0.00185609,0,'Action completed, no processing required'),(3,8,0,'2010-10-28 14:01:43',0,0,0,'Modo de execuo : GLPI'),(4,8,3,'2010-10-28 14:01:43',2,0.0382538,163,'Action completed, fully processed'),(5,9,0,'2010-10-28 14:17:28',0,0,0,'Modo de execuo : GLPI'),(6,9,5,'2010-10-28 14:17:28',2,0.00244403,0,'Action completed, no processing required'),(7,12,0,'2010-10-28 14:22:34',0,0,0,'Modo de execuo : GLPI'),(8,12,7,'2010-10-28 14:22:34',2,0.00175285,0,'Action completed, no processing required'),(9,13,0,'2010-11-03 10:39:22',0,0,0,'Modo de execuo : ServiceDesk'),(10,13,9,'2010-11-03 10:39:22',1,0.0205202,1,'Clean 1 graph file(s) created since more than 3600 seconds\n'),(11,13,9,'2010-11-03 10:39:22',2,0.0213192,1,'Ao completada, completamente processada'),(12,14,0,'2010-11-03 12:45:06',0,0,0,'Modo de execuo : ServiceDesk'),(13,14,12,'2010-11-03 12:45:06',2,0.00500607,0,'Ao completada, nada a fazer'),(14,15,0,'2010-11-03 12:59:01',0,0,0,'Modo de execuo : ServiceDesk'),(15,15,14,'2010-11-03 12:59:01',2,0.00698495,0,'Ao completada, nada a fazer'),(16,16,0,'2010-11-03 13:24:51',0,0,0,'Modo de execuo : ServiceDesk'),(17,16,16,'2010-11-03 13:24:51',2,0.00497389,0,'Ao completada, nada a fazer'),(18,5,0,'2010-11-03 13:38:18',0,0,0,'Modo de execuo : ServiceDesk'),(19,5,18,'2010-11-03 13:38:18',2,0.00972605,0,'Ao completada, nada a fazer');
/*!40000 ALTER TABLE `glpi_crontasklogs` ENABLE KEYS */;
UNLOCK TABLES;

--
-- Table structure for table `glpi_crontasks`
--

DROP TABLE IF EXISTS `glpi_crontasks`;
/*!40101 SET @saved_cs_client     = @@character_set_client */;
/*!40101 SET character_set_client = utf8 */;
CREATE TABLE `glpi_crontasks` (
  `id` int(11) NOT NULL AUTO_INCREMENT,
  `itemtype` varchar(100) COLLATE utf8_unicode_ci NOT NULL,
  `name` varchar(150) COLLATE utf8_unicode_ci NOT NULL COMMENT 'task name',
  `frequency` int(11) NOT NULL COMMENT 'second between launch',
  `param` int(11) DEFAULT NULL COMMENT 'task specify parameter',
  `state` int(11) NOT NULL DEFAULT '1' COMMENT '0:disabled, 1:waiting, 2:running',
  `mode` int(11) NOT NULL DEFAULT '1' COMMENT '1:internal, 2:external',
  `allowmode` int(11) NOT NULL DEFAULT '3' COMMENT '1:internal, 2:external, 3:both',
  `hourmin` int(11) NOT NULL DEFAULT '0',
  `hourmax` int(11) NOT NULL DEFAULT '24',
  `logs_lifetime` int(11) NOT NULL DEFAULT '30' COMMENT 'number of days',
  `lastrun` datetime DEFAULT NULL COMMENT 'last run date',
  `lastcode` int(11) DEFAULT NULL COMMENT 'last run return code',
  `comment` text COLLATE utf8_unicode_ci,
  PRIMARY KEY (`id`),
  UNIQUE KEY `unicity` (`itemtype`,`name`),
  KEY `mode` (`mode`)
) ENGINE=MyISAM AUTO_INCREMENT=17 DEFAULT CHARSET=utf8 COLLATE=utf8_unicode_ci COMMENT='Task run by internal / external cron.';
/*!40101 SET character_set_client = @saved_cs_client */;

--
-- Dumping data for table `glpi_crontasks`
--

LOCK TABLES `glpi_crontasks` WRITE;
/*!40000 ALTER TABLE `glpi_crontasks` DISABLE KEYS */;
INSERT INTO `glpi_crontasks` VALUES (1,'OcsServer','ocsng',300,NULL,0,1,3,0,24,30,NULL,NULL,NULL),(2,'CartridgeItem','cartridge',86400,10,0,1,3,0,24,30,NULL,NULL,NULL),(3,'ConsumableItem','consumable',86400,10,0,1,3,0,24,30,NULL,NULL,NULL),(4,'SoftwareLicense','software',86400,NULL,0,1,3,0,24,30,NULL,NULL,NULL),(5,'Contract','contract',86400,NULL,1,1,3,0,24,30,'2010-11-03 13:38:18',NULL,NULL),(6,'InfoCom','infocom',86400,NULL,1,1,3,0,24,30,'2010-10-28 13:48:34',NULL,NULL),(7,'CronTask','logs',86400,30,0,1,3,0,24,30,NULL,NULL,NULL),(8,'CronTask','optimize',604800,NULL,1,1,3,0,24,30,'2010-10-28 14:01:43',NULL,NULL),(9,'MailCollector','mailgate',600,10,1,1,3,0,24,30,'2010-10-28 14:17:28',NULL,NULL),(10,'DBconnection','checkdbreplicate',300,NULL,0,1,3,0,24,30,NULL,NULL,NULL),(11,'CronTask','checkupdate',604800,NULL,0,1,3,0,24,30,NULL,NULL,NULL),(12,'CronTask','session',86400,NULL,1,1,3,0,24,30,'2010-10-28 14:22:34',NULL,NULL),(13,'CronTask','graph',3600,NULL,1,1,3,0,24,30,'2010-11-03 10:39:22',NULL,NULL),(14,'ReservationItem','reservation',3600,NULL,1,1,3,0,24,30,'2010-11-03 12:45:06',NULL,NULL),(15,'Ticket','closeticket',43200,NULL,1,1,3,0,24,30,'2010-11-03 12:59:01',NULL,NULL),(16,'Ticket','alertnotclosed',43200,NULL,1,1,3,0,24,30,'2010-11-03 13:24:51',NULL,NULL);
/*!40000 ALTER TABLE `glpi_crontasks` ENABLE KEYS */;
UNLOCK TABLES;

--
-- Table structure for table `glpi_devicecases`
--

DROP TABLE IF EXISTS `glpi_devicecases`;
/*!40101 SET @saved_cs_client     = @@character_set_client */;
/*!40101 SET character_set_client = utf8 */;
CREATE TABLE `glpi_devicecases` (
  `id` int(11) NOT NULL AUTO_INCREMENT,
  `designation` varchar(255) COLLATE utf8_unicode_ci DEFAULT NULL,
  `devicecasetypes_id` int(11) NOT NULL DEFAULT '0',
  `comment` text COLLATE utf8_unicode_ci,
  `manufacturers_id` int(11) NOT NULL DEFAULT '0',
  PRIMARY KEY (`id`),
  KEY `designation` (`designation`),
  KEY `manufacturers_id` (`manufacturers_id`),
  KEY `devicecasetypes_id` (`devicecasetypes_id`)
) ENGINE=MyISAM DEFAULT CHARSET=utf8 COLLATE=utf8_unicode_ci;
/*!40101 SET character_set_client = @saved_cs_client */;

--
-- Dumping data for table `glpi_devicecases`
--

LOCK TABLES `glpi_devicecases` WRITE;
/*!40000 ALTER TABLE `glpi_devicecases` DISABLE KEYS */;
/*!40000 ALTER TABLE `glpi_devicecases` ENABLE KEYS */;
UNLOCK TABLES;

--
-- Table structure for table `glpi_devicecasetypes`
--

DROP TABLE IF EXISTS `glpi_devicecasetypes`;
/*!40101 SET @saved_cs_client     = @@character_set_client */;
/*!40101 SET character_set_client = utf8 */;
CREATE TABLE `glpi_devicecasetypes` (
  `id` int(11) NOT NULL AUTO_INCREMENT,
  `name` varchar(255) COLLATE utf8_unicode_ci DEFAULT NULL,
  `comment` text COLLATE utf8_unicode_ci,
  PRIMARY KEY (`id`),
  KEY `name` (`name`)
) ENGINE=MyISAM DEFAULT CHARSET=utf8 COLLATE=utf8_unicode_ci;
/*!40101 SET character_set_client = @saved_cs_client */;

--
-- Dumping data for table `glpi_devicecasetypes`
--

LOCK TABLES `glpi_devicecasetypes` WRITE;
/*!40000 ALTER TABLE `glpi_devicecasetypes` DISABLE KEYS */;
/*!40000 ALTER TABLE `glpi_devicecasetypes` ENABLE KEYS */;
UNLOCK TABLES;

--
-- Table structure for table `glpi_devicecontrols`
--

DROP TABLE IF EXISTS `glpi_devicecontrols`;
/*!40101 SET @saved_cs_client     = @@character_set_client */;
/*!40101 SET character_set_client = utf8 */;
CREATE TABLE `glpi_devicecontrols` (
  `id` int(11) NOT NULL AUTO_INCREMENT,
  `designation` varchar(255) COLLATE utf8_unicode_ci DEFAULT NULL,
  `is_raid` tinyint(1) NOT NULL DEFAULT '0',
  `comment` text COLLATE utf8_unicode_ci,
  `manufacturers_id` int(11) NOT NULL DEFAULT '0',
  `interfacetypes_id` int(11) NOT NULL DEFAULT '0',
  PRIMARY KEY (`id`),
  KEY `designation` (`designation`),
  KEY `manufacturers_id` (`manufacturers_id`),
  KEY `interfacetypes_id` (`interfacetypes_id`)
) ENGINE=MyISAM DEFAULT CHARSET=utf8 COLLATE=utf8_unicode_ci;
/*!40101 SET character_set_client = @saved_cs_client */;

--
-- Dumping data for table `glpi_devicecontrols`
--

LOCK TABLES `glpi_devicecontrols` WRITE;
/*!40000 ALTER TABLE `glpi_devicecontrols` DISABLE KEYS */;
/*!40000 ALTER TABLE `glpi_devicecontrols` ENABLE KEYS */;
UNLOCK TABLES;

--
-- Table structure for table `glpi_devicedrives`
--

DROP TABLE IF EXISTS `glpi_devicedrives`;
/*!40101 SET @saved_cs_client     = @@character_set_client */;
/*!40101 SET character_set_client = utf8 */;
CREATE TABLE `glpi_devicedrives` (
  `id` int(11) NOT NULL AUTO_INCREMENT,
  `designation` varchar(255) COLLATE utf8_unicode_ci DEFAULT NULL,
  `is_writer` tinyint(1) NOT NULL DEFAULT '1',
  `speed` varchar(255) COLLATE utf8_unicode_ci DEFAULT NULL,
  `comment` text COLLATE utf8_unicode_ci,
  `manufacturers_id` int(11) NOT NULL DEFAULT '0',
  `interfacetypes_id` int(11) NOT NULL DEFAULT '0',
  PRIMARY KEY (`id`),
  KEY `designation` (`designation`),
  KEY `manufacturers_id` (`manufacturers_id`),
  KEY `interfacetypes_id` (`interfacetypes_id`)
) ENGINE=MyISAM DEFAULT CHARSET=utf8 COLLATE=utf8_unicode_ci;
/*!40101 SET character_set_client = @saved_cs_client */;

--
-- Dumping data for table `glpi_devicedrives`
--

LOCK TABLES `glpi_devicedrives` WRITE;
/*!40000 ALTER TABLE `glpi_devicedrives` DISABLE KEYS */;
/*!40000 ALTER TABLE `glpi_devicedrives` ENABLE KEYS */;
UNLOCK TABLES;

--
-- Table structure for table `glpi_devicegraphiccards`
--

DROP TABLE IF EXISTS `glpi_devicegraphiccards`;
/*!40101 SET @saved_cs_client     = @@character_set_client */;
/*!40101 SET character_set_client = utf8 */;
CREATE TABLE `glpi_devicegraphiccards` (
  `id` int(11) NOT NULL AUTO_INCREMENT,
  `designation` varchar(255) COLLATE utf8_unicode_ci DEFAULT NULL,
  `interfacetypes_id` int(11) NOT NULL DEFAULT '0',
  `comment` text COLLATE utf8_unicode_ci,
  `manufacturers_id` int(11) NOT NULL DEFAULT '0',
  `specif_default` int(11) NOT NULL,
  PRIMARY KEY (`id`),
  KEY `designation` (`designation`),
  KEY `manufacturers_id` (`manufacturers_id`),
  KEY `interfacetypes_id` (`interfacetypes_id`)
) ENGINE=MyISAM DEFAULT CHARSET=utf8 COLLATE=utf8_unicode_ci;
/*!40101 SET character_set_client = @saved_cs_client */;

--
-- Dumping data for table `glpi_devicegraphiccards`
--

LOCK TABLES `glpi_devicegraphiccards` WRITE;
/*!40000 ALTER TABLE `glpi_devicegraphiccards` DISABLE KEYS */;
/*!40000 ALTER TABLE `glpi_devicegraphiccards` ENABLE KEYS */;
UNLOCK TABLES;

--
-- Table structure for table `glpi_deviceharddrives`
--

DROP TABLE IF EXISTS `glpi_deviceharddrives`;
/*!40101 SET @saved_cs_client     = @@character_set_client */;
/*!40101 SET character_set_client = utf8 */;
CREATE TABLE `glpi_deviceharddrives` (
  `id` int(11) NOT NULL AUTO_INCREMENT,
  `designation` varchar(255) COLLATE utf8_unicode_ci DEFAULT NULL,
  `rpm` varchar(255) COLLATE utf8_unicode_ci DEFAULT NULL,
  `interfacetypes_id` int(11) NOT NULL DEFAULT '0',
  `cache` varchar(255) COLLATE utf8_unicode_ci DEFAULT NULL,
  `comment` text COLLATE utf8_unicode_ci,
  `manufacturers_id` int(11) NOT NULL DEFAULT '0',
  `specif_default` int(11) NOT NULL,
  PRIMARY KEY (`id`),
  KEY `designation` (`designation`),
  KEY `manufacturers_id` (`manufacturers_id`),
  KEY `interfacetypes_id` (`interfacetypes_id`)
) ENGINE=MyISAM DEFAULT CHARSET=utf8 COLLATE=utf8_unicode_ci;
/*!40101 SET character_set_client = @saved_cs_client */;

--
-- Dumping data for table `glpi_deviceharddrives`
--

LOCK TABLES `glpi_deviceharddrives` WRITE;
/*!40000 ALTER TABLE `glpi_deviceharddrives` DISABLE KEYS */;
/*!40000 ALTER TABLE `glpi_deviceharddrives` ENABLE KEYS */;
UNLOCK TABLES;

--
-- Table structure for table `glpi_devicememories`
--

DROP TABLE IF EXISTS `glpi_devicememories`;
/*!40101 SET @saved_cs_client     = @@character_set_client */;
/*!40101 SET character_set_client = utf8 */;
CREATE TABLE `glpi_devicememories` (
  `id` int(11) NOT NULL AUTO_INCREMENT,
  `designation` varchar(255) COLLATE utf8_unicode_ci DEFAULT NULL,
  `frequence` varchar(255) COLLATE utf8_unicode_ci DEFAULT NULL,
  `comment` text COLLATE utf8_unicode_ci,
  `manufacturers_id` int(11) NOT NULL DEFAULT '0',
  `specif_default` int(11) NOT NULL,
  `devicememorytypes_id` int(11) NOT NULL DEFAULT '0',
  PRIMARY KEY (`id`),
  KEY `designation` (`designation`),
  KEY `manufacturers_id` (`manufacturers_id`),
  KEY `devicememorytypes_id` (`devicememorytypes_id`)
) ENGINE=MyISAM DEFAULT CHARSET=utf8 COLLATE=utf8_unicode_ci;
/*!40101 SET character_set_client = @saved_cs_client */;

--
-- Dumping data for table `glpi_devicememories`
--

LOCK TABLES `glpi_devicememories` WRITE;
/*!40000 ALTER TABLE `glpi_devicememories` DISABLE KEYS */;
/*!40000 ALTER TABLE `glpi_devicememories` ENABLE KEYS */;
UNLOCK TABLES;

--
-- Table structure for table `glpi_devicememorytypes`
--

DROP TABLE IF EXISTS `glpi_devicememorytypes`;
/*!40101 SET @saved_cs_client     = @@character_set_client */;
/*!40101 SET character_set_client = utf8 */;
CREATE TABLE `glpi_devicememorytypes` (
  `id` int(11) NOT NULL AUTO_INCREMENT,
  `name` varchar(255) COLLATE utf8_unicode_ci DEFAULT NULL,
  `comment` text COLLATE utf8_unicode_ci,
  PRIMARY KEY (`id`),
  KEY `name` (`name`)
) ENGINE=MyISAM AUTO_INCREMENT=5 DEFAULT CHARSET=utf8 COLLATE=utf8_unicode_ci;
/*!40101 SET character_set_client = @saved_cs_client */;

--
-- Dumping data for table `glpi_devicememorytypes`
--

LOCK TABLES `glpi_devicememorytypes` WRITE;
/*!40000 ALTER TABLE `glpi_devicememorytypes` DISABLE KEYS */;
INSERT INTO `glpi_devicememorytypes` VALUES (1,'EDO',NULL),(2,'DDR',NULL),(3,'SDRAM',NULL),(4,'SDRAM-2',NULL);
/*!40000 ALTER TABLE `glpi_devicememorytypes` ENABLE KEYS */;
UNLOCK TABLES;

--
-- Table structure for table `glpi_devicemotherboards`
--

DROP TABLE IF EXISTS `glpi_devicemotherboards`;
/*!40101 SET @saved_cs_client     = @@character_set_client */;
/*!40101 SET character_set_client = utf8 */;
CREATE TABLE `glpi_devicemotherboards` (
  `id` int(11) NOT NULL AUTO_INCREMENT,
  `designation` varchar(255) COLLATE utf8_unicode_ci DEFAULT NULL,
  `chipset` varchar(255) COLLATE utf8_unicode_ci DEFAULT NULL,
  `comment` text COLLATE utf8_unicode_ci,
  `manufacturers_id` int(11) NOT NULL DEFAULT '0',
  PRIMARY KEY (`id`),
  KEY `designation` (`designation`),
  KEY `manufacturers_id` (`manufacturers_id`)
) ENGINE=MyISAM DEFAULT CHARSET=utf8 COLLATE=utf8_unicode_ci;
/*!40101 SET character_set_client = @saved_cs_client */;

--
-- Dumping data for table `glpi_devicemotherboards`
--

LOCK TABLES `glpi_devicemotherboards` WRITE;
/*!40000 ALTER TABLE `glpi_devicemotherboards` DISABLE KEYS */;
/*!40000 ALTER TABLE `glpi_devicemotherboards` ENABLE KEYS */;
UNLOCK TABLES;

--
-- Table structure for table `glpi_devicenetworkcards`
--

DROP TABLE IF EXISTS `glpi_devicenetworkcards`;
/*!40101 SET @saved_cs_client     = @@character_set_client */;
/*!40101 SET character_set_client = utf8 */;
CREATE TABLE `glpi_devicenetworkcards` (
  `id` int(11) NOT NULL AUTO_INCREMENT,
  `designation` varchar(255) COLLATE utf8_unicode_ci DEFAULT NULL,
  `bandwidth` varchar(255) COLLATE utf8_unicode_ci DEFAULT NULL,
  `comment` text COLLATE utf8_unicode_ci,
  `manufacturers_id` int(11) NOT NULL DEFAULT '0',
  `specif_default` varchar(255) COLLATE utf8_unicode_ci DEFAULT NULL,
  PRIMARY KEY (`id`),
  KEY `designation` (`designation`),
  KEY `manufacturers_id` (`manufacturers_id`)
) ENGINE=MyISAM DEFAULT CHARSET=utf8 COLLATE=utf8_unicode_ci;
/*!40101 SET character_set_client = @saved_cs_client */;

--
-- Dumping data for table `glpi_devicenetworkcards`
--

LOCK TABLES `glpi_devicenetworkcards` WRITE;
/*!40000 ALTER TABLE `glpi_devicenetworkcards` DISABLE KEYS */;
/*!40000 ALTER TABLE `glpi_devicenetworkcards` ENABLE KEYS */;
UNLOCK TABLES;

--
-- Table structure for table `glpi_devicepcis`
--

DROP TABLE IF EXISTS `glpi_devicepcis`;
/*!40101 SET @saved_cs_client     = @@character_set_client */;
/*!40101 SET character_set_client = utf8 */;
CREATE TABLE `glpi_devicepcis` (
  `id` int(11) NOT NULL AUTO_INCREMENT,
  `designation` varchar(255) COLLATE utf8_unicode_ci DEFAULT NULL,
  `comment` text COLLATE utf8_unicode_ci,
  `manufacturers_id` int(11) NOT NULL DEFAULT '0',
  PRIMARY KEY (`id`),
  KEY `designation` (`designation`),
  KEY `manufacturers_id` (`manufacturers_id`)
) ENGINE=MyISAM DEFAULT CHARSET=utf8 COLLATE=utf8_unicode_ci;
/*!40101 SET character_set_client = @saved_cs_client */;

--
-- Dumping data for table `glpi_devicepcis`
--

LOCK TABLES `glpi_devicepcis` WRITE;
/*!40000 ALTER TABLE `glpi_devicepcis` DISABLE KEYS */;
/*!40000 ALTER TABLE `glpi_devicepcis` ENABLE KEYS */;
UNLOCK TABLES;

--
-- Table structure for table `glpi_devicepowersupplies`
--

DROP TABLE IF EXISTS `glpi_devicepowersupplies`;
/*!40101 SET @saved_cs_client     = @@character_set_client */;
/*!40101 SET character_set_client = utf8 */;
CREATE TABLE `glpi_devicepowersupplies` (
  `id` int(11) NOT NULL AUTO_INCREMENT,
  `designation` varchar(255) COLLATE utf8_unicode_ci DEFAULT NULL,
  `power` varchar(255) COLLATE utf8_unicode_ci DEFAULT NULL,
  `is_atx` tinyint(1) NOT NULL DEFAULT '1',
  `comment` text COLLATE utf8_unicode_ci,
  `manufacturers_id` int(11) NOT NULL DEFAULT '0',
  PRIMARY KEY (`id`),
  KEY `designation` (`designation`),
  KEY `manufacturers_id` (`manufacturers_id`)
) ENGINE=MyISAM DEFAULT CHARSET=utf8 COLLATE=utf8_unicode_ci;
/*!40101 SET character_set_client = @saved_cs_client */;

--
-- Dumping data for table `glpi_devicepowersupplies`
--

LOCK TABLES `glpi_devicepowersupplies` WRITE;
/*!40000 ALTER TABLE `glpi_devicepowersupplies` DISABLE KEYS */;
/*!40000 ALTER TABLE `glpi_devicepowersupplies` ENABLE KEYS */;
UNLOCK TABLES;

--
-- Table structure for table `glpi_deviceprocessors`
--

DROP TABLE IF EXISTS `glpi_deviceprocessors`;
/*!40101 SET @saved_cs_client     = @@character_set_client */;
/*!40101 SET character_set_client = utf8 */;
CREATE TABLE `glpi_deviceprocessors` (
  `id` int(11) NOT NULL AUTO_INCREMENT,
  `designation` varchar(255) COLLATE utf8_unicode_ci DEFAULT NULL,
  `frequence` int(11) NOT NULL DEFAULT '0',
  `comment` text COLLATE utf8_unicode_ci,
  `manufacturers_id` int(11) NOT NULL DEFAULT '0',
  `specif_default` int(11) NOT NULL,
  PRIMARY KEY (`id`),
  KEY `designation` (`designation`),
  KEY `manufacturers_id` (`manufacturers_id`)
) ENGINE=MyISAM DEFAULT CHARSET=utf8 COLLATE=utf8_unicode_ci;
/*!40101 SET character_set_client = @saved_cs_client */;

--
-- Dumping data for table `glpi_deviceprocessors`
--

LOCK TABLES `glpi_deviceprocessors` WRITE;
/*!40000 ALTER TABLE `glpi_deviceprocessors` DISABLE KEYS */;
/*!40000 ALTER TABLE `glpi_deviceprocessors` ENABLE KEYS */;
UNLOCK TABLES;

--
-- Table structure for table `glpi_devicesoundcards`
--

DROP TABLE IF EXISTS `glpi_devicesoundcards`;
/*!40101 SET @saved_cs_client     = @@character_set_client */;
/*!40101 SET character_set_client = utf8 */;
CREATE TABLE `glpi_devicesoundcards` (
  `id` int(11) NOT NULL AUTO_INCREMENT,
  `designation` varchar(255) COLLATE utf8_unicode_ci DEFAULT NULL,
  `type` varchar(255) COLLATE utf8_unicode_ci DEFAULT NULL,
  `comment` text COLLATE utf8_unicode_ci,
  `manufacturers_id` int(11) NOT NULL DEFAULT '0',
  PRIMARY KEY (`id`),
  KEY `designation` (`designation`),
  KEY `manufacturers_id` (`manufacturers_id`)
) ENGINE=MyISAM DEFAULT CHARSET=utf8 COLLATE=utf8_unicode_ci;
/*!40101 SET character_set_client = @saved_cs_client */;

--
-- Dumping data for table `glpi_devicesoundcards`
--

LOCK TABLES `glpi_devicesoundcards` WRITE;
/*!40000 ALTER TABLE `glpi_devicesoundcards` DISABLE KEYS */;
/*!40000 ALTER TABLE `glpi_devicesoundcards` ENABLE KEYS */;
UNLOCK TABLES;

--
-- Table structure for table `glpi_displaypreferences`
--

DROP TABLE IF EXISTS `glpi_displaypreferences`;
/*!40101 SET @saved_cs_client     = @@character_set_client */;
/*!40101 SET character_set_client = utf8 */;
CREATE TABLE `glpi_displaypreferences` (
  `id` int(11) NOT NULL AUTO_INCREMENT,
  `itemtype` varchar(100) COLLATE utf8_unicode_ci NOT NULL,
  `num` int(11) NOT NULL DEFAULT '0',
  `rank` int(11) NOT NULL DEFAULT '0',
  `users_id` int(11) NOT NULL DEFAULT '0',
  PRIMARY KEY (`id`),
  UNIQUE KEY `unicity` (`users_id`,`itemtype`,`num`),
  KEY `rank` (`rank`),
  KEY `num` (`num`),
  KEY `itemtype` (`itemtype`)
) ENGINE=MyISAM AUTO_INCREMENT=174 DEFAULT CHARSET=utf8 COLLATE=utf8_unicode_ci;
/*!40101 SET character_set_client = @saved_cs_client */;

--
-- Dumping data for table `glpi_displaypreferences`
--

LOCK TABLES `glpi_displaypreferences` WRITE;
/*!40000 ALTER TABLE `glpi_displaypreferences` DISABLE KEYS */;
INSERT INTO `glpi_displaypreferences` VALUES (32,'Computer',4,4,0),(34,'Computer',45,6,0),(33,'Computer',40,5,0),(31,'Computer',5,3,0),(30,'Computer',23,2,0),(86,'DocumentType',3,1,0),(49,'Monitor',31,1,0),(50,'Monitor',23,2,0),(51,'Monitor',3,3,0),(52,'Monitor',4,4,0),(44,'Printer',31,1,0),(38,'NetworkEquipment',31,1,0),(39,'NetworkEquipment',23,2,0),(45,'Printer',23,2,0),(46,'Printer',3,3,0),(63,'Software',4,3,0),(62,'Software',5,2,0),(61,'Software',23,1,0),(83,'CartridgeItem',4,2,0),(82,'CartridgeItem',34,1,0),(57,'Peripheral',3,3,0),(56,'Peripheral',23,2,0),(55,'Peripheral',31,1,0),(29,'Computer',31,1,0),(35,'Computer',3,7,0),(36,'Computer',19,8,0),(37,'Computer',17,9,0),(40,'NetworkEquipment',3,3,0),(41,'NetworkEquipment',4,4,0),(42,'NetworkEquipment',11,6,0),(43,'NetworkEquipment',19,7,0),(47,'Printer',4,4,0),(48,'Printer',19,6,0),(53,'Monitor',19,6,0),(54,'Monitor',7,7,0),(58,'Peripheral',4,4,0),(59,'Peripheral',19,6,0),(60,'Peripheral',7,7,0),(64,'Contact',3,1,0),(65,'Contact',4,2,0),(66,'Contact',5,3,0),(67,'Contact',6,4,0),(68,'Contact',9,5,0),(69,'Supplier',9,1,0),(70,'Supplier',3,2,0),(71,'Supplier',4,3,0),(72,'Supplier',5,4,0),(73,'Supplier',10,5,0),(74,'Supplier',6,6,0),(75,'Contract',4,1,0),(76,'Contract',3,2,0),(77,'Contract',5,3,0),(78,'Contract',6,4,0),(79,'Contract',7,5,0),(80,'Contract',11,6,0),(84,'CartridgeItem',23,3,0),(85,'CartridgeItem',3,4,0),(88,'DocumentType',6,2,0),(89,'DocumentType',4,3,0),(90,'DocumentType',5,4,0),(91,'Document',3,1,0),(92,'Document',4,2,0),(93,'Document',7,3,0),(94,'Document',5,4,0),(95,'Document',16,5,0),(96,'User',34,1,0),(98,'User',5,3,0),(99,'User',6,4,0),(100,'User',3,5,0),(101,'ConsumableItem',34,1,0),(102,'ConsumableItem',4,2,0),(103,'ConsumableItem',23,3,0),(104,'ConsumableItem',3,4,0),(105,'NetworkEquipment',40,5,0),(106,'Printer',40,5,0),(107,'Monitor',40,5,0),(108,'Peripheral',40,5,0),(109,'User',8,6,0),(110,'Phone',31,1,0),(111,'Phone',23,2,0),(112,'Phone',3,3,0),(113,'Phone',4,4,0),(114,'Phone',40,5,0),(115,'Phone',19,6,0),(116,'Phone',7,7,0),(117,'Group',16,1,0),(118,'States',31,1,0),(119,'ReservationItem',4,1,0),(120,'ReservationItem',3,2,0),(125,'Budget',3,2,0),(122,'Software',72,4,0),(123,'Software',163,5,0),(124,'Budget',2,1,0),(126,'Budget',4,3,0),(127,'Budget',19,4,0),(128,'Crontask',8,1,0),(129,'Crontask',3,2,0),(130,'Crontask',4,3,0),(131,'Crontask',7,4,0),(132,'RequestType',14,1,0),(133,'RequestType',15,2,0),(134,'NotificationTemplate',4,1,0),(135,'NotificationTemplate',16,2,0),(136,'Notification',5,1,0),(137,'Notification',6,2,0),(138,'Notification',2,3,0),(139,'Notification',4,4,0),(140,'Notification',80,5,0),(141,'Notification',86,6,0),(142,'MailCollector',2,1,0),(143,'MailCollector',19,2,0),(144,'AuthLDAP',3,1,0),(145,'AuthLDAP',19,2,0),(146,'AuthMail',3,1,0),(147,'AuthMail',19,2,0),(148,'OcsServer',3,1,0),(149,'OcsServer',19,2,0),(150,'Profile',2,1,0),(151,'Profile',3,2,0),(152,'Profile',19,3,0),(153,'Transfer',19,1,0),(154,'TicketValidation',3,1,0),(155,'TicketValidation',2,2,0),(156,'TicketValidation',8,3,0),(157,'TicketValidation',4,4,0),(158,'TicketValidation',9,5,0),(159,'TicketValidation',7,6,0),(160,'NotImportedEmail',2,1,0),(161,'NotImportedEmail',5,2,0),(162,'NotImportedEmail',4,3,0),(163,'NotImportedEmail',6,4,0),(164,'NotImportedEmail',16,5,0),(165,'NotImportedEmail',19,6,0),(166,'RuleRightParameter',11,1,0),(167,'Ticket',12,1,0),(168,'Ticket',19,2,0),(169,'Ticket',15,3,0),(170,'Ticket',3,4,0),(171,'Ticket',4,5,0),(172,'Ticket',5,6,0),(173,'Ticket',7,7,0);
/*!40000 ALTER TABLE `glpi_displaypreferences` ENABLE KEYS */;
UNLOCK TABLES;

--
-- Table structure for table `glpi_documentcategories`
--

DROP TABLE IF EXISTS `glpi_documentcategories`;
/*!40101 SET @saved_cs_client     = @@character_set_client */;
/*!40101 SET character_set_client = utf8 */;
CREATE TABLE `glpi_documentcategories` (
  `id` int(11) NOT NULL AUTO_INCREMENT,
  `name` varchar(255) COLLATE utf8_unicode_ci DEFAULT NULL,
  `comment` text COLLATE utf8_unicode_ci,
  PRIMARY KEY (`id`),
  KEY `name` (`name`)
) ENGINE=MyISAM DEFAULT CHARSET=utf8 COLLATE=utf8_unicode_ci;
/*!40101 SET character_set_client = @saved_cs_client */;

--
-- Dumping data for table `glpi_documentcategories`
--

LOCK TABLES `glpi_documentcategories` WRITE;
/*!40000 ALTER TABLE `glpi_documentcategories` DISABLE KEYS */;
/*!40000 ALTER TABLE `glpi_documentcategories` ENABLE KEYS */;
UNLOCK TABLES;

--
-- Table structure for table `glpi_documents`
--

DROP TABLE IF EXISTS `glpi_documents`;
/*!40101 SET @saved_cs_client     = @@character_set_client */;
/*!40101 SET character_set_client = utf8 */;
CREATE TABLE `glpi_documents` (
  `id` int(11) NOT NULL AUTO_INCREMENT,
  `entities_id` int(11) NOT NULL DEFAULT '0',
  `is_recursive` tinyint(1) NOT NULL DEFAULT '0',
  `name` varchar(255) COLLATE utf8_unicode_ci DEFAULT NULL,
  `filename` varchar(255) COLLATE utf8_unicode_ci DEFAULT NULL COMMENT 'for display and transfert',
  `filepath` varchar(255) COLLATE utf8_unicode_ci DEFAULT NULL COMMENT 'file storage path',
  `documentcategories_id` int(11) NOT NULL DEFAULT '0',
  `mime` varchar(255) COLLATE utf8_unicode_ci DEFAULT NULL,
  `date_mod` datetime DEFAULT NULL,
  `comment` text COLLATE utf8_unicode_ci,
  `is_deleted` tinyint(1) NOT NULL DEFAULT '0',
  `link` varchar(255) COLLATE utf8_unicode_ci DEFAULT NULL,
  `notepad` longtext COLLATE utf8_unicode_ci,
  `users_id` int(11) NOT NULL DEFAULT '0',
  `tickets_id` int(11) NOT NULL DEFAULT '0',
  `sha1sum` char(40) COLLATE utf8_unicode_ci DEFAULT NULL,
  PRIMARY KEY (`id`),
  KEY `date_mod` (`date_mod`),
  KEY `name` (`name`),
  KEY `entities_id` (`entities_id`),
  KEY `tickets_id` (`tickets_id`),
  KEY `users_id` (`users_id`),
  KEY `documentcategories_id` (`documentcategories_id`),
  KEY `is_deleted` (`is_deleted`),
  KEY `sha1sum` (`sha1sum`)
) ENGINE=MyISAM DEFAULT CHARSET=utf8 COLLATE=utf8_unicode_ci;
/*!40101 SET character_set_client = @saved_cs_client */;

--
-- Dumping data for table `glpi_documents`
--

LOCK TABLES `glpi_documents` WRITE;
/*!40000 ALTER TABLE `glpi_documents` DISABLE KEYS */;
/*!40000 ALTER TABLE `glpi_documents` ENABLE KEYS */;
UNLOCK TABLES;

--
-- Table structure for table `glpi_documents_items`
--

DROP TABLE IF EXISTS `glpi_documents_items`;
/*!40101 SET @saved_cs_client     = @@character_set_client */;
/*!40101 SET character_set_client = utf8 */;
CREATE TABLE `glpi_documents_items` (
  `id` int(11) NOT NULL AUTO_INCREMENT,
  `documents_id` int(11) NOT NULL DEFAULT '0',
  `items_id` int(11) NOT NULL DEFAULT '0',
  `itemtype` varchar(100) COLLATE utf8_unicode_ci NOT NULL,
  PRIMARY KEY (`id`),
  UNIQUE KEY `unicity` (`documents_id`,`itemtype`,`items_id`),
  KEY `item` (`itemtype`,`items_id`)
) ENGINE=MyISAM DEFAULT CHARSET=utf8 COLLATE=utf8_unicode_ci;
/*!40101 SET character_set_client = @saved_cs_client */;

--
-- Dumping data for table `glpi_documents_items`
--

LOCK TABLES `glpi_documents_items` WRITE;
/*!40000 ALTER TABLE `glpi_documents_items` DISABLE KEYS */;
/*!40000 ALTER TABLE `glpi_documents_items` ENABLE KEYS */;
UNLOCK TABLES;

--
-- Table structure for table `glpi_documenttypes`
--

DROP TABLE IF EXISTS `glpi_documenttypes`;
/*!40101 SET @saved_cs_client     = @@character_set_client */;
/*!40101 SET character_set_client = utf8 */;
CREATE TABLE `glpi_documenttypes` (
  `id` int(11) NOT NULL AUTO_INCREMENT,
  `name` varchar(255) COLLATE utf8_unicode_ci DEFAULT NULL,
  `ext` varchar(255) COLLATE utf8_unicode_ci DEFAULT NULL,
  `icon` varchar(255) COLLATE utf8_unicode_ci DEFAULT NULL,
  `mime` varchar(255) COLLATE utf8_unicode_ci DEFAULT NULL,
  `is_uploadable` tinyint(1) NOT NULL DEFAULT '1',
  `date_mod` datetime DEFAULT NULL,
  `comment` text COLLATE utf8_unicode_ci,
  PRIMARY KEY (`id`),
  UNIQUE KEY `unicity` (`ext`),
  KEY `name` (`name`),
  KEY `is_uploadable` (`is_uploadable`),
  KEY `date_mod` (`date_mod`)
) ENGINE=MyISAM AUTO_INCREMENT=68 DEFAULT CHARSET=utf8 COLLATE=utf8_unicode_ci;
/*!40101 SET character_set_client = @saved_cs_client */;

--
-- Dumping data for table `glpi_documenttypes`
--

LOCK TABLES `glpi_documenttypes` WRITE;
/*!40000 ALTER TABLE `glpi_documenttypes` DISABLE KEYS */;
INSERT INTO `glpi_documenttypes` VALUES (1,'JPEG','jpg','jpg-dist.png','',1,'2004-12-13 19:47:21',NULL),(2,'PNG','png','png-dist.png','',1,'2004-12-13 19:47:21',NULL),(3,'GIF','gif','gif-dist.png','',1,'2004-12-13 19:47:21',NULL),(4,'BMP','bmp','bmp-dist.png','',1,'2004-12-13 19:47:21',NULL),(5,'Photoshop','psd','psd-dist.png','',1,'2004-12-13 19:47:21',NULL),(6,'TIFF','tif','tif-dist.png','',1,'2004-12-13 19:47:21',NULL),(7,'AIFF','aiff','aiff-dist.png','',1,'2004-12-13 19:47:21',NULL),(8,'Windows Media','asf','asf-dist.png','',1,'2004-12-13 19:47:21',NULL),(9,'Windows Media','avi','avi-dist.png','',1,'2004-12-13 19:47:21',NULL),(44,'C source','c','','',1,'2004-12-13 19:47:22',NULL),(27,'RealAudio','rm','rm-dist.png','',1,'2004-12-13 19:47:21',NULL),(16,'Midi','mid','mid-dist.png','',1,'2004-12-13 19:47:21',NULL),(17,'QuickTime','mov','mov-dist.png','',1,'2004-12-13 19:47:21',NULL),(18,'MP3','mp3','mp3-dist.png','',1,'2004-12-13 19:47:21',NULL),(19,'MPEG','mpg','mpg-dist.png','',1,'2004-12-13 19:47:21',NULL),(20,'Ogg Vorbis','ogg','ogg-dist.png','',1,'2004-12-13 19:47:21',NULL),(24,'QuickTime','qt','qt-dist.png','',1,'2004-12-13 19:47:21',NULL),(10,'BZip','bz2','bz2-dist.png','',1,'2004-12-13 19:47:21',NULL),(25,'RealAudio','ra','ra-dist.png','',1,'2004-12-13 19:47:21',NULL),(26,'RealAudio','ram','ram-dist.png','',1,'2004-12-13 19:47:21',NULL),(11,'Word','doc','doc-dist.png','',1,'2004-12-13 19:47:21',NULL),(12,'DjVu','djvu','','',1,'2004-12-13 19:47:21',NULL),(42,'MNG','mng','','',1,'2004-12-13 19:47:22',NULL),(13,'PostScript','eps','ps-dist.png','',1,'2004-12-13 19:47:21',NULL),(14,'GZ','gz','gz-dist.png','',1,'2004-12-13 19:47:21',NULL),(37,'WAV','wav','wav-dist.png','',1,'2004-12-13 19:47:22',NULL),(15,'HTML','html','html-dist.png','',1,'2004-12-13 19:47:21',NULL),(34,'Flash','swf','','',1,'2004-12-13 19:47:22',NULL),(21,'PDF','pdf','pdf-dist.png','',1,'2004-12-13 19:47:21',NULL),(22,'PowerPoint','ppt','ppt-dist.png','',1,'2004-12-13 19:47:21',NULL),(23,'PostScript','ps','ps-dist.png','',1,'2004-12-13 19:47:21',NULL),(40,'Windows Media','wmv','','',1,'2004-12-13 19:47:22',NULL),(28,'RTF','rtf','rtf-dist.png','',1,'2004-12-13 19:47:21',NULL),(29,'StarOffice','sdd','sdd-dist.png','',1,'2004-12-13 19:47:22',NULL),(30,'StarOffice','sdw','sdw-dist.png','',1,'2004-12-13 19:47:22',NULL),(31,'Stuffit','sit','sit-dist.png','',1,'2004-12-13 19:47:22',NULL),(43,'Adobe Illustrator','ai','ai-dist.png','',1,'2004-12-13 19:47:22',NULL),(32,'OpenOffice Impress','sxi','sxi-dist.png','',1,'2004-12-13 19:47:22',NULL),(33,'OpenOffice','sxw','sxw-dist.png','',1,'2004-12-13 19:47:22',NULL),(46,'DVI','dvi','dvi-dist.png','',1,'2004-12-13 19:47:22',NULL),(35,'TGZ','tgz','tgz-dist.png','',1,'2004-12-13 19:47:22',NULL),(36,'texte','txt','txt-dist.png','',1,'2004-12-13 19:47:22',NULL),(49,'RedHat/Mandrake/SuSE','rpm','rpm-dist.png','',1,'2004-12-13 19:47:22',NULL),(38,'Excel','xls','xls-dist.png','',1,'2004-12-13 19:47:22',NULL),(39,'XML','xml','xml-dist.png','',1,'2004-12-13 19:47:22',NULL),(41,'Zip','zip','zip-dist.png','',1,'2004-12-13 19:47:22',NULL),(45,'Debian','deb','deb-dist.png','',1,'2004-12-13 19:47:22',NULL),(47,'C header','h','','',1,'2004-12-13 19:47:22',NULL),(48,'Pascal','pas','','',1,'2004-12-13 19:47:22',NULL),(50,'OpenOffice Calc','sxc','sxc-dist.png','',1,'2004-12-13 19:47:22',NULL),(51,'LaTeX','tex','tex-dist.png','',1,'2004-12-13 19:47:22',NULL),(52,'GIMP multi-layer','xcf','xcf-dist.png','',1,'2004-12-13 19:47:22',NULL),(53,'JPEG','jpeg','jpg-dist.png','',1,'2005-03-07 22:23:17',NULL),(54,'Oasis Open Office Writer','odt','odt-dist.png','',1,'2006-01-21 17:41:13',NULL),(55,'Oasis Open Office Calc','ods','ods-dist.png','',1,'2006-01-21 17:41:31',NULL),(56,'Oasis Open Office Impress','odp','odp-dist.png','',1,'2006-01-21 17:42:54',NULL),(57,'Oasis Open Office Impress Template','otp','odp-dist.png','',1,'2006-01-21 17:43:58',NULL),(58,'Oasis Open Office Writer Template','ott','odt-dist.png','',1,'2006-01-21 17:44:41',NULL),(59,'Oasis Open Office Calc Template','ots','ods-dist.png','',1,'2006-01-21 17:45:30',NULL),(60,'Oasis Open Office Math','odf','odf-dist.png','',1,'2006-01-21 17:48:05',NULL),(61,'Oasis Open Office Draw','odg','odg-dist.png','',1,'2006-01-21 17:48:31',NULL),(62,'Oasis Open Office Draw Template','otg','odg-dist.png','',1,'2006-01-21 17:49:46',NULL),(63,'Oasis Open Office Base','odb','odb-dist.png','',1,'2006-01-21 18:03:34',NULL),(64,'Oasis Open Office HTML','oth','oth-dist.png','',1,'2006-01-21 18:05:27',NULL),(65,'Oasis Open Office Writer Master','odm','odm-dist.png','',1,'2006-01-21 18:06:34',NULL),(66,'Oasis Open Office Chart','odc','','',1,'2006-01-21 18:07:48',NULL),(67,'Oasis Open Office Image','odi','','',1,'2006-01-21 18:08:18',NULL);
/*!40000 ALTER TABLE `glpi_documenttypes` ENABLE KEYS */;
UNLOCK TABLES;

--
-- Table structure for table `glpi_domains`
--

DROP TABLE IF EXISTS `glpi_domains`;
/*!40101 SET @saved_cs_client     = @@character_set_client */;
/*!40101 SET character_set_client = utf8 */;
CREATE TABLE `glpi_domains` (
  `id` int(11) NOT NULL AUTO_INCREMENT,
  `name` varchar(255) COLLATE utf8_unicode_ci DEFAULT NULL,
  `comment` text COLLATE utf8_unicode_ci,
  PRIMARY KEY (`id`),
  KEY `name` (`name`)
) ENGINE=MyISAM DEFAULT CHARSET=utf8 COLLATE=utf8_unicode_ci;
/*!40101 SET character_set_client = @saved_cs_client */;

--
-- Dumping data for table `glpi_domains`
--

LOCK TABLES `glpi_domains` WRITE;
/*!40000 ALTER TABLE `glpi_domains` DISABLE KEYS */;
/*!40000 ALTER TABLE `glpi_domains` ENABLE KEYS */;
UNLOCK TABLES;

--
-- Table structure for table `glpi_entities`
--

DROP TABLE IF EXISTS `glpi_entities`;
/*!40101 SET @saved_cs_client     = @@character_set_client */;
/*!40101 SET character_set_client = utf8 */;
CREATE TABLE `glpi_entities` (
  `id` int(11) NOT NULL AUTO_INCREMENT,
  `name` varchar(255) COLLATE utf8_unicode_ci DEFAULT NULL,
  `entities_id` int(11) NOT NULL DEFAULT '0',
  `completename` text COLLATE utf8_unicode_ci,
  `comment` text COLLATE utf8_unicode_ci,
  `level` int(11) NOT NULL DEFAULT '0',
  `sons_cache` longtext COLLATE utf8_unicode_ci,
  `ancestors_cache` longtext COLLATE utf8_unicode_ci,
  PRIMARY KEY (`id`),
  UNIQUE KEY `unicity` (`entities_id`,`name`),
  KEY `entities_id` (`entities_id`)
) ENGINE=MyISAM DEFAULT CHARSET=utf8 COLLATE=utf8_unicode_ci;
/*!40101 SET character_set_client = @saved_cs_client */;

--
-- Dumping data for table `glpi_entities`
--

LOCK TABLES `glpi_entities` WRITE;
/*!40000 ALTER TABLE `glpi_entities` DISABLE KEYS */;
/*!40000 ALTER TABLE `glpi_entities` ENABLE KEYS */;
UNLOCK TABLES;

--
-- Table structure for table `glpi_entitydatas`
--

DROP TABLE IF EXISTS `glpi_entitydatas`;
/*!40101 SET @saved_cs_client     = @@character_set_client */;
/*!40101 SET character_set_client = utf8 */;
CREATE TABLE `glpi_entitydatas` (
  `id` int(11) NOT NULL AUTO_INCREMENT,
  `entities_id` int(11) NOT NULL DEFAULT '0',
  `address` text COLLATE utf8_unicode_ci,
  `postcode` varchar(255) COLLATE utf8_unicode_ci DEFAULT NULL,
  `town` varchar(255) COLLATE utf8_unicode_ci DEFAULT NULL,
  `state` varchar(255) COLLATE utf8_unicode_ci DEFAULT NULL,
  `country` varchar(255) COLLATE utf8_unicode_ci DEFAULT NULL,
  `website` varchar(255) COLLATE utf8_unicode_ci DEFAULT NULL,
  `phonenumber` varchar(255) COLLATE utf8_unicode_ci DEFAULT NULL,
  `fax` varchar(255) COLLATE utf8_unicode_ci DEFAULT NULL,
  `email` varchar(255) COLLATE utf8_unicode_ci DEFAULT NULL,
  `admin_email` varchar(255) COLLATE utf8_unicode_ci DEFAULT NULL,
  `admin_reply` varchar(255) COLLATE utf8_unicode_ci DEFAULT NULL,
  `notepad` longtext COLLATE utf8_unicode_ci,
  `ldap_dn` varchar(255) COLLATE utf8_unicode_ci DEFAULT NULL,
  `tag` varchar(255) COLLATE utf8_unicode_ci DEFAULT NULL,
  `ldapservers_id` int(11) NOT NULL DEFAULT '0',
  `mail_domain` varchar(255) COLLATE utf8_unicode_ci DEFAULT NULL,
  `entity_ldapfilter` text COLLATE utf8_unicode_ci,
  `mailing_signature` text COLLATE utf8_unicode_ci,
  `cartridges_alert_repeat` int(11) NOT NULL DEFAULT '-1',
  `consumables_alert_repeat` int(11) NOT NULL DEFAULT '-1',
  `use_licenses_alert` tinyint(1) NOT NULL DEFAULT '-1',
  `use_contracts_alert` tinyint(1) NOT NULL DEFAULT '-1',
  `use_infocoms_alert` tinyint(1) NOT NULL DEFAULT '-1',
  `use_reservations_alert` int(11) NOT NULL DEFAULT '-1',
  `autoclose_delay` int(11) NOT NULL DEFAULT '-1',
  `notclosed_delay` int(11) NOT NULL DEFAULT '-1',
  PRIMARY KEY (`id`),
  UNIQUE KEY `unicity` (`entities_id`)
) ENGINE=MyISAM DEFAULT CHARSET=utf8 COLLATE=utf8_unicode_ci;
/*!40101 SET character_set_client = @saved_cs_client */;

--
-- Dumping data for table `glpi_entitydatas`
--

LOCK TABLES `glpi_entitydatas` WRITE;
/*!40000 ALTER TABLE `glpi_entitydatas` DISABLE KEYS */;
/*!40000 ALTER TABLE `glpi_entitydatas` ENABLE KEYS */;
UNLOCK TABLES;

--
-- Table structure for table `glpi_events`
--

DROP TABLE IF EXISTS `glpi_events`;
/*!40101 SET @saved_cs_client     = @@character_set_client */;
/*!40101 SET character_set_client = utf8 */;
CREATE TABLE `glpi_events` (
  `id` int(11) NOT NULL AUTO_INCREMENT,
  `items_id` int(11) NOT NULL DEFAULT '0',
  `type` varchar(255) COLLATE utf8_unicode_ci DEFAULT NULL,
  `date` datetime DEFAULT NULL,
  `service` varchar(255) COLLATE utf8_unicode_ci DEFAULT NULL,
  `level` int(11) NOT NULL DEFAULT '0',
  `message` text COLLATE utf8_unicode_ci,
  PRIMARY KEY (`id`),
  KEY `date` (`date`),
  KEY `level` (`level`),
  KEY `item` (`type`,`items_id`)
) ENGINE=MyISAM AUTO_INCREMENT=21 DEFAULT CHARSET=utf8 COLLATE=utf8_unicode_ci;
/*!40101 SET character_set_client = @saved_cs_client */;

--
-- Dumping data for table `glpi_events`
--

LOCK TABLES `glpi_events` WRITE;
/*!40000 ALTER TABLE `glpi_events` DISABLE KEYS */;
INSERT INTO `glpi_events` VALUES (1,-1,'system','2010-10-28 13:59:59','login',3,'glpi Conexo IP: 192.168.153.1'),(2,0,'users','2010-10-28 14:01:36','setup',5,'glpi  atualizar itens  admin.'),(3,-1,'system','2010-10-28 14:01:48','login',3,'admin Conexo IP: 192.168.153.1'),(4,-1,'system','2010-11-03 10:39:28','login',3,'admin Conexo IP: 192.168.153.1'),(5,-1,'system','2010-11-03 12:59:05','login',3,'admin Conexo IP: 192.168.153.1'),(6,1,'computers','2010-11-03 13:25:43','inventory',4,'admin item adicionado localhost.'),(7,1,'NetworkInterface','2010-11-03 13:26:44','setup',4,'admin added Gigabit Ethernet.'),(8,2,'NetworkInterface','2010-11-03 13:26:52','setup',4,'admin added Fast Ethernet.'),(9,3,'NetworkInterface','2010-11-03 13:26:58','setup',4,'admin added Fiber Channel.'),(10,0,'networkport','2010-11-03 13:27:49','inventory',5,'admin porta de rede adicionada'),(11,1,'software','2010-11-03 13:28:50','inventory',4,'admin item adicionado Apache.'),(12,2,'software','2010-11-03 13:29:32','inventory',4,'admin item adicionado MySql.'),(13,3,'software','2010-11-03 13:38:17','inventory',4,'admin item adicionado OpenSSH.'),(14,1,'software','2010-11-03 13:38:35','inventory',4,'admin adicionando verso 1.'),(15,2,'software','2010-11-03 13:39:08','inventory',4,'admin adicionando verso 2.'),(16,3,'software','2010-11-03 13:39:39','inventory',4,'admin adicionando verso 3.'),(17,1,'software','2010-11-03 13:39:51','inventory',4,'admin alterao da verso 1'),(18,1,'computers','2010-11-03 13:40:17','inventory',5,'admin installed software.'),(19,1,'computers','2010-11-03 13:40:23','inventory',5,'admin installed software.'),(20,1,'computers','2010-11-03 13:40:28','inventory',5,'admin installed software.');
/*!40000 ALTER TABLE `glpi_events` ENABLE KEYS */;
UNLOCK TABLES;

--
-- Table structure for table `glpi_filesystems`
--

DROP TABLE IF EXISTS `glpi_filesystems`;
/*!40101 SET @saved_cs_client     = @@character_set_client */;
/*!40101 SET character_set_client = utf8 */;
CREATE TABLE `glpi_filesystems` (
  `id` int(11) NOT NULL AUTO_INCREMENT,
  `name` varchar(255) COLLATE utf8_unicode_ci DEFAULT NULL,
  `comment` text COLLATE utf8_unicode_ci,
  PRIMARY KEY (`id`),
  KEY `name` (`name`)
) ENGINE=MyISAM AUTO_INCREMENT=21 DEFAULT CHARSET=utf8 COLLATE=utf8_unicode_ci;
/*!40101 SET character_set_client = @saved_cs_client */;

--
-- Dumping data for table `glpi_filesystems`
--

LOCK TABLES `glpi_filesystems` WRITE;
/*!40000 ALTER TABLE `glpi_filesystems` DISABLE KEYS */;
INSERT INTO `glpi_filesystems` VALUES (1,'ext',NULL),(2,'ext2',NULL),(3,'ext3',NULL),(4,'ext4',NULL),(5,'FAT',NULL),(6,'FAT32',NULL),(7,'VFAT',NULL),(8,'HFS',NULL),(9,'HPFS',NULL),(10,'HTFS',NULL),(11,'JFS',NULL),(12,'JFS2',NULL),(13,'NFS',NULL),(14,'NTFS',NULL),(15,'ReiserFS',NULL),(16,'SMBFS',NULL),(17,'UDF',NULL),(18,'UFS',NULL),(19,'XFS',NULL),(20,'ZFS',NULL);
/*!40000 ALTER TABLE `glpi_filesystems` ENABLE KEYS */;
UNLOCK TABLES;

--
-- Table structure for table `glpi_groups`
--

DROP TABLE IF EXISTS `glpi_groups`;
/*!40101 SET @saved_cs_client     = @@character_set_client */;
/*!40101 SET character_set_client = utf8 */;
CREATE TABLE `glpi_groups` (
  `id` int(11) NOT NULL AUTO_INCREMENT,
  `entities_id` int(11) NOT NULL DEFAULT '0',
  `is_recursive` tinyint(1) NOT NULL DEFAULT '0',
  `name` varchar(255) COLLATE utf8_unicode_ci DEFAULT NULL,
  `comment` text COLLATE utf8_unicode_ci,
  `users_id` int(11) NOT NULL DEFAULT '0',
  `ldap_field` varchar(255) COLLATE utf8_unicode_ci DEFAULT NULL,
  `ldap_value` varchar(255) COLLATE utf8_unicode_ci DEFAULT NULL,
  `ldap_group_dn` varchar(255) COLLATE utf8_unicode_ci DEFAULT NULL,
  `date_mod` datetime DEFAULT NULL,
  PRIMARY KEY (`id`),
  KEY `name` (`name`),
  KEY `ldap_field` (`ldap_field`),
  KEY `ldap_group_dn` (`ldap_group_dn`),
  KEY `ldap_value` (`ldap_value`),
  KEY `entities_id` (`entities_id`),
  KEY `users_id` (`users_id`),
  KEY `date_mod` (`date_mod`)
) ENGINE=MyISAM DEFAULT CHARSET=utf8 COLLATE=utf8_unicode_ci;
/*!40101 SET character_set_client = @saved_cs_client */;

--
-- Dumping data for table `glpi_groups`
--

LOCK TABLES `glpi_groups` WRITE;
/*!40000 ALTER TABLE `glpi_groups` DISABLE KEYS */;
/*!40000 ALTER TABLE `glpi_groups` ENABLE KEYS */;
UNLOCK TABLES;

--
-- Table structure for table `glpi_groups_users`
--

DROP TABLE IF EXISTS `glpi_groups_users`;
/*!40101 SET @saved_cs_client     = @@character_set_client */;
/*!40101 SET character_set_client = utf8 */;
CREATE TABLE `glpi_groups_users` (
  `id` int(11) NOT NULL AUTO_INCREMENT,
  `users_id` int(11) NOT NULL DEFAULT '0',
  `groups_id` int(11) NOT NULL DEFAULT '0',
  `is_dynamic` tinyint(1) NOT NULL DEFAULT '0',
  PRIMARY KEY (`id`),
  UNIQUE KEY `unicity` (`users_id`,`groups_id`),
  KEY `groups_id` (`groups_id`)
) ENGINE=MyISAM DEFAULT CHARSET=utf8 COLLATE=utf8_unicode_ci;
/*!40101 SET character_set_client = @saved_cs_client */;

--
-- Dumping data for table `glpi_groups_users`
--

LOCK TABLES `glpi_groups_users` WRITE;
/*!40000 ALTER TABLE `glpi_groups_users` DISABLE KEYS */;
/*!40000 ALTER TABLE `glpi_groups_users` ENABLE KEYS */;
UNLOCK TABLES;

--
-- Table structure for table `glpi_infocoms`
--

DROP TABLE IF EXISTS `glpi_infocoms`;
/*!40101 SET @saved_cs_client     = @@character_set_client */;
/*!40101 SET character_set_client = utf8 */;
CREATE TABLE `glpi_infocoms` (
  `id` int(11) NOT NULL AUTO_INCREMENT,
  `items_id` int(11) NOT NULL DEFAULT '0',
  `itemtype` varchar(100) COLLATE utf8_unicode_ci NOT NULL,
  `entities_id` int(11) NOT NULL DEFAULT '0',
  `is_recursive` tinyint(1) NOT NULL DEFAULT '0',
  `buy_date` date DEFAULT NULL,
  `use_date` date DEFAULT NULL,
  `warranty_duration` int(11) NOT NULL DEFAULT '0',
  `warranty_info` varchar(255) COLLATE utf8_unicode_ci DEFAULT NULL,
  `suppliers_id` int(11) NOT NULL DEFAULT '0',
  `order_number` varchar(255) COLLATE utf8_unicode_ci DEFAULT NULL,
  `delivery_number` varchar(255) COLLATE utf8_unicode_ci DEFAULT NULL,
  `immo_number` varchar(255) COLLATE utf8_unicode_ci DEFAULT NULL,
  `value` decimal(20,4) NOT NULL DEFAULT '0.0000',
  `warranty_value` decimal(20,4) NOT NULL DEFAULT '0.0000',
  `sink_time` int(11) NOT NULL DEFAULT '0',
  `sink_type` int(11) NOT NULL DEFAULT '0',
  `sink_coeff` float NOT NULL DEFAULT '0',
  `comment` text COLLATE utf8_unicode_ci,
  `bill` varchar(255) COLLATE utf8_unicode_ci DEFAULT NULL,
  `budgets_id` int(11) NOT NULL DEFAULT '0',
  `alert` int(11) NOT NULL DEFAULT '0',
  PRIMARY KEY (`id`),
  UNIQUE KEY `unicity` (`itemtype`,`items_id`),
  KEY `buy_date` (`buy_date`),
  KEY `alert` (`alert`),
  KEY `budgets_id` (`budgets_id`),
  KEY `suppliers_id` (`suppliers_id`),
  KEY `entities_id` (`entities_id`),
  KEY `is_recursive` (`is_recursive`)
) ENGINE=MyISAM DEFAULT CHARSET=utf8 COLLATE=utf8_unicode_ci;
/*!40101 SET character_set_client = @saved_cs_client */;

--
-- Dumping data for table `glpi_infocoms`
--

LOCK TABLES `glpi_infocoms` WRITE;
/*!40000 ALTER TABLE `glpi_infocoms` DISABLE KEYS */;
/*!40000 ALTER TABLE `glpi_infocoms` ENABLE KEYS */;
UNLOCK TABLES;

--
-- Table structure for table `glpi_interfacetypes`
--

DROP TABLE IF EXISTS `glpi_interfacetypes`;
/*!40101 SET @saved_cs_client     = @@character_set_client */;
/*!40101 SET character_set_client = utf8 */;
CREATE TABLE `glpi_interfacetypes` (
  `id` int(11) NOT NULL AUTO_INCREMENT,
  `name` varchar(255) COLLATE utf8_unicode_ci DEFAULT NULL,
  `comment` text COLLATE utf8_unicode_ci,
  PRIMARY KEY (`id`),
  KEY `name` (`name`)
) ENGINE=MyISAM AUTO_INCREMENT=9 DEFAULT CHARSET=utf8 COLLATE=utf8_unicode_ci;
/*!40101 SET character_set_client = @saved_cs_client */;

--
-- Dumping data for table `glpi_interfacetypes`
--

LOCK TABLES `glpi_interfacetypes` WRITE;
/*!40000 ALTER TABLE `glpi_interfacetypes` DISABLE KEYS */;
INSERT INTO `glpi_interfacetypes` VALUES (1,'IDE',NULL),(2,'SATA',NULL),(3,'SCSI',NULL),(4,'USB',NULL),(5,'AGP',''),(6,'PCI',''),(7,'PCIe',''),(8,'PCI-X','');
/*!40000 ALTER TABLE `glpi_interfacetypes` ENABLE KEYS */;
UNLOCK TABLES;

--
-- Table structure for table `glpi_knowbaseitemcategories`
--

DROP TABLE IF EXISTS `glpi_knowbaseitemcategories`;
/*!40101 SET @saved_cs_client     = @@character_set_client */;
/*!40101 SET character_set_client = utf8 */;
CREATE TABLE `glpi_knowbaseitemcategories` (
  `id` int(11) NOT NULL AUTO_INCREMENT,
  `knowbaseitemcategories_id` int(11) NOT NULL DEFAULT '0',
  `name` varchar(255) COLLATE utf8_unicode_ci DEFAULT NULL,
  `completename` text COLLATE utf8_unicode_ci,
  `comment` text COLLATE utf8_unicode_ci,
  `level` int(11) NOT NULL DEFAULT '0',
  PRIMARY KEY (`id`),
  UNIQUE KEY `unicity` (`knowbaseitemcategories_id`,`name`),
  KEY `name` (`name`)
) ENGINE=MyISAM DEFAULT CHARSET=utf8 COLLATE=utf8_unicode_ci;
/*!40101 SET character_set_client = @saved_cs_client */;

--
-- Dumping data for table `glpi_knowbaseitemcategories`
--

LOCK TABLES `glpi_knowbaseitemcategories` WRITE;
/*!40000 ALTER TABLE `glpi_knowbaseitemcategories` DISABLE KEYS */;
/*!40000 ALTER TABLE `glpi_knowbaseitemcategories` ENABLE KEYS */;
UNLOCK TABLES;

--
-- Table structure for table `glpi_knowbaseitems`
--

DROP TABLE IF EXISTS `glpi_knowbaseitems`;
/*!40101 SET @saved_cs_client     = @@character_set_client */;
/*!40101 SET character_set_client = utf8 */;
CREATE TABLE `glpi_knowbaseitems` (
  `id` int(11) NOT NULL AUTO_INCREMENT,
  `entities_id` int(11) NOT NULL DEFAULT '0',
  `is_recursive` tinyint(1) NOT NULL DEFAULT '1',
  `knowbaseitemcategories_id` int(11) NOT NULL DEFAULT '0',
  `question` text COLLATE utf8_unicode_ci,
  `answer` longtext COLLATE utf8_unicode_ci,
  `is_faq` tinyint(1) NOT NULL DEFAULT '0',
  `users_id` int(11) NOT NULL DEFAULT '0',
  `view` int(11) NOT NULL DEFAULT '0',
  `date` datetime DEFAULT NULL,
  `date_mod` datetime DEFAULT NULL,
  PRIMARY KEY (`id`),
  KEY `users_id` (`users_id`),
  KEY `knowbaseitemcategories_id` (`knowbaseitemcategories_id`),
  KEY `entities_id` (`entities_id`),
  KEY `is_faq` (`is_faq`),
  KEY `date_mod` (`date_mod`),
  FULLTEXT KEY `fulltext` (`question`,`answer`)
) ENGINE=MyISAM DEFAULT CHARSET=utf8 COLLATE=utf8_unicode_ci;
/*!40101 SET character_set_client = @saved_cs_client */;

--
-- Dumping data for table `glpi_knowbaseitems`
--

LOCK TABLES `glpi_knowbaseitems` WRITE;
/*!40000 ALTER TABLE `glpi_knowbaseitems` DISABLE KEYS */;
/*!40000 ALTER TABLE `glpi_knowbaseitems` ENABLE KEYS */;
UNLOCK TABLES;

--
-- Table structure for table `glpi_links`
--

DROP TABLE IF EXISTS `glpi_links`;
/*!40101 SET @saved_cs_client     = @@character_set_client */;
/*!40101 SET character_set_client = utf8 */;
CREATE TABLE `glpi_links` (
  `id` int(11) NOT NULL AUTO_INCREMENT,
  `entities_id` int(11) NOT NULL DEFAULT '0',
  `is_recursive` tinyint(1) NOT NULL DEFAULT '1',
  `name` varchar(255) COLLATE utf8_unicode_ci DEFAULT NULL,
  `link` varchar(255) COLLATE utf8_unicode_ci DEFAULT NULL,
  `data` text COLLATE utf8_unicode_ci,
  PRIMARY KEY (`id`),
  KEY `entities_id` (`entities_id`)
) ENGINE=MyISAM DEFAULT CHARSET=utf8 COLLATE=utf8_unicode_ci;
/*!40101 SET character_set_client = @saved_cs_client */;

--
-- Dumping data for table `glpi_links`
--

LOCK TABLES `glpi_links` WRITE;
/*!40000 ALTER TABLE `glpi_links` DISABLE KEYS */;
/*!40000 ALTER TABLE `glpi_links` ENABLE KEYS */;
UNLOCK TABLES;

--
-- Table structure for table `glpi_links_itemtypes`
--

DROP TABLE IF EXISTS `glpi_links_itemtypes`;
/*!40101 SET @saved_cs_client     = @@character_set_client */;
/*!40101 SET character_set_client = utf8 */;
CREATE TABLE `glpi_links_itemtypes` (
  `id` int(11) NOT NULL AUTO_INCREMENT,
  `links_id` int(11) NOT NULL DEFAULT '0',
  `itemtype` varchar(100) COLLATE utf8_unicode_ci NOT NULL,
  PRIMARY KEY (`id`),
  UNIQUE KEY `unicity` (`itemtype`,`links_id`),
  KEY `links_id` (`links_id`)
) ENGINE=MyISAM DEFAULT CHARSET=utf8 COLLATE=utf8_unicode_ci;
/*!40101 SET character_set_client = @saved_cs_client */;

--
-- Dumping data for table `glpi_links_itemtypes`
--

LOCK TABLES `glpi_links_itemtypes` WRITE;
/*!40000 ALTER TABLE `glpi_links_itemtypes` DISABLE KEYS */;
/*!40000 ALTER TABLE `glpi_links_itemtypes` ENABLE KEYS */;
UNLOCK TABLES;

--
-- Table structure for table `glpi_locations`
--

DROP TABLE IF EXISTS `glpi_locations`;
/*!40101 SET @saved_cs_client     = @@character_set_client */;
/*!40101 SET character_set_client = utf8 */;
CREATE TABLE `glpi_locations` (
  `id` int(11) NOT NULL AUTO_INCREMENT,
  `entities_id` int(11) NOT NULL DEFAULT '0',
  `is_recursive` tinyint(1) NOT NULL DEFAULT '0',
  `name` varchar(255) COLLATE utf8_unicode_ci DEFAULT NULL,
  `locations_id` int(11) NOT NULL DEFAULT '0',
  `completename` text COLLATE utf8_unicode_ci,
  `comment` text COLLATE utf8_unicode_ci,
  `level` int(11) NOT NULL DEFAULT '0',
  `ancestors_cache` longtext COLLATE utf8_unicode_ci,
  `sons_cache` longtext COLLATE utf8_unicode_ci,
  `building` varchar(255) COLLATE utf8_unicode_ci DEFAULT NULL,
  `room` varchar(255) COLLATE utf8_unicode_ci DEFAULT NULL,
  PRIMARY KEY (`id`),
  UNIQUE KEY `unicity` (`entities_id`,`locations_id`,`name`),
  KEY `locations_id` (`locations_id`),
  KEY `name` (`name`),
  KEY `is_recursive` (`is_recursive`)
) ENGINE=MyISAM DEFAULT CHARSET=utf8 COLLATE=utf8_unicode_ci;
/*!40101 SET character_set_client = @saved_cs_client */;

--
-- Dumping data for table `glpi_locations`
--

LOCK TABLES `glpi_locations` WRITE;
/*!40000 ALTER TABLE `glpi_locations` DISABLE KEYS */;
/*!40000 ALTER TABLE `glpi_locations` ENABLE KEYS */;
UNLOCK TABLES;

--
-- Table structure for table `glpi_logs`
--

DROP TABLE IF EXISTS `glpi_logs`;
/*!40101 SET @saved_cs_client     = @@character_set_client */;
/*!40101 SET character_set_client = utf8 */;
CREATE TABLE `glpi_logs` (
  `id` int(11) NOT NULL AUTO_INCREMENT,
  `itemtype` varchar(100) COLLATE utf8_unicode_ci NOT NULL DEFAULT '',
  `items_id` int(11) NOT NULL DEFAULT '0',
  `itemtype_link` varchar(100) COLLATE utf8_unicode_ci NOT NULL DEFAULT '',
  `linked_action` int(11) NOT NULL DEFAULT '0' COMMENT 'see define.php HISTORY_* constant',
  `user_name` varchar(255) COLLATE utf8_unicode_ci DEFAULT NULL,
  `date_mod` datetime DEFAULT NULL,
  `id_search_option` int(11) NOT NULL DEFAULT '0' COMMENT 'see search.constant.php for value',
  `old_value` varchar(255) COLLATE utf8_unicode_ci DEFAULT NULL,
  `new_value` varchar(255) COLLATE utf8_unicode_ci DEFAULT NULL,
  PRIMARY KEY (`id`),
  KEY `date_mod` (`date_mod`),
  KEY `itemtype_link` (`itemtype_link`),
  KEY `item` (`itemtype`,`items_id`)
) ENGINE=MyISAM AUTO_INCREMENT=13 DEFAULT CHARSET=utf8 COLLATE=utf8_unicode_ci;
/*!40101 SET character_set_client = @saved_cs_client */;

--
-- Dumping data for table `glpi_logs`
--

LOCK TABLES `glpi_logs` WRITE;
/*!40000 ALTER TABLE `glpi_logs` DISABLE KEYS */;
INSERT INTO `glpi_logs` VALUES (1,'User',2,'',0,'admin','2010-10-28 14:01:36',1,'glpi','admin'),(2,'Computer',1,'NetworkPort',17,'admin','2010-11-03 13:27:49',0,'','N/A'),(3,'Software',1,'SoftwareVersion',17,'admin','2010-11-03 13:38:35',0,'','2'),(4,'Software',2,'SoftwareVersion',17,'admin','2010-11-03 13:39:08',0,'','Ver 14.14'),(5,'Software',3,'SoftwareVersion',17,'admin','2010-11-03 13:39:39',0,'','Ver 5.3'),(6,'SoftwareVersion',1,'',0,'admin','2010-11-03 13:39:51',2,'2','Ver 2'),(7,'Computer',1,'0',4,'admin','2010-11-03 13:40:17',0,'','Apache Ver 2'),(8,'SoftwareVersion',1,'0',4,'admin','2010-11-03 13:40:17',0,'','localhost'),(9,'Computer',1,'0',4,'admin','2010-11-03 13:40:23',0,'','MySql Ver 14.14'),(10,'SoftwareVersion',2,'0',4,'admin','2010-11-03 13:40:23',0,'','localhost'),(11,'Computer',1,'0',4,'admin','2010-11-03 13:40:28',0,'','OpenSSH Ver 5.3'),(12,'SoftwareVersion',3,'0',4,'admin','2010-11-03 13:40:28',0,'','localhost');
/*!40000 ALTER TABLE `glpi_logs` ENABLE KEYS */;
UNLOCK TABLES;

--
-- Table structure for table `glpi_mailcollectors`
--

DROP TABLE IF EXISTS `glpi_mailcollectors`;
/*!40101 SET @saved_cs_client     = @@character_set_client */;
/*!40101 SET character_set_client = utf8 */;
CREATE TABLE `glpi_mailcollectors` (
  `id` int(11) NOT NULL AUTO_INCREMENT,
  `name` varchar(255) COLLATE utf8_unicode_ci DEFAULT NULL,
  `host` varchar(255) COLLATE utf8_unicode_ci DEFAULT NULL,
  `login` varchar(255) COLLATE utf8_unicode_ci DEFAULT NULL,
  `password` varchar(255) COLLATE utf8_unicode_ci DEFAULT NULL,
  `filesize_max` int(11) NOT NULL DEFAULT '2097152',
  `is_active` tinyint(1) NOT NULL DEFAULT '1',
  `date_mod` datetime DEFAULT NULL,
  `comment` text COLLATE utf8_unicode_ci,
  PRIMARY KEY (`id`),
  KEY `is_active` (`is_active`),
  KEY `date_mod` (`date_mod`)
) ENGINE=MyISAM DEFAULT CHARSET=utf8 COLLATE=utf8_unicode_ci;
/*!40101 SET character_set_client = @saved_cs_client */;

--
-- Dumping data for table `glpi_mailcollectors`
--

LOCK TABLES `glpi_mailcollectors` WRITE;
/*!40000 ALTER TABLE `glpi_mailcollectors` DISABLE KEYS */;
/*!40000 ALTER TABLE `glpi_mailcollectors` ENABLE KEYS */;
UNLOCK TABLES;

--
-- Table structure for table `glpi_manufacturers`
--

DROP TABLE IF EXISTS `glpi_manufacturers`;
/*!40101 SET @saved_cs_client     = @@character_set_client */;
/*!40101 SET character_set_client = utf8 */;
CREATE TABLE `glpi_manufacturers` (
  `id` int(11) NOT NULL AUTO_INCREMENT,
  `name` varchar(255) COLLATE utf8_unicode_ci DEFAULT NULL,
  `comment` text COLLATE utf8_unicode_ci,
  PRIMARY KEY (`id`),
  KEY `name` (`name`)
) ENGINE=MyISAM AUTO_INCREMENT=35 DEFAULT CHARSET=utf8 COLLATE=utf8_unicode_ci;
/*!40101 SET character_set_client = @saved_cs_client */;

--
-- Dumping data for table `glpi_manufacturers`
--

LOCK TABLES `glpi_manufacturers` WRITE;
/*!40000 ALTER TABLE `glpi_manufacturers` DISABLE KEYS */;
INSERT INTO `glpi_manufacturers` VALUES (1,'Checkpoint',''),(2,'Cisco',''),(3,'Sun',''),(4,'Dell',''),(5,'HP',''),(6,'IBM',''),(7,'N/A',''),(8,'Mquina Montada',''),(9,'Samsung',''),(10,'LG',''),(11,'Philips',''),(12,'APC',''),(13,'Apple',''),(14,'XEROX',''),(15,'FortiNet',''),(16,'Elektro',''),(17,'Konica Minolta',''),(18,'Vanguard',''),(19,'Sony',''),(20,'WANDEL & GOLTERTMANN',''),(21,'Packteer',''),(22,'Brother Industries',''),(23,'LP',''),(24,'Garmin',''),(25,'TEKTRONIX',''),(26,'DLP Projector',''),(27,'Proteco',''),(28,'D-Link',''),(29,'Planet',''),(30,'Nomadix',''),(31,'Linksys',''),(32,'Nokia',''),(33,'3COM',''),(34,'BlackBox','');
/*!40000 ALTER TABLE `glpi_manufacturers` ENABLE KEYS */;
UNLOCK TABLES;

--
-- Table structure for table `glpi_monitormodels`
--

DROP TABLE IF EXISTS `glpi_monitormodels`;
/*!40101 SET @saved_cs_client     = @@character_set_client */;
/*!40101 SET character_set_client = utf8 */;
CREATE TABLE `glpi_monitormodels` (
  `id` int(11) NOT NULL AUTO_INCREMENT,
  `name` varchar(255) COLLATE utf8_unicode_ci DEFAULT NULL,
  `comment` text COLLATE utf8_unicode_ci,
  PRIMARY KEY (`id`),
  KEY `name` (`name`)
) ENGINE=MyISAM DEFAULT CHARSET=utf8 COLLATE=utf8_unicode_ci;
/*!40101 SET character_set_client = @saved_cs_client */;

--
-- Dumping data for table `glpi_monitormodels`
--

LOCK TABLES `glpi_monitormodels` WRITE;
/*!40000 ALTER TABLE `glpi_monitormodels` DISABLE KEYS */;
/*!40000 ALTER TABLE `glpi_monitormodels` ENABLE KEYS */;
UNLOCK TABLES;

--
-- Table structure for table `glpi_monitors`
--

DROP TABLE IF EXISTS `glpi_monitors`;
/*!40101 SET @saved_cs_client     = @@character_set_client */;
/*!40101 SET character_set_client = utf8 */;
CREATE TABLE `glpi_monitors` (
  `id` int(11) NOT NULL AUTO_INCREMENT,
  `entities_id` int(11) NOT NULL DEFAULT '0',
  `name` varchar(255) COLLATE utf8_unicode_ci DEFAULT NULL,
  `date_mod` datetime DEFAULT NULL,
  `contact` varchar(255) COLLATE utf8_unicode_ci DEFAULT NULL,
  `contact_num` varchar(255) COLLATE utf8_unicode_ci DEFAULT NULL,
  `users_id_tech` int(11) NOT NULL DEFAULT '0',
  `comment` text COLLATE utf8_unicode_ci,
  `serial` varchar(255) COLLATE utf8_unicode_ci DEFAULT NULL,
  `otherserial` varchar(255) COLLATE utf8_unicode_ci DEFAULT NULL,
  `size` int(11) NOT NULL DEFAULT '0',
  `have_micro` tinyint(1) NOT NULL DEFAULT '0',
  `have_speaker` tinyint(1) NOT NULL DEFAULT '0',
  `have_subd` tinyint(1) NOT NULL DEFAULT '0',
  `have_bnc` tinyint(1) NOT NULL DEFAULT '0',
  `have_dvi` tinyint(1) NOT NULL DEFAULT '0',
  `have_pivot` tinyint(1) NOT NULL DEFAULT '0',
  `locations_id` int(11) NOT NULL DEFAULT '0',
  `monitortypes_id` int(11) NOT NULL DEFAULT '0',
  `monitormodels_id` int(11) NOT NULL DEFAULT '0',
  `manufacturers_id` int(11) NOT NULL DEFAULT '0',
  `is_global` tinyint(1) NOT NULL DEFAULT '0',
  `is_deleted` tinyint(1) NOT NULL DEFAULT '0',
  `is_template` tinyint(1) NOT NULL DEFAULT '0',
  `template_name` varchar(255) COLLATE utf8_unicode_ci DEFAULT NULL,
  `notepad` longtext COLLATE utf8_unicode_ci,
  `users_id` int(11) NOT NULL DEFAULT '0',
  `groups_id` int(11) NOT NULL DEFAULT '0',
  `states_id` int(11) NOT NULL DEFAULT '0',
  `ticket_tco` decimal(20,4) DEFAULT '0.0000',
  PRIMARY KEY (`id`),
  KEY `name` (`name`),
  KEY `is_template` (`is_template`),
  KEY `is_global` (`is_global`),
  KEY `entities_id` (`entities_id`),
  KEY `manufacturers_id` (`manufacturers_id`),
  KEY `groups_id` (`groups_id`),
  KEY `users_id` (`users_id`),
  KEY `locations_id` (`locations_id`),
  KEY `monitormodels_id` (`monitormodels_id`),
  KEY `states_id` (`states_id`),
  KEY `users_id_tech` (`users_id_tech`),
  KEY `monitortypes_id` (`monitortypes_id`),
  KEY `is_deleted` (`is_deleted`)
) ENGINE=MyISAM DEFAULT CHARSET=utf8 COLLATE=utf8_unicode_ci;
/*!40101 SET character_set_client = @saved_cs_client */;

--
-- Dumping data for table `glpi_monitors`
--

LOCK TABLES `glpi_monitors` WRITE;
/*!40000 ALTER TABLE `glpi_monitors` DISABLE KEYS */;
/*!40000 ALTER TABLE `glpi_monitors` ENABLE KEYS */;
UNLOCK TABLES;

--
-- Table structure for table `glpi_monitortypes`
--

DROP TABLE IF EXISTS `glpi_monitortypes`;
/*!40101 SET @saved_cs_client     = @@character_set_client */;
/*!40101 SET character_set_client = utf8 */;
CREATE TABLE `glpi_monitortypes` (
  `id` int(11) NOT NULL AUTO_INCREMENT,
  `name` varchar(255) COLLATE utf8_unicode_ci DEFAULT NULL,
  `comment` text COLLATE utf8_unicode_ci,
  PRIMARY KEY (`id`),
  KEY `name` (`name`)
) ENGINE=MyISAM DEFAULT CHARSET=utf8 COLLATE=utf8_unicode_ci;
/*!40101 SET character_set_client = @saved_cs_client */;

--
-- Dumping data for table `glpi_monitortypes`
--

LOCK TABLES `glpi_monitortypes` WRITE;
/*!40000 ALTER TABLE `glpi_monitortypes` DISABLE KEYS */;
/*!40000 ALTER TABLE `glpi_monitortypes` ENABLE KEYS */;
UNLOCK TABLES;

--
-- Table structure for table `glpi_netpoints`
--

DROP TABLE IF EXISTS `glpi_netpoints`;
/*!40101 SET @saved_cs_client     = @@character_set_client */;
/*!40101 SET character_set_client = utf8 */;
CREATE TABLE `glpi_netpoints` (
  `id` int(11) NOT NULL AUTO_INCREMENT,
  `entities_id` int(11) NOT NULL DEFAULT '0',
  `locations_id` int(11) NOT NULL DEFAULT '0',
  `name` varchar(255) COLLATE utf8_unicode_ci DEFAULT NULL,
  `comment` text COLLATE utf8_unicode_ci,
  PRIMARY KEY (`id`),
  KEY `name` (`name`),
  KEY `complete` (`entities_id`,`locations_id`,`name`),
  KEY `location_name` (`locations_id`,`name`)
) ENGINE=MyISAM DEFAULT CHARSET=utf8 COLLATE=utf8_unicode_ci;
/*!40101 SET character_set_client = @saved_cs_client */;

--
-- Dumping data for table `glpi_netpoints`
--

LOCK TABLES `glpi_netpoints` WRITE;
/*!40000 ALTER TABLE `glpi_netpoints` DISABLE KEYS */;
/*!40000 ALTER TABLE `glpi_netpoints` ENABLE KEYS */;
UNLOCK TABLES;

--
-- Table structure for table `glpi_networkequipmentfirmwares`
--

DROP TABLE IF EXISTS `glpi_networkequipmentfirmwares`;
/*!40101 SET @saved_cs_client     = @@character_set_client */;
/*!40101 SET character_set_client = utf8 */;
CREATE TABLE `glpi_networkequipmentfirmwares` (
  `id` int(11) NOT NULL AUTO_INCREMENT,
  `name` varchar(255) COLLATE utf8_unicode_ci DEFAULT NULL,
  `comment` text COLLATE utf8_unicode_ci,
  PRIMARY KEY (`id`),
  KEY `name` (`name`)
) ENGINE=MyISAM DEFAULT CHARSET=utf8 COLLATE=utf8_unicode_ci;
/*!40101 SET character_set_client = @saved_cs_client */;

--
-- Dumping data for table `glpi_networkequipmentfirmwares`
--

LOCK TABLES `glpi_networkequipmentfirmwares` WRITE;
/*!40000 ALTER TABLE `glpi_networkequipmentfirmwares` DISABLE KEYS */;
/*!40000 ALTER TABLE `glpi_networkequipmentfirmwares` ENABLE KEYS */;
UNLOCK TABLES;

--
-- Table structure for table `glpi_networkequipmentmodels`
--

DROP TABLE IF EXISTS `glpi_networkequipmentmodels`;
/*!40101 SET @saved_cs_client     = @@character_set_client */;
/*!40101 SET character_set_client = utf8 */;
CREATE TABLE `glpi_networkequipmentmodels` (
  `id` int(11) NOT NULL AUTO_INCREMENT,
  `name` varchar(255) COLLATE utf8_unicode_ci DEFAULT NULL,
  `comment` text COLLATE utf8_unicode_ci,
  PRIMARY KEY (`id`),
  KEY `name` (`name`)
) ENGINE=MyISAM DEFAULT CHARSET=utf8 COLLATE=utf8_unicode_ci;
/*!40101 SET character_set_client = @saved_cs_client */;

--
-- Dumping data for table `glpi_networkequipmentmodels`
--

LOCK TABLES `glpi_networkequipmentmodels` WRITE;
/*!40000 ALTER TABLE `glpi_networkequipmentmodels` DISABLE KEYS */;
/*!40000 ALTER TABLE `glpi_networkequipmentmodels` ENABLE KEYS */;
UNLOCK TABLES;

--
-- Table structure for table `glpi_networkequipments`
--

DROP TABLE IF EXISTS `glpi_networkequipments`;
/*!40101 SET @saved_cs_client     = @@character_set_client */;
/*!40101 SET character_set_client = utf8 */;
CREATE TABLE `glpi_networkequipments` (
  `id` int(11) NOT NULL AUTO_INCREMENT,
  `entities_id` int(11) NOT NULL DEFAULT '0',
  `is_recursive` tinyint(1) NOT NULL DEFAULT '0',
  `name` varchar(255) COLLATE utf8_unicode_ci DEFAULT NULL,
  `ram` varchar(255) COLLATE utf8_unicode_ci DEFAULT NULL,
  `serial` varchar(255) COLLATE utf8_unicode_ci DEFAULT NULL,
  `otherserial` varchar(255) COLLATE utf8_unicode_ci DEFAULT NULL,
  `contact` varchar(255) COLLATE utf8_unicode_ci DEFAULT NULL,
  `contact_num` varchar(255) COLLATE utf8_unicode_ci DEFAULT NULL,
  `users_id_tech` int(11) NOT NULL DEFAULT '0',
  `date_mod` datetime DEFAULT NULL,
  `comment` text COLLATE utf8_unicode_ci,
  `locations_id` int(11) NOT NULL DEFAULT '0',
  `domains_id` int(11) NOT NULL DEFAULT '0',
  `networks_id` int(11) NOT NULL DEFAULT '0',
  `networkequipmenttypes_id` int(11) NOT NULL DEFAULT '0',
  `networkequipmentmodels_id` int(11) NOT NULL DEFAULT '0',
  `networkequipmentfirmwares_id` int(11) NOT NULL DEFAULT '0',
  `manufacturers_id` int(11) NOT NULL DEFAULT '0',
  `is_deleted` tinyint(1) NOT NULL DEFAULT '0',
  `is_template` tinyint(1) NOT NULL DEFAULT '0',
  `template_name` varchar(255) COLLATE utf8_unicode_ci DEFAULT NULL,
  `mac` varchar(255) COLLATE utf8_unicode_ci DEFAULT NULL,
  `ip` varchar(255) COLLATE utf8_unicode_ci DEFAULT NULL,
  `notepad` longtext COLLATE utf8_unicode_ci,
  `users_id` int(11) NOT NULL DEFAULT '0',
  `groups_id` int(11) NOT NULL DEFAULT '0',
  `states_id` int(11) NOT NULL DEFAULT '0',
  `ticket_tco` decimal(20,4) DEFAULT '0.0000',
  PRIMARY KEY (`id`),
  KEY `name` (`name`),
  KEY `is_template` (`is_template`),
  KEY `domains_id` (`domains_id`),
  KEY `networkequipmentfirmwares_id` (`networkequipmentfirmwares_id`),
  KEY `entities_id` (`entities_id`),
  KEY `manufacturers_id` (`manufacturers_id`),
  KEY `groups_id` (`groups_id`),
  KEY `users_id` (`users_id`),
  KEY `locations_id` (`locations_id`),
  KEY `networkequipmentmodels_id` (`networkequipmentmodels_id`),
  KEY `networks_id` (`networks_id`),
  KEY `states_id` (`states_id`),
  KEY `users_id_tech` (`users_id_tech`),
  KEY `networkequipmenttypes_id` (`networkequipmenttypes_id`),
  KEY `is_deleted` (`is_deleted`),
  KEY `date_mod` (`date_mod`)
) ENGINE=MyISAM DEFAULT CHARSET=utf8 COLLATE=utf8_unicode_ci;
/*!40101 SET character_set_client = @saved_cs_client */;

--
-- Dumping data for table `glpi_networkequipments`
--

LOCK TABLES `glpi_networkequipments` WRITE;
/*!40000 ALTER TABLE `glpi_networkequipments` DISABLE KEYS */;
/*!40000 ALTER TABLE `glpi_networkequipments` ENABLE KEYS */;
UNLOCK TABLES;

--
-- Table structure for table `glpi_networkequipmenttypes`
--

DROP TABLE IF EXISTS `glpi_networkequipmenttypes`;
/*!40101 SET @saved_cs_client     = @@character_set_client */;
/*!40101 SET character_set_client = utf8 */;
CREATE TABLE `glpi_networkequipmenttypes` (
  `id` int(11) NOT NULL AUTO_INCREMENT,
  `name` varchar(255) COLLATE utf8_unicode_ci DEFAULT NULL,
  `comment` text COLLATE utf8_unicode_ci,
  PRIMARY KEY (`id`),
  KEY `name` (`name`)
) ENGINE=MyISAM AUTO_INCREMENT=18 DEFAULT CHARSET=utf8 COLLATE=utf8_unicode_ci;
/*!40101 SET character_set_client = @saved_cs_client */;

--
-- Dumping data for table `glpi_networkequipmenttypes`
--

LOCK TABLES `glpi_networkequipmenttypes` WRITE;
/*!40000 ALTER TABLE `glpi_networkequipmenttypes` DISABLE KEYS */;
INSERT INTO `glpi_networkequipmenttypes` VALUES (1,'Firewall',''),(2,'Switch',''),(3,'Roteador',''),(4,'Switch Fibre Channel',''),(5,'Access Point',''),(6,'Controladora Wireless',''),(7,'Enlace de Dados',''),(8,'Controller',''),(9,'Antena para Acess Point',''),(10,'Adaptador Telefnico Analgico',''),(11,'Analisador de Rede',''),(12,'Power Injector',''),(13,'Appliance de Autenticao',''),(14,'Appliance de Localizao',''),(15,'Storage',''),(16,'HBA',''),(17,'IP Camera','');
/*!40000 ALTER TABLE `glpi_networkequipmenttypes` ENABLE KEYS */;
UNLOCK TABLES;

--
-- Table structure for table `glpi_networkinterfaces`
--

DROP TABLE IF EXISTS `glpi_networkinterfaces`;
/*!40101 SET @saved_cs_client     = @@character_set_client */;
/*!40101 SET character_set_client = utf8 */;
CREATE TABLE `glpi_networkinterfaces` (
  `id` int(11) NOT NULL AUTO_INCREMENT,
  `name` varchar(255) COLLATE utf8_unicode_ci DEFAULT NULL,
  `comment` text COLLATE utf8_unicode_ci,
  PRIMARY KEY (`id`),
  KEY `name` (`name`)
) ENGINE=MyISAM AUTO_INCREMENT=4 DEFAULT CHARSET=utf8 COLLATE=utf8_unicode_ci;
/*!40101 SET character_set_client = @saved_cs_client */;

--
-- Dumping data for table `glpi_networkinterfaces`
--

LOCK TABLES `glpi_networkinterfaces` WRITE;
/*!40000 ALTER TABLE `glpi_networkinterfaces` DISABLE KEYS */;
INSERT INTO `glpi_networkinterfaces` VALUES (1,'Gigabit Ethernet',''),(2,'Fast Ethernet',''),(3,'Fiber Channel','');
/*!40000 ALTER TABLE `glpi_networkinterfaces` ENABLE KEYS */;
UNLOCK TABLES;

--
-- Table structure for table `glpi_networkports`
--

DROP TABLE IF EXISTS `glpi_networkports`;
/*!40101 SET @saved_cs_client     = @@character_set_client */;
/*!40101 SET character_set_client = utf8 */;
CREATE TABLE `glpi_networkports` (
  `id` int(11) NOT NULL AUTO_INCREMENT,
  `items_id` int(11) NOT NULL DEFAULT '0',
  `itemtype` varchar(100) COLLATE utf8_unicode_ci NOT NULL,
  `entities_id` int(11) NOT NULL DEFAULT '0',
  `is_recursive` tinyint(1) NOT NULL DEFAULT '0',
  `logical_number` int(11) NOT NULL DEFAULT '0',
  `name` varchar(255) COLLATE utf8_unicode_ci DEFAULT NULL,
  `ip` varchar(255) COLLATE utf8_unicode_ci DEFAULT NULL,
  `mac` varchar(255) COLLATE utf8_unicode_ci DEFAULT NULL,
  `networkinterfaces_id` int(11) NOT NULL DEFAULT '0',
  `netpoints_id` int(11) NOT NULL DEFAULT '0',
  `netmask` varchar(255) COLLATE utf8_unicode_ci DEFAULT NULL,
  `gateway` varchar(255) COLLATE utf8_unicode_ci DEFAULT NULL,
  `subnet` varchar(255) COLLATE utf8_unicode_ci DEFAULT NULL,
  PRIMARY KEY (`id`),
  KEY `on_device` (`items_id`,`itemtype`),
  KEY `networkinterfaces_id` (`networkinterfaces_id`),
  KEY `netpoints_id` (`netpoints_id`),
  KEY `item` (`itemtype`,`items_id`),
  KEY `entities_id` (`entities_id`),
  KEY `is_recursive` (`is_recursive`)
) ENGINE=MyISAM AUTO_INCREMENT=2 DEFAULT CHARSET=utf8 COLLATE=utf8_unicode_ci;
/*!40101 SET character_set_client = @saved_cs_client */;

--
-- Dumping data for table `glpi_networkports`
--

LOCK TABLES `glpi_networkports` WRITE;
/*!40000 ALTER TABLE `glpi_networkports` DISABLE KEYS */;
INSERT INTO `glpi_networkports` VALUES (1,1,'Computer',0,0,0,'','127.0.0.1','',1,0,'','','');
/*!40000 ALTER TABLE `glpi_networkports` ENABLE KEYS */;
UNLOCK TABLES;

--
-- Table structure for table `glpi_networkports_networkports`
--

DROP TABLE IF EXISTS `glpi_networkports_networkports`;
/*!40101 SET @saved_cs_client     = @@character_set_client */;
/*!40101 SET character_set_client = utf8 */;
CREATE TABLE `glpi_networkports_networkports` (
  `id` int(11) NOT NULL AUTO_INCREMENT,
  `networkports_id_1` int(11) NOT NULL DEFAULT '0',
  `networkports_id_2` int(11) NOT NULL DEFAULT '0',
  PRIMARY KEY (`id`),
  UNIQUE KEY `unicity` (`networkports_id_1`,`networkports_id_2`),
  KEY `networkports_id_2` (`networkports_id_2`)
) ENGINE=MyISAM DEFAULT CHARSET=utf8 COLLATE=utf8_unicode_ci;
/*!40101 SET character_set_client = @saved_cs_client */;

--
-- Dumping data for table `glpi_networkports_networkports`
--

LOCK TABLES `glpi_networkports_networkports` WRITE;
/*!40000 ALTER TABLE `glpi_networkports_networkports` DISABLE KEYS */;
/*!40000 ALTER TABLE `glpi_networkports_networkports` ENABLE KEYS */;
UNLOCK TABLES;

--
-- Table structure for table `glpi_networkports_vlans`
--

DROP TABLE IF EXISTS `glpi_networkports_vlans`;
/*!40101 SET @saved_cs_client     = @@character_set_client */;
/*!40101 SET character_set_client = utf8 */;
CREATE TABLE `glpi_networkports_vlans` (
  `id` int(11) NOT NULL AUTO_INCREMENT,
  `networkports_id` int(11) NOT NULL DEFAULT '0',
  `vlans_id` int(11) NOT NULL DEFAULT '0',
  PRIMARY KEY (`id`),
  UNIQUE KEY `unicity` (`networkports_id`,`vlans_id`),
  KEY `vlans_id` (`vlans_id`)
) ENGINE=MyISAM DEFAULT CHARSET=utf8 COLLATE=utf8_unicode_ci;
/*!40101 SET character_set_client = @saved_cs_client */;

--
-- Dumping data for table `glpi_networkports_vlans`
--

LOCK TABLES `glpi_networkports_vlans` WRITE;
/*!40000 ALTER TABLE `glpi_networkports_vlans` DISABLE KEYS */;
/*!40000 ALTER TABLE `glpi_networkports_vlans` ENABLE KEYS */;
UNLOCK TABLES;

--
-- Table structure for table `glpi_networks`
--

DROP TABLE IF EXISTS `glpi_networks`;
/*!40101 SET @saved_cs_client     = @@character_set_client */;
/*!40101 SET character_set_client = utf8 */;
CREATE TABLE `glpi_networks` (
  `id` int(11) NOT NULL AUTO_INCREMENT,
  `name` varchar(255) COLLATE utf8_unicode_ci DEFAULT NULL,
  `comment` text COLLATE utf8_unicode_ci,
  PRIMARY KEY (`id`),
  KEY `name` (`name`)
) ENGINE=MyISAM DEFAULT CHARSET=utf8 COLLATE=utf8_unicode_ci;
/*!40101 SET character_set_client = @saved_cs_client */;

--
-- Dumping data for table `glpi_networks`
--

LOCK TABLES `glpi_networks` WRITE;
/*!40000 ALTER TABLE `glpi_networks` DISABLE KEYS */;
/*!40000 ALTER TABLE `glpi_networks` ENABLE KEYS */;
UNLOCK TABLES;

--
-- Table structure for table `glpi_notifications`
--

DROP TABLE IF EXISTS `glpi_notifications`;
/*!40101 SET @saved_cs_client     = @@character_set_client */;
/*!40101 SET character_set_client = utf8 */;
CREATE TABLE `glpi_notifications` (
  `id` int(11) NOT NULL AUTO_INCREMENT,
  `name` varchar(255) COLLATE utf8_unicode_ci DEFAULT NULL,
  `entities_id` int(11) NOT NULL DEFAULT '0',
  `itemtype` varchar(100) COLLATE utf8_unicode_ci NOT NULL,
  `event` varchar(255) COLLATE utf8_unicode_ci NOT NULL,
  `mode` varchar(255) COLLATE utf8_unicode_ci NOT NULL,
  `notificationtemplates_id` int(11) NOT NULL DEFAULT '0',
  `comment` text COLLATE utf8_unicode_ci,
  `is_recursive` tinyint(1) NOT NULL DEFAULT '0',
  `is_active` tinyint(1) NOT NULL DEFAULT '0',
  `date_mod` datetime DEFAULT NULL,
  PRIMARY KEY (`id`),
  KEY `name` (`name`),
  KEY `itemtype` (`itemtype`),
  KEY `entities_id` (`entities_id`),
  KEY `is_active` (`is_active`),
  KEY `date_mod` (`date_mod`),
  KEY `is_recursive` (`is_recursive`),
  KEY `notificationtemplates_id` (`notificationtemplates_id`)
) ENGINE=MyISAM AUTO_INCREMENT=24 DEFAULT CHARSET=utf8 COLLATE=utf8_unicode_ci;
/*!40101 SET character_set_client = @saved_cs_client */;

--
-- Dumping data for table `glpi_notifications`
--

LOCK TABLES `glpi_notifications` WRITE;
/*!40000 ALTER TABLE `glpi_notifications` DISABLE KEYS */;
INSERT INTO `glpi_notifications` VALUES (1,'Alert Tickets not closed',0,'Ticket','alertnotclosed','mail',6,'',1,1,'2010-02-16 16:41:39'),(2,'New Ticket',0,'Ticket','new','mail',4,'',1,1,'2010-02-16 16:41:39'),(3,'Update Ticket',0,'Ticket','update','mail',4,'',1,1,'2010-02-16 16:41:39'),(4,'Close Ticket',0,'Ticket','closed','mail',4,'',1,1,'2010-02-16 16:41:39'),(5,'Add Followup',0,'Ticket','add_followup','mail',4,'',1,1,'2010-02-16 16:41:39'),(6,'Add Task',0,'Ticket','add_task','mail',4,'',1,1,'2010-02-16 16:41:39'),(7,'Update Followup',0,'Ticket','update_followup','mail',4,'',1,1,'2010-02-16 16:41:39'),(8,'Update Task',0,'Ticket','update_task','mail',4,'',1,1,'2010-02-16 16:41:39'),(9,'Delete Followup',0,'Ticket','delete_followup','mail',4,'',1,1,'2010-02-16 16:41:39'),(10,'Delete Task',0,'Ticket','delete_task','mail',4,'',1,1,'2010-02-16 16:41:39'),(11,'Resolve ticket',0,'Ticket','solved','mail',4,'',1,1,'2010-02-16 16:41:39'),(12,'Ticket Validation',0,'Ticket','validation','mail',7,'',1,1,'2010-02-16 16:41:39'),(13,'New Reservation',0,'Reservation','new','mail',2,'',1,1,'2010-02-16 16:41:39'),(14,'Update Reservation',0,'Reservation','update','mail',2,'',1,1,'2010-02-16 16:41:39'),(15,'Delete Reservation',0,'Reservation','delete','mail',2,'',1,1,'2010-02-16 16:41:39'),(16,'Alert Reservation',0,'Reservation','alert','mail',3,'',1,1,'2010-02-16 16:41:39'),(17,'Contract Notice',0,'Contract','notice','mail',12,'',1,1,'2010-02-16 16:41:39'),(18,'Contract End',0,'Contract','end','mail',12,'',1,1,'2010-02-16 16:41:39'),(19,'MySQL Synchronization',0,'DBConnection','desynchronization','mail',1,'',1,1,'2010-02-16 16:41:39'),(20,'Cartridges',0,'Cartridge','alert','mail',8,'',1,1,'2010-02-16 16:41:39'),(21,'Consumables',0,'Consumable','alert','mail',9,'',1,1,'2010-02-16 16:41:39'),(22,'Infocoms',0,'Infocom','alert','mail',10,'',1,1,'2010-02-16 16:41:39'),(23,'Software Licenses',0,'SoftwareLicense','alert','mail',11,'',1,1,'2010-02-16 16:41:39');
/*!40000 ALTER TABLE `glpi_notifications` ENABLE KEYS */;
UNLOCK TABLES;

--
-- Table structure for table `glpi_notificationtargets`
--

DROP TABLE IF EXISTS `glpi_notificationtargets`;
/*!40101 SET @saved_cs_client     = @@character_set_client */;
/*!40101 SET character_set_client = utf8 */;
CREATE TABLE `glpi_notificationtargets` (
  `id` int(11) NOT NULL AUTO_INCREMENT,
  `items_id` int(11) NOT NULL DEFAULT '0',
  `type` int(11) NOT NULL DEFAULT '0',
  `notifications_id` int(11) NOT NULL DEFAULT '0',
  PRIMARY KEY (`id`),
  KEY `items` (`type`,`items_id`),
  KEY `notifications_id` (`notifications_id`)
) ENGINE=MyISAM AUTO_INCREMENT=32 DEFAULT CHARSET=utf8 COLLATE=utf8_unicode_ci;
/*!40101 SET character_set_client = @saved_cs_client */;

--
-- Dumping data for table `glpi_notificationtargets`
--

LOCK TABLES `glpi_notificationtargets` WRITE;
/*!40000 ALTER TABLE `glpi_notificationtargets` DISABLE KEYS */;
INSERT INTO `glpi_notificationtargets` VALUES (1,3,1,13),(2,1,1,13),(3,3,2,2),(4,1,1,2),(5,1,1,3),(6,1,1,5),(7,1,1,4),(8,2,1,3),(9,4,1,3),(10,3,1,2),(11,3,1,3),(12,3,1,5),(13,3,1,4),(14,1,1,19),(15,14,1,12),(16,3,1,14),(17,1,1,14),(18,3,1,15),(19,1,1,15),(20,1,1,6),(21,3,1,6),(22,1,1,7),(23,3,1,7),(24,1,1,8),(25,3,1,8),(26,1,1,9),(27,3,1,9),(28,1,1,10),(29,3,1,10),(30,1,1,11),(31,3,1,11);
/*!40000 ALTER TABLE `glpi_notificationtargets` ENABLE KEYS */;
UNLOCK TABLES;

--
-- Table structure for table `glpi_notificationtemplates`
--

DROP TABLE IF EXISTS `glpi_notificationtemplates`;
/*!40101 SET @saved_cs_client     = @@character_set_client */;
/*!40101 SET character_set_client = utf8 */;
CREATE TABLE `glpi_notificationtemplates` (
  `id` int(11) NOT NULL AUTO_INCREMENT,
  `name` varchar(255) COLLATE utf8_unicode_ci DEFAULT NULL,
  `itemtype` varchar(100) COLLATE utf8_unicode_ci NOT NULL,
  `date_mod` datetime DEFAULT NULL,
  `comment` text COLLATE utf8_unicode_ci,
  PRIMARY KEY (`id`),
  KEY `itemtype` (`itemtype`),
  KEY `date_mod` (`date_mod`),
  KEY `name` (`name`)
) ENGINE=MyISAM AUTO_INCREMENT=13 DEFAULT CHARSET=utf8 COLLATE=utf8_unicode_ci;
/*!40101 SET character_set_client = @saved_cs_client */;

--
-- Dumping data for table `glpi_notificationtemplates`
--

LOCK TABLES `glpi_notificationtemplates` WRITE;
/*!40000 ALTER TABLE `glpi_notificationtemplates` DISABLE KEYS */;
INSERT INTO `glpi_notificationtemplates` VALUES (1,'MySQL Synchronization','DBConnection','2010-02-01 15:51:46',''),(2,'Reservations','Reservation','2010-02-03 14:03:45',''),(3,'Alert Reservation','Reservation','2010-02-03 14:03:45',''),(4,'Tickets','Ticket','2010-02-07 21:39:15',''),(5,'Tickets (Simple)','Ticket','2010-02-07 21:39:15',''),(6,'Alert Tickets not closed','Ticket','2010-02-07 21:39:15',''),(7,'Tickets Validation','Ticket','2010-02-26 21:39:15',''),(8,'Cartridges','Cartridge','2010-02-16 13:17:24',''),(9,'Consumables','Consumable','2010-02-16 13:17:38',''),(10,'Infocoms','Infocom','2010-02-16 13:17:55',''),(11,'Licenses','SoftwareLicense','2010-02-16 13:18:12',''),(12,'Contracts','Contract','2010-02-16 13:18:12','');
/*!40000 ALTER TABLE `glpi_notificationtemplates` ENABLE KEYS */;
UNLOCK TABLES;

--
-- Table structure for table `glpi_notificationtemplatetranslations`
--

DROP TABLE IF EXISTS `glpi_notificationtemplatetranslations`;
/*!40101 SET @saved_cs_client     = @@character_set_client */;
/*!40101 SET character_set_client = utf8 */;
CREATE TABLE `glpi_notificationtemplatetranslations` (
  `id` int(11) NOT NULL AUTO_INCREMENT,
  `notificationtemplates_id` int(11) NOT NULL DEFAULT '0',
  `language` char(5) COLLATE utf8_unicode_ci NOT NULL DEFAULT '',
  `subject` varchar(255) COLLATE utf8_unicode_ci NOT NULL,
  `content_text` text COLLATE utf8_unicode_ci,
  `content_html` text COLLATE utf8_unicode_ci,
  PRIMARY KEY (`id`),
  KEY `notificationtemplates_id` (`notificationtemplates_id`)
) ENGINE=MyISAM AUTO_INCREMENT=13 DEFAULT CHARSET=utf8 COLLATE=utf8_unicode_ci;
/*!40101 SET character_set_client = @saved_cs_client */;

--
-- Dumping data for table `glpi_notificationtemplatetranslations`
--

LOCK TABLES `glpi_notificationtemplatetranslations` WRITE;
/*!40000 ALTER TABLE `glpi_notificationtemplatetranslations` DISABLE KEYS */;
INSERT INTO `glpi_notificationtemplatetranslations` VALUES (1,1,'','##lang.dbconnection.title##','##lang.dbconnection.delay## : ##dbconnection.delay##\n','&lt;p&gt;##lang.dbconnection.delay## : ##dbconnection.delay##&lt;/p&gt;'),(2,2,'','##reservation.action##','======================================================================\n##lang.reservation.user##: ##reservation.user##\n##lang.reservation.item.name##: ##reservation.itemtype## - ##reservation.item.name##\n##IFreservation.tech## ##lang.reservation.tech## ##reservation.tech## ##ENDIFreservation.tech##\n##lang.reservation.begin##: ##reservation.begin##\n##lang.reservation.end##: ##reservation.end##\n##lang.reservation.comment##: ##reservation.comment##\n======================================================================\n','&lt;!-- description{ color: inherit; background: #ebebeb;border-style: solid;border-color: #8d8d8d; border-width: 0px 1px 1px 0px; } --&gt;\n&lt;p&gt;&lt;span style=\"color: #8b8c8f; font-weight: bold; text-decoration: underline;\"&gt;##lang.reservation.user##:&lt;/span&gt;##reservation.user##&lt;br /&gt; &lt;span style=\"color: #8b8c8f; font-weight: bold; text-decoration: underline;\"&gt;##lang.reservation.item.name##:&lt;/span&gt;##reservation.itemtype## - ##reservation.item.name##&lt;br /&gt;##IFreservation.tech## ##lang.reservation.tech## ##reservation.tech####ENDIFreservation.tech##&lt;br /&gt; &lt;span style=\"color: #8b8c8f; font-weight: bold; text-decoration: underline;\"&gt;##lang.reservation.begin##:&lt;/span&gt; ##reservation.begin##&lt;br /&gt; &lt;span style=\"color: #8b8c8f; font-weight: bold; text-decoration: underline;\"&gt;##lang.reservation.end##:&lt;/span&gt;##reservation.end##&lt;br /&gt; &lt;span style=\"color: #8b8c8f; font-weight: bold; text-decoration: underline;\"&gt;##lang.reservation.comment##:&lt;/span&gt; ##reservation.comment##&lt;/p&gt;'),(3,3,'','##reservation.action##  ##reservation.entity##','##lang.reservation.entity## : ##reservation.entity## \n\n \n##FOREACHreservations## \n##lang.reservation.itemtype## : ##reservation.itemtype##\n\n ##lang.reservation.item## : ##reservation.item##\n \n ##reservation.url## \n\n ##ENDFOREACHreservations##','&lt;p&gt;##lang.reservation.entity## : ##reservation.entity## &lt;br /&gt; &lt;br /&gt;\n##FOREACHreservations## &lt;br /&gt;##lang.reservation.itemtype## :  ##reservation.itemtype##&lt;br /&gt;\n ##lang.reservation.item## :  ##reservation.item##&lt;br /&gt; &lt;br /&gt;\n &lt;a href=\"##reservation.url##\"&gt; ##reservation.url##&lt;/a&gt;&lt;br /&gt;\n ##ENDFOREACHreservations##&lt;/p&gt;'),(4,4,'','##ticket.action## ##ticket.title##',' ##IFticket.storestatus=solved##\n ##lang.ticket.url## : ##ticket.urlapprove##\n ##lang.ticket.autoclosewarning##\n ##lang.ticket.solvedate## : ##ticket.solvedate##\n ##lang.ticket.solution.type## : ##ticket.solution.type##\n ##lang.ticket.solution.description## : ##ticket.solution.description## ##ENDIFticket.storestatus##\n ##ELSEticket.storestatus## ##lang.ticket.url## : ##ticket.url## ##ENDELSEticket.storestatus##\n\n ##lang.ticket.description##\n\n ##lang.ticket.title## : ##ticket.title##\n ##lang.ticket.author.name## : ##IFticket.author.name## ##ticket.author.name## ##ENDIFticket.author.name## ##ELSEticket.author.name##--##ENDELSEticket.author.name##\n ##lang.ticket.creationdate## : ##ticket.creationdate##\n ##lang.ticket.closedate## : ##ticket.closedate##\n ##lang.ticket.requesttype## : ##ticket.requesttype##\n##IFticket.itemtype## ##lang.ticket.item.name## : ##ticket.itemtype## - ##ticket.item.name## ##IFticket.item.model## - ##ticket.item.model## ##ENDIFticket.item.model## ##IFticket.item.serial## - ##ticket.item.serial## ##ENDIFticket.item.serial##  ##IFticket.item.otherserial## -##ticket.item.otherserial## ##ENDIFticket.item.otherserial## ##ENDIFticket.itemtype##\n##IFticket.assigntouser## ##lang.ticket.assigntouser## : ##ticket.assigntouser## ##ENDIFticket.assigntouser##\n ##lang.ticket.status## : ##ticket.status##\n##IFticket.assigntogroup## ##lang.ticket.assigntogroup## : ##ticket.assigntogroup## ##ENDIFticket.assigntogroup##\n ##lang.ticket.urgency## : ##ticket.urgency##\n ##lang.ticket.impact## : ##ticket.impact##\n ##lang.ticket.priority## : ##ticket.priority##\n##IFticket.user.email## ##lang.ticket.user.email## : ##ticket.user.email ##ENDIFticket.user.email##\n##IFticket.category## ##lang.ticket.category## : ##ticket.category## ##ENDIFticket.category## ##ELSEticket.category## ##lang.ticket.nocategoryassigned## ##ENDELSEticket.category##\n ##lang.ticket.content## : ##ticket.content##\n ##IFticket.storestatus=closed##\n\n ##lang.ticket.solvedate## : ##ticket.solvedate##\n ##lang.ticket.solution.type## : ##ticket.solution.type##\n ##lang.ticket.solution.description## : ##ticket.solution.description##\n ##ENDIFticket.storestatus##\n ##lang.ticket.numberoffollowups## : ##ticket.numberoffollowups##\n\n##FOREACHfollowups##\n\n [##followup.date##] ##lang.followup.isprivate## : ##followup.isprivate##\n ##lang.followup.author## ##followup.author##\n ##lang.followup.description## ##followup.description##\n ##lang.followup.date## ##followup.date##\n ##lang.followup.requesttype## ##followup.requesttype##\n\n##ENDFOREACHfollowups##\n ##lang.ticket.numberoftasks## : ##ticket.numberoftasks##\n\n##FOREACHtasks##\n\n [##task.date##] ##lang.task.isprivate## : ##task.isprivate##\n ##lang.task.author## ##task.author##\n ##lang.task.description## ##task.description##\n ##lang.task.time## ##task.time##\n ##lang.task.category## ##task.category##\n\n##ENDFOREACHtasks##','<!-- description{ color: inherit; background: #ebebeb; border-style: solid;border-color: #8d8d8d; border-width: 0px 1px 1px 0px; }    -->\n<div>##IFticket.storestatus=solved##</div>\n<div>##lang.ticket.url## : <a href=\"##ticket.urlapprove##\">##ticket.urlapprove##</a> <strong>&#160;</strong></div>\n<div><strong>##lang.ticket.autoclosewarning##</strong></div>\n<div><span style=\"color: #888888;\"><strong><span style=\"text-decoration: underline;\">##lang.ticket.solvedate##</span></strong></span> : ##ticket.solvedate##<br /><span style=\"text-decoration: underline; color: #888888;\"><strong>##lang.ticket.solution.type##</strong></span> : ##ticket.solution.type##<br /><span style=\"text-decoration: underline; color: #888888;\"><strong>##lang.ticket.solution.description##</strong></span> : ##ticket.solution.description## ##ENDIFticket.storestatus##</div>\n<div>##ELSEticket.storestatus## ##lang.ticket.url## : <a href=\"##ticket.url##\">##ticket.url##</a> ##ENDELSEticket.storestatus##</div>\n<p class=\"description b\"><strong>##lang.ticket.description##</strong></p>\n<p><span style=\"color: #8b8c8f; font-weight: bold; text-decoration: underline;\"> ##lang.ticket.title##</span>&#160;:##ticket.title## <br /> <span style=\"color: #8b8c8f; font-weight: bold; text-decoration: underline;\"> ##lang.ticket.author.name##</span>&#160;:##IFticket.author.name## ##ticket.author.name## ##ENDIFticket.author.name##    ##ELSEticket.author.name##--##ENDELSEticket.author.name## <br /> <span style=\"color: #8b8c8f; font-weight: bold; text-decoration: underline;\"> ##lang.ticket.creationdate##</span>&#160;:##ticket.creationdate## <br /> <span style=\"color: #8b8c8f; font-weight: bold; text-decoration: underline;\"> ##lang.ticket.closedate##</span>&#160;:##ticket.closedate## <br /> <span style=\"color: #8b8c8f; font-weight: bold; text-decoration: underline;\"> ##lang.ticket.requesttype##</span>&#160;:##ticket.requesttype##<br /> ##IFticket.itemtype## <span style=\"color: #8b8c8f; font-weight: bold; text-decoration: underline;\"> ##lang.ticket.item.name##</span>&#160;: ##ticket.itemtype## - ##ticket.item.name##    ##IFticket.item.model## - ##ticket.item.model##    ##ENDIFticket.item.model## ##IFticket.item.serial## -##ticket.item.serial## ##ENDIFticket.item.serial##&#160; ##IFticket.item.otherserial## -##ticket.item.otherserial##  ##ENDIFticket.item.otherserial## ##ENDIFticket.itemtype## <br /> ##IFticket.assigntouser## <span style=\"color: #8b8c8f; font-weight: bold; text-decoration: underline;\"> ##lang.ticket.assigntouser##</span>&#160;: ##ticket.assigntouser## ##ENDIFticket.assigntouser##<br /> <span style=\"color: #8b8c8f; font-weight: bold; text-decoration: underline;\">##lang.ticket.status## </span>&#160;: ##ticket.status##<br /> ##IFticket.assigntogroup## <span style=\"color: #8b8c8f; font-weight: bold; text-decoration: underline;\"> ##lang.ticket.assigntogroup##</span>&#160;: ##ticket.assigntogroup## ##ENDIFticket.assigntogroup##<br /> <span style=\"color: #8b8c8f; font-weight: bold; text-decoration: underline;\"> ##lang.ticket.urgency##</span>&#160;: ##ticket.urgency##<br /> <span style=\"color: #8b8c8f; font-weight: bold; text-decoration: underline;\"> ##lang.ticket.impact##</span>&#160;: ##ticket.impact##<br /> <span style=\"color: #8b8c8f; font-weight: bold; text-decoration: underline;\"> ##lang.ticket.priority##</span>&#160;: ##ticket.priority## <br /> ##IFticket.user.email##<span style=\"color: #8b8c8f; font-weight: bold; text-decoration: underline;\"> ##lang.ticket.user.email##</span>&#160;: ##ticket.user.email ##ENDIFticket.user.email##    <br /> ##IFticket.category##<span style=\"color: #8b8c8f; font-weight: bold; text-decoration: underline;\">##lang.ticket.category## </span>&#160;:##ticket.category## ##ENDIFticket.category## ##ELSEticket.category## ##lang.ticket.nocategoryassigned## ##ENDELSEticket.category##    <br /> <span style=\"color: #8b8c8f; font-weight: bold; text-decoration: underline;\"> ##lang.ticket.content##</span>&#160;: ##ticket.content##</p>\n<br />##IFticket.storestatus=closed##<br /><span style=\"text-decoration: underline;\"><strong><span style=\"color: #888888;\">##lang.ticket.solvedate##</span></strong></span> : ##ticket.solvedate##<br /><span style=\"color: #888888;\"><strong><span style=\"text-decoration: underline;\">##lang.ticket.solution.type##</span></strong></span> : ##ticket.solution.type##<br /><span style=\"text-decoration: underline; color: #888888;\"><strong>##lang.ticket.solution.description##</strong></span> : ##ticket.solution.description##<br />##ENDIFticket.storestatus##</p>\n<div class=\"description b\">##lang.ticket.numberoffollowups##&#160;: ##ticket.numberoffollowups##</div>\n<p>##FOREACHfollowups##</p>\n<div class=\"description b\"><br /> <strong> [##followup.date##] <em>##lang.followup.isprivate## : ##followup.isprivate## </em></strong><br /> <span style=\"color: #8b8c8f; font-weight: bold; text-decoration: underline;\"> ##lang.followup.author## </span> ##followup.author##<br /> <span style=\"color: #8b8c8f; font-weight: bold; text-decoration: underline;\"> ##lang.followup.description## </span> ##followup.description##<br /> <span style=\"color: #8b8c8f; font-weight: bold; text-decoration: underline;\"> ##lang.followup.date## </span> ##followup.date##<br /> <span style=\"color: #8b8c8f; font-weight: bold; text-decoration: underline;\"> ##lang.followup.requesttype## </span> ##followup.requesttype##</div>\n<p>##ENDFOREACHfollowups##</p>\n<div class=\"description b\">##lang.ticket.numberoftasks##&#160;: ##ticket.numberoftasks##</div>\n<p>##FOREACHtasks##</p>\n<div class=\"description b\"><br /> <strong> [##task.date##] <em>##lang.task.isprivate## : ##task.isprivate## </em></strong><br /> <span style=\"color: #8b8c8f; font-weight: bold; text-decoration: underline;\"> ##lang.task.author##</span> ##task.author##<br /> <span style=\"color: #8b8c8f; font-weight: bold; text-decoration: underline;\"> ##lang.task.description##</span> ##task.description##<br /> <span style=\"color: #8b8c8f; font-weight: bold; text-decoration: underline;\"> ##lang.task.time##</span> ##task.time##<br /> <span style=\"color: #8b8c8f; font-weight: bold; text-decoration: underline;\"> ##lang.task.category##</span> ##task.category##</div>\n<p>##ENDFOREACHtasks##</p>'),(5,12,'','##contract.action##  ##contract.entity##','##lang.contract.entity## : ##contract.entity##\n\n##FOREACHcontracts##\n##lang.contract.name## : ##contract.name##\n##lang.contract.number## : ##contract.number##\n##lang.contract.time## : ##contract.time##\n##IFcontract.type####lang.contract.type## : ##contract.type####ENDIFcontract.type##\n##contract.url##\n##ENDFOREACHcontracts##','&lt;p&gt;##lang.contract.entity## : ##contract.entity##&lt;br /&gt;\n&lt;br /&gt;##FOREACHcontracts##&lt;br /&gt;##lang.contract.name## :\n##contract.name##&lt;br /&gt;\n##lang.contract.number## : ##contract.number##&lt;br /&gt;\n##lang.contract.time## : ##contract.time##&lt;br /&gt;\n##IFcontract.type####lang.contract.type## : ##contract.type##\n##ENDIFcontract.type##&lt;br /&gt;\n&lt;a href=\"##contract.url##\"&gt;\n##contract.url##&lt;/a&gt;&lt;br /&gt;\n##ENDFOREACHcontracts##&lt;/p&gt;'),(6,5,'','##ticket.action## ##ticket.title##','##lang.ticket.url## : ##ticket.url## \n\n##lang.ticket.description## \n\n\n##lang.ticket.title## &#160;:##ticket.title## \n\n##lang.ticket.author.name## &#160;:##IFticket.author.name##\n##ticket.author.name## ##ENDIFticket.author.name##\n##ELSEticket.author.name##--##ENDELSEticket.author.name## &#160; \n\n##IFticket.category## ##lang.ticket.category## &#160;:##ticket.category##\n##ENDIFticket.category## ##ELSEticket.category##\n##lang.ticket.nocategoryassigned## ##ENDELSEticket.category##\n\n##lang.ticket.content## &#160;: ##ticket.content##\n##IFticket.itemtype##\n##lang.ticket.item.name## &#160;: ##ticket.itemtype## - ##ticket.item.name##\n##ENDIFticket.itemtype##','&lt;div&gt;##lang.ticket.url## : &lt;a href=\"##ticket.url##\"&gt;\n##ticket.url##&lt;/a&gt;&lt;/div&gt;\n&lt;div class=\"description b\"&gt;\n##lang.ticket.description##&lt;/div&gt;\n&lt;p&gt;&lt;span\nstyle=\"color: #8b8c8f; font-weight: bold; text-decoration: underline;\"&gt;\n##lang.ticket.title##&lt;/span&gt;&#160;:##ticket.title##\n&lt;br /&gt; &lt;span style=\"color: #8b8c8f; font-weight: bold; text-decoration: underline;\"&gt;\n##lang.ticket.author.name##&lt;/span&gt;\n##IFticket.author.name## ##ticket.author.name##\n##ENDIFticket.author.name##\n##ELSEticket.author.name##--##ENDELSEticket.author.name##\n&lt;span style=\"color: #8b8c8f; font-weight: bold; text-decoration: underline;\"&gt;&#160\n;&lt;/span&gt;&lt;br /&gt; &lt;span style=\"color: #8b8c8f; font-weight: bold; text-decoration: underline;\"&gt; &lt;/span&gt;\n##IFticket.category##&lt;span style=\"color: #8b8c8f; font-weight: bold; text-decoration: underline;\"&gt;\n##lang.ticket.category## &lt;/span&gt;&#160;:##ticket.category##\n##ENDIFticket.category## ##ELSEticket.category##\n##lang.ticket.nocategoryassigned## ##ENDELSEticket.category##\n&lt;br /&gt; &lt;span style=\"color: #8b8c8f; font-weight: bold; text-decoration: underline;\"&gt;\n##lang.ticket.content##&lt;/span&gt;&#160;:\n##ticket.content##&lt;br /&gt;##IFticket.itemtype##\n&lt;span style=\"color: #8b8c8f; font-weight: bold; text-decoration: underline;\"&gt;\n##lang.ticket.item.name##&lt;/span&gt;&#160;:\n##ticket.itemtype## - ##ticket.item.name##\n##ENDIFticket.itemtype##&lt;/p&gt;'),(7,7,'','##ticket.action## ##ticket.title##','##FOREACHvalidations##\n\n##IFvalidation.storestatus=waiting##\n##validation.submission.title##\n##lang.validation.commentsubmission## : ##validation.commentsubmission##\n##ENDIFvalidation.storestatus##\n##ELSEvalidation.storestatus## ##validation.answer.title## ##ENDELSEvalidation.storestatus##\n\n##lang.ticket.url## : ##ticket.urlvalidation##\n\n##IFvalidation.status## ##lang.validation.validationstatus## ##ENDIFvalidation.status##\n##IFvalidation.commentvalidation##\n##lang.validation.commentvalidation## : ##validation.commentvalidation##\n##ENDIFvalidation.commentvalidation##\n##ENDFOREACHvalidations##','&lt;div&gt;##FOREACHvalidations##&lt;/div&gt;\n&lt;p&gt;##IFvalidation.storestatus=waiting##&lt;/p&gt;\n&lt;div&gt;##validation.submission.title##&lt;/div&gt;\n&lt;div&gt;##lang.validation.commentsubmission## : ##validation.commentsubmission##&lt;/div&gt;\n&lt;div&gt;##ENDIFvalidation.storestatus##&lt;/div&gt;\n&lt;div&gt;##ELSEvalidation.storestatus## ##validation.answer.title## ##ENDELSEvalidation.storestatus##&lt;/div&gt;\n&lt;div&gt;&lt;/div&gt;\n&lt;div&gt;\n&lt;div&gt;##lang.ticket.url## : &lt;a href=\"##ticket.urlvalidation##\"&gt; ##ticket.urlvalidation## &lt;/a&gt;&lt;/div&gt;\n&lt;/div&gt;\n&lt;p&gt;##IFvalidation.status## ##lang.validation.validationstatus## ##ENDIFvalidation.status##\n&lt;br /&gt; ##IFvalidation.commentvalidation##&lt;br /&gt; ##lang.validation.commentvalidation## :\n&#160; ##validation.commentvalidation##&lt;br /&gt; ##ENDIFvalidation.commentvalidation##\n&lt;br /&gt;##ENDFOREACHvalidations##&lt;/p&gt;'),(8,6,'','##ticket.action## ##ticket.entity##','##lang.ticket.entity## : ##ticket.entity##\n \n##FOREACHtickets##\n\n##lang.ticket.title## : ##ticket.title##\n ##lang.ticket.status## : ##ticket.status##\n\n ##ticket.url## \n ##ENDFOREACHtickets##','&lt;table class=\"tab_cadre\" border=\"1\" cellspacing=\"2\" cellpadding=\"3\"&gt;\n&lt;tbody&gt;\n&lt;tr&gt;\n&lt;td style=\"text-align: left;\" width=\"auto\" bgcolor=\"#cccccc\"&gt;&lt;span style=\"font-size: 11px; text-align: left;\"&gt;##lang.ticket.author.name##&lt;/span&gt;&lt;/td&gt;\n&lt;td style=\"text-align: left;\" width=\"auto\" bgcolor=\"#cccccc\"&gt;&lt;span style=\"font-size: 11px; text-align: left;\"&gt;##lang.ticket.title##&lt;/span&gt;&lt;/td&gt;\n&lt;td style=\"text-align: left;\" width=\"auto\" bgcolor=\"#cccccc\"&gt;&lt;span style=\"font-size: 11px; text-align: left;\"&gt;##lang.ticket.priority##&lt;/span&gt;&lt;/td&gt;\n&lt;td style=\"text-align: left;\" width=\"auto\" bgcolor=\"#cccccc\"&gt;&lt;span style=\"font-size: 11px; text-align: left;\"&gt;##lang.ticket.status##&lt;/span&gt;&lt;/td&gt;\n&lt;td style=\"text-align: left;\" width=\"auto\" bgcolor=\"#cccccc\"&gt;&lt;span style=\"font-size: 11px; text-align: left;\"&gt;##lang.ticket.attribution##&lt;/span&gt;&lt;/td&gt;\n&lt;td style=\"text-align: left;\" width=\"auto\" bgcolor=\"#cccccc\"&gt;&lt;span style=\"font-size: 11px; text-align: left;\"&gt;##lang.ticket.creationdate##&lt;/span&gt;&lt;/td&gt;\n&lt;td style=\"text-align: left;\" width=\"auto\" bgcolor=\"#cccccc\"&gt;&lt;span style=\"font-size: 11px; text-align: left;\"&gt;##lang.ticket.content##&lt;/span&gt;&lt;/td&gt;\n&lt;/tr&gt;\n##FOREACHtickets##                   \n&lt;tr&gt;\n&lt;td width=\"auto\"&gt;&lt;span style=\"font-size: 11px; text-align: left;\"&gt;##ticket.author.name##&lt;/span&gt;&lt;/td&gt;\n&lt;td width=\"auto\"&gt;&lt;span style=\"font-size: 11px; text-align: left;\"&gt;&lt;a href=\"##ticket.url##\"&gt;##ticket.title##&lt;/a&gt;&lt;/span&gt;&lt;/td&gt;\n&lt;td width=\"auto\"&gt;&lt;span style=\"font-size: 11px; text-align: left;\"&gt;##ticket.priority##&lt;/span&gt;&lt;/td&gt;\n&lt;td width=\"auto\"&gt;&lt;span style=\"font-size: 11px; text-align: left;\"&gt;##ticket.status##&lt;/span&gt;&lt;/td&gt;\n&lt;td width=\"auto\"&gt;&lt;span style=\"font-size: 11px; text-align: left;\"&gt;##IFticket.assigntouser####ticket.assigntouser##&lt;br /&gt;##ENDIFticket.assigntouser####IFticket.assigntogroup##&lt;br /&gt;##ticket.assigntogroup## ##ENDIFticket.assigntogroup####IFticket.assigntosupplier##&lt;br /&gt;##ticket.assigntosupplier## ##ENDIFticket.assigntosupplier##&lt;/span&gt;&lt;/td&gt;\n&lt;td width=\"auto\"&gt;&lt;span style=\"font-size: 11px; text-align: left;\"&gt;##ticket.creationdate##&lt;/span&gt;&lt;/td&gt;\n&lt;td width=\"auto\"&gt;&lt;span style=\"font-size: 11px; text-align: left;\"&gt;##ticket.content##&lt;/span&gt;&lt;/td&gt;\n&lt;/tr&gt;\n##ENDFOREACHtickets##\n&lt;/tbody&gt;\n&lt;/table&gt;'),(9,9,'','##consumable.action##  ##consumable.entity##','##lang.consumable.entity## : ##consumable.entity##\n \n\n##FOREACHconsumables##\n##lang.consumable.item## : ##consumable.item##\n \n\n##lang.consumable.reference## : ##consumable.reference##\n\n##lang.consumable.remaining## : ##consumable.remaining##\n\n##consumable.url## \n\n##ENDFOREACHconsumables##','&lt;p&gt;\n##lang.consumable.entity## : ##consumable.entity##\n&lt;br /&gt; &lt;br /&gt;##FOREACHconsumables##\n&lt;br /&gt;##lang.consumable.item## : ##consumable.item##&lt;br /&gt;\n&lt;br /&gt;##lang.consumable.reference## : ##consumable.reference##&lt;br /&gt;\n##lang.consumable.remaining## : ##consumable.remaining##&lt;br /&gt;\n&lt;a href=\"##consumable.url##\"&gt; ##consumable.url##&lt;/a&gt;&lt;br /&gt;\n   ##ENDFOREACHconsumables##&lt;/p&gt;'),(10,8,'','##cartridge.action##  ##cartridge.entity##','##lang.cartridge.entity## : ##cartridge.entity##\n \n\n##FOREACHcartridges##\n##lang.cartridge.item## : ##cartridge.item##\n \n\n##lang.cartridge.reference## : ##cartridge.reference##\n\n##lang.cartridge.remaining## : ##cartridge.remaining##\n\n##cartridge.url## \n ##ENDFOREACHcartridges##','&lt;p&gt;##lang.cartridge.entity## : ##cartridge.entity##\n&lt;br /&gt; &lt;br /&gt;##FOREACHcartridges##\n&lt;br /&gt;##lang.cartridge.item## :\n##cartridge.item##&lt;br /&gt; &lt;br /&gt;\n##lang.cartridge.reference## :\n##cartridge.reference##&lt;br /&gt;\n##lang.cartridge.remaining## :\n##cartridge.remaining##&lt;br /&gt;\n&lt;a href=\"##cartridge.url##\"&gt;\n##cartridge.url##&lt;/a&gt;&lt;br /&gt;\n##ENDFOREACHcartridges##&lt;/p&gt;'),(11,10,'','##infocom.action##  ##infocom.entity##','##lang.infocom.entity## : ##infocom.entity## \n \n\n##FOREACHinfocoms## \n\n##lang.infocom.itemtype## : ##infocom.itemtype##\n\n##lang.infocom.item## : ##infocom.item##\n \n\n##lang.infocom.expirationdate## : ##infocom.expirationdate##\n\n##infocom.url## \n ##ENDFOREACHinfocoms##','&lt;p&gt;##lang.infocom.entity## : ##infocom.entity##\n&lt;br /&gt; &lt;br /&gt;##FOREACHinfocoms##\n&lt;br /&gt;##lang.infocom.itemtype## : ##infocom.itemtype##&lt;br /&gt;\n##lang.infocom.item## : ##infocom.item##&lt;br /&gt; &lt;br /&gt;\n##lang.infocom.expirationdate## : ##infocom.expirationdate##\n&lt;br /&gt; &lt;a href=\"##infocom.url##\"&gt;\n##infocom.url##&lt;/a&gt;&lt;br /&gt;\n##ENDFOREACHinfocoms##&lt;/p&gt;'),(12,11,'','##license.action##  ##license.entity##','##lang.license.entity## : ##license.entity##\n\n##FOREACHlicenses## \n\n##lang.license.item## : ##license.item##\n\n##lang.license.serial## : ##license.serial##\n\n##lang.license.expirationdate## : ##license.expirationdate##\n\n##license.url## \n ##ENDFOREACHlicenses##','&lt;p&gt;\n##lang.license.entity## : ##license.entity##&lt;br /&gt;\n##FOREACHlicenses##\n&lt;br /&gt;##lang.license.item## : ##license.item##&lt;br /&gt;\n##lang.license.serial## : ##license.serial##&lt;br /&gt;\n##lang.license.expirationdate## : ##license.expirationdate##\n&lt;br /&gt; &lt;a href=\"##license.url##\"&gt; ##license.url##\n&lt;/a&gt;&lt;br /&gt; ##ENDFOREACHlicenses##&lt;/p&gt;');
/*!40000 ALTER TABLE `glpi_notificationtemplatetranslations` ENABLE KEYS */;
UNLOCK TABLES;

--
-- Table structure for table `glpi_notimportedemails`
--

DROP TABLE IF EXISTS `glpi_notimportedemails`;
/*!40101 SET @saved_cs_client     = @@character_set_client */;
/*!40101 SET character_set_client = utf8 */;
CREATE TABLE `glpi_notimportedemails` (
  `id` int(11) NOT NULL AUTO_INCREMENT,
  `from` varchar(255) NOT NULL,
  `to` varchar(255) NOT NULL,
  `mailcollectors_id` int(11) NOT NULL DEFAULT '0',
  `date` datetime NOT NULL,
  `subject` text,
  `messageid` varchar(255) NOT NULL,
  `reason` int(11) NOT NULL DEFAULT '0',
  `users_id` int(11) NOT NULL DEFAULT '0',
  PRIMARY KEY (`id`),
  KEY `users_id` (`users_id`),
  KEY `mailcollectors_id` (`mailcollectors_id`)
) ENGINE=MyISAM DEFAULT CHARSET=latin1;
/*!40101 SET character_set_client = @saved_cs_client */;

--
-- Dumping data for table `glpi_notimportedemails`
--

LOCK TABLES `glpi_notimportedemails` WRITE;
/*!40000 ALTER TABLE `glpi_notimportedemails` DISABLE KEYS */;
/*!40000 ALTER TABLE `glpi_notimportedemails` ENABLE KEYS */;
UNLOCK TABLES;

--
-- Table structure for table `glpi_ocsadmininfoslinks`
--

DROP TABLE IF EXISTS `glpi_ocsadmininfoslinks`;
/*!40101 SET @saved_cs_client     = @@character_set_client */;
/*!40101 SET character_set_client = utf8 */;
CREATE TABLE `glpi_ocsadmininfoslinks` (
  `id` int(11) NOT NULL AUTO_INCREMENT,
  `glpi_column` varchar(255) COLLATE utf8_unicode_ci DEFAULT NULL,
  `ocs_column` varchar(255) COLLATE utf8_unicode_ci DEFAULT NULL,
  `ocsservers_id` int(11) NOT NULL DEFAULT '0',
  PRIMARY KEY (`id`),
  KEY `ocsservers_id` (`ocsservers_id`)
) ENGINE=MyISAM DEFAULT CHARSET=utf8 COLLATE=utf8_unicode_ci;
/*!40101 SET character_set_client = @saved_cs_client */;

--
-- Dumping data for table `glpi_ocsadmininfoslinks`
--

LOCK TABLES `glpi_ocsadmininfoslinks` WRITE;
/*!40000 ALTER TABLE `glpi_ocsadmininfoslinks` DISABLE KEYS */;
/*!40000 ALTER TABLE `glpi_ocsadmininfoslinks` ENABLE KEYS */;
UNLOCK TABLES;

--
-- Table structure for table `glpi_ocslinks`
--

DROP TABLE IF EXISTS `glpi_ocslinks`;
/*!40101 SET @saved_cs_client     = @@character_set_client */;
/*!40101 SET character_set_client = utf8 */;
CREATE TABLE `glpi_ocslinks` (
  `id` int(11) NOT NULL AUTO_INCREMENT,
  `computers_id` int(11) NOT NULL DEFAULT '0',
  `ocsid` int(11) NOT NULL DEFAULT '0',
  `ocs_deviceid` varchar(255) COLLATE utf8_unicode_ci DEFAULT NULL,
  `use_auto_update` tinyint(1) NOT NULL DEFAULT '1',
  `last_update` datetime DEFAULT NULL,
  `last_ocs_update` datetime DEFAULT NULL,
  `computer_update` longtext COLLATE utf8_unicode_ci,
  `import_device` longtext COLLATE utf8_unicode_ci,
  `import_disk` longtext COLLATE utf8_unicode_ci,
  `import_software` longtext COLLATE utf8_unicode_ci,
  `import_monitor` longtext COLLATE utf8_unicode_ci,
  `import_peripheral` longtext COLLATE utf8_unicode_ci,
  `import_printer` longtext COLLATE utf8_unicode_ci,
  `ocsservers_id` int(11) NOT NULL DEFAULT '0',
  `import_ip` longtext COLLATE utf8_unicode_ci,
  `ocs_agent_version` varchar(255) COLLATE utf8_unicode_ci DEFAULT NULL,
  PRIMARY KEY (`id`),
  UNIQUE KEY `unicity` (`ocsservers_id`,`ocsid`),
  KEY `last_update` (`last_update`),
  KEY `ocs_deviceid` (`ocs_deviceid`),
  KEY `last_ocs_update` (`ocsservers_id`,`last_ocs_update`),
  KEY `computers_id` (`computers_id`),
  KEY `use_auto_update` (`use_auto_update`)
) ENGINE=MyISAM DEFAULT CHARSET=utf8 COLLATE=utf8_unicode_ci;
/*!40101 SET character_set_client = @saved_cs_client */;

--
-- Dumping data for table `glpi_ocslinks`
--

LOCK TABLES `glpi_ocslinks` WRITE;
/*!40000 ALTER TABLE `glpi_ocslinks` DISABLE KEYS */;
/*!40000 ALTER TABLE `glpi_ocslinks` ENABLE KEYS */;
UNLOCK TABLES;

--
-- Table structure for table `glpi_ocsservers`
--

DROP TABLE IF EXISTS `glpi_ocsservers`;
/*!40101 SET @saved_cs_client     = @@character_set_client */;
/*!40101 SET character_set_client = utf8 */;
CREATE TABLE `glpi_ocsservers` (
  `id` int(11) NOT NULL AUTO_INCREMENT,
  `name` varchar(255) COLLATE utf8_unicode_ci DEFAULT NULL,
  `ocs_db_user` varchar(255) COLLATE utf8_unicode_ci DEFAULT NULL,
  `ocs_db_passwd` varchar(255) COLLATE utf8_unicode_ci DEFAULT NULL,
  `ocs_db_host` varchar(255) COLLATE utf8_unicode_ci DEFAULT NULL,
  `ocs_db_name` varchar(255) COLLATE utf8_unicode_ci DEFAULT NULL,
  `checksum` int(11) NOT NULL DEFAULT '0',
  `import_periph` tinyint(1) NOT NULL DEFAULT '0',
  `import_monitor` tinyint(1) NOT NULL DEFAULT '0',
  `import_software` tinyint(1) NOT NULL DEFAULT '0',
  `import_printer` tinyint(1) NOT NULL DEFAULT '0',
  `import_general_name` tinyint(1) NOT NULL DEFAULT '0',
  `import_general_os` tinyint(1) NOT NULL DEFAULT '0',
  `import_general_serial` tinyint(1) NOT NULL DEFAULT '0',
  `import_general_model` tinyint(1) NOT NULL DEFAULT '0',
  `import_general_manufacturer` tinyint(1) NOT NULL DEFAULT '0',
  `import_general_type` tinyint(1) NOT NULL DEFAULT '0',
  `import_general_domain` tinyint(1) NOT NULL DEFAULT '0',
  `import_general_contact` tinyint(1) NOT NULL DEFAULT '0',
  `import_general_comment` tinyint(1) NOT NULL DEFAULT '0',
  `import_device_processor` tinyint(1) NOT NULL DEFAULT '0',
  `import_device_memory` tinyint(1) NOT NULL DEFAULT '0',
  `import_device_hdd` tinyint(1) NOT NULL DEFAULT '0',
  `import_device_iface` tinyint(1) NOT NULL DEFAULT '0',
  `import_device_gfxcard` tinyint(1) NOT NULL DEFAULT '0',
  `import_device_sound` tinyint(1) NOT NULL DEFAULT '0',
  `import_device_drive` tinyint(1) NOT NULL DEFAULT '0',
  `import_device_port` tinyint(1) NOT NULL DEFAULT '0',
  `import_device_modem` tinyint(1) NOT NULL DEFAULT '0',
  `import_registry` tinyint(1) NOT NULL DEFAULT '0',
  `import_os_serial` tinyint(1) NOT NULL DEFAULT '0',
  `import_ip` tinyint(1) NOT NULL DEFAULT '0',
  `import_disk` tinyint(1) NOT NULL DEFAULT '0',
  `import_monitor_comment` tinyint(1) NOT NULL DEFAULT '0',
  `states_id_default` int(11) NOT NULL DEFAULT '0',
  `tag_limit` varchar(255) COLLATE utf8_unicode_ci DEFAULT NULL,
  `tag_exclude` varchar(255) COLLATE utf8_unicode_ci DEFAULT NULL,
  `use_soft_dict` tinyint(1) NOT NULL DEFAULT '0',
  `cron_sync_number` int(11) DEFAULT '1',
  `deconnection_behavior` varchar(255) COLLATE utf8_unicode_ci DEFAULT NULL,
  `is_glpi_link_enabled` tinyint(1) NOT NULL DEFAULT '0',
  `use_ip_to_link` tinyint(1) NOT NULL DEFAULT '0',
  `use_name_to_link` tinyint(1) NOT NULL DEFAULT '0',
  `use_mac_to_link` tinyint(1) NOT NULL DEFAULT '0',
  `use_serial_to_link` tinyint(1) NOT NULL DEFAULT '0',
  `states_id_linkif` int(11) NOT NULL DEFAULT '0',
  `ocs_url` varchar(255) COLLATE utf8_unicode_ci DEFAULT NULL,
  `date_mod` datetime DEFAULT NULL,
  `comment` text COLLATE utf8_unicode_ci,
  PRIMARY KEY (`id`),
  KEY `date_mod` (`date_mod`)
) ENGINE=MyISAM AUTO_INCREMENT=2 DEFAULT CHARSET=utf8 COLLATE=utf8_unicode_ci;
/*!40101 SET character_set_client = @saved_cs_client */;

--
-- Dumping data for table `glpi_ocsservers`
--

LOCK TABLES `glpi_ocsservers` WRITE;
/*!40000 ALTER TABLE `glpi_ocsservers` DISABLE KEYS */;
INSERT INTO `glpi_ocsservers` VALUES (1,'localhost','ocs','ocs','localhost','ocsweb',0,0,0,0,0,0,0,0,0,0,0,0,0,0,0,0,0,0,0,0,0,0,0,0,0,0,0,0,0,'',NULL,0,1,NULL,0,0,0,0,0,0,'',NULL,NULL);
/*!40000 ALTER TABLE `glpi_ocsservers` ENABLE KEYS */;
UNLOCK TABLES;

--
-- Table structure for table `glpi_operatingsystems`
--

DROP TABLE IF EXISTS `glpi_operatingsystems`;
/*!40101 SET @saved_cs_client     = @@character_set_client */;
/*!40101 SET character_set_client = utf8 */;
CREATE TABLE `glpi_operatingsystems` (
  `id` int(11) NOT NULL AUTO_INCREMENT,
  `name` varchar(255) COLLATE utf8_unicode_ci DEFAULT NULL,
  `comment` text COLLATE utf8_unicode_ci,
  PRIMARY KEY (`id`),
  KEY `name` (`name`)
) ENGINE=MyISAM AUTO_INCREMENT=11 DEFAULT CHARSET=utf8 COLLATE=utf8_unicode_ci;
/*!40101 SET character_set_client = @saved_cs_client */;

--
-- Dumping data for table `glpi_operatingsystems`
--

LOCK TABLES `glpi_operatingsystems` WRITE;
/*!40000 ALTER TABLE `glpi_operatingsystems` DISABLE KEYS */;
INSERT INTO `glpi_operatingsystems` VALUES (1,'Linux',''),(2,'Mac OS X',''),(3,'Windows XP',''),(4,'Windows Vista',''),(5,'Windows 7',''),(6,'IOS',''),(7,'Mac OS X Snow Leopard',''),(8,'Windows Server 2008 R2 Enterprise',''),(9,'Windows 2000 Server',''),(10,'Solaris 10','');
/*!40000 ALTER TABLE `glpi_operatingsystems` ENABLE KEYS */;
UNLOCK TABLES;

--
-- Table structure for table `glpi_operatingsystemservicepacks`
--

DROP TABLE IF EXISTS `glpi_operatingsystemservicepacks`;
/*!40101 SET @saved_cs_client     = @@character_set_client */;
/*!40101 SET character_set_client = utf8 */;
CREATE TABLE `glpi_operatingsystemservicepacks` (
  `id` int(11) NOT NULL AUTO_INCREMENT,
  `name` varchar(255) COLLATE utf8_unicode_ci DEFAULT NULL,
  `comment` text COLLATE utf8_unicode_ci,
  PRIMARY KEY (`id`),
  KEY `name` (`name`)
) ENGINE=MyISAM DEFAULT CHARSET=utf8 COLLATE=utf8_unicode_ci;
/*!40101 SET character_set_client = @saved_cs_client */;

--
-- Dumping data for table `glpi_operatingsystemservicepacks`
--

LOCK TABLES `glpi_operatingsystemservicepacks` WRITE;
/*!40000 ALTER TABLE `glpi_operatingsystemservicepacks` DISABLE KEYS */;
/*!40000 ALTER TABLE `glpi_operatingsystemservicepacks` ENABLE KEYS */;
UNLOCK TABLES;

--
-- Table structure for table `glpi_operatingsystemversions`
--

DROP TABLE IF EXISTS `glpi_operatingsystemversions`;
/*!40101 SET @saved_cs_client     = @@character_set_client */;
/*!40101 SET character_set_client = utf8 */;
CREATE TABLE `glpi_operatingsystemversions` (
  `id` int(11) NOT NULL AUTO_INCREMENT,
  `name` varchar(255) COLLATE utf8_unicode_ci DEFAULT NULL,
  `comment` text COLLATE utf8_unicode_ci,
  PRIMARY KEY (`id`),
  KEY `name` (`name`)
) ENGINE=MyISAM DEFAULT CHARSET=utf8 COLLATE=utf8_unicode_ci;
/*!40101 SET character_set_client = @saved_cs_client */;

--
-- Dumping data for table `glpi_operatingsystemversions`
--

LOCK TABLES `glpi_operatingsystemversions` WRITE;
/*!40000 ALTER TABLE `glpi_operatingsystemversions` DISABLE KEYS */;
/*!40000 ALTER TABLE `glpi_operatingsystemversions` ENABLE KEYS */;
UNLOCK TABLES;

--
-- Table structure for table `glpi_peripheralmodels`
--

DROP TABLE IF EXISTS `glpi_peripheralmodels`;
/*!40101 SET @saved_cs_client     = @@character_set_client */;
/*!40101 SET character_set_client = utf8 */;
CREATE TABLE `glpi_peripheralmodels` (
  `id` int(11) NOT NULL AUTO_INCREMENT,
  `name` varchar(255) COLLATE utf8_unicode_ci DEFAULT NULL,
  `comment` text COLLATE utf8_unicode_ci,
  PRIMARY KEY (`id`),
  KEY `name` (`name`)
) ENGINE=MyISAM DEFAULT CHARSET=utf8 COLLATE=utf8_unicode_ci;
/*!40101 SET character_set_client = @saved_cs_client */;

--
-- Dumping data for table `glpi_peripheralmodels`
--

LOCK TABLES `glpi_peripheralmodels` WRITE;
/*!40000 ALTER TABLE `glpi_peripheralmodels` DISABLE KEYS */;
/*!40000 ALTER TABLE `glpi_peripheralmodels` ENABLE KEYS */;
UNLOCK TABLES;

--
-- Table structure for table `glpi_peripherals`
--

DROP TABLE IF EXISTS `glpi_peripherals`;
/*!40101 SET @saved_cs_client     = @@character_set_client */;
/*!40101 SET character_set_client = utf8 */;
CREATE TABLE `glpi_peripherals` (
  `id` int(11) NOT NULL AUTO_INCREMENT,
  `entities_id` int(11) NOT NULL DEFAULT '0',
  `name` varchar(255) COLLATE utf8_unicode_ci DEFAULT NULL,
  `date_mod` datetime DEFAULT NULL,
  `contact` varchar(255) COLLATE utf8_unicode_ci DEFAULT NULL,
  `contact_num` varchar(255) COLLATE utf8_unicode_ci DEFAULT NULL,
  `users_id_tech` int(11) NOT NULL DEFAULT '0',
  `comment` text COLLATE utf8_unicode_ci,
  `serial` varchar(255) COLLATE utf8_unicode_ci DEFAULT NULL,
  `otherserial` varchar(255) COLLATE utf8_unicode_ci DEFAULT NULL,
  `locations_id` int(11) NOT NULL DEFAULT '0',
  `peripheraltypes_id` int(11) NOT NULL DEFAULT '0',
  `peripheralmodels_id` int(11) NOT NULL DEFAULT '0',
  `brand` varchar(255) COLLATE utf8_unicode_ci DEFAULT NULL,
  `manufacturers_id` int(11) NOT NULL DEFAULT '0',
  `is_global` tinyint(1) NOT NULL DEFAULT '0',
  `is_deleted` tinyint(1) NOT NULL DEFAULT '0',
  `is_template` tinyint(1) NOT NULL DEFAULT '0',
  `template_name` varchar(255) COLLATE utf8_unicode_ci DEFAULT NULL,
  `notepad` longtext COLLATE utf8_unicode_ci,
  `users_id` int(11) NOT NULL DEFAULT '0',
  `groups_id` int(11) NOT NULL DEFAULT '0',
  `states_id` int(11) NOT NULL DEFAULT '0',
  `ticket_tco` decimal(20,4) DEFAULT '0.0000',
  PRIMARY KEY (`id`),
  KEY `name` (`name`),
  KEY `is_template` (`is_template`),
  KEY `is_global` (`is_global`),
  KEY `entities_id` (`entities_id`),
  KEY `manufacturers_id` (`manufacturers_id`),
  KEY `groups_id` (`groups_id`),
  KEY `users_id` (`users_id`),
  KEY `locations_id` (`locations_id`),
  KEY `peripheralmodels_id` (`peripheralmodels_id`),
  KEY `states_id` (`states_id`),
  KEY `users_id_tech` (`users_id_tech`),
  KEY `peripheraltypes_id` (`peripheraltypes_id`),
  KEY `is_deleted` (`is_deleted`),
  KEY `date_mod` (`date_mod`)
) ENGINE=MyISAM DEFAULT CHARSET=utf8 COLLATE=utf8_unicode_ci;
/*!40101 SET character_set_client = @saved_cs_client */;

--
-- Dumping data for table `glpi_peripherals`
--

LOCK TABLES `glpi_peripherals` WRITE;
/*!40000 ALTER TABLE `glpi_peripherals` DISABLE KEYS */;
/*!40000 ALTER TABLE `glpi_peripherals` ENABLE KEYS */;
UNLOCK TABLES;

--
-- Table structure for table `glpi_peripheraltypes`
--

DROP TABLE IF EXISTS `glpi_peripheraltypes`;
/*!40101 SET @saved_cs_client     = @@character_set_client */;
/*!40101 SET character_set_client = utf8 */;
CREATE TABLE `glpi_peripheraltypes` (
  `id` int(11) NOT NULL AUTO_INCREMENT,
  `name` varchar(255) COLLATE utf8_unicode_ci DEFAULT NULL,
  `comment` text COLLATE utf8_unicode_ci,
  PRIMARY KEY (`id`),
  KEY `name` (`name`)
) ENGINE=MyISAM AUTO_INCREMENT=16 DEFAULT CHARSET=utf8 COLLATE=utf8_unicode_ci;
/*!40101 SET character_set_client = @saved_cs_client */;

--
-- Dumping data for table `glpi_peripheraltypes`
--

LOCK TABLES `glpi_peripheraltypes` WRITE;
/*!40000 ALTER TABLE `glpi_peripheraltypes` DISABLE KEYS */;
INSERT INTO `glpi_peripheraltypes` VALUES (1,'No-Break',''),(2,'Estabilizador',''),(3,'Unidade de Fita de Backup',''),(4,'Etiquetadora',''),(5,'Global System Position',''),(6,'Webcam',''),(7,'Reflectmetro ptico',''),(8,'Projetor',''),(9,'Carregador Flutuador',''),(10,'Bateria para Unidades de Backup',''),(11,'Switch KVM',''),(12,'Fonte de Alimentao',''),(13,'Conversor de mdia',''),(14,'Cabo Eletrico',''),(15,'Cabo Optico','');
/*!40000 ALTER TABLE `glpi_peripheraltypes` ENABLE KEYS */;
UNLOCK TABLES;

--
-- Table structure for table `glpi_phonemodels`
--

DROP TABLE IF EXISTS `glpi_phonemodels`;
/*!40101 SET @saved_cs_client     = @@character_set_client */;
/*!40101 SET character_set_client = utf8 */;
CREATE TABLE `glpi_phonemodels` (
  `id` int(11) NOT NULL AUTO_INCREMENT,
  `name` varchar(255) COLLATE utf8_unicode_ci DEFAULT NULL,
  `comment` text COLLATE utf8_unicode_ci,
  PRIMARY KEY (`id`),
  KEY `name` (`name`)
) ENGINE=MyISAM DEFAULT CHARSET=utf8 COLLATE=utf8_unicode_ci;
/*!40101 SET character_set_client = @saved_cs_client */;

--
-- Dumping data for table `glpi_phonemodels`
--

LOCK TABLES `glpi_phonemodels` WRITE;
/*!40000 ALTER TABLE `glpi_phonemodels` DISABLE KEYS */;
/*!40000 ALTER TABLE `glpi_phonemodels` ENABLE KEYS */;
UNLOCK TABLES;

--
-- Table structure for table `glpi_phonepowersupplies`
--

DROP TABLE IF EXISTS `glpi_phonepowersupplies`;
/*!40101 SET @saved_cs_client     = @@character_set_client */;
/*!40101 SET character_set_client = utf8 */;
CREATE TABLE `glpi_phonepowersupplies` (
  `id` int(11) NOT NULL AUTO_INCREMENT,
  `name` varchar(255) COLLATE utf8_unicode_ci DEFAULT NULL,
  `comment` text COLLATE utf8_unicode_ci,
  PRIMARY KEY (`id`),
  KEY `name` (`name`)
) ENGINE=MyISAM DEFAULT CHARSET=utf8 COLLATE=utf8_unicode_ci;
/*!40101 SET character_set_client = @saved_cs_client */;

--
-- Dumping data for table `glpi_phonepowersupplies`
--

LOCK TABLES `glpi_phonepowersupplies` WRITE;
/*!40000 ALTER TABLE `glpi_phonepowersupplies` DISABLE KEYS */;
/*!40000 ALTER TABLE `glpi_phonepowersupplies` ENABLE KEYS */;
UNLOCK TABLES;

--
-- Table structure for table `glpi_phones`
--

DROP TABLE IF EXISTS `glpi_phones`;
/*!40101 SET @saved_cs_client     = @@character_set_client */;
/*!40101 SET character_set_client = utf8 */;
CREATE TABLE `glpi_phones` (
  `id` int(11) NOT NULL AUTO_INCREMENT,
  `entities_id` int(11) NOT NULL DEFAULT '0',
  `name` varchar(255) COLLATE utf8_unicode_ci DEFAULT NULL,
  `date_mod` datetime DEFAULT NULL,
  `contact` varchar(255) COLLATE utf8_unicode_ci DEFAULT NULL,
  `contact_num` varchar(255) COLLATE utf8_unicode_ci DEFAULT NULL,
  `users_id_tech` int(11) NOT NULL DEFAULT '0',
  `comment` text COLLATE utf8_unicode_ci,
  `serial` varchar(255) COLLATE utf8_unicode_ci DEFAULT NULL,
  `otherserial` varchar(255) COLLATE utf8_unicode_ci DEFAULT NULL,
  `firmware` varchar(255) COLLATE utf8_unicode_ci DEFAULT NULL,
  `locations_id` int(11) NOT NULL DEFAULT '0',
  `phonetypes_id` int(11) NOT NULL DEFAULT '0',
  `phonemodels_id` int(11) NOT NULL DEFAULT '0',
  `brand` varchar(255) COLLATE utf8_unicode_ci DEFAULT NULL,
  `phonepowersupplies_id` int(11) NOT NULL DEFAULT '0',
  `number_line` varchar(255) COLLATE utf8_unicode_ci DEFAULT NULL,
  `have_headset` tinyint(1) NOT NULL DEFAULT '0',
  `have_hp` tinyint(1) NOT NULL DEFAULT '0',
  `manufacturers_id` int(11) NOT NULL DEFAULT '0',
  `is_global` tinyint(1) NOT NULL DEFAULT '0',
  `is_deleted` tinyint(1) NOT NULL DEFAULT '0',
  `is_template` tinyint(1) NOT NULL DEFAULT '0',
  `template_name` varchar(255) COLLATE utf8_unicode_ci DEFAULT NULL,
  `notepad` longtext COLLATE utf8_unicode_ci,
  `users_id` int(11) NOT NULL DEFAULT '0',
  `groups_id` int(11) NOT NULL DEFAULT '0',
  `states_id` int(11) NOT NULL DEFAULT '0',
  `ticket_tco` decimal(20,4) DEFAULT '0.0000',
  PRIMARY KEY (`id`),
  KEY `name` (`name`),
  KEY `is_template` (`is_template`),
  KEY `is_global` (`is_global`),
  KEY `entities_id` (`entities_id`),
  KEY `manufacturers_id` (`manufacturers_id`),
  KEY `groups_id` (`groups_id`),
  KEY `users_id` (`users_id`),
  KEY `locations_id` (`locations_id`),
  KEY `phonemodels_id` (`phonemodels_id`),
  KEY `phonepowersupplies_id` (`phonepowersupplies_id`),
  KEY `states_id` (`states_id`),
  KEY `users_id_tech` (`users_id_tech`),
  KEY `phonetypes_id` (`phonetypes_id`),
  KEY `is_deleted` (`is_deleted`),
  KEY `date_mod` (`date_mod`)
) ENGINE=MyISAM DEFAULT CHARSET=utf8 COLLATE=utf8_unicode_ci;
/*!40101 SET character_set_client = @saved_cs_client */;

--
-- Dumping data for table `glpi_phones`
--

LOCK TABLES `glpi_phones` WRITE;
/*!40000 ALTER TABLE `glpi_phones` DISABLE KEYS */;
/*!40000 ALTER TABLE `glpi_phones` ENABLE KEYS */;
UNLOCK TABLES;

--
-- Table structure for table `glpi_phonetypes`
--

DROP TABLE IF EXISTS `glpi_phonetypes`;
/*!40101 SET @saved_cs_client     = @@character_set_client */;
/*!40101 SET character_set_client = utf8 */;
CREATE TABLE `glpi_phonetypes` (
  `id` int(11) NOT NULL AUTO_INCREMENT,
  `name` varchar(255) COLLATE utf8_unicode_ci DEFAULT NULL,
  `comment` text COLLATE utf8_unicode_ci,
  PRIMARY KEY (`id`),
  KEY `name` (`name`)
) ENGINE=MyISAM AUTO_INCREMENT=3 DEFAULT CHARSET=utf8 COLLATE=utf8_unicode_ci;
/*!40101 SET character_set_client = @saved_cs_client */;

--
-- Dumping data for table `glpi_phonetypes`
--

LOCK TABLES `glpi_phonetypes` WRITE;
/*!40000 ALTER TABLE `glpi_phonetypes` DISABLE KEYS */;
INSERT INTO `glpi_phonetypes` VALUES (1,'IP Phone',''),(2,'Celular SmartPhone','');
/*!40000 ALTER TABLE `glpi_phonetypes` ENABLE KEYS */;
UNLOCK TABLES;

--
-- Table structure for table `glpi_plugins`
--

DROP TABLE IF EXISTS `glpi_plugins`;
/*!40101 SET @saved_cs_client     = @@character_set_client */;
/*!40101 SET character_set_client = utf8 */;
CREATE TABLE `glpi_plugins` (
  `id` int(11) NOT NULL AUTO_INCREMENT,
  `directory` varchar(255) COLLATE utf8_unicode_ci NOT NULL,
  `name` varchar(255) COLLATE utf8_unicode_ci NOT NULL,
  `version` varchar(255) COLLATE utf8_unicode_ci NOT NULL,
  `state` int(11) NOT NULL DEFAULT '0' COMMENT 'see define.php PLUGIN_* constant',
  `author` varchar(255) COLLATE utf8_unicode_ci DEFAULT NULL,
  `homepage` varchar(255) COLLATE utf8_unicode_ci DEFAULT NULL,
  PRIMARY KEY (`id`),
  UNIQUE KEY `unicity` (`directory`),
  KEY `state` (`state`)
) ENGINE=MyISAM DEFAULT CHARSET=utf8 COLLATE=utf8_unicode_ci;
/*!40101 SET character_set_client = @saved_cs_client */;

--
-- Dumping data for table `glpi_plugins`
--

LOCK TABLES `glpi_plugins` WRITE;
/*!40000 ALTER TABLE `glpi_plugins` DISABLE KEYS */;
/*!40000 ALTER TABLE `glpi_plugins` ENABLE KEYS */;
UNLOCK TABLES;

--
-- Table structure for table `glpi_printermodels`
--

DROP TABLE IF EXISTS `glpi_printermodels`;
/*!40101 SET @saved_cs_client     = @@character_set_client */;
/*!40101 SET character_set_client = utf8 */;
CREATE TABLE `glpi_printermodels` (
  `id` int(11) NOT NULL AUTO_INCREMENT,
  `name` varchar(255) COLLATE utf8_unicode_ci DEFAULT NULL,
  `comment` text COLLATE utf8_unicode_ci,
  PRIMARY KEY (`id`),
  KEY `name` (`name`)
) ENGINE=MyISAM DEFAULT CHARSET=utf8 COLLATE=utf8_unicode_ci;
/*!40101 SET character_set_client = @saved_cs_client */;

--
-- Dumping data for table `glpi_printermodels`
--

LOCK TABLES `glpi_printermodels` WRITE;
/*!40000 ALTER TABLE `glpi_printermodels` DISABLE KEYS */;
/*!40000 ALTER TABLE `glpi_printermodels` ENABLE KEYS */;
UNLOCK TABLES;

--
-- Table structure for table `glpi_printers`
--

DROP TABLE IF EXISTS `glpi_printers`;
/*!40101 SET @saved_cs_client     = @@character_set_client */;
/*!40101 SET character_set_client = utf8 */;
CREATE TABLE `glpi_printers` (
  `id` int(11) NOT NULL AUTO_INCREMENT,
  `entities_id` int(11) NOT NULL DEFAULT '0',
  `is_recursive` tinyint(1) NOT NULL DEFAULT '0',
  `name` varchar(255) COLLATE utf8_unicode_ci DEFAULT NULL,
  `date_mod` datetime DEFAULT NULL,
  `contact` varchar(255) COLLATE utf8_unicode_ci DEFAULT NULL,
  `contact_num` varchar(255) COLLATE utf8_unicode_ci DEFAULT NULL,
  `users_id_tech` int(11) NOT NULL DEFAULT '0',
  `serial` varchar(255) COLLATE utf8_unicode_ci DEFAULT NULL,
  `otherserial` varchar(255) COLLATE utf8_unicode_ci DEFAULT NULL,
  `have_serial` tinyint(1) NOT NULL DEFAULT '0',
  `have_parallel` tinyint(1) NOT NULL DEFAULT '0',
  `have_usb` tinyint(1) NOT NULL DEFAULT '0',
  `have_wifi` tinyint(1) NOT NULL DEFAULT '0',
  `have_ethernet` tinyint(1) NOT NULL DEFAULT '0',
  `comment` text COLLATE utf8_unicode_ci,
  `memory_size` varchar(255) COLLATE utf8_unicode_ci DEFAULT NULL,
  `locations_id` int(11) NOT NULL DEFAULT '0',
  `domains_id` int(11) NOT NULL DEFAULT '0',
  `networks_id` int(11) NOT NULL DEFAULT '0',
  `printertypes_id` int(11) NOT NULL DEFAULT '0',
  `printermodels_id` int(11) NOT NULL DEFAULT '0',
  `manufacturers_id` int(11) NOT NULL DEFAULT '0',
  `is_global` tinyint(1) NOT NULL DEFAULT '0',
  `is_deleted` tinyint(1) NOT NULL DEFAULT '0',
  `is_template` tinyint(1) NOT NULL DEFAULT '0',
  `template_name` varchar(255) COLLATE utf8_unicode_ci DEFAULT NULL,
  `init_pages_counter` int(11) NOT NULL DEFAULT '0',
  `notepad` longtext COLLATE utf8_unicode_ci,
  `users_id` int(11) NOT NULL DEFAULT '0',
  `groups_id` int(11) NOT NULL DEFAULT '0',
  `states_id` int(11) NOT NULL DEFAULT '0',
  `ticket_tco` decimal(20,4) DEFAULT '0.0000',
  PRIMARY KEY (`id`),
  KEY `name` (`name`),
  KEY `is_template` (`is_template`),
  KEY `is_global` (`is_global`),
  KEY `domains_id` (`domains_id`),
  KEY `entities_id` (`entities_id`),
  KEY `manufacturers_id` (`manufacturers_id`),
  KEY `groups_id` (`groups_id`),
  KEY `users_id` (`users_id`),
  KEY `locations_id` (`locations_id`),
  KEY `printermodels_id` (`printermodels_id`),
  KEY `networks_id` (`networks_id`),
  KEY `states_id` (`states_id`),
  KEY `users_id_tech` (`users_id_tech`),
  KEY `printertypes_id` (`printertypes_id`),
  KEY `is_deleted` (`is_deleted`),
  KEY `date_mod` (`date_mod`)
) ENGINE=MyISAM DEFAULT CHARSET=utf8 COLLATE=utf8_unicode_ci;
/*!40101 SET character_set_client = @saved_cs_client */;

--
-- Dumping data for table `glpi_printers`
--

LOCK TABLES `glpi_printers` WRITE;
/*!40000 ALTER TABLE `glpi_printers` DISABLE KEYS */;
/*!40000 ALTER TABLE `glpi_printers` ENABLE KEYS */;
UNLOCK TABLES;

--
-- Table structure for table `glpi_printertypes`
--

DROP TABLE IF EXISTS `glpi_printertypes`;
/*!40101 SET @saved_cs_client     = @@character_set_client */;
/*!40101 SET character_set_client = utf8 */;
CREATE TABLE `glpi_printertypes` (
  `id` int(11) NOT NULL AUTO_INCREMENT,
  `name` varchar(255) COLLATE utf8_unicode_ci DEFAULT NULL,
  `comment` text COLLATE utf8_unicode_ci,
  PRIMARY KEY (`id`),
  KEY `name` (`name`)
) ENGINE=MyISAM AUTO_INCREMENT=5 DEFAULT CHARSET=utf8 COLLATE=utf8_unicode_ci;
/*!40101 SET character_set_client = @saved_cs_client */;

--
-- Dumping data for table `glpi_printertypes`
--

LOCK TABLES `glpi_printertypes` WRITE;
/*!40000 ALTER TABLE `glpi_printertypes` DISABLE KEYS */;
INSERT INTO `glpi_printertypes` VALUES (1,'Inkjet',''),(2,'Laser',''),(3,'Laserjet',''),(4,'Multifuncional','');
/*!40000 ALTER TABLE `glpi_printertypes` ENABLE KEYS */;
UNLOCK TABLES;

--
-- Table structure for table `glpi_profiles`
--

DROP TABLE IF EXISTS `glpi_profiles`;
/*!40101 SET @saved_cs_client     = @@character_set_client */;
/*!40101 SET character_set_client = utf8 */;
CREATE TABLE `glpi_profiles` (
  `id` int(11) NOT NULL AUTO_INCREMENT,
  `name` varchar(255) COLLATE utf8_unicode_ci DEFAULT NULL,
  `interface` varchar(255) COLLATE utf8_unicode_ci DEFAULT 'helpdesk',
  `is_default` tinyint(1) NOT NULL DEFAULT '0',
  `computer` char(1) COLLATE utf8_unicode_ci DEFAULT NULL,
  `monitor` char(1) COLLATE utf8_unicode_ci DEFAULT NULL,
  `software` char(1) COLLATE utf8_unicode_ci DEFAULT NULL,
  `networking` char(1) COLLATE utf8_unicode_ci DEFAULT NULL,
  `printer` char(1) COLLATE utf8_unicode_ci DEFAULT NULL,
  `peripheral` char(1) COLLATE utf8_unicode_ci DEFAULT NULL,
  `cartridge` char(1) COLLATE utf8_unicode_ci DEFAULT NULL,
  `consumable` char(1) COLLATE utf8_unicode_ci DEFAULT NULL,
  `phone` char(1) COLLATE utf8_unicode_ci DEFAULT NULL,
  `notes` char(1) COLLATE utf8_unicode_ci DEFAULT NULL,
  `contact_enterprise` char(1) COLLATE utf8_unicode_ci DEFAULT NULL,
  `document` char(1) COLLATE utf8_unicode_ci DEFAULT NULL,
  `contract` char(1) COLLATE utf8_unicode_ci DEFAULT NULL,
  `infocom` char(1) COLLATE utf8_unicode_ci DEFAULT NULL,
  `knowbase` char(1) COLLATE utf8_unicode_ci DEFAULT NULL,
  `faq` char(1) COLLATE utf8_unicode_ci DEFAULT NULL,
  `reservation_helpdesk` char(1) COLLATE utf8_unicode_ci DEFAULT NULL,
  `reservation_central` char(1) COLLATE utf8_unicode_ci DEFAULT NULL,
  `reports` char(1) COLLATE utf8_unicode_ci DEFAULT NULL,
  `ocsng` char(1) COLLATE utf8_unicode_ci DEFAULT NULL,
  `view_ocsng` char(1) COLLATE utf8_unicode_ci DEFAULT NULL,
  `sync_ocsng` char(1) COLLATE utf8_unicode_ci DEFAULT NULL,
  `dropdown` char(1) COLLATE utf8_unicode_ci DEFAULT NULL,
  `entity_dropdown` char(1) COLLATE utf8_unicode_ci DEFAULT NULL,
  `device` char(1) COLLATE utf8_unicode_ci DEFAULT NULL,
  `typedoc` char(1) COLLATE utf8_unicode_ci DEFAULT NULL,
  `link` char(1) COLLATE utf8_unicode_ci DEFAULT NULL,
  `config` char(1) COLLATE utf8_unicode_ci DEFAULT NULL,
  `rule_ticket` char(1) COLLATE utf8_unicode_ci DEFAULT NULL,
  `entity_rule_ticket` char(1) COLLATE utf8_unicode_ci DEFAULT NULL,
  `rule_ocs` char(1) COLLATE utf8_unicode_ci DEFAULT NULL,
  `rule_ldap` char(1) COLLATE utf8_unicode_ci DEFAULT NULL,
  `rule_softwarecategories` char(1) COLLATE utf8_unicode_ci DEFAULT NULL,
  `search_config` char(1) COLLATE utf8_unicode_ci DEFAULT NULL,
  `search_config_global` char(1) COLLATE utf8_unicode_ci DEFAULT NULL,
  `check_update` char(1) COLLATE utf8_unicode_ci DEFAULT NULL,
  `profile` char(1) COLLATE utf8_unicode_ci DEFAULT NULL,
  `user` char(1) COLLATE utf8_unicode_ci DEFAULT NULL,
  `user_authtype` char(1) COLLATE utf8_unicode_ci DEFAULT NULL,
  `group` char(1) COLLATE utf8_unicode_ci DEFAULT NULL,
  `entity` char(1) COLLATE utf8_unicode_ci DEFAULT NULL,
  `transfer` char(1) COLLATE utf8_unicode_ci DEFAULT NULL,
  `logs` char(1) COLLATE utf8_unicode_ci DEFAULT NULL,
  `reminder_public` char(1) COLLATE utf8_unicode_ci DEFAULT NULL,
  `bookmark_public` char(1) COLLATE utf8_unicode_ci DEFAULT NULL,
  `backup` char(1) COLLATE utf8_unicode_ci DEFAULT NULL,
  `create_ticket` char(1) COLLATE utf8_unicode_ci DEFAULT NULL,
  `delete_ticket` char(1) COLLATE utf8_unicode_ci DEFAULT NULL,
  `add_followups` char(1) COLLATE utf8_unicode_ci DEFAULT NULL,
  `group_add_followups` char(1) COLLATE utf8_unicode_ci DEFAULT NULL,
  `global_add_followups` char(1) COLLATE utf8_unicode_ci DEFAULT NULL,
  `global_add_tasks` char(1) COLLATE utf8_unicode_ci DEFAULT NULL,
  `update_ticket` char(1) COLLATE utf8_unicode_ci DEFAULT NULL,
  `update_priority` char(1) COLLATE utf8_unicode_ci DEFAULT NULL,
  `own_ticket` char(1) COLLATE utf8_unicode_ci DEFAULT NULL,
  `steal_ticket` char(1) COLLATE utf8_unicode_ci DEFAULT NULL,
  `assign_ticket` char(1) COLLATE utf8_unicode_ci DEFAULT NULL,
  `show_all_ticket` char(1) COLLATE utf8_unicode_ci DEFAULT NULL,
  `show_assign_ticket` char(1) COLLATE utf8_unicode_ci DEFAULT NULL,
  `show_full_ticket` char(1) COLLATE utf8_unicode_ci DEFAULT NULL,
  `observe_ticket` char(1) COLLATE utf8_unicode_ci DEFAULT NULL,
  `update_followups` char(1) COLLATE utf8_unicode_ci DEFAULT NULL,
  `update_tasks` char(1) COLLATE utf8_unicode_ci DEFAULT NULL,
  `show_planning` char(1) COLLATE utf8_unicode_ci DEFAULT NULL,
  `show_group_planning` char(1) COLLATE utf8_unicode_ci DEFAULT NULL,
  `show_all_planning` char(1) COLLATE utf8_unicode_ci DEFAULT NULL,
  `statistic` char(1) COLLATE utf8_unicode_ci DEFAULT NULL,
  `password_update` char(1) COLLATE utf8_unicode_ci DEFAULT NULL,
  `helpdesk_hardware` int(11) NOT NULL DEFAULT '0',
  `helpdesk_item_type` text COLLATE utf8_unicode_ci,
  `helpdesk_status` text COLLATE utf8_unicode_ci COMMENT 'json encoded array of from/dest allowed status change',
  `show_group_ticket` char(1) COLLATE utf8_unicode_ci DEFAULT NULL,
  `show_group_hardware` char(1) COLLATE utf8_unicode_ci DEFAULT NULL,
  `rule_dictionnary_software` char(1) COLLATE utf8_unicode_ci DEFAULT NULL,
  `rule_dictionnary_dropdown` char(1) COLLATE utf8_unicode_ci DEFAULT NULL,
  `budget` char(1) COLLATE utf8_unicode_ci DEFAULT NULL,
  `import_externalauth_users` char(1) COLLATE utf8_unicode_ci DEFAULT NULL,
  `notification` char(1) COLLATE utf8_unicode_ci DEFAULT NULL,
  `rule_mailcollector` char(1) COLLATE utf8_unicode_ci DEFAULT NULL,
  `date_mod` datetime DEFAULT NULL,
  `comment` text COLLATE utf8_unicode_ci,
  `validate_ticket` char(1) COLLATE utf8_unicode_ci DEFAULT NULL,
  `create_validation` char(1) COLLATE utf8_unicode_ci DEFAULT NULL,
  PRIMARY KEY (`id`),
  KEY `interface` (`interface`),
  KEY `is_default` (`is_default`),
  KEY `date_mod` (`date_mod`)
) ENGINE=MyISAM AUTO_INCREMENT=5 DEFAULT CHARSET=utf8 COLLATE=utf8_unicode_ci;
/*!40101 SET character_set_client = @saved_cs_client */;

--
-- Dumping data for table `glpi_profiles`
--

LOCK TABLES `glpi_profiles` WRITE;
/*!40000 ALTER TABLE `glpi_profiles` DISABLE KEYS */;
INSERT INTO `glpi_profiles` VALUES (1,'post-only','helpdesk',1,NULL,NULL,NULL,NULL,NULL,NULL,NULL,NULL,NULL,NULL,NULL,NULL,NULL,NULL,NULL,'r','1',NULL,NULL,NULL,NULL,NULL,NULL,NULL,NULL,NULL,NULL,NULL,NULL,NULL,NULL,NULL,NULL,NULL,NULL,NULL,NULL,NULL,NULL,NULL,NULL,NULL,NULL,NULL,NULL,NULL,'1',NULL,'1',NULL,NULL,NULL,NULL,NULL,NULL,NULL,NULL,NULL,NULL,NULL,'1',NULL,NULL,NULL,NULL,NULL,NULL,'1',1,'[\"Computer\",\"Software\",\"Phone\"]',NULL,'0','0',NULL,NULL,NULL,NULL,NULL,NULL,NULL,NULL,NULL,NULL),(2,'normal','central',0,'r','r','r','r','r','r','r','r','r','r','r','r','r','r','r','r','1','r','r',NULL,'r',NULL,NULL,NULL,NULL,'r','r',NULL,NULL,NULL,NULL,NULL,NULL,'w',NULL,'r',NULL,'r','r','r',NULL,NULL,NULL,NULL,NULL,NULL,'1','1','1','0','0','0','0','0','1','0','0','1','1','0','1','0','0','1','0','0','1','1',1,'[\"Computer\",\"Software\",\"Phone\"]',NULL,'0','0',NULL,NULL,'r',NULL,NULL,NULL,NULL,NULL,'1','1'),(3,'admin','central',0,'w','w','w','w','w','w','w','w','w','w','w','w','w','w','w','w','1','w','r','w','r','w','w','w','w','w','w',NULL,NULL,NULL,NULL,NULL,NULL,'w','w','r','r','w','w','w',NULL,NULL,NULL,NULL,NULL,NULL,'1','1','1','1','1','1','1','1','1','1','1','1','1','1','1','1','1','1','1','1','1','1',3,'[\"Computer\",\"Software\",\"Phone\"]',NULL,'0','0',NULL,NULL,'w','w',NULL,NULL,NULL,NULL,'1','1'),(4,'super-admin','central',0,'w','w','w','w','w','w','w','w','w','w','w','w','w','w','w','w','1','w','r','w','r','w','w','w','w','w','w','w','r','w','w','w','w','w','w','r','w','w','w','w','w','w','r','w','w','w','1','1','1','1','1','1','1','1','1','1','1','1','1','1','1','1','1','1','1','1','1','1',3,'[\"Computer\",\"Software\",\"Phone\"]',NULL,'0','0','w','w','w','w','w','w',NULL,NULL,'1','1');
/*!40000 ALTER TABLE `glpi_profiles` ENABLE KEYS */;
UNLOCK TABLES;

--
-- Table structure for table `glpi_profiles_users`
--

DROP TABLE IF EXISTS `glpi_profiles_users`;
/*!40101 SET @saved_cs_client     = @@character_set_client */;
/*!40101 SET character_set_client = utf8 */;
CREATE TABLE `glpi_profiles_users` (
  `id` int(11) NOT NULL AUTO_INCREMENT,
  `users_id` int(11) NOT NULL DEFAULT '0',
  `profiles_id` int(11) NOT NULL DEFAULT '0',
  `entities_id` int(11) NOT NULL DEFAULT '0',
  `is_recursive` tinyint(1) NOT NULL DEFAULT '1',
  `is_dynamic` tinyint(1) NOT NULL DEFAULT '0',
  PRIMARY KEY (`id`),
  KEY `entities_id` (`entities_id`),
  KEY `profiles_id` (`profiles_id`),
  KEY `users_id` (`users_id`),
  KEY `is_recursive` (`is_recursive`),
  KEY `is_dynamic` (`is_dynamic`)
) ENGINE=MyISAM AUTO_INCREMENT=6 DEFAULT CHARSET=utf8 COLLATE=utf8_unicode_ci;
/*!40101 SET character_set_client = @saved_cs_client */;

--
-- Dumping data for table `glpi_profiles_users`
--

LOCK TABLES `glpi_profiles_users` WRITE;
/*!40000 ALTER TABLE `glpi_profiles_users` DISABLE KEYS */;
INSERT INTO `glpi_profiles_users` VALUES (2,2,4,0,1,0),(3,3,1,0,1,0),(4,4,4,0,1,0),(5,5,2,0,1,0);
/*!40000 ALTER TABLE `glpi_profiles_users` ENABLE KEYS */;
UNLOCK TABLES;

--
-- Table structure for table `glpi_registrykeys`
--

DROP TABLE IF EXISTS `glpi_registrykeys`;
/*!40101 SET @saved_cs_client     = @@character_set_client */;
/*!40101 SET character_set_client = utf8 */;
CREATE TABLE `glpi_registrykeys` (
  `id` int(11) NOT NULL AUTO_INCREMENT,
  `computers_id` int(11) NOT NULL DEFAULT '0',
  `hive` varchar(255) COLLATE utf8_unicode_ci DEFAULT NULL,
  `path` varchar(255) COLLATE utf8_unicode_ci DEFAULT NULL,
  `value` varchar(255) COLLATE utf8_unicode_ci DEFAULT NULL,
  `ocs_name` varchar(255) COLLATE utf8_unicode_ci DEFAULT NULL,
  PRIMARY KEY (`id`),
  KEY `computers_id` (`computers_id`)
) ENGINE=MyISAM DEFAULT CHARSET=utf8 COLLATE=utf8_unicode_ci;
/*!40101 SET character_set_client = @saved_cs_client */;

--
-- Dumping data for table `glpi_registrykeys`
--

LOCK TABLES `glpi_registrykeys` WRITE;
/*!40000 ALTER TABLE `glpi_registrykeys` DISABLE KEYS */;
/*!40000 ALTER TABLE `glpi_registrykeys` ENABLE KEYS */;
UNLOCK TABLES;

--
-- Table structure for table `glpi_reminders`
--

DROP TABLE IF EXISTS `glpi_reminders`;
/*!40101 SET @saved_cs_client     = @@character_set_client */;
/*!40101 SET character_set_client = utf8 */;
CREATE TABLE `glpi_reminders` (
  `id` int(11) NOT NULL AUTO_INCREMENT,
  `entities_id` int(11) NOT NULL DEFAULT '0',
  `date` datetime DEFAULT NULL,
  `users_id` int(11) NOT NULL DEFAULT '0',
  `name` varchar(255) COLLATE utf8_unicode_ci DEFAULT NULL,
  `text` text COLLATE utf8_unicode_ci,
  `is_private` tinyint(1) NOT NULL DEFAULT '1',
  `is_recursive` tinyint(1) NOT NULL DEFAULT '0',
  `begin` datetime DEFAULT NULL,
  `end` datetime DEFAULT NULL,
  `is_planned` tinyint(1) NOT NULL DEFAULT '0',
  `date_mod` datetime DEFAULT NULL,
  `state` int(11) NOT NULL DEFAULT '0',
  PRIMARY KEY (`id`),
  KEY `date` (`date`),
  KEY `begin` (`begin`),
  KEY `end` (`end`),
  KEY `entities_id` (`entities_id`),
  KEY `users_id` (`users_id`),
  KEY `is_private` (`is_private`),
  KEY `is_recursive` (`is_recursive`),
  KEY `is_planned` (`is_planned`),
  KEY `state` (`state`),
  KEY `date_mod` (`date_mod`)
) ENGINE=MyISAM DEFAULT CHARSET=utf8 COLLATE=utf8_unicode_ci;
/*!40101 SET character_set_client = @saved_cs_client */;

--
-- Dumping data for table `glpi_reminders`
--

LOCK TABLES `glpi_reminders` WRITE;
/*!40000 ALTER TABLE `glpi_reminders` DISABLE KEYS */;
/*!40000 ALTER TABLE `glpi_reminders` ENABLE KEYS */;
UNLOCK TABLES;

--
-- Table structure for table `glpi_requesttypes`
--

DROP TABLE IF EXISTS `glpi_requesttypes`;
/*!40101 SET @saved_cs_client     = @@character_set_client */;
/*!40101 SET character_set_client = utf8 */;
CREATE TABLE `glpi_requesttypes` (
  `id` int(11) NOT NULL AUTO_INCREMENT,
  `name` varchar(255) COLLATE utf8_unicode_ci DEFAULT NULL,
  `is_helpdesk_default` tinyint(1) NOT NULL DEFAULT '0',
  `is_mail_default` tinyint(1) NOT NULL DEFAULT '0',
  `comment` text COLLATE utf8_unicode_ci,
  PRIMARY KEY (`id`),
  KEY `name` (`name`),
  KEY `is_helpdesk_default` (`is_helpdesk_default`),
  KEY `is_mail_default` (`is_mail_default`)
) ENGINE=MyISAM AUTO_INCREMENT=7 DEFAULT CHARSET=utf8 COLLATE=utf8_unicode_ci;
/*!40101 SET character_set_client = @saved_cs_client */;

--
-- Dumping data for table `glpi_requesttypes`
--

LOCK TABLES `glpi_requesttypes` WRITE;
/*!40000 ALTER TABLE `glpi_requesttypes` DISABLE KEYS */;
INSERT INTO `glpi_requesttypes` VALUES (1,'Helpdesk',1,0,NULL),(2,'E-Mail',0,1,NULL),(3,'Phone',0,0,NULL),(4,'Direct',0,0,NULL),(5,'Written',0,0,NULL),(6,'Other',0,0,NULL);
/*!40000 ALTER TABLE `glpi_requesttypes` ENABLE KEYS */;
UNLOCK TABLES;

--
-- Table structure for table `glpi_reservationitems`
--

DROP TABLE IF EXISTS `glpi_reservationitems`;
/*!40101 SET @saved_cs_client     = @@character_set_client */;
/*!40101 SET character_set_client = utf8 */;
CREATE TABLE `glpi_reservationitems` (
  `id` int(11) NOT NULL AUTO_INCREMENT,
  `itemtype` varchar(100) COLLATE utf8_unicode_ci NOT NULL,
  `entities_id` int(11) NOT NULL DEFAULT '0',
  `is_recursive` tinyint(1) NOT NULL DEFAULT '0',
  `items_id` int(11) NOT NULL DEFAULT '0',
  `comment` text COLLATE utf8_unicode_ci,
  `is_active` tinyint(1) NOT NULL DEFAULT '1',
  PRIMARY KEY (`id`),
  KEY `is_active` (`is_active`),
  KEY `item` (`itemtype`,`items_id`),
  KEY `entities_id` (`entities_id`),
  KEY `is_recursive` (`is_recursive`)
) ENGINE=MyISAM DEFAULT CHARSET=utf8 COLLATE=utf8_unicode_ci;
/*!40101 SET character_set_client = @saved_cs_client */;

--
-- Dumping data for table `glpi_reservationitems`
--

LOCK TABLES `glpi_reservationitems` WRITE;
/*!40000 ALTER TABLE `glpi_reservationitems` DISABLE KEYS */;
/*!40000 ALTER TABLE `glpi_reservationitems` ENABLE KEYS */;
UNLOCK TABLES;

--
-- Table structure for table `glpi_reservations`
--

DROP TABLE IF EXISTS `glpi_reservations`;
/*!40101 SET @saved_cs_client     = @@character_set_client */;
/*!40101 SET character_set_client = utf8 */;
CREATE TABLE `glpi_reservations` (
  `id` int(11) NOT NULL AUTO_INCREMENT,
  `reservationitems_id` int(11) NOT NULL DEFAULT '0',
  `begin` datetime DEFAULT NULL,
  `end` datetime DEFAULT NULL,
  `users_id` int(11) NOT NULL DEFAULT '0',
  `comment` text COLLATE utf8_unicode_ci,
  PRIMARY KEY (`id`),
  KEY `begin` (`begin`),
  KEY `end` (`end`),
  KEY `reservationitems_id` (`reservationitems_id`),
  KEY `users_id` (`users_id`)
) ENGINE=MyISAM DEFAULT CHARSET=utf8 COLLATE=utf8_unicode_ci;
/*!40101 SET character_set_client = @saved_cs_client */;

--
-- Dumping data for table `glpi_reservations`
--

LOCK TABLES `glpi_reservations` WRITE;
/*!40000 ALTER TABLE `glpi_reservations` DISABLE KEYS */;
/*!40000 ALTER TABLE `glpi_reservations` ENABLE KEYS */;
UNLOCK TABLES;

--
-- Table structure for table `glpi_ruleactions`
--

DROP TABLE IF EXISTS `glpi_ruleactions`;
/*!40101 SET @saved_cs_client     = @@character_set_client */;
/*!40101 SET character_set_client = utf8 */;
CREATE TABLE `glpi_ruleactions` (
  `id` int(11) NOT NULL AUTO_INCREMENT,
  `rules_id` int(11) NOT NULL DEFAULT '0',
  `action_type` varchar(255) COLLATE utf8_unicode_ci DEFAULT NULL COMMENT 'VALUE IN (assign, regex_result, append_regex_result, affectbyip, affectbyfqdn, affectbymac)',
  `field` varchar(255) COLLATE utf8_unicode_ci DEFAULT NULL,
  `value` varchar(255) COLLATE utf8_unicode_ci DEFAULT NULL,
  PRIMARY KEY (`id`),
  KEY `rules_id` (`rules_id`)
) ENGINE=MyISAM AUTO_INCREMENT=4 DEFAULT CHARSET=utf8 COLLATE=utf8_unicode_ci;
/*!40101 SET character_set_client = @saved_cs_client */;

--
-- Dumping data for table `glpi_ruleactions`
--

LOCK TABLES `glpi_ruleactions` WRITE;
/*!40000 ALTER TABLE `glpi_ruleactions` DISABLE KEYS */;
INSERT INTO `glpi_ruleactions` VALUES (1,1,'assign','entities_id','0'),(2,2,'assign','entities_id','0'),(3,3,'assign','entities_id','0');
/*!40000 ALTER TABLE `glpi_ruleactions` ENABLE KEYS */;
UNLOCK TABLES;

--
-- Table structure for table `glpi_rulecachecomputermodels`
--

DROP TABLE IF EXISTS `glpi_rulecachecomputermodels`;
/*!40101 SET @saved_cs_client     = @@character_set_client */;
/*!40101 SET character_set_client = utf8 */;
CREATE TABLE `glpi_rulecachecomputermodels` (
  `id` int(11) NOT NULL AUTO_INCREMENT,
  `old_value` varchar(255) COLLATE utf8_unicode_ci DEFAULT NULL,
  `rules_id` int(11) NOT NULL DEFAULT '0',
  `new_value` varchar(255) COLLATE utf8_unicode_ci DEFAULT NULL,
  `manufacturer` varchar(255) COLLATE utf8_unicode_ci DEFAULT NULL,
  PRIMARY KEY (`id`),
  KEY `old_value` (`old_value`),
  KEY `rules_id` (`rules_id`)
) ENGINE=MyISAM DEFAULT CHARSET=utf8 COLLATE=utf8_unicode_ci;
/*!40101 SET character_set_client = @saved_cs_client */;

--
-- Dumping data for table `glpi_rulecachecomputermodels`
--

LOCK TABLES `glpi_rulecachecomputermodels` WRITE;
/*!40000 ALTER TABLE `glpi_rulecachecomputermodels` DISABLE KEYS */;
/*!40000 ALTER TABLE `glpi_rulecachecomputermodels` ENABLE KEYS */;
UNLOCK TABLES;

--
-- Table structure for table `glpi_rulecachecomputertypes`
--

DROP TABLE IF EXISTS `glpi_rulecachecomputertypes`;
/*!40101 SET @saved_cs_client     = @@character_set_client */;
/*!40101 SET character_set_client = utf8 */;
CREATE TABLE `glpi_rulecachecomputertypes` (
  `id` int(11) NOT NULL AUTO_INCREMENT,
  `old_value` varchar(255) COLLATE utf8_unicode_ci DEFAULT NULL,
  `rules_id` int(11) NOT NULL DEFAULT '0',
  `new_value` varchar(255) COLLATE utf8_unicode_ci DEFAULT NULL,
  PRIMARY KEY (`id`),
  KEY `old_value` (`old_value`),
  KEY `rules_id` (`rules_id`)
) ENGINE=MyISAM DEFAULT CHARSET=utf8 COLLATE=utf8_unicode_ci;
/*!40101 SET character_set_client = @saved_cs_client */;

--
-- Dumping data for table `glpi_rulecachecomputertypes`
--

LOCK TABLES `glpi_rulecachecomputertypes` WRITE;
/*!40000 ALTER TABLE `glpi_rulecachecomputertypes` DISABLE KEYS */;
/*!40000 ALTER TABLE `glpi_rulecachecomputertypes` ENABLE KEYS */;
UNLOCK TABLES;

--
-- Table structure for table `glpi_rulecachemanufacturers`
--

DROP TABLE IF EXISTS `glpi_rulecachemanufacturers`;
/*!40101 SET @saved_cs_client     = @@character_set_client */;
/*!40101 SET character_set_client = utf8 */;
CREATE TABLE `glpi_rulecachemanufacturers` (
  `id` int(11) NOT NULL AUTO_INCREMENT,
  `old_value` varchar(255) COLLATE utf8_unicode_ci DEFAULT NULL,
  `rules_id` int(11) NOT NULL DEFAULT '0',
  `new_value` varchar(255) COLLATE utf8_unicode_ci DEFAULT NULL,
  PRIMARY KEY (`id`),
  KEY `old_value` (`old_value`),
  KEY `rules_id` (`rules_id`)
) ENGINE=MyISAM DEFAULT CHARSET=utf8 COLLATE=utf8_unicode_ci;
/*!40101 SET character_set_client = @saved_cs_client */;

--
-- Dumping data for table `glpi_rulecachemanufacturers`
--

LOCK TABLES `glpi_rulecachemanufacturers` WRITE;
/*!40000 ALTER TABLE `glpi_rulecachemanufacturers` DISABLE KEYS */;
/*!40000 ALTER TABLE `glpi_rulecachemanufacturers` ENABLE KEYS */;
UNLOCK TABLES;

--
-- Table structure for table `glpi_rulecachemonitormodels`
--

DROP TABLE IF EXISTS `glpi_rulecachemonitormodels`;
/*!40101 SET @saved_cs_client     = @@character_set_client */;
/*!40101 SET character_set_client = utf8 */;
CREATE TABLE `glpi_rulecachemonitormodels` (
  `id` int(11) NOT NULL AUTO_INCREMENT,
  `old_value` varchar(255) COLLATE utf8_unicode_ci DEFAULT NULL,
  `rules_id` int(11) NOT NULL DEFAULT '0',
  `new_value` varchar(255) COLLATE utf8_unicode_ci DEFAULT NULL,
  `manufacturer` varchar(255) COLLATE utf8_unicode_ci DEFAULT NULL,
  PRIMARY KEY (`id`),
  KEY `old_value` (`old_value`),
  KEY `rules_id` (`rules_id`)
) ENGINE=MyISAM DEFAULT CHARSET=utf8 COLLATE=utf8_unicode_ci;
/*!40101 SET character_set_client = @saved_cs_client */;

--
-- Dumping data for table `glpi_rulecachemonitormodels`
--

LOCK TABLES `glpi_rulecachemonitormodels` WRITE;
/*!40000 ALTER TABLE `glpi_rulecachemonitormodels` DISABLE KEYS */;
/*!40000 ALTER TABLE `glpi_rulecachemonitormodels` ENABLE KEYS */;
UNLOCK TABLES;

--
-- Table structure for table `glpi_rulecachemonitortypes`
--

DROP TABLE IF EXISTS `glpi_rulecachemonitortypes`;
/*!40101 SET @saved_cs_client     = @@character_set_client */;
/*!40101 SET character_set_client = utf8 */;
CREATE TABLE `glpi_rulecachemonitortypes` (
  `id` int(11) NOT NULL AUTO_INCREMENT,
  `old_value` varchar(255) COLLATE utf8_unicode_ci DEFAULT NULL,
  `rules_id` int(11) NOT NULL DEFAULT '0',
  `new_value` varchar(255) COLLATE utf8_unicode_ci DEFAULT NULL,
  PRIMARY KEY (`id`),
  KEY `old_value` (`old_value`),
  KEY `rules_id` (`rules_id`)
) ENGINE=MyISAM DEFAULT CHARSET=utf8 COLLATE=utf8_unicode_ci;
/*!40101 SET character_set_client = @saved_cs_client */;

--
-- Dumping data for table `glpi_rulecachemonitortypes`
--

LOCK TABLES `glpi_rulecachemonitortypes` WRITE;
/*!40000 ALTER TABLE `glpi_rulecachemonitortypes` DISABLE KEYS */;
/*!40000 ALTER TABLE `glpi_rulecachemonitortypes` ENABLE KEYS */;
UNLOCK TABLES;

--
-- Table structure for table `glpi_rulecachenetworkequipmentmodels`
--

DROP TABLE IF EXISTS `glpi_rulecachenetworkequipmentmodels`;
/*!40101 SET @saved_cs_client     = @@character_set_client */;
/*!40101 SET character_set_client = utf8 */;
CREATE TABLE `glpi_rulecachenetworkequipmentmodels` (
  `id` int(11) NOT NULL AUTO_INCREMENT,
  `old_value` varchar(255) COLLATE utf8_unicode_ci DEFAULT NULL,
  `rules_id` int(11) NOT NULL DEFAULT '0',
  `new_value` varchar(255) COLLATE utf8_unicode_ci DEFAULT NULL,
  `manufacturer` varchar(255) COLLATE utf8_unicode_ci DEFAULT NULL,
  PRIMARY KEY (`id`),
  KEY `old_value` (`old_value`),
  KEY `rules_id` (`rules_id`)
) ENGINE=MyISAM DEFAULT CHARSET=utf8 COLLATE=utf8_unicode_ci;
/*!40101 SET character_set_client = @saved_cs_client */;

--
-- Dumping data for table `glpi_rulecachenetworkequipmentmodels`
--

LOCK TABLES `glpi_rulecachenetworkequipmentmodels` WRITE;
/*!40000 ALTER TABLE `glpi_rulecachenetworkequipmentmodels` DISABLE KEYS */;
/*!40000 ALTER TABLE `glpi_rulecachenetworkequipmentmodels` ENABLE KEYS */;
UNLOCK TABLES;

--
-- Table structure for table `glpi_rulecachenetworkequipmenttypes`
--

DROP TABLE IF EXISTS `glpi_rulecachenetworkequipmenttypes`;
/*!40101 SET @saved_cs_client     = @@character_set_client */;
/*!40101 SET character_set_client = utf8 */;
CREATE TABLE `glpi_rulecachenetworkequipmenttypes` (
  `id` int(11) NOT NULL AUTO_INCREMENT,
  `old_value` varchar(255) COLLATE utf8_unicode_ci DEFAULT NULL,
  `rules_id` int(11) NOT NULL DEFAULT '0',
  `new_value` varchar(255) COLLATE utf8_unicode_ci DEFAULT NULL,
  PRIMARY KEY (`id`),
  KEY `old_value` (`old_value`),
  KEY `rules_id` (`rules_id`)
) ENGINE=MyISAM DEFAULT CHARSET=utf8 COLLATE=utf8_unicode_ci;
/*!40101 SET character_set_client = @saved_cs_client */;

--
-- Dumping data for table `glpi_rulecachenetworkequipmenttypes`
--

LOCK TABLES `glpi_rulecachenetworkequipmenttypes` WRITE;
/*!40000 ALTER TABLE `glpi_rulecachenetworkequipmenttypes` DISABLE KEYS */;
/*!40000 ALTER TABLE `glpi_rulecachenetworkequipmenttypes` ENABLE KEYS */;
UNLOCK TABLES;

--
-- Table structure for table `glpi_rulecacheoperatingsystems`
--

DROP TABLE IF EXISTS `glpi_rulecacheoperatingsystems`;
/*!40101 SET @saved_cs_client     = @@character_set_client */;
/*!40101 SET character_set_client = utf8 */;
CREATE TABLE `glpi_rulecacheoperatingsystems` (
  `id` int(11) NOT NULL AUTO_INCREMENT,
  `old_value` varchar(255) COLLATE utf8_unicode_ci DEFAULT NULL,
  `rules_id` int(11) NOT NULL DEFAULT '0',
  `new_value` varchar(255) COLLATE utf8_unicode_ci DEFAULT NULL,
  PRIMARY KEY (`id`),
  KEY `old_value` (`old_value`),
  KEY `rules_id` (`rules_id`)
) ENGINE=MyISAM DEFAULT CHARSET=utf8 COLLATE=utf8_unicode_ci;
/*!40101 SET character_set_client = @saved_cs_client */;

--
-- Dumping data for table `glpi_rulecacheoperatingsystems`
--

LOCK TABLES `glpi_rulecacheoperatingsystems` WRITE;
/*!40000 ALTER TABLE `glpi_rulecacheoperatingsystems` DISABLE KEYS */;
/*!40000 ALTER TABLE `glpi_rulecacheoperatingsystems` ENABLE KEYS */;
UNLOCK TABLES;

--
-- Table structure for table `glpi_rulecacheoperatingsystemservicepacks`
--

DROP TABLE IF EXISTS `glpi_rulecacheoperatingsystemservicepacks`;
/*!40101 SET @saved_cs_client     = @@character_set_client */;
/*!40101 SET character_set_client = utf8 */;
CREATE TABLE `glpi_rulecacheoperatingsystemservicepacks` (
  `id` int(11) NOT NULL AUTO_INCREMENT,
  `old_value` varchar(255) COLLATE utf8_unicode_ci DEFAULT NULL,
  `rules_id` int(11) NOT NULL DEFAULT '0',
  `new_value` varchar(255) COLLATE utf8_unicode_ci DEFAULT NULL,
  PRIMARY KEY (`id`),
  KEY `old_value` (`old_value`),
  KEY `rules_id` (`rules_id`)
) ENGINE=MyISAM DEFAULT CHARSET=utf8 COLLATE=utf8_unicode_ci;
/*!40101 SET character_set_client = @saved_cs_client */;

--
-- Dumping data for table `glpi_rulecacheoperatingsystemservicepacks`
--

LOCK TABLES `glpi_rulecacheoperatingsystemservicepacks` WRITE;
/*!40000 ALTER TABLE `glpi_rulecacheoperatingsystemservicepacks` DISABLE KEYS */;
/*!40000 ALTER TABLE `glpi_rulecacheoperatingsystemservicepacks` ENABLE KEYS */;
UNLOCK TABLES;

--
-- Table structure for table `glpi_rulecacheoperatingsystemversions`
--

DROP TABLE IF EXISTS `glpi_rulecacheoperatingsystemversions`;
/*!40101 SET @saved_cs_client     = @@character_set_client */;
/*!40101 SET character_set_client = utf8 */;
CREATE TABLE `glpi_rulecacheoperatingsystemversions` (
  `id` int(11) NOT NULL AUTO_INCREMENT,
  `old_value` varchar(255) COLLATE utf8_unicode_ci DEFAULT NULL,
  `rules_id` int(11) NOT NULL DEFAULT '0',
  `new_value` varchar(255) COLLATE utf8_unicode_ci DEFAULT NULL,
  PRIMARY KEY (`id`),
  KEY `old_value` (`old_value`),
  KEY `rules_id` (`rules_id`)
) ENGINE=MyISAM DEFAULT CHARSET=utf8 COLLATE=utf8_unicode_ci;
/*!40101 SET character_set_client = @saved_cs_client */;

--
-- Dumping data for table `glpi_rulecacheoperatingsystemversions`
--

LOCK TABLES `glpi_rulecacheoperatingsystemversions` WRITE;
/*!40000 ALTER TABLE `glpi_rulecacheoperatingsystemversions` DISABLE KEYS */;
/*!40000 ALTER TABLE `glpi_rulecacheoperatingsystemversions` ENABLE KEYS */;
UNLOCK TABLES;

--
-- Table structure for table `glpi_rulecacheperipheralmodels`
--

DROP TABLE IF EXISTS `glpi_rulecacheperipheralmodels`;
/*!40101 SET @saved_cs_client     = @@character_set_client */;
/*!40101 SET character_set_client = utf8 */;
CREATE TABLE `glpi_rulecacheperipheralmodels` (
  `id` int(11) NOT NULL AUTO_INCREMENT,
  `old_value` varchar(255) COLLATE utf8_unicode_ci DEFAULT NULL,
  `rules_id` int(11) NOT NULL DEFAULT '0',
  `new_value` varchar(255) COLLATE utf8_unicode_ci DEFAULT NULL,
  `manufacturer` varchar(255) COLLATE utf8_unicode_ci DEFAULT NULL,
  PRIMARY KEY (`id`),
  KEY `old_value` (`old_value`),
  KEY `rules_id` (`rules_id`)
) ENGINE=MyISAM DEFAULT CHARSET=utf8 COLLATE=utf8_unicode_ci;
/*!40101 SET character_set_client = @saved_cs_client */;

--
-- Dumping data for table `glpi_rulecacheperipheralmodels`
--

LOCK TABLES `glpi_rulecacheperipheralmodels` WRITE;
/*!40000 ALTER TABLE `glpi_rulecacheperipheralmodels` DISABLE KEYS */;
/*!40000 ALTER TABLE `glpi_rulecacheperipheralmodels` ENABLE KEYS */;
UNLOCK TABLES;

--
-- Table structure for table `glpi_rulecacheperipheraltypes`
--

DROP TABLE IF EXISTS `glpi_rulecacheperipheraltypes`;
/*!40101 SET @saved_cs_client     = @@character_set_client */;
/*!40101 SET character_set_client = utf8 */;
CREATE TABLE `glpi_rulecacheperipheraltypes` (
  `id` int(11) NOT NULL AUTO_INCREMENT,
  `old_value` varchar(255) COLLATE utf8_unicode_ci DEFAULT NULL,
  `rules_id` int(11) NOT NULL DEFAULT '0',
  `new_value` varchar(255) COLLATE utf8_unicode_ci DEFAULT NULL,
  PRIMARY KEY (`id`),
  KEY `old_value` (`old_value`),
  KEY `rules_id` (`rules_id`)
) ENGINE=MyISAM DEFAULT CHARSET=utf8 COLLATE=utf8_unicode_ci;
/*!40101 SET character_set_client = @saved_cs_client */;

--
-- Dumping data for table `glpi_rulecacheperipheraltypes`
--

LOCK TABLES `glpi_rulecacheperipheraltypes` WRITE;
/*!40000 ALTER TABLE `glpi_rulecacheperipheraltypes` DISABLE KEYS */;
/*!40000 ALTER TABLE `glpi_rulecacheperipheraltypes` ENABLE KEYS */;
UNLOCK TABLES;

--
-- Table structure for table `glpi_rulecachephonemodels`
--

DROP TABLE IF EXISTS `glpi_rulecachephonemodels`;
/*!40101 SET @saved_cs_client     = @@character_set_client */;
/*!40101 SET character_set_client = utf8 */;
CREATE TABLE `glpi_rulecachephonemodels` (
  `id` int(11) NOT NULL AUTO_INCREMENT,
  `old_value` varchar(255) COLLATE utf8_unicode_ci DEFAULT NULL,
  `rules_id` int(11) NOT NULL DEFAULT '0',
  `new_value` varchar(255) COLLATE utf8_unicode_ci DEFAULT NULL,
  `manufacturer` varchar(255) COLLATE utf8_unicode_ci DEFAULT NULL,
  PRIMARY KEY (`id`),
  KEY `old_value` (`old_value`),
  KEY `rules_id` (`rules_id`)
) ENGINE=MyISAM DEFAULT CHARSET=utf8 COLLATE=utf8_unicode_ci;
/*!40101 SET character_set_client = @saved_cs_client */;

--
-- Dumping data for table `glpi_rulecachephonemodels`
--

LOCK TABLES `glpi_rulecachephonemodels` WRITE;
/*!40000 ALTER TABLE `glpi_rulecachephonemodels` DISABLE KEYS */;
/*!40000 ALTER TABLE `glpi_rulecachephonemodels` ENABLE KEYS */;
UNLOCK TABLES;

--
-- Table structure for table `glpi_rulecachephonetypes`
--

DROP TABLE IF EXISTS `glpi_rulecachephonetypes`;
/*!40101 SET @saved_cs_client     = @@character_set_client */;
/*!40101 SET character_set_client = utf8 */;
CREATE TABLE `glpi_rulecachephonetypes` (
  `id` int(11) NOT NULL AUTO_INCREMENT,
  `old_value` varchar(255) COLLATE utf8_unicode_ci DEFAULT NULL,
  `rules_id` int(11) NOT NULL DEFAULT '0',
  `new_value` varchar(255) COLLATE utf8_unicode_ci DEFAULT NULL,
  PRIMARY KEY (`id`),
  KEY `old_value` (`old_value`),
  KEY `rules_id` (`rules_id`)
) ENGINE=MyISAM DEFAULT CHARSET=utf8 COLLATE=utf8_unicode_ci;
/*!40101 SET character_set_client = @saved_cs_client */;

--
-- Dumping data for table `glpi_rulecachephonetypes`
--

LOCK TABLES `glpi_rulecachephonetypes` WRITE;
/*!40000 ALTER TABLE `glpi_rulecachephonetypes` DISABLE KEYS */;
/*!40000 ALTER TABLE `glpi_rulecachephonetypes` ENABLE KEYS */;
UNLOCK TABLES;

--
-- Table structure for table `glpi_rulecacheprintermodels`
--

DROP TABLE IF EXISTS `glpi_rulecacheprintermodels`;
/*!40101 SET @saved_cs_client     = @@character_set_client */;
/*!40101 SET character_set_client = utf8 */;
CREATE TABLE `glpi_rulecacheprintermodels` (
  `id` int(11) NOT NULL AUTO_INCREMENT,
  `old_value` varchar(255) COLLATE utf8_unicode_ci DEFAULT NULL,
  `rules_id` int(11) NOT NULL DEFAULT '0',
  `new_value` varchar(255) COLLATE utf8_unicode_ci DEFAULT NULL,
  `manufacturer` varchar(255) COLLATE utf8_unicode_ci DEFAULT NULL,
  PRIMARY KEY (`id`),
  KEY `old_value` (`old_value`),
  KEY `rules_id` (`rules_id`)
) ENGINE=MyISAM DEFAULT CHARSET=utf8 COLLATE=utf8_unicode_ci;
/*!40101 SET character_set_client = @saved_cs_client */;

--
-- Dumping data for table `glpi_rulecacheprintermodels`
--

LOCK TABLES `glpi_rulecacheprintermodels` WRITE;
/*!40000 ALTER TABLE `glpi_rulecacheprintermodels` DISABLE KEYS */;
/*!40000 ALTER TABLE `glpi_rulecacheprintermodels` ENABLE KEYS */;
UNLOCK TABLES;

--
-- Table structure for table `glpi_rulecacheprintertypes`
--

DROP TABLE IF EXISTS `glpi_rulecacheprintertypes`;
/*!40101 SET @saved_cs_client     = @@character_set_client */;
/*!40101 SET character_set_client = utf8 */;
CREATE TABLE `glpi_rulecacheprintertypes` (
  `id` int(11) NOT NULL AUTO_INCREMENT,
  `old_value` varchar(255) COLLATE utf8_unicode_ci DEFAULT NULL,
  `rules_id` int(11) NOT NULL DEFAULT '0',
  `new_value` varchar(255) COLLATE utf8_unicode_ci DEFAULT NULL,
  PRIMARY KEY (`id`),
  KEY `old_value` (`old_value`),
  KEY `rules_id` (`rules_id`)
) ENGINE=MyISAM DEFAULT CHARSET=utf8 COLLATE=utf8_unicode_ci;
/*!40101 SET character_set_client = @saved_cs_client */;

--
-- Dumping data for table `glpi_rulecacheprintertypes`
--

LOCK TABLES `glpi_rulecacheprintertypes` WRITE;
/*!40000 ALTER TABLE `glpi_rulecacheprintertypes` DISABLE KEYS */;
/*!40000 ALTER TABLE `glpi_rulecacheprintertypes` ENABLE KEYS */;
UNLOCK TABLES;

--
-- Table structure for table `glpi_rulecachesoftwares`
--

DROP TABLE IF EXISTS `glpi_rulecachesoftwares`;
/*!40101 SET @saved_cs_client     = @@character_set_client */;
/*!40101 SET character_set_client = utf8 */;
CREATE TABLE `glpi_rulecachesoftwares` (
  `id` int(11) NOT NULL AUTO_INCREMENT,
  `old_value` varchar(255) COLLATE utf8_unicode_ci DEFAULT NULL,
  `manufacturer` varchar(255) COLLATE utf8_unicode_ci NOT NULL,
  `rules_id` int(11) NOT NULL DEFAULT '0',
  `new_value` varchar(255) COLLATE utf8_unicode_ci DEFAULT NULL,
  `version` varchar(255) COLLATE utf8_unicode_ci DEFAULT NULL,
  `new_manufacturer` varchar(255) COLLATE utf8_unicode_ci NOT NULL,
  `ignore_ocs_import` char(1) COLLATE utf8_unicode_ci DEFAULT NULL,
  `is_helpdesk_visible` char(1) COLLATE utf8_unicode_ci DEFAULT NULL,
  PRIMARY KEY (`id`),
  KEY `old_value` (`old_value`),
  KEY `rules_id` (`rules_id`)
) ENGINE=MyISAM DEFAULT CHARSET=utf8 COLLATE=utf8_unicode_ci;
/*!40101 SET character_set_client = @saved_cs_client */;

--
-- Dumping data for table `glpi_rulecachesoftwares`
--

LOCK TABLES `glpi_rulecachesoftwares` WRITE;
/*!40000 ALTER TABLE `glpi_rulecachesoftwares` DISABLE KEYS */;
/*!40000 ALTER TABLE `glpi_rulecachesoftwares` ENABLE KEYS */;
UNLOCK TABLES;

--
-- Table structure for table `glpi_rulecriterias`
--

DROP TABLE IF EXISTS `glpi_rulecriterias`;
/*!40101 SET @saved_cs_client     = @@character_set_client */;
/*!40101 SET character_set_client = utf8 */;
CREATE TABLE `glpi_rulecriterias` (
  `id` int(11) NOT NULL AUTO_INCREMENT,
  `rules_id` int(11) NOT NULL DEFAULT '0',
  `criteria` varchar(255) COLLATE utf8_unicode_ci DEFAULT NULL,
  `condition` int(11) NOT NULL DEFAULT '0' COMMENT 'see define.php PATTERN_* and REGEX_* constant',
  `pattern` varchar(255) COLLATE utf8_unicode_ci DEFAULT NULL,
  PRIMARY KEY (`id`),
  KEY `rules_id` (`rules_id`),
  KEY `condition` (`condition`)
) ENGINE=MyISAM AUTO_INCREMENT=6 DEFAULT CHARSET=utf8 COLLATE=utf8_unicode_ci;
/*!40101 SET character_set_client = @saved_cs_client */;

--
-- Dumping data for table `glpi_rulecriterias`
--

LOCK TABLES `glpi_rulecriterias` WRITE;
/*!40000 ALTER TABLE `glpi_rulecriterias` DISABLE KEYS */;
INSERT INTO `glpi_rulecriterias` VALUES (1,1,'TAG',0,'*'),(2,2,'uid',0,'*'),(3,2,'samaccountname',0,'*'),(4,2,'MAIL_EMAIL',0,'*'),(5,3,'subject',6,'/.*/');
/*!40000 ALTER TABLE `glpi_rulecriterias` ENABLE KEYS */;
UNLOCK TABLES;

--
-- Table structure for table `glpi_rulerightparameters`
--

DROP TABLE IF EXISTS `glpi_rulerightparameters`;
/*!40101 SET @saved_cs_client     = @@character_set_client */;
/*!40101 SET character_set_client = utf8 */;
CREATE TABLE `glpi_rulerightparameters` (
  `id` int(11) NOT NULL AUTO_INCREMENT,
  `name` varchar(255) COLLATE utf8_unicode_ci DEFAULT NULL,
  `value` varchar(255) COLLATE utf8_unicode_ci DEFAULT NULL,
  `comment` text COLLATE utf8_unicode_ci NOT NULL,
  PRIMARY KEY (`id`)
) ENGINE=MyISAM AUTO_INCREMENT=14 DEFAULT CHARSET=utf8 COLLATE=utf8_unicode_ci;
/*!40101 SET character_set_client = @saved_cs_client */;

--
-- Dumping data for table `glpi_rulerightparameters`
--

LOCK TABLES `glpi_rulerightparameters` WRITE;
/*!40000 ALTER TABLE `glpi_rulerightparameters` DISABLE KEYS */;
INSERT INTO `glpi_rulerightparameters` VALUES (1,'(LDAP)Organization','o',''),(2,'(LDAP)Common Name','cn',''),(3,'(LDAP)Department Number','departmentnumber',''),(4,'(LDAP)Email','mail',''),(5,'Object Class','objectclass',''),(6,'(LDAP)User ID','uid',''),(7,'(LDAP)Telephone Number','phone',''),(8,'(LDAP)Employee Number','employeenumber',''),(9,'(LDAP)Manager','manager',''),(10,'(LDAP)DistinguishedName','dn',''),(12,'(AD)User ID','samaccountname',''),(13,'(LDAP) Title','title','');
/*!40000 ALTER TABLE `glpi_rulerightparameters` ENABLE KEYS */;
UNLOCK TABLES;

--
-- Table structure for table `glpi_rules`
--

DROP TABLE IF EXISTS `glpi_rules`;
/*!40101 SET @saved_cs_client     = @@character_set_client */;
/*!40101 SET character_set_client = utf8 */;
CREATE TABLE `glpi_rules` (
  `id` int(11) NOT NULL AUTO_INCREMENT,
  `entities_id` int(11) NOT NULL DEFAULT '0',
  `sub_type` varchar(255) COLLATE utf8_unicode_ci NOT NULL DEFAULT '',
  `ranking` int(11) NOT NULL DEFAULT '0',
  `name` varchar(255) COLLATE utf8_unicode_ci DEFAULT NULL,
  `description` text COLLATE utf8_unicode_ci,
  `match` char(10) COLLATE utf8_unicode_ci DEFAULT NULL COMMENT 'see define.php *_MATCHING constant',
  `is_active` tinyint(1) NOT NULL DEFAULT '1',
  `comment` text COLLATE utf8_unicode_ci,
  `date_mod` datetime DEFAULT NULL,
  `is_recursive` tinyint(1) NOT NULL DEFAULT '0',
  PRIMARY KEY (`id`),
  KEY `entities_id` (`entities_id`),
  KEY `is_active` (`is_active`),
  KEY `sub_type` (`sub_type`),
  KEY `date_mod` (`date_mod`),
  KEY `is_recursive` (`is_recursive`)
) ENGINE=MyISAM AUTO_INCREMENT=4 DEFAULT CHARSET=utf8 COLLATE=utf8_unicode_ci;
/*!40101 SET character_set_client = @saved_cs_client */;

--
-- Dumping data for table `glpi_rules`
--

LOCK TABLES `glpi_rules` WRITE;
/*!40000 ALTER TABLE `glpi_rules` DISABLE KEYS */;
INSERT INTO `glpi_rules` VALUES (1,0,'RuleOcs',0,'Root','','AND',1,NULL,NULL,0),(2,0,'RuleRight',1,'Root','','OR',1,NULL,NULL,0),(3,0,'RuleMailCollector',1,'Root','','OR',1,NULL,NULL,0);
/*!40000 ALTER TABLE `glpi_rules` ENABLE KEYS */;
UNLOCK TABLES;

--
-- Table structure for table `glpi_softwarecategories`
--

DROP TABLE IF EXISTS `glpi_softwarecategories`;
/*!40101 SET @saved_cs_client     = @@character_set_client */;
/*!40101 SET character_set_client = utf8 */;
CREATE TABLE `glpi_softwarecategories` (
  `id` int(11) NOT NULL AUTO_INCREMENT,
  `name` varchar(255) COLLATE utf8_unicode_ci DEFAULT NULL,
  `comment` text COLLATE utf8_unicode_ci,
  PRIMARY KEY (`id`)
) ENGINE=MyISAM AUTO_INCREMENT=2 DEFAULT CHARSET=utf8 COLLATE=utf8_unicode_ci;
/*!40101 SET character_set_client = @saved_cs_client */;

--
-- Dumping data for table `glpi_softwarecategories`
--

LOCK TABLES `glpi_softwarecategories` WRITE;
/*!40000 ALTER TABLE `glpi_softwarecategories` DISABLE KEYS */;
INSERT INTO `glpi_softwarecategories` VALUES (1,'FUSION',NULL);
/*!40000 ALTER TABLE `glpi_softwarecategories` ENABLE KEYS */;
UNLOCK TABLES;

--
-- Table structure for table `glpi_softwarelicenses`
--

DROP TABLE IF EXISTS `glpi_softwarelicenses`;
/*!40101 SET @saved_cs_client     = @@character_set_client */;
/*!40101 SET character_set_client = utf8 */;
CREATE TABLE `glpi_softwarelicenses` (
  `id` int(11) NOT NULL AUTO_INCREMENT,
  `softwares_id` int(11) NOT NULL DEFAULT '0',
  `entities_id` int(11) NOT NULL DEFAULT '0',
  `is_recursive` tinyint(1) NOT NULL DEFAULT '0',
  `number` int(11) NOT NULL DEFAULT '0',
  `softwarelicensetypes_id` int(11) NOT NULL DEFAULT '0',
  `name` varchar(255) COLLATE utf8_unicode_ci DEFAULT NULL,
  `serial` varchar(255) COLLATE utf8_unicode_ci DEFAULT NULL,
  `otherserial` varchar(255) COLLATE utf8_unicode_ci DEFAULT NULL,
  `softwareversions_id_buy` int(11) NOT NULL DEFAULT '0',
  `softwareversions_id_use` int(11) NOT NULL DEFAULT '0',
  `expire` date DEFAULT NULL,
  `computers_id` int(11) NOT NULL DEFAULT '0',
  `comment` text COLLATE utf8_unicode_ci,
  PRIMARY KEY (`id`),
  KEY `name` (`name`),
  KEY `serial` (`serial`),
  KEY `otherserial` (`otherserial`),
  KEY `expire` (`expire`),
  KEY `softwareversions_id_buy` (`softwareversions_id_buy`),
  KEY `computers_id` (`computers_id`),
  KEY `entities_id` (`entities_id`),
  KEY `softwares_id` (`softwares_id`),
  KEY `softwarelicensetypes_id` (`softwarelicensetypes_id`),
  KEY `softwareversions_id_use` (`softwareversions_id_use`)
) ENGINE=MyISAM DEFAULT CHARSET=utf8 COLLATE=utf8_unicode_ci;
/*!40101 SET character_set_client = @saved_cs_client */;

--
-- Dumping data for table `glpi_softwarelicenses`
--

LOCK TABLES `glpi_softwarelicenses` WRITE;
/*!40000 ALTER TABLE `glpi_softwarelicenses` DISABLE KEYS */;
/*!40000 ALTER TABLE `glpi_softwarelicenses` ENABLE KEYS */;
UNLOCK TABLES;

--
-- Table structure for table `glpi_softwarelicensetypes`
--

DROP TABLE IF EXISTS `glpi_softwarelicensetypes`;
/*!40101 SET @saved_cs_client     = @@character_set_client */;
/*!40101 SET character_set_client = utf8 */;
CREATE TABLE `glpi_softwarelicensetypes` (
  `id` int(11) NOT NULL AUTO_INCREMENT,
  `name` varchar(255) COLLATE utf8_unicode_ci DEFAULT NULL,
  `comment` text COLLATE utf8_unicode_ci,
  PRIMARY KEY (`id`),
  KEY `name` (`name`)
) ENGINE=MyISAM AUTO_INCREMENT=2 DEFAULT CHARSET=utf8 COLLATE=utf8_unicode_ci;
/*!40101 SET character_set_client = @saved_cs_client */;

--
-- Dumping data for table `glpi_softwarelicensetypes`
--

LOCK TABLES `glpi_softwarelicensetypes` WRITE;
/*!40000 ALTER TABLE `glpi_softwarelicensetypes` DISABLE KEYS */;
INSERT INTO `glpi_softwarelicensetypes` VALUES (1,'OEM','');
/*!40000 ALTER TABLE `glpi_softwarelicensetypes` ENABLE KEYS */;
UNLOCK TABLES;

--
-- Table structure for table `glpi_softwares`
--

DROP TABLE IF EXISTS `glpi_softwares`;
/*!40101 SET @saved_cs_client     = @@character_set_client */;
/*!40101 SET character_set_client = utf8 */;
CREATE TABLE `glpi_softwares` (
  `id` int(11) NOT NULL AUTO_INCREMENT,
  `entities_id` int(11) NOT NULL DEFAULT '0',
  `is_recursive` tinyint(1) NOT NULL DEFAULT '0',
  `name` varchar(255) COLLATE utf8_unicode_ci DEFAULT NULL,
  `comment` text COLLATE utf8_unicode_ci,
  `locations_id` int(11) NOT NULL DEFAULT '0',
  `users_id_tech` int(11) NOT NULL DEFAULT '0',
  `operatingsystems_id` int(11) NOT NULL DEFAULT '0',
  `is_update` tinyint(1) NOT NULL DEFAULT '0',
  `softwares_id` int(11) NOT NULL DEFAULT '0',
  `manufacturers_id` int(11) NOT NULL DEFAULT '0',
  `is_deleted` tinyint(1) NOT NULL DEFAULT '0',
  `is_template` tinyint(1) NOT NULL DEFAULT '0',
  `template_name` varchar(255) COLLATE utf8_unicode_ci DEFAULT NULL,
  `date_mod` datetime DEFAULT NULL,
  `notepad` longtext COLLATE utf8_unicode_ci,
  `users_id` int(11) NOT NULL DEFAULT '0',
  `groups_id` int(11) NOT NULL DEFAULT '0',
  `ticket_tco` decimal(20,4) DEFAULT '0.0000',
  `is_helpdesk_visible` tinyint(1) NOT NULL DEFAULT '1',
  `softwarecategories_id` int(11) NOT NULL DEFAULT '0',
  PRIMARY KEY (`id`),
  KEY `date_mod` (`date_mod`),
  KEY `name` (`name`),
  KEY `is_template` (`is_template`),
  KEY `is_update` (`is_update`),
  KEY `softwarecategories_id` (`softwarecategories_id`),
  KEY `entities_id` (`entities_id`),
  KEY `manufacturers_id` (`manufacturers_id`),
  KEY `groups_id` (`groups_id`),
  KEY `users_id` (`users_id`),
  KEY `locations_id` (`locations_id`),
  KEY `operatingsystems_id` (`operatingsystems_id`),
  KEY `users_id_tech` (`users_id_tech`),
  KEY `softwares_id` (`softwares_id`),
  KEY `is_deleted` (`is_deleted`),
  KEY `is_helpdesk_visible` (`is_helpdesk_visible`)
) ENGINE=MyISAM AUTO_INCREMENT=4 DEFAULT CHARSET=utf8 COLLATE=utf8_unicode_ci;
/*!40101 SET character_set_client = @saved_cs_client */;

--
-- Dumping data for table `glpi_softwares`
--

LOCK TABLES `glpi_softwares` WRITE;
/*!40000 ALTER TABLE `glpi_softwares` DISABLE KEYS */;
INSERT INTO `glpi_softwares` VALUES (1,0,0,'Apache','',0,2,1,0,0,0,0,0,NULL,'2010-11-03 13:28:50',NULL,2,0,'0.0000',1,0),(2,0,0,'MySql','',0,2,1,0,0,0,0,0,NULL,'2010-11-03 13:29:32',NULL,2,0,'0.0000',1,0),(3,0,0,'OpenSSH','',0,2,1,0,0,0,0,0,NULL,'2010-11-03 13:38:17',NULL,2,0,'0.0000',1,0);
/*!40000 ALTER TABLE `glpi_softwares` ENABLE KEYS */;
UNLOCK TABLES;

--
-- Table structure for table `glpi_softwareversions`
--

DROP TABLE IF EXISTS `glpi_softwareversions`;
/*!40101 SET @saved_cs_client     = @@character_set_client */;
/*!40101 SET character_set_client = utf8 */;
CREATE TABLE `glpi_softwareversions` (
  `id` int(11) NOT NULL AUTO_INCREMENT,
  `entities_id` int(11) NOT NULL DEFAULT '0',
  `is_recursive` tinyint(1) NOT NULL DEFAULT '0',
  `softwares_id` int(11) NOT NULL DEFAULT '0',
  `states_id` int(11) NOT NULL DEFAULT '0',
  `name` varchar(255) COLLATE utf8_unicode_ci DEFAULT NULL,
  `comment` text COLLATE utf8_unicode_ci,
  PRIMARY KEY (`id`),
  KEY `name` (`name`),
  KEY `softwares_id` (`softwares_id`),
  KEY `states_id` (`states_id`),
  KEY `entities_id` (`entities_id`),
  KEY `is_recursive` (`is_recursive`)
) ENGINE=MyISAM AUTO_INCREMENT=4 DEFAULT CHARSET=utf8 COLLATE=utf8_unicode_ci;
/*!40101 SET character_set_client = @saved_cs_client */;

--
-- Dumping data for table `glpi_softwareversions`
--

LOCK TABLES `glpi_softwareversions` WRITE;
/*!40000 ALTER TABLE `glpi_softwareversions` DISABLE KEYS */;
INSERT INTO `glpi_softwareversions` VALUES (1,0,0,1,1,'Ver 2',''),(2,0,0,2,1,'Ver 14.14',''),(3,0,0,3,1,'Ver 5.3','');
/*!40000 ALTER TABLE `glpi_softwareversions` ENABLE KEYS */;
UNLOCK TABLES;

--
-- Table structure for table `glpi_states`
--

DROP TABLE IF EXISTS `glpi_states`;
/*!40101 SET @saved_cs_client     = @@character_set_client */;
/*!40101 SET character_set_client = utf8 */;
CREATE TABLE `glpi_states` (
  `id` int(11) NOT NULL AUTO_INCREMENT,
  `name` varchar(255) COLLATE utf8_unicode_ci DEFAULT NULL,
  `comment` text COLLATE utf8_unicode_ci,
  PRIMARY KEY (`id`),
  KEY `name` (`name`)
) ENGINE=MyISAM AUTO_INCREMENT=7 DEFAULT CHARSET=utf8 COLLATE=utf8_unicode_ci;
/*!40101 SET character_set_client = @saved_cs_client */;

--
-- Dumping data for table `glpi_states`
--

LOCK TABLES `glpi_states` WRITE;
/*!40000 ALTER TABLE `glpi_states` DISABLE KEYS */;
INSERT INTO `glpi_states` VALUES (1,'Ativo','Item de configuracao em operao normal.'),(2,'Estoque',''),(3,'Defeito','Item de configurao com defeito.'),(4,'Manuteno',''),(5,'Descartado',''),(6,'Desligado','');
/*!40000 ALTER TABLE `glpi_states` ENABLE KEYS */;
UNLOCK TABLES;

--
-- Table structure for table `glpi_suppliers`
--

DROP TABLE IF EXISTS `glpi_suppliers`;
/*!40101 SET @saved_cs_client     = @@character_set_client */;
/*!40101 SET character_set_client = utf8 */;
CREATE TABLE `glpi_suppliers` (
  `id` int(11) NOT NULL AUTO_INCREMENT,
  `entities_id` int(11) NOT NULL DEFAULT '0',
  `is_recursive` tinyint(1) NOT NULL DEFAULT '0',
  `name` varchar(255) COLLATE utf8_unicode_ci DEFAULT NULL,
  `suppliertypes_id` int(11) NOT NULL DEFAULT '0',
  `address` text COLLATE utf8_unicode_ci,
  `postcode` varchar(255) COLLATE utf8_unicode_ci DEFAULT NULL,
  `town` varchar(255) COLLATE utf8_unicode_ci DEFAULT NULL,
  `state` varchar(255) COLLATE utf8_unicode_ci DEFAULT NULL,
  `country` varchar(255) COLLATE utf8_unicode_ci DEFAULT NULL,
  `website` varchar(255) COLLATE utf8_unicode_ci DEFAULT NULL,
  `phonenumber` varchar(255) COLLATE utf8_unicode_ci DEFAULT NULL,
  `comment` text COLLATE utf8_unicode_ci,
  `is_deleted` tinyint(1) NOT NULL DEFAULT '0',
  `fax` varchar(255) COLLATE utf8_unicode_ci DEFAULT NULL,
  `email` varchar(255) COLLATE utf8_unicode_ci DEFAULT NULL,
  `notepad` longtext COLLATE utf8_unicode_ci,
  PRIMARY KEY (`id`),
  KEY `name` (`name`),
  KEY `entities_id` (`entities_id`),
  KEY `suppliertypes_id` (`suppliertypes_id`),
  KEY `is_deleted` (`is_deleted`)
) ENGINE=MyISAM DEFAULT CHARSET=utf8 COLLATE=utf8_unicode_ci;
/*!40101 SET character_set_client = @saved_cs_client */;

--
-- Dumping data for table `glpi_suppliers`
--

LOCK TABLES `glpi_suppliers` WRITE;
/*!40000 ALTER TABLE `glpi_suppliers` DISABLE KEYS */;
/*!40000 ALTER TABLE `glpi_suppliers` ENABLE KEYS */;
UNLOCK TABLES;

--
-- Table structure for table `glpi_suppliertypes`
--

DROP TABLE IF EXISTS `glpi_suppliertypes`;
/*!40101 SET @saved_cs_client     = @@character_set_client */;
/*!40101 SET character_set_client = utf8 */;
CREATE TABLE `glpi_suppliertypes` (
  `id` int(11) NOT NULL AUTO_INCREMENT,
  `name` varchar(255) COLLATE utf8_unicode_ci DEFAULT NULL,
  `comment` text COLLATE utf8_unicode_ci,
  PRIMARY KEY (`id`),
  KEY `name` (`name`)
) ENGINE=MyISAM DEFAULT CHARSET=utf8 COLLATE=utf8_unicode_ci;
/*!40101 SET character_set_client = @saved_cs_client */;

--
-- Dumping data for table `glpi_suppliertypes`
--

LOCK TABLES `glpi_suppliertypes` WRITE;
/*!40000 ALTER TABLE `glpi_suppliertypes` DISABLE KEYS */;
/*!40000 ALTER TABLE `glpi_suppliertypes` ENABLE KEYS */;
UNLOCK TABLES;

--
-- Table structure for table `glpi_taskcategories`
--

DROP TABLE IF EXISTS `glpi_taskcategories`;
/*!40101 SET @saved_cs_client     = @@character_set_client */;
/*!40101 SET character_set_client = utf8 */;
CREATE TABLE `glpi_taskcategories` (
  `id` int(11) NOT NULL AUTO_INCREMENT,
  `entities_id` int(11) NOT NULL DEFAULT '0',
  `is_recursive` tinyint(1) NOT NULL DEFAULT '0',
  `taskcategories_id` int(11) NOT NULL DEFAULT '0',
  `name` varchar(255) COLLATE utf8_unicode_ci DEFAULT NULL,
  `completename` text COLLATE utf8_unicode_ci,
  `comment` text COLLATE utf8_unicode_ci,
  `level` int(11) NOT NULL DEFAULT '0',
  `ancestors_cache` longtext COLLATE utf8_unicode_ci,
  `sons_cache` longtext COLLATE utf8_unicode_ci,
  `is_helpdeskvisible` tinyint(1) NOT NULL DEFAULT '1',
  PRIMARY KEY (`id`),
  KEY `name` (`name`),
  KEY `taskcategories_id` (`taskcategories_id`),
  KEY `entities_id` (`entities_id`),
  KEY `is_recursive` (`is_recursive`),
  KEY `is_helpdeskvisible` (`is_helpdeskvisible`)
) ENGINE=MyISAM DEFAULT CHARSET=utf8 COLLATE=utf8_unicode_ci;
/*!40101 SET character_set_client = @saved_cs_client */;

--
-- Dumping data for table `glpi_taskcategories`
--

LOCK TABLES `glpi_taskcategories` WRITE;
/*!40000 ALTER TABLE `glpi_taskcategories` DISABLE KEYS */;
/*!40000 ALTER TABLE `glpi_taskcategories` ENABLE KEYS */;
UNLOCK TABLES;

--
-- Table structure for table `glpi_ticketcategories`
--

DROP TABLE IF EXISTS `glpi_ticketcategories`;
/*!40101 SET @saved_cs_client     = @@character_set_client */;
/*!40101 SET character_set_client = utf8 */;
CREATE TABLE `glpi_ticketcategories` (
  `id` int(11) NOT NULL AUTO_INCREMENT,
  `entities_id` int(11) NOT NULL DEFAULT '0',
  `is_recursive` tinyint(1) NOT NULL DEFAULT '0',
  `ticketcategories_id` int(11) NOT NULL DEFAULT '0',
  `name` varchar(255) COLLATE utf8_unicode_ci DEFAULT NULL,
  `completename` text COLLATE utf8_unicode_ci,
  `comment` text COLLATE utf8_unicode_ci,
  `level` int(11) NOT NULL DEFAULT '0',
  `knowbaseitemcategories_id` int(11) NOT NULL DEFAULT '0',
  `users_id` int(11) NOT NULL DEFAULT '0',
  `groups_id` int(11) NOT NULL DEFAULT '0',
  `ancestors_cache` longtext COLLATE utf8_unicode_ci,
  `sons_cache` longtext COLLATE utf8_unicode_ci,
  `is_helpdeskvisible` tinyint(1) NOT NULL DEFAULT '1',
  PRIMARY KEY (`id`),
  KEY `name` (`name`),
  KEY `ticketcategories_id` (`ticketcategories_id`),
  KEY `entities_id` (`entities_id`),
  KEY `is_recursive` (`is_recursive`),
  KEY `knowbaseitemcategories_id` (`knowbaseitemcategories_id`),
  KEY `users_id` (`users_id`),
  KEY `groups_id` (`groups_id`),
  KEY `is_helpdeskvisible` (`is_helpdeskvisible`)
) ENGINE=MyISAM DEFAULT CHARSET=utf8 COLLATE=utf8_unicode_ci;
/*!40101 SET character_set_client = @saved_cs_client */;

--
-- Dumping data for table `glpi_ticketcategories`
--

LOCK TABLES `glpi_ticketcategories` WRITE;
/*!40000 ALTER TABLE `glpi_ticketcategories` DISABLE KEYS */;
/*!40000 ALTER TABLE `glpi_ticketcategories` ENABLE KEYS */;
UNLOCK TABLES;

--
-- Table structure for table `glpi_ticketfollowups`
--

DROP TABLE IF EXISTS `glpi_ticketfollowups`;
/*!40101 SET @saved_cs_client     = @@character_set_client */;
/*!40101 SET character_set_client = utf8 */;
CREATE TABLE `glpi_ticketfollowups` (
  `id` int(11) NOT NULL AUTO_INCREMENT,
  `tickets_id` int(11) NOT NULL DEFAULT '0',
  `date` datetime DEFAULT NULL,
  `users_id` int(11) NOT NULL DEFAULT '0',
  `content` longtext COLLATE utf8_unicode_ci,
  `is_private` tinyint(1) NOT NULL DEFAULT '0',
  `requesttypes_id` int(11) NOT NULL DEFAULT '0',
  PRIMARY KEY (`id`),
  KEY `date` (`date`),
  KEY `users_id` (`users_id`),
  KEY `tickets_id` (`tickets_id`),
  KEY `is_private` (`is_private`),
  KEY `requesttypes_id` (`requesttypes_id`)
) ENGINE=MyISAM DEFAULT CHARSET=utf8 COLLATE=utf8_unicode_ci;
/*!40101 SET character_set_client = @saved_cs_client */;

--
-- Dumping data for table `glpi_ticketfollowups`
--

LOCK TABLES `glpi_ticketfollowups` WRITE;
/*!40000 ALTER TABLE `glpi_ticketfollowups` DISABLE KEYS */;
/*!40000 ALTER TABLE `glpi_ticketfollowups` ENABLE KEYS */;
UNLOCK TABLES;

--
-- Table structure for table `glpi_ticketplannings`
--

DROP TABLE IF EXISTS `glpi_ticketplannings`;
/*!40101 SET @saved_cs_client     = @@character_set_client */;
/*!40101 SET character_set_client = utf8 */;
CREATE TABLE `glpi_ticketplannings` (
  `id` int(11) NOT NULL AUTO_INCREMENT,
  `tickettasks_id` int(11) NOT NULL DEFAULT '0',
  `users_id` int(11) NOT NULL DEFAULT '0',
  `begin` datetime DEFAULT NULL,
  `end` datetime DEFAULT NULL,
  `state` int(11) NOT NULL DEFAULT '1',
  PRIMARY KEY (`id`),
  KEY `begin` (`begin`),
  KEY `end` (`end`),
  KEY `users_id` (`users_id`),
  KEY `ticketfollowups_id` (`tickettasks_id`),
  KEY `state` (`state`)
) ENGINE=MyISAM DEFAULT CHARSET=utf8 COLLATE=utf8_unicode_ci;
/*!40101 SET character_set_client = @saved_cs_client */;

--
-- Dumping data for table `glpi_ticketplannings`
--

LOCK TABLES `glpi_ticketplannings` WRITE;
/*!40000 ALTER TABLE `glpi_ticketplannings` DISABLE KEYS */;
/*!40000 ALTER TABLE `glpi_ticketplannings` ENABLE KEYS */;
UNLOCK TABLES;

--
-- Table structure for table `glpi_tickets`
--

DROP TABLE IF EXISTS `glpi_tickets`;
/*!40101 SET @saved_cs_client     = @@character_set_client */;
/*!40101 SET character_set_client = utf8 */;
CREATE TABLE `glpi_tickets` (
  `id` int(11) NOT NULL AUTO_INCREMENT,
  `entities_id` int(11) NOT NULL DEFAULT '0',
  `name` varchar(255) COLLATE utf8_unicode_ci DEFAULT NULL,
  `date` datetime DEFAULT NULL,
  `closedate` datetime DEFAULT NULL,
  `solvedate` datetime DEFAULT NULL,
  `date_mod` datetime DEFAULT NULL,
  `status` varchar(255) COLLATE utf8_unicode_ci DEFAULT 'new',
  `users_id` int(11) NOT NULL DEFAULT '0',
  `users_id_recipient` int(11) NOT NULL DEFAULT '0',
  `groups_id` int(11) NOT NULL DEFAULT '0',
  `requesttypes_id` int(11) NOT NULL DEFAULT '0',
  `users_id_assign` int(11) NOT NULL DEFAULT '0',
  `suppliers_id_assign` int(11) NOT NULL DEFAULT '0',
  `groups_id_assign` int(11) NOT NULL DEFAULT '0',
  `itemtype` varchar(100) COLLATE utf8_unicode_ci NOT NULL,
  `items_id` int(11) NOT NULL DEFAULT '0',
  `content` longtext COLLATE utf8_unicode_ci,
  `urgency` int(11) NOT NULL DEFAULT '1',
  `impact` int(11) NOT NULL DEFAULT '1',
  `priority` int(11) NOT NULL DEFAULT '1',
  `user_email` varchar(255) COLLATE utf8_unicode_ci DEFAULT NULL,
  `use_email_notification` tinyint(1) NOT NULL DEFAULT '0',
  `realtime` float NOT NULL DEFAULT '0',
  `ticketcategories_id` int(11) NOT NULL DEFAULT '0',
  `cost_time` decimal(20,4) NOT NULL DEFAULT '0.0000',
  `cost_fixed` decimal(20,4) NOT NULL DEFAULT '0.0000',
  `cost_material` decimal(20,4) NOT NULL DEFAULT '0.0000',
  `ticketsolutiontypes_id` int(11) NOT NULL DEFAULT '0',
  `solution` text COLLATE utf8_unicode_ci,
  `global_validation` varchar(255) COLLATE utf8_unicode_ci DEFAULT 'accepted',
  PRIMARY KEY (`id`),
  KEY `date` (`date`),
  KEY `closedate` (`closedate`),
  KEY `status` (`status`),
  KEY `priority` (`priority`),
  KEY `request_type` (`requesttypes_id`),
  KEY `date_mod` (`date_mod`),
  KEY `users_id_assign` (`users_id_assign`),
  KEY `groups_id_assign` (`groups_id_assign`),
  KEY `suppliers_id_assign` (`suppliers_id_assign`),
  KEY `users_id` (`users_id`),
  KEY `ticketcategories_id` (`ticketcategories_id`),
  KEY `entities_id` (`entities_id`),
  KEY `groups_id` (`groups_id`),
  KEY `users_id_recipient` (`users_id_recipient`),
  KEY `item` (`itemtype`,`items_id`),
  KEY `solvedate` (`solvedate`),
  KEY `ticketsolutiontypes_id` (`ticketsolutiontypes_id`),
  KEY `urgency` (`urgency`),
  KEY `impact` (`impact`),
  KEY `global_validation` (`global_validation`)
) ENGINE=MyISAM DEFAULT CHARSET=utf8 COLLATE=utf8_unicode_ci;
/*!40101 SET character_set_client = @saved_cs_client */;

--
-- Dumping data for table `glpi_tickets`
--

LOCK TABLES `glpi_tickets` WRITE;
/*!40000 ALTER TABLE `glpi_tickets` DISABLE KEYS */;
/*!40000 ALTER TABLE `glpi_tickets` ENABLE KEYS */;
UNLOCK TABLES;

--
-- Table structure for table `glpi_ticketsolutiontypes`
--

DROP TABLE IF EXISTS `glpi_ticketsolutiontypes`;
/*!40101 SET @saved_cs_client     = @@character_set_client */;
/*!40101 SET character_set_client = utf8 */;
CREATE TABLE `glpi_ticketsolutiontypes` (
  `id` int(11) NOT NULL AUTO_INCREMENT,
  `name` varchar(255) COLLATE utf8_unicode_ci DEFAULT NULL,
  `comment` text COLLATE utf8_unicode_ci,
  PRIMARY KEY (`id`),
  KEY `name` (`name`)
) ENGINE=MyISAM DEFAULT CHARSET=utf8 COLLATE=utf8_unicode_ci;
/*!40101 SET character_set_client = @saved_cs_client */;

--
-- Dumping data for table `glpi_ticketsolutiontypes`
--

LOCK TABLES `glpi_ticketsolutiontypes` WRITE;
/*!40000 ALTER TABLE `glpi_ticketsolutiontypes` DISABLE KEYS */;
/*!40000 ALTER TABLE `glpi_ticketsolutiontypes` ENABLE KEYS */;
UNLOCK TABLES;

--
-- Table structure for table `glpi_tickettasks`
--

DROP TABLE IF EXISTS `glpi_tickettasks`;
/*!40101 SET @saved_cs_client     = @@character_set_client */;
/*!40101 SET character_set_client = utf8 */;
CREATE TABLE `glpi_tickettasks` (
  `id` int(11) NOT NULL AUTO_INCREMENT,
  `tickets_id` int(11) NOT NULL DEFAULT '0',
  `taskcategories_id` int(11) NOT NULL DEFAULT '0',
  `date` datetime DEFAULT NULL,
  `users_id` int(11) NOT NULL DEFAULT '0',
  `content` longtext COLLATE utf8_unicode_ci,
  `is_private` tinyint(1) NOT NULL DEFAULT '0',
  `realtime` float NOT NULL DEFAULT '0',
  PRIMARY KEY (`id`),
  KEY `date` (`date`),
  KEY `users_id` (`users_id`),
  KEY `tickets_id` (`tickets_id`),
  KEY `is_private` (`is_private`),
  KEY `taskcategories_id` (`taskcategories_id`)
) ENGINE=MyISAM DEFAULT CHARSET=utf8 COLLATE=utf8_unicode_ci;
/*!40101 SET character_set_client = @saved_cs_client */;

--
-- Dumping data for table `glpi_tickettasks`
--

LOCK TABLES `glpi_tickettasks` WRITE;
/*!40000 ALTER TABLE `glpi_tickettasks` DISABLE KEYS */;
/*!40000 ALTER TABLE `glpi_tickettasks` ENABLE KEYS */;
UNLOCK TABLES;

--
-- Table structure for table `glpi_ticketvalidations`
--

DROP TABLE IF EXISTS `glpi_ticketvalidations`;
/*!40101 SET @saved_cs_client     = @@character_set_client */;
/*!40101 SET character_set_client = utf8 */;
CREATE TABLE `glpi_ticketvalidations` (
  `id` int(11) NOT NULL AUTO_INCREMENT,
  `entities_id` int(11) NOT NULL DEFAULT '0',
  `users_id` int(11) NOT NULL DEFAULT '0',
  `tickets_id` int(11) NOT NULL DEFAULT '0',
  `users_id_validate` int(11) NOT NULL DEFAULT '0',
  `comment_submission` text COLLATE utf8_unicode_ci,
  `comment_validation` text COLLATE utf8_unicode_ci,
  `status` varchar(255) COLLATE utf8_unicode_ci DEFAULT 'waiting',
  `submission_date` datetime DEFAULT NULL,
  `validation_date` datetime DEFAULT NULL,
  PRIMARY KEY (`id`),
  KEY `entities_id` (`entities_id`),
  KEY `users_id` (`users_id`),
  KEY `users_id_validate` (`users_id_validate`),
  KEY `tickets_id` (`tickets_id`),
  KEY `submission_date` (`submission_date`),
  KEY `validation_date` (`validation_date`),
  KEY `status` (`status`)
) ENGINE=MyISAM DEFAULT CHARSET=utf8 COLLATE=utf8_unicode_ci;
/*!40101 SET character_set_client = @saved_cs_client */;

--
-- Dumping data for table `glpi_ticketvalidations`
--

LOCK TABLES `glpi_ticketvalidations` WRITE;
/*!40000 ALTER TABLE `glpi_ticketvalidations` DISABLE KEYS */;
/*!40000 ALTER TABLE `glpi_ticketvalidations` ENABLE KEYS */;
UNLOCK TABLES;

--
-- Table structure for table `glpi_transfers`
--

DROP TABLE IF EXISTS `glpi_transfers`;
/*!40101 SET @saved_cs_client     = @@character_set_client */;
/*!40101 SET character_set_client = utf8 */;
CREATE TABLE `glpi_transfers` (
  `id` int(11) NOT NULL AUTO_INCREMENT,
  `name` varchar(255) COLLATE utf8_unicode_ci DEFAULT NULL,
  `keep_ticket` int(11) NOT NULL DEFAULT '0',
  `keep_networklink` int(11) NOT NULL DEFAULT '0',
  `keep_reservation` int(11) NOT NULL DEFAULT '0',
  `keep_history` int(11) NOT NULL DEFAULT '0',
  `keep_device` int(11) NOT NULL DEFAULT '0',
  `keep_infocom` int(11) NOT NULL DEFAULT '0',
  `keep_dc_monitor` int(11) NOT NULL DEFAULT '0',
  `clean_dc_monitor` int(11) NOT NULL DEFAULT '0',
  `keep_dc_phone` int(11) NOT NULL DEFAULT '0',
  `clean_dc_phone` int(11) NOT NULL DEFAULT '0',
  `keep_dc_peripheral` int(11) NOT NULL DEFAULT '0',
  `clean_dc_peripheral` int(11) NOT NULL DEFAULT '0',
  `keep_dc_printer` int(11) NOT NULL DEFAULT '0',
  `clean_dc_printer` int(11) NOT NULL DEFAULT '0',
  `keep_supplier` int(11) NOT NULL DEFAULT '0',
  `clean_supplier` int(11) NOT NULL DEFAULT '0',
  `keep_contact` int(11) NOT NULL DEFAULT '0',
  `clean_contact` int(11) NOT NULL DEFAULT '0',
  `keep_contract` int(11) NOT NULL DEFAULT '0',
  `clean_contract` int(11) NOT NULL DEFAULT '0',
  `keep_software` int(11) NOT NULL DEFAULT '0',
  `clean_software` int(11) NOT NULL DEFAULT '0',
  `keep_document` int(11) NOT NULL DEFAULT '0',
  `clean_document` int(11) NOT NULL DEFAULT '0',
  `keep_cartridgeitem` int(11) NOT NULL DEFAULT '0',
  `clean_cartridgeitem` int(11) NOT NULL DEFAULT '0',
  `keep_cartridge` int(11) NOT NULL DEFAULT '0',
  `keep_consumable` int(11) NOT NULL DEFAULT '0',
  `date_mod` datetime DEFAULT NULL,
  `comment` text COLLATE utf8_unicode_ci,
  PRIMARY KEY (`id`),
  KEY `date_mod` (`date_mod`)
) ENGINE=MyISAM AUTO_INCREMENT=2 DEFAULT CHARSET=utf8 COLLATE=utf8_unicode_ci;
/*!40101 SET character_set_client = @saved_cs_client */;

--
-- Dumping data for table `glpi_transfers`
--

LOCK TABLES `glpi_transfers` WRITE;
/*!40000 ALTER TABLE `glpi_transfers` DISABLE KEYS */;
INSERT INTO `glpi_transfers` VALUES (1,'complete',2,2,1,1,1,1,1,1,1,1,1,1,1,1,1,1,1,1,1,1,1,1,1,1,1,1,1,1,NULL,NULL);
/*!40000 ALTER TABLE `glpi_transfers` ENABLE KEYS */;
UNLOCK TABLES;

--
-- Table structure for table `glpi_usercategories`
--

DROP TABLE IF EXISTS `glpi_usercategories`;
/*!40101 SET @saved_cs_client     = @@character_set_client */;
/*!40101 SET character_set_client = utf8 */;
CREATE TABLE `glpi_usercategories` (
  `id` int(11) NOT NULL AUTO_INCREMENT,
  `name` varchar(255) COLLATE utf8_unicode_ci DEFAULT NULL,
  `comment` text COLLATE utf8_unicode_ci,
  PRIMARY KEY (`id`),
  KEY `name` (`name`)
) ENGINE=MyISAM DEFAULT CHARSET=utf8 COLLATE=utf8_unicode_ci;
/*!40101 SET character_set_client = @saved_cs_client */;

--
-- Dumping data for table `glpi_usercategories`
--

LOCK TABLES `glpi_usercategories` WRITE;
/*!40000 ALTER TABLE `glpi_usercategories` DISABLE KEYS */;
/*!40000 ALTER TABLE `glpi_usercategories` ENABLE KEYS */;
UNLOCK TABLES;

--
-- Table structure for table `glpi_users`
--

DROP TABLE IF EXISTS `glpi_users`;
/*!40101 SET @saved_cs_client     = @@character_set_client */;
/*!40101 SET character_set_client = utf8 */;
CREATE TABLE `glpi_users` (
  `id` int(11) NOT NULL AUTO_INCREMENT,
  `name` varchar(255) COLLATE utf8_unicode_ci DEFAULT NULL,
  `password` char(40) COLLATE utf8_unicode_ci DEFAULT NULL,
  `email` varchar(255) COLLATE utf8_unicode_ci DEFAULT NULL,
  `phone` varchar(255) COLLATE utf8_unicode_ci DEFAULT NULL,
  `phone2` varchar(255) COLLATE utf8_unicode_ci DEFAULT NULL,
  `mobile` varchar(255) COLLATE utf8_unicode_ci DEFAULT NULL,
  `realname` varchar(255) COLLATE utf8_unicode_ci DEFAULT NULL,
  `firstname` varchar(255) COLLATE utf8_unicode_ci DEFAULT NULL,
  `locations_id` int(11) NOT NULL DEFAULT '0',
  `language` char(10) COLLATE utf8_unicode_ci DEFAULT NULL COMMENT 'see define.php CFG_GLPI[language] array',
  `use_mode` int(11) NOT NULL DEFAULT '0',
  `list_limit` int(11) DEFAULT NULL,
  `is_active` tinyint(1) NOT NULL DEFAULT '1',
  `comment` text COLLATE utf8_unicode_ci,
  `auths_id` int(11) NOT NULL DEFAULT '0',
  `authtype` int(11) NOT NULL DEFAULT '0',
  `last_login` datetime DEFAULT NULL,
  `date_mod` datetime DEFAULT NULL,
  `is_deleted` tinyint(1) NOT NULL DEFAULT '0',
  `profiles_id` int(11) NOT NULL DEFAULT '0',
  `entities_id` int(11) NOT NULL DEFAULT '0',
  `usertitles_id` int(11) NOT NULL DEFAULT '0',
  `usercategories_id` int(11) NOT NULL DEFAULT '0',
  `date_format` int(11) DEFAULT NULL,
  `number_format` int(11) DEFAULT NULL,
  `is_ids_visible` tinyint(1) DEFAULT NULL,
  `dropdown_chars_limit` int(11) DEFAULT NULL,
  `use_flat_dropdowntree` tinyint(1) DEFAULT NULL,
  `show_jobs_at_login` tinyint(1) DEFAULT NULL,
  `priority_1` char(20) COLLATE utf8_unicode_ci DEFAULT NULL,
  `priority_2` char(20) COLLATE utf8_unicode_ci DEFAULT NULL,
  `priority_3` char(20) COLLATE utf8_unicode_ci DEFAULT NULL,
  `priority_4` char(20) COLLATE utf8_unicode_ci DEFAULT NULL,
  `priority_5` char(20) COLLATE utf8_unicode_ci DEFAULT NULL,
  `priority_6` char(20) COLLATE utf8_unicode_ci DEFAULT NULL,
  `is_categorized_soft_expanded` tinyint(1) DEFAULT NULL,
  `is_not_categorized_soft_expanded` tinyint(1) DEFAULT NULL,
  `followup_private` tinyint(1) DEFAULT NULL,
  `task_private` tinyint(1) DEFAULT NULL,
  `default_requesttypes_id` int(11) DEFAULT NULL,
  PRIMARY KEY (`id`),
  UNIQUE KEY `unicity` (`name`),
  KEY `firstname` (`firstname`),
  KEY `realname` (`realname`),
  KEY `entities_id` (`entities_id`),
  KEY `profiles_id` (`profiles_id`),
  KEY `locations_id` (`locations_id`),
  KEY `usertitles_id` (`usertitles_id`),
  KEY `usercategories_id` (`usercategories_id`),
  KEY `is_deleted` (`is_deleted`),
  KEY `is_active` (`is_active`),
  KEY `date_mod` (`date_mod`),
  KEY `authitem` (`authtype`,`auths_id`)
) ENGINE=MyISAM AUTO_INCREMENT=6 DEFAULT CHARSET=utf8 COLLATE=utf8_unicode_ci;
/*!40101 SET character_set_client = @saved_cs_client */;

--
-- Dumping data for table `glpi_users`
--

LOCK TABLES `glpi_users` WRITE;
/*!40000 ALTER TABLE `glpi_users` DISABLE KEYS */;
INSERT INTO `glpi_users` VALUES (2,'admin','d033e22ae348aeb5660fc2140aec35850c4da997','','','','','',NULL,0,NULL,0,20,1,NULL,0,1,'2010-11-03 12:59:05','2010-10-28 14:01:36',0,0,0,0,0,NULL,NULL,NULL,NULL,NULL,NULL,NULL,NULL,NULL,NULL,NULL,NULL,NULL,NULL,NULL,NULL,NULL),(3,'post-only','3177926a7314de24680a9938aaa97703','','','','','',NULL,0,NULL,0,20,1,NULL,0,0,NULL,NULL,0,0,0,0,0,NULL,NULL,NULL,NULL,NULL,NULL,NULL,NULL,NULL,NULL,NULL,NULL,NULL,NULL,NULL,NULL,NULL),(4,'tech','d9f9133fb120cd6096870bc2b496805b','','','','','',NULL,0,NULL,0,20,1,NULL,0,0,NULL,NULL,0,0,0,0,0,NULL,NULL,NULL,NULL,NULL,NULL,NULL,NULL,NULL,NULL,NULL,NULL,NULL,NULL,NULL,NULL,NULL),(5,'normal','fea087517c26fadd409bd4b9dc642555','','','','','',NULL,0,NULL,0,20,1,NULL,0,0,NULL,NULL,0,0,0,0,0,NULL,NULL,NULL,NULL,NULL,NULL,NULL,NULL,NULL,NULL,NULL,NULL,NULL,NULL,NULL,NULL,NULL);
/*!40000 ALTER TABLE `glpi_users` ENABLE KEYS */;
UNLOCK TABLES;

--
-- Table structure for table `glpi_usertitles`
--

DROP TABLE IF EXISTS `glpi_usertitles`;
/*!40101 SET @saved_cs_client     = @@character_set_client */;
/*!40101 SET character_set_client = utf8 */;
CREATE TABLE `glpi_usertitles` (
  `id` int(11) NOT NULL AUTO_INCREMENT,
  `name` varchar(255) COLLATE utf8_unicode_ci DEFAULT NULL,
  `comment` text COLLATE utf8_unicode_ci,
  PRIMARY KEY (`id`),
  KEY `name` (`name`)
) ENGINE=MyISAM DEFAULT CHARSET=utf8 COLLATE=utf8_unicode_ci;
/*!40101 SET character_set_client = @saved_cs_client */;

--
-- Dumping data for table `glpi_usertitles`
--

LOCK TABLES `glpi_usertitles` WRITE;
/*!40000 ALTER TABLE `glpi_usertitles` DISABLE KEYS */;
/*!40000 ALTER TABLE `glpi_usertitles` ENABLE KEYS */;
UNLOCK TABLES;

--
-- Table structure for table `glpi_vlans`
--

DROP TABLE IF EXISTS `glpi_vlans`;
/*!40101 SET @saved_cs_client     = @@character_set_client */;
/*!40101 SET character_set_client = utf8 */;
CREATE TABLE `glpi_vlans` (
  `id` int(11) NOT NULL AUTO_INCREMENT,
  `name` varchar(255) COLLATE utf8_unicode_ci DEFAULT NULL,
  `comment` text COLLATE utf8_unicode_ci,
  PRIMARY KEY (`id`),
  KEY `name` (`name`)
) ENGINE=MyISAM DEFAULT CHARSET=utf8 COLLATE=utf8_unicode_ci;
/*!40101 SET character_set_client = @saved_cs_client */;

--
-- Dumping data for table `glpi_vlans`
--

LOCK TABLES `glpi_vlans` WRITE;
/*!40000 ALTER TABLE `glpi_vlans` DISABLE KEYS */;
/*!40000 ALTER TABLE `glpi_vlans` ENABLE KEYS */;
UNLOCK TABLES;

--
-- Table structure for table `graph_local`
--

DROP TABLE IF EXISTS `graph_local`;
/*!40101 SET @saved_cs_client     = @@character_set_client */;
/*!40101 SET character_set_client = utf8 */;
CREATE TABLE `graph_local` (
  `id` mediumint(8) unsigned NOT NULL AUTO_INCREMENT,
  `graph_template_id` mediumint(8) unsigned NOT NULL DEFAULT '0',
  `host_id` mediumint(8) unsigned NOT NULL DEFAULT '0',
  `snmp_query_id` mediumint(8) NOT NULL DEFAULT '0',
  `snmp_index` varchar(255) NOT NULL DEFAULT '',
  PRIMARY KEY (`id`),
  KEY `host_id` (`host_id`),
  KEY `graph_template_id` (`graph_template_id`),
  KEY `snmp_query_id` (`snmp_query_id`),
  KEY `snmp_index` (`snmp_index`)
) ENGINE=MyISAM AUTO_INCREMENT=5 DEFAULT CHARSET=latin1 COMMENT='Creates a relationship for each item in a custom graph.';
/*!40101 SET character_set_client = @saved_cs_client */;

--
-- Dumping data for table `graph_local`
--

LOCK TABLES `graph_local` WRITE;
/*!40000 ALTER TABLE `graph_local` DISABLE KEYS */;
INSERT INTO `graph_local` VALUES (1,12,1,0,''),(2,9,1,0,''),(3,10,1,0,''),(4,8,1,0,'');
/*!40000 ALTER TABLE `graph_local` ENABLE KEYS */;
UNLOCK TABLES;

--
-- Table structure for table `graph_template_input`
--

DROP TABLE IF EXISTS `graph_template_input`;
/*!40101 SET @saved_cs_client     = @@character_set_client */;
/*!40101 SET character_set_client = utf8 */;
CREATE TABLE `graph_template_input` (
  `id` mediumint(8) unsigned NOT NULL AUTO_INCREMENT,
  `hash` varchar(32) NOT NULL DEFAULT '',
  `graph_template_id` mediumint(8) unsigned NOT NULL DEFAULT '0',
  `name` varchar(255) NOT NULL DEFAULT '',
  `description` text,
  `column_name` varchar(50) NOT NULL DEFAULT '',
  PRIMARY KEY (`id`)
) ENGINE=MyISAM AUTO_INCREMENT=84 DEFAULT CHARSET=latin1 COMMENT='Stores the names for graph item input groups.';
/*!40101 SET character_set_client = @saved_cs_client */;

--
-- Dumping data for table `graph_template_input`
--

LOCK TABLES `graph_template_input` WRITE;
/*!40000 ALTER TABLE `graph_template_input` DISABLE KEYS */;
INSERT INTO `graph_template_input` VALUES (3,'e9d4191277fdfd7d54171f153da57fb0',2,'Inbound Data Source','','task_item_id'),(4,'7b361722a11a03238ee8ab7ce44a1037',2,'Outbound Data Source','','task_item_id'),(5,'b33eb27833614056e06ee5952c3e0724',3,'Available Disk Space Data Source','','task_item_id'),(6,'ef8799e63ee00e8904bcc4228015784a',3,'Used Disk Space Data Source','','task_item_id'),(7,'2662ef4fbb0bf92317ffd42c7515af37',5,'Signal Level Data Source','','task_item_id'),(8,'a6edef6624c796d3a6055305e2e3d4bf',5,'Noise Level Data Source','','task_item_id'),(9,'b0e902db1875e392a9d7d69bfbb13515',5,'Signal Level Color','','color_id'),(10,'24632b1d4a561e937225d0a5fbe65e41',5,'Noise Level Color','','color_id'),(11,'6d078f1d58b70ad154a89eb80fe6ab75',6,'Transmissions Data Source','','task_item_id'),(12,'878241872dd81c68d78e6ff94871d97d',6,'Re-Transmissions Data Source','','task_item_id'),(13,'f8fcdc3a3f0e8ead33bd9751895a3462',6,'Transmissions Color','','color_id'),(14,'394ab4713a34198dddb5175aa40a2b4a',6,'Re-Transmissions Color','','color_id'),(15,'433f328369f9569446ddc59555a63eb8',7,'Ping Host Data Source','','task_item_id'),(16,'a1a91c1514c65152d8cb73522ea9d4e6',7,'Legend Color','','color_id'),(17,'2fb4deb1448379b27ddc64e30e70dc42',7,'Legend Text','','text_format'),(18,'592cedd465877bc61ab549df688b0b2a',8,'Processes Data Source','','task_item_id'),(19,'1d51dbabb200fcea5c4b157129a75410',8,'Legend Color','','color_id'),(20,'8cb8ed3378abec21a1819ea52dfee6a3',9,'1 Minute Data Source','','task_item_id'),(21,'5dfcaf9fd771deb8c5430bce1562e371',9,'5 Minute Data Source','','task_item_id'),(22,'6f3cc610315ee58bc8e0b1f272466324',9,'15 Minute Data Source','','task_item_id'),(23,'b457a982bf46c6760e6ef5f5d06d41fb',10,'Logged in Users Data Source','','task_item_id'),(24,'bd4a57adf93c884815b25a8036b67f98',10,'Legend Color','','color_id'),(25,'d7cdb63500c576e0f9f354de42c6cf3a',11,'1 Minute Data Source','','task_item_id'),(26,'a23152f5ec02e7762ca27608c0d89f6c',11,'5 Minute Data Source','','task_item_id'),(27,'2cc5d1818da577fba15115aa18f64d85',11,'15 Minute Data Source','','task_item_id'),(30,'6273c71cdb7ed4ac525cdbcf6180918c',12,'Free Data Source','','task_item_id'),(31,'5e62dbea1db699f1bda04c5863e7864d',12,'Swap Data Source','','task_item_id'),(32,'4d52e112a836d4c9d451f56602682606',4,'System CPU Data Source','','task_item_id'),(33,'f0310b066cc919d2f898b8d1ebf3b518',4,'User CPU Data Source','','task_item_id'),(34,'d9eb6b9eb3d7dd44fd14fdefb4096b54',4,'Nice CPU Data Source','','task_item_id'),(35,'f45def7cad112b450667aa67262258cb',13,'Memory Free Data Source','','task_item_id'),(36,'f8c361a8c8b7ad80e8be03ba7ea5d0d6',13,'Memory Buffers Data Source','','task_item_id'),(37,'03d11dce695963be30bd744bd6cbac69',14,'Cache Hits Data Source','','task_item_id'),(38,'9cbc515234779af4bf6cdf71a81c556a',14,'Cache Checks Data Source','','task_item_id'),(39,'2c4d561ee8132a8dda6de1104336a6ec',15,'CPU Utilization Data Source','','task_item_id'),(40,'6e1cf7addc0cc419aa903552e3eedbea',16,'File System Reads Data Source','','task_item_id'),(41,'7ea2aa0656f7064d25a36135dd0e9082',16,'File System Writes Data Source','','task_item_id'),(42,'63480bca78a38435f24a5b5d5ed050d7',17,'Current Logins Data Source','','task_item_id'),(44,'31fed1f9e139d4897d0460b10fb7be94',15,'Legend Color','','color_id'),(45,'bb9d83a02261583bc1f92d9e66ea705d',18,'CPU Usage Data Source','','task_item_id'),(46,'51196222ed37b44236d9958116028980',18,'Legend Color','','color_id'),(47,'fd26b0f437b75715d6dff983e7efa710',19,'Free Space Data Source','','task_item_id'),(48,'a463dd46862605c90ea60ccad74188db',19,'Total Space Data Source','','task_item_id'),(49,'9977dd7a41bcf0f0c02872b442c7492e',19,'Freeable Space Data Source','','task_item_id'),(51,'a7a69bbdf6890d6e6eaa7de16e815ec6',20,'Used Directory Entries Data Source','','task_item_id'),(52,'0072b613a33f1fae5ce3e5903dec8fdb',20,'Available Directory Entries Data Source','','task_item_id'),(53,'940beb0f0344e37f4c6cdfc17d2060bc',21,'Available Disk Space Data Source','','task_item_id'),(54,'7b0674dd447a9badf0d11bec688028a8',21,'Used Disk Space Data Source','','task_item_id'),(55,'fa83cd3a3b4271b644cb6459ea8c35dc',22,'Discards In Data Source','','task_item_id'),(56,'7946e8ee1e38a65462b85e31a15e35e5',22,'Errors In Data Source','','task_item_id'),(57,'00ae916640272f5aca54d73ae34c326b',23,'Unicast Packets Out Data Source','','task_item_id'),(58,'1bc1652f82488ebfb7242c65d2ffa9c7',23,'Unicast Packets In Data Source','','task_item_id'),(59,'e3177d0e56278de320db203f32fb803d',24,'Non-Unicast Packets In Data Source','','task_item_id'),(60,'4f20fba2839764707f1c3373648c5fef',24,'Non-Unicast Packets Out Data Source','','task_item_id'),(61,'e5acdd5368137c408d56ecf55b0e077c',22,'Discards Out Data Source','','task_item_id'),(62,'a028e586e5fae667127c655fe0ac67f0',22,'Errors Out Data Source','','task_item_id'),(63,'2764a4f142ba9fd95872106a1b43541e',25,'Inbound Data Source','','task_item_id'),(64,'f73f7ddc1f4349356908122093dbfca2',25,'Outbound Data Source','','task_item_id'),(65,'86bd8819d830a81d64267761e1fd8ec4',26,'Total Disk Space Data Source','','task_item_id'),(66,'6c8967850102202de166951e4411d426',26,'Used Disk Space Data Source','','task_item_id'),(67,'bdad718851a52b82eca0a310b0238450',27,'CPU Utilization Data Source','','task_item_id'),(68,'e7b578e12eb8a82627557b955fd6ebd4',27,'Legend Color','','color_id'),(69,'37d09fb7ce88ecec914728bdb20027f3',28,'Logged in Users Data Source','','task_item_id'),(70,'699bd7eff7ba0c3520db3692103a053d',28,'Legend Color','','color_id'),(71,'df905e159d13a5abed8a8a7710468831',29,'Processes Data Source','','task_item_id'),(72,'8ca9e3c65c080dbf74a59338d64b0c14',29,'Legend Color','','color_id'),(73,'69ad68fc53af03565aef501ed5f04744',30,'Open Files Data Source','','task_item_id'),(74,'562726cccdb67d5c6941e9e826ef4ef5',31,'Inbound Data Source','','task_item_id'),(75,'82426afec226f8189c8928e7f083f80f',31,'Outbound Data Source','','task_item_id'),(76,'69a23877302e7d142f254b208c58b596',32,'Inbound Data Source','','task_item_id'),(77,'f28013abf8e5813870df0f4111a5e695',32,'Outbound Data Source','','task_item_id'),(78,'8644b933b6a09dde6c32ff24655eeb9a',33,'Outbound Data Source','','task_item_id'),(79,'49c4b4800f3e638a6f6bb681919aea80',33,'Inbound Data Source','','task_item_id'),(80,'e0b395be8db4f7b938d16df7ae70065f',13,'Cache Memory Data Source','','task_item_id'),(81,'2dca37011521501b9c2b705d080db750',34,'Data Source [snmp_oid]',NULL,'task_item_id'),(82,'b8d8ade5f5f3dd7b12f8cc56bbb4083e',34,'Legend Color','','color_id'),(83,'ac2355b4895c37e14df827f969f31c12',34,'Legend Text','','text_format');
/*!40000 ALTER TABLE `graph_template_input` ENABLE KEYS */;
UNLOCK TABLES;

--
-- Table structure for table `graph_template_input_defs`
--

DROP TABLE IF EXISTS `graph_template_input_defs`;
/*!40101 SET @saved_cs_client     = @@character_set_client */;
/*!40101 SET character_set_client = utf8 */;
CREATE TABLE `graph_template_input_defs` (
  `graph_template_input_id` mediumint(8) unsigned NOT NULL DEFAULT '0',
  `graph_template_item_id` int(12) unsigned NOT NULL DEFAULT '0',
  PRIMARY KEY (`graph_template_input_id`,`graph_template_item_id`),
  KEY `graph_template_input_id` (`graph_template_input_id`)
) ENGINE=MyISAM DEFAULT CHARSET=latin1 COMMENT='Stores the relationship for what graph iitems are associated';
/*!40101 SET character_set_client = @saved_cs_client */;

--
-- Dumping data for table `graph_template_input_defs`
--

LOCK TABLES `graph_template_input_defs` WRITE;
/*!40000 ALTER TABLE `graph_template_input_defs` DISABLE KEYS */;
INSERT INTO `graph_template_input_defs` VALUES (3,9),(3,10),(3,11),(3,12),(4,13),(4,14),(4,15),(4,16),(5,21),(5,22),(5,23),(5,24),(6,17),(6,18),(6,19),(6,20),(7,45),(7,46),(7,47),(7,48),(8,49),(8,50),(8,51),(8,52),(9,45),(10,49),(11,53),(11,54),(11,55),(11,56),(12,57),(12,58),(12,59),(12,60),(13,53),(14,57),(15,61),(15,62),(15,63),(15,64),(16,61),(17,61),(18,65),(18,66),(18,67),(18,68),(19,65),(20,69),(20,70),(21,71),(21,72),(22,73),(22,74),(23,76),(23,77),(23,78),(23,79),(24,76),(25,80),(25,81),(26,82),(26,83),(27,84),(27,85),(30,95),(30,96),(30,97),(30,98),(31,99),(31,100),(31,101),(31,102),(32,29),(32,30),(32,31),(32,32),(33,33),(33,34),(33,35),(33,36),(34,37),(34,38),(34,39),(34,40),(35,103),(35,104),(35,105),(35,106),(36,107),(36,108),(36,109),(36,110),(37,111),(37,112),(37,113),(37,114),(38,115),(38,116),(38,117),(38,118),(39,119),(39,120),(39,121),(39,122),(40,123),(40,124),(40,125),(40,126),(41,127),(41,128),(41,129),(41,130),(42,131),(42,132),(42,133),(42,134),(44,119),(45,139),(45,140),(45,141),(45,142),(46,139),(47,143),(47,144),(47,145),(47,146),(48,147),(48,148),(48,149),(48,150),(49,151),(49,152),(49,153),(49,154),(51,159),(51,160),(51,161),(51,162),(52,163),(52,164),(52,165),(52,166),(53,172),(53,173),(53,174),(53,175),(54,167),(54,169),(54,170),(54,171),(55,180),(55,181),(55,182),(55,183),(56,184),(56,185),(56,186),(56,187),(57,188),(57,189),(57,190),(57,191),(58,192),(58,193),(58,194),(58,195),(59,196),(59,197),(59,198),(59,199),(60,200),(60,201),(60,202),(60,203),(61,204),(61,205),(61,206),(61,207),(62,208),(62,209),(62,210),(62,211),(63,212),(63,213),(63,214),(63,215),(64,216),(64,217),(64,218),(64,219),(65,307),(65,308),(65,309),(65,310),(66,303),(66,304),(66,305),(66,306),(67,315),(67,316),(67,317),(67,318),(68,315),(69,319),(69,320),(69,321),(69,322),(70,319),(71,323),(71,324),(71,325),(71,326),(72,323),(73,358),(73,359),(73,360),(73,361),(74,362),(74,363),(74,364),(74,365),(75,366),(75,367),(75,368),(75,369),(75,371),(75,372),(76,373),(76,374),(76,375),(76,376),(76,383),(77,377),(77,378),(77,379),(77,380),(77,384),(78,385),(78,386),(78,387),(78,388),(78,393),(79,389),(79,390),(79,391),(79,392),(79,394),(80,403),(80,404),(80,405),(80,406),(81,407),(81,408),(81,409),(81,410),(82,407),(83,407);
/*!40000 ALTER TABLE `graph_template_input_defs` ENABLE KEYS */;
UNLOCK TABLES;

--
-- Table structure for table `graph_templates`
--

DROP TABLE IF EXISTS `graph_templates`;
/*!40101 SET @saved_cs_client     = @@character_set_client */;
/*!40101 SET character_set_client = utf8 */;
CREATE TABLE `graph_templates` (
  `id` mediumint(8) unsigned NOT NULL AUTO_INCREMENT,
  `hash` char(32) NOT NULL DEFAULT '',
  `name` char(255) NOT NULL DEFAULT '',
  PRIMARY KEY (`id`),
  KEY `name` (`name`)
) ENGINE=MyISAM AUTO_INCREMENT=35 DEFAULT CHARSET=latin1 COMMENT='Contains each graph template name.';
/*!40101 SET character_set_client = @saved_cs_client */;

--
-- Dumping data for table `graph_templates`
--

LOCK TABLES `graph_templates` WRITE;
/*!40000 ALTER TABLE `graph_templates` DISABLE KEYS */;
INSERT INTO `graph_templates` VALUES (34,'010b90500e1fc6a05abfd542940584d0','SNMP - Generic OID Template'),(2,'5deb0d66c81262843dce5f3861be9966','Interface - Traffic (bits/sec)'),(3,'abb5e813c9f1e8cd6fc1e393092ef8cb','ucd/net - Available Disk Space'),(4,'e334bdcf821cd27270a4cc945e80915e','ucd/net - CPU Usage'),(5,'280e38336d77acde4672879a7db823f3','Karlnet - Wireless Levels'),(6,'3109d88e6806d2ce50c025541b542499','Karlnet - Wireless Transmissions'),(7,'cf96dfb22b58e08bf101ca825377fa4b','Unix - Ping Latency'),(8,'9fe8b4da353689d376b99b2ea526cc6b','Unix - Processes'),(9,'fe5edd777a76d48fc48c11aded5211ef','Unix - Load Average'),(10,'63610139d44d52b195cc375636653ebd','Unix - Logged in Users'),(11,'5107ec0206562e77d965ce6b852ef9d4','ucd/net - Load Average'),(12,'6992ed4df4b44f3d5595386b8298f0ec','Linux - Memory Usage'),(13,'be275639d5680e94c72c0ebb4e19056d','ucd/net - Memory Usage'),(14,'f17e4a77b8496725dc924b8c35b60036','Netware - File System Cache'),(15,'46bb77f4c0c69671980e3c60d3f22fa9','Netware - CPU Utilization'),(16,'8e77a3036312fd0fda32eaea2b5f141b','Netware - File System Activity'),(17,'5892c822b1bb2d38589b6c27934b9936','Netware - Logged In Users'),(18,'9a5e6d7781cc1bd6cf24f64dd6ffb423','Cisco - CPU Usage'),(19,'0dd0438d5e6cad6776f79ecaa96fb708','Netware - Volume Information'),(20,'b18a3742ebea48c6198412b392d757fc','Netware - Directory Information'),(21,'8e7c8a511652fe4a8e65c69f3d34779d','Unix - Available Disk Space'),(22,'06621cd4a9289417cadcb8f9b5cfba80','Interface - Errors/Discards'),(23,'e0d1625a1f4776a5294583659d5cee15','Interface - Unicast Packets'),(24,'10ca5530554da7b73dc69d291bf55d38','Interface - Non-Unicast Packets'),(25,'df244b337547b434b486662c3c5c7472','Interface - Traffic (bytes/sec)'),(26,'7489e44466abee8a7d8636cb2cb14a1a','Host MIB - Available Disk Space'),(27,'c6bb62bedec4ab97f9db9fd780bd85a6','Host MIB - CPU Utilization'),(28,'e8462bbe094e4e9e814d4e681671ea82','Host MIB - Logged in Users'),(29,'62205afbd4066e5c4700338841e3901e','Host MIB - Processes'),(30,'e3780a13b0f7a3f85a44b70cd4d2fd36','Netware - Open Files'),(31,'1742b2066384637022d178cc5072905a','Interface - Traffic (bits/sec, 95th Percentile)'),(32,'13b47e10b2d5db45707d61851f69c52b','Interface - Traffic (bits/sec, Total Bandwidth)'),(33,'8ad6790c22b693680e041f21d62537ac','Interface - Traffic (bytes/sec, Total Bandwidth)');
/*!40000 ALTER TABLE `graph_templates` ENABLE KEYS */;
UNLOCK TABLES;

--
-- Table structure for table `graph_templates_gprint`
--

DROP TABLE IF EXISTS `graph_templates_gprint`;
/*!40101 SET @saved_cs_client     = @@character_set_client */;
/*!40101 SET character_set_client = utf8 */;
CREATE TABLE `graph_templates_gprint` (
  `id` mediumint(8) unsigned NOT NULL AUTO_INCREMENT,
  `hash` varchar(32) NOT NULL DEFAULT '',
  `name` varchar(100) NOT NULL DEFAULT '',
  `gprint_text` varchar(255) DEFAULT NULL,
  PRIMARY KEY (`id`)
) ENGINE=MyISAM AUTO_INCREMENT=5 DEFAULT CHARSET=latin1;
/*!40101 SET character_set_client = @saved_cs_client */;

--
-- Dumping data for table `graph_templates_gprint`
--

LOCK TABLES `graph_templates_gprint` WRITE;
/*!40000 ALTER TABLE `graph_templates_gprint` DISABLE KEYS */;
INSERT INTO `graph_templates_gprint` VALUES (2,'e9c43831e54eca8069317a2ce8c6f751','Normal','%8.2lf %s'),(3,'19414480d6897c8731c7dc6c5310653e','Exact Numbers','%8.0lf'),(4,'304a778405392f878a6db435afffc1e9','Load Average','%8.2lf');
/*!40000 ALTER TABLE `graph_templates_gprint` ENABLE KEYS */;
UNLOCK TABLES;

--
-- Table structure for table `graph_templates_graph`
--

DROP TABLE IF EXISTS `graph_templates_graph`;
/*!40101 SET @saved_cs_client     = @@character_set_client */;
/*!40101 SET character_set_client = utf8 */;
CREATE TABLE `graph_templates_graph` (
  `id` mediumint(8) unsigned NOT NULL AUTO_INCREMENT,
  `local_graph_template_graph_id` mediumint(8) unsigned NOT NULL DEFAULT '0',
  `local_graph_id` mediumint(8) unsigned NOT NULL DEFAULT '0',
  `graph_template_id` mediumint(8) unsigned NOT NULL DEFAULT '0',
  `t_image_format_id` char(2) DEFAULT '0',
  `image_format_id` tinyint(1) NOT NULL DEFAULT '0',
  `t_title` char(2) DEFAULT '0',
  `title` varchar(255) NOT NULL DEFAULT '',
  `title_cache` varchar(255) NOT NULL DEFAULT '',
  `t_height` char(2) DEFAULT '0',
  `height` mediumint(8) NOT NULL DEFAULT '0',
  `t_width` char(2) DEFAULT '0',
  `width` mediumint(8) NOT NULL DEFAULT '0',
  `t_upper_limit` char(2) DEFAULT '0',
  `upper_limit` varchar(20) NOT NULL DEFAULT '0',
  `t_lower_limit` char(2) DEFAULT '0',
  `lower_limit` varchar(20) NOT NULL DEFAULT '0',
  `t_vertical_label` char(2) DEFAULT '0',
  `vertical_label` varchar(200) DEFAULT NULL,
  `t_slope_mode` char(2) DEFAULT '0',
  `slope_mode` char(2) DEFAULT 'on',
  `t_auto_scale` char(2) DEFAULT '0',
  `auto_scale` char(2) DEFAULT NULL,
  `t_auto_scale_opts` char(2) DEFAULT '0',
  `auto_scale_opts` tinyint(1) NOT NULL DEFAULT '0',
  `t_auto_scale_log` char(2) DEFAULT '0',
  `auto_scale_log` char(2) DEFAULT NULL,
  `t_scale_log_units` char(2) DEFAULT '0',
  `scale_log_units` char(2) DEFAULT NULL,
  `t_auto_scale_rigid` char(2) DEFAULT '0',
  `auto_scale_rigid` char(2) DEFAULT NULL,
  `t_auto_padding` char(2) DEFAULT '0',
  `auto_padding` char(2) DEFAULT NULL,
  `t_base_value` char(2) DEFAULT '0',
  `base_value` mediumint(8) NOT NULL DEFAULT '0',
  `t_grouping` char(2) DEFAULT '0',
  `grouping` char(2) NOT NULL DEFAULT '',
  `t_export` char(2) DEFAULT '0',
  `export` char(2) DEFAULT NULL,
  `t_unit_value` char(2) DEFAULT '0',
  `unit_value` varchar(20) DEFAULT NULL,
  `t_unit_exponent_value` char(2) DEFAULT '0',
  `unit_exponent_value` varchar(5) NOT NULL DEFAULT '',
  PRIMARY KEY (`id`),
  KEY `local_graph_id` (`local_graph_id`),
  KEY `graph_template_id` (`graph_template_id`),
  KEY `title_cache` (`title_cache`)
) ENGINE=MyISAM AUTO_INCREMENT=48 DEFAULT CHARSET=latin1 COMMENT='Stores the actual graph data.';
/*!40101 SET character_set_client = @saved_cs_client */;

--
-- Dumping data for table `graph_templates_graph`
--

LOCK TABLES `graph_templates_graph` WRITE;
/*!40000 ALTER TABLE `graph_templates_graph` DISABLE KEYS */;
INSERT INTO `graph_templates_graph` VALUES (2,0,0,2,'',1,'on','|host_description| - Traffic','','',120,'',500,'','100','','0','','bits per second','0','on','','on','',2,'','','0','','','on','','on','',1000,'0','','','on','','','',''),(3,0,0,3,'',1,'on','|host_description| - Hard Drive Space','','',120,'',500,'','100','','0','','bytes','0','on','','on','',2,'','','0','','','on','','on','',1024,'0','','','on','','','',''),(4,0,0,4,'',1,'','|host_description| - CPU Usage','','',120,'',500,'','100','','0','','percent','0','on','','on','',2,'','','0','','','on','','on','',1000,'0','','','on','','','',''),(5,0,0,5,'',1,'on','|host_description| - Wireless Levels','','',120,'',500,'','100','','0','','percent','0','on','','','',2,'','','0','','','on','','on','',1000,'0','','','on','','','',''),(6,0,0,6,'',1,'on','|host_description| - Wireless Transmissions','','',120,'',500,'','100','','0','','transmissions','0','on','','on','',2,'','','0','','','on','','on','',1000,'0','','','on','','','',''),(7,0,0,7,'',1,'','|host_description| - Ping Latency','','',120,'',500,'','100','','0','','milliseconds','0','on','','on','',2,'','','0','','','','','on','',1000,'0','','','on','','','',''),(8,0,0,8,'',1,'','|host_description| - Processes','','',120,'',500,'','100','','0','','processes','0','on','','on','',2,'','','0','','','','','on','',1000,'0','','','on','','','',''),(9,0,0,9,'',1,'','|host_description| - Load Average','','',120,'',500,'','100','','0','','processes in the run queue','0','on','','on','',2,'','','0','','','on','','on','',1000,'0','','','on','','','','0'),(10,0,0,10,'',1,'','|host_description| - Logged in Users','','',120,'',500,'','100','','0','','users','0','on','','on','',2,'','','0','','','on','','on','',1000,'0','','','on','','','',''),(11,0,0,11,'',1,'','|host_description| - Load Average','','',120,'',500,'','100','','0','','processes in the run queue','0','on','','on','',2,'','','0','','','on','','on','',1000,'0','','','on','','','','0'),(12,0,0,12,'',1,'','|host_description| - Memory Usage','','',120,'',500,'','100','','0','','kilobytes','0','on','','on','',2,'','','0','','','on','','on','',1000,'0','','','on','','','',''),(13,0,0,13,'',1,'','|host_description| - Memory Usage','','',120,'',500,'','100','','0','','bytes','0','on','','on','',2,'','','0','','','on','','on','',1000,'0','','','on','','','',''),(14,0,0,14,'',1,'','|host_description| - File System Cache','','',120,'',500,'','100','','0','','cache checks/hits','0','on','','on','',2,'','','0','','','on','','on','',1000,'0','','','on','','','',''),(15,0,0,15,'',1,'','|host_description| - CPU Utilization','','',120,'',500,'','100','','0','','percent','0','on','','on','',2,'','','0','','','on','','on','',1000,'0','','','on','','','',''),(16,0,0,16,'',1,'','|host_description| - File System Activity','','',120,'',500,'','100','','0','','reads/writes per sec','0','on','','on','',2,'','','0','','','on','','on','',1000,'0','','','on','','','',''),(17,0,0,17,'',1,'','|host_description| - Logged In Users','','',120,'',500,'','100','','0','','users','0','on','','on','',2,'','','0','','','on','','on','',1000,'0','','','on','','','',''),(18,0,0,18,'',1,'','|host_description| - CPU Usage','','',120,'',500,'','100','','0','','percent','0','on','','on','',2,'','','0','','','on','','on','',1000,'0','','','on','','','',''),(19,0,0,19,'',1,'on','|host_description| - Volume Information','','',120,'',500,'','100','','0','','bytes','0','on','','on','',2,'','','0','','','on','','on','',1000,'0','','','on','','','',''),(20,0,0,20,'',1,'','|host_description| - Directory Information','','',120,'',500,'','100','','0','','directory entries','0','on','','on','',2,'','','0','','','on','','on','',1000,'0','','','on','','','',''),(21,0,0,21,'',1,'on','|host_description| - Available Disk Space','','',120,'',500,'','100','','0','','bytes','0','on','','on','',2,'','','0','','','on','','on','',1024,'0','','','on','','','',''),(22,0,0,22,'',1,'on','|host_description| - Errors/Discards','','',120,'',500,'','100','','0','','errors/sec','0','on','','on','',2,'','','0','','','on','','on','',1000,'0','','','on','','','',''),(23,0,0,23,'',1,'on','|host_description| - Unicast Packets','','',120,'',500,'','100','','0','','packets/sec','0','on','','on','',2,'','','0','','','on','','on','',1000,'0','','','on','','','',''),(24,0,0,24,'',1,'on','|host_description| - Non-Unicast Packets','','',120,'',500,'','100','','0','','packets/sec','0','on','','on','',2,'','','0','','','on','','on','',1000,'0','','','on','','','',''),(25,0,0,25,'',1,'on','|host_description| - Traffic','','',120,'',500,'','100','','0','','bytes per second','0','on','','on','',2,'','','0','','','on','','on','',1000,'0','','','on','','','',''),(34,0,0,26,'',1,'on','|host_description| - Available Disk Space','','',120,'',500,'','100','','0','','bytes','0','on','','on','',2,'','','0','','','on','','on','',1024,'0','','','on','','','',''),(35,0,0,27,'',1,'on','|host_description| - CPU Utilization','','',120,'',500,'','100','','0','','percent','0','on','','on','',2,'','','0','','','on','','on','',1000,'0','','','on','','','',''),(36,0,0,28,'',1,'','|host_description| - Logged in Users','','',120,'',500,'','100','','0','','users','0','on','','on','',2,'','','0','','','on','','on','',1000,'0','','','on','','','',''),(37,0,0,29,'',1,'','|host_description| - Processes','','',120,'',500,'','100','','0','','processes','0','on','','on','',2,'','','0','','','','','on','',1000,'0','','','on','','','',''),(38,12,1,12,'0',1,'0','|host_description| - Memory Usage','Localhost - Memory Usage','0',120,'0',500,'0','100','0','0','0','kilobytes','0','on','0','on','0',2,'0','','0','','0','on','0','on','0',1000,'0','','0','on','0','','0',''),(39,9,2,9,'0',1,'0','|host_description| - Load Average','Localhost - Load Average','0',120,'0',500,'0','100','0','0','0','processes in the run queue','0','on','0','on','0',2,'0','','0','','0','on','0','on','0',1000,'0','','0','on','0','','0','0'),(40,10,3,10,'0',1,'0','|host_description| - Logged in Users','Localhost - Logged in Users','0',120,'0',500,'0','100','0','0','0','users','0','on','0','on','0',2,'0','','0','','0','on','0','on','0',1000,'0','','0','on','0','','0',''),(41,8,4,8,'0',1,'0','|host_description| - Processes','Localhost - Processes','0',120,'0',500,'0','100','0','0','0','processes','0','on','0','on','0',2,'0','','0','','0','','0','on','0',1000,'0','','0','on','0','','0',''),(42,0,0,30,'',1,'','|host_description| - Open Files','','',120,'',500,'','100','','0','','files','0','on','','on','',2,'','','0','','','','','on','',1000,'0','','','on','','','',''),(43,0,0,31,'',1,'on','|host_description| - Traffic','','',120,'',500,'','100','','0','','bits per second','0','on','','on','',2,'','','0','','','on','','on','',1000,'0','','','on','','','',''),(44,0,0,32,'',1,'on','|host_description| - Traffic','','',120,'',500,'','100','','0','','bits per second','0','on','','on','',2,'','','0','','','on','','on','',1000,'0','','','on','','','',''),(45,0,0,33,'',1,'on','|host_description| - Traffic','','',120,'',500,'','100','','0','','bytes per second','0','on','','on','',2,'','','0','','','on','','on','',1000,'0','','','on','','','',''),(47,0,0,34,'',1,'on','|host_description| -','','',120,'',500,'','100','','0','on','','0','on','','on','',2,'','','0','','','','','on','',1000,'0','','','on','','','','');
/*!40000 ALTER TABLE `graph_templates_graph` ENABLE KEYS */;
UNLOCK TABLES;

--
-- Table structure for table `graph_templates_item`
--

DROP TABLE IF EXISTS `graph_templates_item`;
/*!40101 SET @saved_cs_client     = @@character_set_client */;
/*!40101 SET character_set_client = utf8 */;
CREATE TABLE `graph_templates_item` (
  `id` int(12) unsigned NOT NULL AUTO_INCREMENT,
  `hash` varchar(32) NOT NULL DEFAULT '',
  `local_graph_template_item_id` int(12) unsigned NOT NULL DEFAULT '0',
  `local_graph_id` mediumint(8) unsigned NOT NULL DEFAULT '0',
  `graph_template_id` mediumint(8) unsigned NOT NULL DEFAULT '0',
  `task_item_id` mediumint(8) unsigned NOT NULL DEFAULT '0',
  `color_id` mediumint(8) unsigned NOT NULL DEFAULT '0',
  `alpha` char(2) DEFAULT 'FF',
  `graph_type_id` tinyint(3) NOT NULL DEFAULT '0',
  `cdef_id` mediumint(8) unsigned NOT NULL DEFAULT '0',
  `consolidation_function_id` tinyint(2) NOT NULL DEFAULT '0',
  `text_format` varchar(255) DEFAULT NULL,
  `value` varchar(255) DEFAULT NULL,
  `hard_return` char(2) DEFAULT NULL,
  `gprint_id` mediumint(8) unsigned NOT NULL DEFAULT '0',
  `sequence` mediumint(8) unsigned NOT NULL DEFAULT '0',
  PRIMARY KEY (`id`),
  KEY `graph_template_id` (`graph_template_id`),
  KEY `local_graph_id` (`local_graph_id`),
  KEY `task_item_id` (`task_item_id`)
) ENGINE=MyISAM AUTO_INCREMENT=411 DEFAULT CHARSET=latin1 COMMENT='Stores the actual graph item data.';
/*!40101 SET character_set_client = @saved_cs_client */;

--
-- Dumping data for table `graph_templates_item`
--

LOCK TABLES `graph_templates_item` WRITE;
/*!40000 ALTER TABLE `graph_templates_item` DISABLE KEYS */;
INSERT INTO `graph_templates_item` VALUES (9,'0470b2427dbfadb6b8346e10a71268fa',0,0,2,54,22,'FF',7,2,1,'Inbound','','',2,1),(10,'84a5fe0db518550266309823f994ce9c',0,0,2,54,0,'FF',9,2,4,'Current:','','',2,2),(11,'2f222f28084085cd06a1f46e4449c793',0,0,2,54,0,'FF',9,2,1,'Average:','','',2,3),(12,'55acbcc33f46ee6d754e8e81d1b54808',0,0,2,54,0,'FF',9,2,3,'Maximum:','','on',2,4),(13,'fdaf2321fc890e355711c2bffc07d036',0,0,2,55,20,'FF',4,2,1,'Outbound','','',2,5),(14,'768318f42819217ed81196d2179d3e1b',0,0,2,55,0,'FF',9,2,4,'Current:','','',2,6),(15,'cb3aa6256dcb3acd50d4517b77a1a5c3',0,0,2,55,0,'FF',9,2,1,'Average:','','',2,7),(16,'671e989be7cbf12c623b4e79d91c7bed',0,0,2,55,0,'FF',9,2,3,'Maximum:','','on',2,8),(17,'b561ed15b3ba66d277e6d7c1640b86f7',0,0,3,4,48,'FF',7,14,1,'Used','','',2,1),(18,'99ef051057fa6adfa6834a7632e9d8a2',0,0,3,4,0,'FF',9,14,4,'Current:','','',2,2),(19,'3986695132d3f4716872df4c6fbccb65',0,0,3,4,0,'FF',9,14,1,'Average:','','',2,3),(20,'0444300017b368e6257f010dca8bbd0d',0,0,3,4,0,'FF',9,14,3,'Maximum:','','on',2,4),(21,'4d6a0b9063124ca60e2d1702b3e15e41',0,0,3,3,20,'FF',8,14,1,'Available','','',2,5),(22,'181b08325e4d00cd50b8cdc8f8ae8e77',0,0,3,3,0,'FF',9,14,4,'Current:','','',2,6),(23,'bba0a9ff1357c990df50429d64314340',0,0,3,3,0,'FF',9,14,1,'Average:','','',2,7),(24,'d4a67883d53bc1df8aead21c97c0bc52',0,0,3,3,0,'FF',9,14,3,'Maximum:','','on',2,8),(25,'253c9ec2d66905245149c1c2dc8e536e',0,0,3,0,1,'FF',5,15,1,'Total','','',2,9),(26,'ea9ea883383f4eb462fec6aa309ba7b5',0,0,3,0,0,'FF',9,15,4,'Current:','','',2,10),(27,'83b746bcaba029eeca170a9f77ec4864',0,0,3,0,0,'FF',9,15,1,'Average:','','',2,11),(28,'82e01dd92fd37887c0696192efe7af65',0,0,3,0,0,'FF',9,15,3,'Maximum:','','on',2,12),(29,'ff0a6125acbb029b814ed1f271ad2d38',0,0,4,5,9,'FF',7,0,1,'System','','',2,1),(30,'f0776f7d6638bba76c2c27f75a424f0f',0,0,4,5,0,'FF',9,0,4,'Current:','','',2,2),(31,'39f4e021aa3fed9207b5f45a82122b21',0,0,4,5,0,'FF',9,0,1,'Average:','','',2,3),(32,'800f0b067c06f4ec9c2316711ea83c1e',0,0,4,5,0,'FF',9,0,3,'Maximum:','','on',2,4),(33,'9419dd5dbf549ba4c5dc1462da6ee321',0,0,4,6,21,'FF',8,0,1,'User','','',2,5),(34,'e461dd263ae47657ea2bf3fd82bec096',0,0,4,6,0,'FF',9,0,4,'Current:','','',2,6),(35,'f2d1fbb8078a424ffc8a6c9d44d8caa0',0,0,4,6,0,'FF',9,0,1,'Average:','','',2,7),(36,'e70a5de639df5ba1705b5883da7fccfc',0,0,4,6,0,'FF',9,0,3,'Maximum:','','on',2,8),(37,'85fefb25ce9fd0317da2706a5463fc42',0,0,4,7,12,'FF',8,0,1,'Nice','','',2,9),(38,'a1cb26878776999db16f1de7577b3c2a',0,0,4,7,0,'FF',9,0,4,'Current:','','',2,10),(39,'7d0f9bf64a0898a0095f099674754273',0,0,4,7,0,'FF',9,0,1,'Average:','','',2,11),(40,'b2879248a522d9679333e1f29e9a87c3',0,0,4,7,0,'FF',9,0,3,'Maximum:','','on',2,12),(41,'d800aa59eee45383b3d6d35a11cdc864',0,0,4,0,1,'FF',4,12,1,'Total','','',2,13),(42,'cab4ae79a546826288e273ca1411c867',0,0,4,0,0,'FF',9,12,4,'Current:','','',2,14),(43,'d44306ae85622fec971507460be63f5c',0,0,4,0,0,'FF',9,12,1,'Average:','','',2,15),(44,'aa5c2118035bb83be497d4e099afcc0d',0,0,4,0,0,'FF',9,12,3,'Maximum:','','on',2,16),(45,'4aa34ea1b7542b770ace48e8bc395a22',0,0,5,9,48,'FF',7,0,1,'Signal Level','','',2,1),(46,'22f118a9d81d0a9c8d922efbbc8a9cc1',0,0,5,9,0,'FF',9,0,4,'Current:','','',2,2),(47,'229de0c4b490de9d20d8f8d41059f933',0,0,5,9,0,'FF',9,0,1,'Average:','','',2,3),(48,'cd17feb30c02fd8f21e4d4dcde04e024',0,0,5,9,0,'FF',9,0,3,'Maximum:','','on',2,4),(49,'8723600cfd0f8a7b3f7dc1361981aabd',0,0,5,8,25,'FF',5,0,1,'Noise Level','','',2,5),(50,'cb06be2601b5abfb7a42fc07586de1c2',0,0,5,8,0,'FF',9,0,4,'Current:','','',2,6),(51,'55a2ee0fd511e5210ed85759171de58f',0,0,5,8,0,'FF',9,0,1,'Average:','','',2,7),(52,'704459564c84e42462e106eef20db169',0,0,5,8,0,'FF',9,0,3,'Maximum:','','on',2,8),(53,'aaebb19ec522497eaaf8c87a631b7919',0,0,6,10,48,'FF',7,0,1,'Transmissions','','',2,1),(54,'8b54843ac9d41bce2fcedd023560ed64',0,0,6,10,0,'FF',9,0,4,'Current:','','',2,2),(55,'05927dc83e07c7d9cffef387d68f35c9',0,0,6,10,0,'FF',9,0,1,'Average:','','',2,3),(56,'d11e62225a7e7a0cdce89242002ca547',0,0,6,10,0,'FF',9,0,3,'Maximum:','','on',2,4),(57,'6397b92032486c476b0e13a35b727041',0,0,6,11,25,'FF',5,0,1,'Re-Transmissions','','',2,5),(58,'cdfa5f8f82f4c479ff7f6f54160703f6',0,0,6,11,0,'FF',9,0,4,'Current:','','',2,6),(59,'ce2a309fb9ef64f83f471895069a6f07',0,0,6,11,0,'FF',9,0,1,'Average:','','',2,7),(60,'9cbfbf57ebde435b27887f27c7d3caea',0,0,6,11,0,'FF',9,0,3,'Maximum:','','on',2,8),(61,'80e0aa956f50c261e5143273da58b8a3',0,0,7,21,25,'FF',7,0,1,'','','',2,1),(62,'48fdcae893a7b7496e1a61efc3453599',0,0,7,21,0,'FF',9,0,4,'Current:','','',2,2),(63,'22f43e5fa20f2716666ba9ed9a7d1727',0,0,7,21,0,'FF',9,0,1,'Average:','','',2,3),(64,'3e86d497bcded7af7ab8408e4908e0d8',0,0,7,21,0,'FF',9,0,3,'Maximum:','','on',2,4),(65,'ba00ecd28b9774348322ff70a96f2826',0,0,8,19,48,'FF',7,0,1,'Running Processes','','',2,1),(66,'8d76de808efd73c51e9a9cbd70579512',0,0,8,19,0,'FF',9,0,4,'Current:','','',3,2),(67,'304244ca63d5b09e62a94c8ec6fbda8d',0,0,8,19,0,'FF',9,0,1,'Average:','','',3,3),(68,'da1ba71a93d2ed4a2a00d54592b14157',0,0,8,19,0,'FF',9,0,3,'Maximum:','','on',3,4),(69,'93ad2f2803b5edace85d86896620b9da',0,0,9,12,15,'FF',7,0,1,'1 Minute Average','','',2,1),(70,'e28736bf63d3a3bda03ea9f1e6ecb0f1',0,0,9,12,0,'FF',9,0,4,'Current:','','on',4,2),(71,'bbdfa13adc00398eed132b1ccb4337d2',0,0,9,13,8,'FF',8,0,1,'5 Minute Average','','',2,3),(72,'2c14062c7d67712f16adde06132675d6',0,0,9,13,0,'FF',9,0,4,'Current:','','on',4,4),(73,'9cf6ed48a6a54b9644a1de8c9929bd4e',0,0,9,14,9,'FF',8,0,1,'15 Minute Average','','',2,5),(74,'c9824064305b797f38feaeed2352e0e5',0,0,9,14,0,'FF',9,0,4,'Current:','','on',4,6),(75,'fa1bc4eff128c4da70f5247d55b8a444',0,0,9,0,1,'FF',4,12,1,'','','on',2,7),(76,'5c94ac24bc0d6d2712cc028fa7d4c7d2',0,0,10,20,67,'FF',7,0,1,'Users','','',2,1),(77,'8bc7f905526f62df7d5c2d8c27c143c1',0,0,10,20,0,'FF',9,0,4,'Current:','','',3,2),(78,'cd074cd2b920aab70d480c020276d45b',0,0,10,20,0,'FF',9,0,1,'Average:','','',3,3),(79,'415630f25f5384ba0c82adbdb05fe98b',0,0,10,20,0,'FF',9,0,3,'Maximum:','','on',3,4),(80,'d77d2050be357ab067666a9485426e6b',0,0,11,33,15,'FF',7,0,1,'1 Minute Average','','',2,1),(81,'13d22f5a0eac6d97bf6c97d7966f0a00',0,0,11,33,0,'FF',9,0,4,'Current:','','on',4,2),(82,'8580230d31d2851ec667c296a665cbf9',0,0,11,34,8,'FF',8,0,1,'5 Minute Average','','',2,3),(83,'b5b7d9b64e7640aa51dbf58c69b86d15',0,0,11,34,0,'FF',9,0,4,'Current:','','on',4,4),(84,'2ec10edf4bfaa866b7efd544d4c3f446',0,0,11,35,9,'FF',8,0,1,'15 Minute Average','','',2,5),(85,'b65666f0506c0c70966f493c19607b93',0,0,11,35,0,'FF',9,0,4,'Current:','','on',4,6),(86,'6c73575c74506cfc75b89c4276ef3455',0,0,11,0,1,'FF',4,12,1,'Total','','on',2,7),(95,'5fa7c2317f19440b757ab2ea1cae6abc',0,0,12,16,41,'FF',7,14,1,'Free','','',2,9),(96,'b1d18060bfd3f68e812c508ff4ac94ed',0,0,12,16,0,'FF',9,14,4,'Current:','','',2,10),(97,'780b6f0850aaf9431d1c246c55143061',0,0,12,16,0,'FF',9,14,1,'Average:','','',2,11),(98,'2d54a7e7bb45e6c52d97a09e24b7fba7',0,0,12,16,0,'FF',9,14,3,'Maximum:','','on',2,12),(99,'40206367a3c192b836539f49801a0b15',0,0,12,18,30,'FF',8,14,1,'Swap','','',2,13),(100,'7ee72e2bb3722d4f8a7f9c564e0dd0d0',0,0,12,18,0,'FF',9,14,4,'Current:','','',2,14),(101,'c8af33b949e8f47133ee25e63c91d4d0',0,0,12,18,0,'FF',9,14,1,'Average:','','',2,15),(102,'568128a16723d1195ce6a234d353ce00',0,0,12,18,0,'FF',9,14,3,'Maximum:','','on',2,16),(103,'7517a40d478e28ed88ba2b2a65e16b57',0,0,13,37,52,'FF',7,14,1,'Memory Free','','',2,1),(104,'df0c8b353d26c334cb909dc6243957c5',0,0,13,37,0,'FF',9,14,4,'Current:','','',2,2),(105,'c41a4cf6fefaf756a24f0a9510580724',0,0,13,37,0,'FF',9,14,1,'Average:','','',2,3),(106,'9efa8f01c6ed11364a21710ff170f422',0,0,13,37,0,'FF',9,14,3,'Maximum:','','on',2,4),(107,'95d6e4e5110b456f34324f7941d08318',0,0,13,36,35,'FF',8,14,1,'Memory Buffers','','',2,5),(108,'0c631bfc0785a9cca68489ea87a6c3da',0,0,13,36,0,'FF',9,14,4,'Current:','','',2,6),(109,'3468579d3b671dfb788696df7dcc1ec9',0,0,13,36,0,'FF',9,14,1,'Average:','','',2,7),(110,'c3ddfdaa65449f99b7f1a735307f9abe',0,0,13,36,0,'FF',9,14,3,'Maximum:','','on',2,8),(111,'4c64d5c1ce8b5d8b94129c23b46a5fd6',0,0,14,28,41,'FF',7,0,1,'Cache Hits','','',2,1),(112,'5c1845c9bd1af684a3c0ad843df69e3e',0,0,14,28,0,'FF',9,0,4,'Current:','','',3,2),(113,'e5169563f3f361701902a8da3ac0c77f',0,0,14,28,0,'FF',9,0,1,'Average:','','',3,3),(114,'35e87262efa521edbb1fd27f09c036f5',0,0,14,28,0,'FF',9,0,3,'Maximum:','','on',3,4),(115,'53069d7dba4c31b338f609bea4cd16f3',0,0,14,27,66,'FF',8,0,1,'Cache Checks','','',2,5),(116,'d9c102579839c5575806334d342b50de',0,0,14,27,0,'FF',9,0,4,'Current:','','',3,6),(117,'dc1897c3249dbabe269af49cee92f8c0',0,0,14,27,0,'FF',9,0,1,'Average:','','',3,7),(118,'ccd21fe0b5a8c24057f1eff4a6b66391',0,0,14,27,0,'FF',9,0,3,'Maximum:','','on',3,8),(119,'ab09d41c358f6b8a9d0cad4eccc25529',0,0,15,76,9,'FF',7,0,1,'CPU Utilization','','',2,1),(120,'5d5b8d8fbe751dc9c86ee86f85d7433b',0,0,15,76,0,'FF',9,0,4,'Current:','','',3,2),(121,'4822a98464c6da2afff10c6d12df1831',0,0,15,76,0,'FF',9,0,1,'Average:','','',3,3),(122,'fc6fbf2a964bea0b3c88ed0f18616aa7',0,0,15,76,0,'FF',9,0,3,'Maximum:','','on',3,4),(123,'e4094625d5443b4c87f9a87ba616a469',0,0,16,25,67,'FF',7,0,1,'File System Reads','','',2,1),(124,'ae68425cd10e8a6623076b2e6859a6aa',0,0,16,25,0,'FF',9,0,4,'Current:','','',3,2),(125,'40b8e14c6568b3f6be6a5d89d6a9f061',0,0,16,25,0,'FF',9,0,1,'Average:','','',3,3),(126,'4afbdc3851c03e206672930746b1a5e2',0,0,16,25,0,'FF',9,0,3,'Maximum:','','on',3,4),(127,'ea47d2b5516e334bc5f6ce1698a3ae76',0,0,16,26,93,'FF',8,0,1,'File System Writes','','',2,5),(128,'899c48a2f79ea3ad4629aff130d0f371',0,0,16,26,0,'FF',9,0,4,'Current:','','',3,6),(129,'ab474d7da77e9ec1f6a1d45c602580cd',0,0,16,26,0,'FF',9,0,1,'Average:','','',3,7),(130,'e143f8b4c6d4eeb6a28b052e6b8ce5a9',0,0,16,26,0,'FF',9,0,3,'Maximum:','','on',3,8),(131,'facfeeb6fc2255ba2985b2d2f695d78a',0,0,17,23,30,'FF',7,0,1,'Current Logins','','',2,1),(132,'2470e43034a5560260d79084432ed14f',0,0,17,23,0,'FF',9,0,4,'Current:','','',3,2),(133,'e9e645f07bde92b52d93a7a1f65efb30',0,0,17,23,0,'FF',9,0,1,'Average:','','',3,3),(134,'bdfe0d66103211cfdaa267a44a98b092',0,0,17,23,0,'FF',9,0,3,'Maximum:','','on',3,4),(139,'098b10c13a5701ddb7d4d1d2e2b0fdb7',0,0,18,30,9,'FF',7,0,1,'CPU Usage','','',2,1),(140,'1dbda412a9926b0ee5c025aa08f3b230',0,0,18,30,0,'FF',9,0,4,'Current:','','',3,2),(141,'725c45917146807b6a4257fc351f2bae',0,0,18,30,0,'FF',9,0,1,'Average:','','',3,3),(142,'4e336fdfeb84ce65f81ded0e0159a5e0',0,0,18,30,0,'FF',9,0,3,'Maximum:','','on',3,4),(143,'7dab7a3ceae2addd1cebddee6c483e7c',0,0,19,39,25,'FF',7,14,1,'Free Space','','',2,5),(144,'aea239f3ceea8c63d02e453e536190b8',0,0,19,39,0,'FF',9,14,4,'Current:','','',2,6),(145,'a0efae92968a6d4ae099b676e0f1430e',0,0,19,39,0,'FF',9,14,1,'Average:','','',2,7),(146,'4fd5ba88be16e3d513c9231b78ccf0e1',0,0,19,39,0,'FF',9,14,3,'Maximum:','','on',2,8),(147,'d2e98e51189e1d9be8888c3d5c5a4029',0,0,19,38,69,'FF',7,14,1,'Total Space','','',2,1),(148,'12829294ee3958f4a31a58a61228e027',0,0,19,38,0,'FF',9,14,4,'Current:','','',2,2),(149,'4b7e8755b0f2253723c1e9fb21fd37b1',0,0,19,38,0,'FF',9,14,1,'Average:','','',2,3),(150,'cbb19ffd7a0ead2bf61512e86d51ee8e',0,0,19,38,0,'FF',9,14,3,'Maximum:','','on',2,4),(151,'37b4cbed68f9b77e49149343069843b4',0,0,19,40,95,'FF',5,14,1,'Freeable Space','','',2,9),(152,'5eb7532200f2b5cc93e13743a7db027c',0,0,19,40,0,'FF',9,14,4,'Current:','','',2,10),(153,'b0f9f602fbeaaff090ea3f930b46c1c7',0,0,19,40,0,'FF',9,14,1,'Average:','','',2,11),(154,'06477f7ea46c63272cee7253e7cd8760',0,0,19,40,0,'FF',9,14,3,'Maximum:','','on',2,12),(171,'a751838f87068e073b95be9555c57bde',0,0,21,56,0,'FF',9,14,3,'Maximum:','','on',2,4),(170,'3b13eb2e542fe006c9bf86947a6854fa',0,0,21,56,0,'FF',9,14,1,'Average:','','',2,3),(169,'8ef3e7fb7ce962183f489725939ea40f',0,0,21,56,0,'FF',9,14,4,'Current:','','',2,2),(167,'6ca2161c37b0118786dbdb46ad767e5d',0,0,21,56,48,'FF',7,14,1,'Used','','',2,1),(159,'6877a2a5362a9390565758b08b9b37f7',0,0,20,43,77,'FF',7,0,1,'Used Directory Entries','','',2,1),(160,'a978834f3d02d833d3d2def243503bf2',0,0,20,43,0,'FF',9,0,4,'Current:','','',3,2),(161,'7422d87bc82de20a4333bd2f6460b2d4',0,0,20,43,0,'FF',9,0,1,'Average:','','',3,3),(162,'4d52762859a3fec297ebda0e7fd760d9',0,0,20,43,0,'FF',9,0,3,'Maximum:','','on',3,4),(163,'999d4ed1128ff03edf8ea47e56d361dd',0,0,20,42,1,'FF',5,0,1,'Available Directory Entries','','',2,5),(164,'3dfcd7f8c7a760ac89d34398af79b979',0,0,20,42,0,'FF',9,0,4,'Current:','','',3,6),(165,'217be75e28505c8f8148dec6b71b9b63',0,0,20,42,0,'FF',9,0,1,'Average:','','',3,7),(166,'69b89e1c5d6fc6182c93285b967f970a',0,0,20,42,0,'FF',9,0,3,'Maximum:','','on',3,8),(172,'5d6dff9c14c71dc1ebf83e87f1c25695',0,0,21,44,20,'FF',8,14,1,'Available','','',2,5),(173,'b27cb9a158187d29d17abddc6fdf0f15',0,0,21,44,0,'FF',9,14,4,'Current:','','',2,6),(174,'6c0555013bb9b964e51d22f108dae9b0',0,0,21,44,0,'FF',9,14,1,'Average:','','',2,7),(175,'42ce58ec17ef5199145fbf9c6ee39869',0,0,21,44,0,'FF',9,14,3,'Maximum:','','on',2,8),(176,'9bdff98f2394f666deea028cbca685f3',0,0,21,0,1,'FF',5,15,1,'Total','','',2,9),(177,'fb831fefcf602bc31d9d24e8e456c2e6',0,0,21,0,0,'FF',9,15,4,'Current:','','',2,10),(178,'5a958d56785a606c08200ef8dbf8deef',0,0,21,0,0,'FF',9,15,1,'Average:','','',2,11),(179,'5ce67a658cec37f526dc84ac9e08d6e7',0,0,21,0,0,'FF',9,15,3,'Maximum:','','on',2,12),(180,'7e04a041721df1f8828381a9ea2f2154',0,0,22,47,31,'FF',4,0,1,'Discards In','','',2,1),(181,'afc8bca6b1b3030a6d71818272336c6c',0,0,22,47,0,'FF',9,0,4,'Current:','','',2,2),(182,'6ac169785f5aeaf1cc5cdfd38dfcfb6c',0,0,22,47,0,'FF',9,0,1,'Average:','','',2,3),(183,'178c0a0ce001d36a663ff6f213c07505',0,0,22,47,0,'FF',9,0,3,'Maximum:','','on',2,4),(184,'8e3268c0abde7550616bff719f10ee2f',0,0,22,46,48,'FF',4,0,1,'Errors In','','',2,5),(185,'18891392b149de63b62c4258a68d75f8',0,0,22,46,0,'FF',9,0,4,'Current:','','',2,6),(186,'dfc9d23de0182c9967ae3dabdfa55a16',0,0,22,46,0,'FF',9,0,1,'Average:','','',2,7),(187,'c47ba64e2e5ea8bf84aceec644513176',0,0,22,46,0,'FF',9,0,3,'Maximum:','','on',2,8),(188,'9d052e7d632c479737fbfaced0821f79',0,0,23,49,71,'FF',4,0,1,'Unicast Packets Out','','',2,5),(189,'9b9fa6268571b6a04fa4411d8e08c730',0,0,23,49,0,'FF',9,0,4,'Current:','','',2,6),(190,'8e8f2fbeb624029cbda1d2a6ddd991ba',0,0,23,49,0,'FF',9,0,1,'Average:','','',2,7),(191,'c76495beb1ed01f0799838eb8a893124',0,0,23,49,0,'FF',9,0,3,'Maximum:','','on',2,8),(192,'d4e5f253f01c3ea77182c5a46418fc44',0,0,23,48,25,'FF',7,0,1,'Unicast Packets In','','',2,1),(193,'526a96add143da021c5f00d8764a6c12',0,0,23,48,0,'FF',9,0,4,'Current:','','',2,2),(194,'81eeb46f451212f00fd7caee42a81c0b',0,0,23,48,0,'FF',9,0,1,'Average:','','',2,3),(195,'089e4d1c3faeb00fd5dcc9622b06d656',0,0,23,48,0,'FF',9,0,3,'Maximum:','','on',2,4),(196,'fe66cb973966d22250de073405664200',0,0,24,53,25,'FF',7,0,1,'Non-Unicast Packets In','','',2,1),(197,'1ba3fc3466ad32fdd2669cac6cad6faa',0,0,24,53,0,'FF',9,0,4,'Current:','','',2,2),(198,'f810154d3a934c723c21659e66199cdf',0,0,24,53,0,'FF',9,0,1,'Average:','','',2,3),(199,'98a161df359b01304346657ff1a9d787',0,0,24,53,0,'FF',9,0,3,'Maximum:','','on',2,4),(200,'d5e55eaf617ad1f0516f6343b3f07c5e',0,0,24,52,71,'FF',4,0,1,'Non-Unicast Packets Out','','',2,5),(201,'9fde6b8c84089b9f9044e681162e7567',0,0,24,52,0,'FF',9,0,4,'Current:','','',2,6),(202,'9a3510727c3d9fa7e2e7a015783a99b3',0,0,24,52,0,'FF',9,0,1,'Average:','','',2,7),(203,'451afd23f2cb59ab9b975fd6e2735815',0,0,24,52,0,'FF',9,0,3,'Maximum:','','on',2,8),(204,'617d10dff9bbc3edd9d733d9c254da76',0,0,22,50,18,'FF',4,0,1,'Discards Out','','',2,9),(205,'9269a66502c34d00ac3c8b1fcc329ac6',0,0,22,50,0,'FF',9,0,4,'Current:','','',2,10),(206,'d45deed7e1ad8350f3b46b537ae0a933',0,0,22,50,0,'FF',9,0,1,'Average:','','',2,11),(207,'2f64cf47dc156e8c800ae03c3b893e3c',0,0,22,50,0,'FF',9,0,3,'Maximum:','','on',2,12),(208,'57434bef8cb21283c1a73f055b0ada19',0,0,22,51,89,'FF',4,0,1,'Errors Out','','',2,13),(209,'660a1b9365ccbba356fd142faaec9f04',0,0,22,51,0,'FF',9,0,4,'Current:','','',2,14),(210,'28c5297bdaedcca29acf245ef4bbed9e',0,0,22,51,0,'FF',9,0,1,'Average:','','',2,15),(211,'99098604fd0c78fd7dabac8f40f1fb29',0,0,22,51,0,'FF',9,0,3,'Maximum:','','on',2,16),(212,'de3eefd6d6c58afabdabcaf6c0168378',0,0,25,54,22,'FF',7,0,1,'Inbound','','',2,1),(213,'1a80fa108f5c46eecb03090c65bc9a12',0,0,25,54,0,'FF',9,0,4,'Current:','','',2,2),(214,'fe458892e7faa9d232e343d911e845f3',0,0,25,54,0,'FF',9,0,1,'Average:','','',2,3),(215,'175c0a68689bebc38aad2fbc271047b3',0,0,25,54,0,'FF',9,0,3,'Maximum:','','on',2,4),(216,'1bf2283106510491ddf3b9c1376c0b31',0,0,25,55,20,'FF',4,0,1,'Outbound','','',2,5),(217,'c5202f1690ffe45600c0d31a4a804f67',0,0,25,55,0,'FF',9,0,4,'Current:','','',2,6),(218,'eb9794e3fdafc2b74f0819269569ed40',0,0,25,55,0,'FF',9,0,1,'Average:','','',2,7),(219,'6bcedd61e3ccf7518ca431940c93c439',0,0,25,55,0,'FF',9,0,3,'Maximum:','','on',2,8),(303,'b7b381d47972f836785d338a3bef6661',0,0,26,78,0,'FF',9,0,3,'Maximum:','','on',2,8),(304,'36fa8063df3b07cece878d54443db727',0,0,26,78,0,'FF',9,0,1,'Average:','','',2,7),(305,'2c35b5cae64c5f146a55fcb416dd14b5',0,0,26,78,0,'FF',9,0,4,'Current:','','',2,6),(306,'16d6a9a7f608762ad65b0841e5ef4e9c',0,0,26,78,48,'FF',7,0,1,'Used','','',2,5),(307,'d80e4a4901ab86ee39c9cc613e13532f',0,0,26,92,20,'FF',7,0,1,'Total','','',2,1),(308,'567c2214ee4753aa712c3d101ea49a5d',0,0,26,92,0,'FF',9,0,4,'Current:','','',2,2),(309,'ba0b6a9e316ef9be66abba68b80f7587',0,0,26,92,0,'FF',9,0,1,'Average:','','',2,3),(310,'4b8e4a6bf2757f04c3e3a088338a2f7a',0,0,26,92,0,'FF',9,0,3,'Maximum:','','on',2,4),(317,'8536e034ab5268a61473f1ff2f6bd88f',0,0,27,79,0,'FF',9,0,1,'Average:','','',3,3),(316,'d478a76de1df9edf896c9ce51506c483',0,0,27,79,0,'FF',9,0,4,'Current:','','',3,2),(315,'42537599b5fb8ea852240b58a58633de',0,0,27,79,9,'FF',7,0,1,'CPU Utilization','','',2,1),(318,'87e10f9942b625aa323a0f39b60058e7',0,0,27,79,0,'FF',9,0,3,'Maximum:','','on',3,4),(319,'38f6891b0db92aa8950b4ce7ae902741',0,0,28,81,67,'FF',7,0,1,'Users','','',2,1),(320,'af13152956a20aa894ef4a4067b88f63',0,0,28,81,0,'FF',9,0,4,'Current:','','',3,2),(321,'1b2388bbede4459930c57dc93645284e',0,0,28,81,0,'FF',9,0,1,'Average:','','',3,3),(322,'6407dc226db1d03be9730f4d6f3eeccf',0,0,28,81,0,'FF',9,0,3,'Maximum:','','on',3,4),(323,'fca6a530c8f37476b9004a90b42ee988',0,0,29,80,48,'FF',7,0,1,'Running Processes','','',2,1),(324,'5acebbde3dc65e02f8fda03955852fbe',0,0,29,80,0,'FF',9,0,4,'Current:','','',3,2),(325,'311079ffffac75efaab2837df8123122',0,0,29,80,0,'FF',9,0,1,'Average:','','',3,3),(326,'724d27007ebf31016cfa5530fee1b867',0,0,29,80,0,'FF',9,0,3,'Maximum:','','on',3,4),(373,'1995d8c23e7d8e1efa2b2c55daf3c5a7',0,0,32,54,22,'FF',7,2,1,'Inbound','','',2,1),(335,'',95,1,12,84,41,'FF',7,0,1,'Free','','',2,9),(336,'',96,1,12,84,0,'FF',9,0,4,'Current:','','',2,10),(337,'',97,1,12,84,0,'FF',9,0,1,'Average:','','',2,11),(338,'',98,1,12,84,0,'FF',9,0,3,'Maximum:','','on',2,12),(339,'',99,1,12,85,30,'FF',8,0,1,'Swap','','',2,13),(340,'',100,1,12,85,0,'FF',9,0,4,'Current:','','',2,14),(341,'',101,1,12,85,0,'FF',9,0,1,'Average:','','',2,15),(342,'',102,1,12,85,0,'FF',9,0,3,'Maximum:','','on',2,16),(343,'',69,2,9,86,15,'FF',7,0,1,'1 Minute Average','','',2,1),(344,'',70,2,9,86,0,'FF',9,0,4,'Current:','','on',4,2),(345,'',71,2,9,87,8,'FF',8,0,1,'5 Minute Average','','',2,3),(346,'',72,2,9,87,0,'FF',9,0,4,'Current:','','on',4,4),(347,'',73,2,9,88,9,'FF',8,0,1,'15 Minute Average','','',2,5),(348,'',74,2,9,88,0,'FF',9,0,4,'Current:','','on',4,6),(349,'',75,2,9,0,1,'FF',4,12,1,'','','',2,7),(350,'',76,3,10,89,67,'FF',7,0,1,'Users','','',2,1),(351,'',77,3,10,89,0,'FF',9,0,4,'Current:','','',3,2),(352,'',78,3,10,89,0,'FF',9,0,1,'Average:','','',3,3),(353,'',79,3,10,89,0,'FF',9,0,3,'Maximum:','','on',3,4),(354,'',65,4,8,90,48,'FF',7,0,1,'Running Processes','','',2,1),(355,'',66,4,8,90,0,'FF',9,0,4,'Current:','','',3,2),(356,'',67,4,8,90,0,'FF',9,0,1,'Average:','','',3,3),(357,'',68,4,8,90,0,'FF',9,0,3,'Maximum:','','on',3,4),(358,'803b96bcaec33148901b4b562d9d2344',0,0,30,29,89,'FF',7,0,1,'Open Files','','',2,1),(359,'da26dd92666cb840f8a70e2ec5e90c07',0,0,30,29,0,'FF',9,0,4,'Current:','','',3,2),(360,'5258970186e4407ed31cca2782650c45',0,0,30,29,0,'FF',9,0,1,'Average:','','',3,3),(361,'7d08b996bde9cdc7efa650c7031137b4',0,0,30,29,0,'FF',9,0,3,'Maximum:','','on',3,4),(362,'918e6e7d41bb4bae0ea2937b461742a4',0,0,31,54,22,'FF',7,2,1,'Inbound','','',2,1),(363,'f19fbd06c989ea85acd6b4f926e4a456',0,0,31,54,0,'FF',9,2,4,'Current:','','',2,2),(364,'fc150a15e20c57e11e8d05feca557ef9',0,0,31,54,0,'FF',9,2,1,'Average:','','',2,3),(365,'ccbd86e03ccf07483b4d29e63612fb18',0,0,31,54,0,'FF',9,2,3,'Maximum:','','on',2,4),(366,'964c5c30cd05eaf5a49c0377d173de86',0,0,31,55,20,'FF',4,2,1,'Outbound','','',2,5),(367,'b1a6fb775cf62e79e1c4bc4933c7e4ce',0,0,31,55,0,'FF',9,2,4,'Current:','','',2,6),(368,'721038182a872ab266b5cf1bf7f7755c',0,0,31,55,0,'FF',9,2,1,'Average:','','',2,7),(369,'2302f80c2c70b897d12182a1fc11ecd6',0,0,31,55,0,'FF',9,2,3,'Maximum:','','on',2,8),(370,'4ffc7af8533d103748316752b70f8e3c',0,0,31,0,0,'FF',1,0,1,'','','',2,9),(371,'64527c4b6eeeaf627acc5117ff2180fd',0,0,31,55,9,'FF',2,0,1,'95th Percentile','|95:bits:0:max:2|','',2,10),(372,'d5bbcbdbf83ae858862611ac6de8fc62',0,0,31,55,0,'FF',1,0,1,'(|95:bits:6:max:2| mbit in+out)','','on',2,11),(374,'55083351cd728b82cc4dde68eb935700',0,0,32,54,0,'FF',9,2,4,'Current:','','',2,2),(375,'54782f71929e7d1734ed5ad4b8dda50d',0,0,32,54,0,'FF',9,2,1,'Average:','','',2,3),(376,'88d3094d5dc2164cbf2f974aeb92f051',0,0,32,54,0,'FF',9,2,3,'Maximum:','','on',2,4),(377,'4a381a8e87d4db1ac99cf8d9078266d3',0,0,32,55,20,'FF',4,2,1,'Outbound','','',2,6),(378,'5bff63207c7bf076d76ff3036b5dad54',0,0,32,55,0,'FF',9,2,4,'Current:','','',2,7),(379,'979fff9d691ca35e3f4b3383d9cae43f',0,0,32,55,0,'FF',9,2,1,'Average:','','',2,8),(380,'0e715933830112c23c15f7e3463f77b6',0,0,32,55,0,'FF',9,2,3,'Maximum:','','on',2,11),(383,'5b43e4102600ad75379c5afd235099c4',0,0,32,54,0,'FF',1,0,1,'Total In:  |sum:auto:current:2:auto|','','on',2,5),(384,'db7c15d253ca666601b3296f2574edc9',0,0,32,55,0,'FF',1,0,1,'Total Out: |sum:auto:current:2:auto|','','on',2,12),(385,'fdaec5b9227522c758ad55882c483a83',0,0,33,55,0,'FF',9,0,3,'Maximum:','','on',2,11),(386,'6824d29c3f13fe1e849f1dbb8377d3f1',0,0,33,55,0,'FF',9,0,1,'Average:','','',2,8),(387,'54e3971b3dd751dd2509f62721c12b41',0,0,33,55,0,'FF',9,0,4,'Current:','','',2,7),(388,'cf8c9f69878f0f595d583eac109a9be1',0,0,33,55,20,'FF',4,0,1,'Outbound','','',2,6),(389,'de265acbbfa99eb4b3e9f7e90c7feeda',0,0,33,54,0,'FF',9,0,3,'Maximum:','','on',2,4),(390,'777aa88fb0a79b60d081e0e3759f1cf7',0,0,33,54,0,'FF',9,0,1,'Average:','','',2,3),(391,'66bfdb701c8eeadffe55e926d6e77e71',0,0,33,54,0,'FF',9,0,4,'Current:','','',2,2),(392,'3ff8dba1ca6279692b3fcabed0bc2631',0,0,33,54,22,'FF',7,0,1,'Inbound','','',2,1),(393,'d6041d14f9c8fb9b7ddcf3556f763c03',0,0,33,55,0,'FF',1,0,1,'Total Out: |sum:auto:current:2:auto|','','on',2,12),(394,'76ae747365553a02313a2d8a0dd55c8a',0,0,33,54,0,'FF',1,0,1,'Total In:  |sum:auto:current:2:auto|','','on',2,5),(403,'8a1b44ab97d3b56207d0e9e77a035d25',0,0,13,95,30,'FF',8,14,1,'Cache Memory','','',2,9),(404,'6db3f439e9764941ff43fbaae348f5dc',0,0,13,95,0,'FF',9,14,4,'Current:','','',2,10),(405,'cc9b2fe7acf0820caa61c1519193f65e',0,0,13,95,0,'FF',9,14,1,'Average:','','',2,11),(406,'9eea140bdfeaa40d50c5cdcd1f23f72d',0,0,13,95,0,'FF',9,14,3,'Maximum:','','on',2,12),(407,'41316670b1a36171de2bda91a0cc2364',0,0,34,96,98,'FF',7,0,1,'','','',2,1),(408,'c9e8cbdca0215b434c902e68755903ea',0,0,34,96,0,'FF',9,0,4,'Current:','','',2,2),(409,'dab91d7093e720841393feea5bdcba85',0,0,34,96,0,'FF',9,0,1,'Average:','','',2,3),(410,'03e5bd2151fea3c90843eb1130b84458',0,0,34,96,0,'FF',9,0,3,'Maximum:','','on',2,4);
/*!40000 ALTER TABLE `graph_templates_item` ENABLE KEYS */;
UNLOCK TABLES;

--
-- Table structure for table `graph_tree`
--

DROP TABLE IF EXISTS `graph_tree`;
/*!40101 SET @saved_cs_client     = @@character_set_client */;
/*!40101 SET character_set_client = utf8 */;
CREATE TABLE `graph_tree` (
  `id` smallint(5) unsigned NOT NULL AUTO_INCREMENT,
  `sort_type` tinyint(3) unsigned NOT NULL DEFAULT '1',
  `name` varchar(255) NOT NULL DEFAULT '',
  PRIMARY KEY (`id`)
) ENGINE=MyISAM AUTO_INCREMENT=2 DEFAULT CHARSET=latin1;
/*!40101 SET character_set_client = @saved_cs_client */;

--
-- Dumping data for table `graph_tree`
--

LOCK TABLES `graph_tree` WRITE;
/*!40000 ALTER TABLE `graph_tree` DISABLE KEYS */;
INSERT INTO `graph_tree` VALUES (1,1,'Default Tree');
/*!40000 ALTER TABLE `graph_tree` ENABLE KEYS */;
UNLOCK TABLES;

--
-- Table structure for table `graph_tree_items`
--

DROP TABLE IF EXISTS `graph_tree_items`;
/*!40101 SET @saved_cs_client     = @@character_set_client */;
/*!40101 SET character_set_client = utf8 */;
CREATE TABLE `graph_tree_items` (
  `id` mediumint(8) unsigned NOT NULL AUTO_INCREMENT,
  `graph_tree_id` smallint(5) unsigned NOT NULL DEFAULT '0',
  `local_graph_id` mediumint(8) unsigned NOT NULL DEFAULT '0',
  `rra_id` smallint(8) unsigned NOT NULL DEFAULT '0',
  `title` varchar(255) DEFAULT NULL,
  `host_id` mediumint(8) unsigned NOT NULL DEFAULT '0',
  `order_key` varchar(100) NOT NULL DEFAULT '0',
  `host_grouping_type` tinyint(3) unsigned NOT NULL DEFAULT '1',
  `sort_children_type` tinyint(3) unsigned NOT NULL DEFAULT '1',
  PRIMARY KEY (`id`),
  KEY `graph_tree_id` (`graph_tree_id`),
  KEY `host_id` (`host_id`),
  KEY `local_graph_id` (`local_graph_id`),
  KEY `order_key` (`order_key`)
) ENGINE=MyISAM AUTO_INCREMENT=8 DEFAULT CHARSET=latin1;
/*!40101 SET character_set_client = @saved_cs_client */;

--
-- Dumping data for table `graph_tree_items`
--

LOCK TABLES `graph_tree_items` WRITE;
/*!40000 ALTER TABLE `graph_tree_items` DISABLE KEYS */;
INSERT INTO `graph_tree_items` VALUES (7,1,0,0,'',1,'001000000000000000000000000000000000000000000000000000000000000000000000000000000000000000',1,1);
/*!40000 ALTER TABLE `graph_tree_items` ENABLE KEYS */;
UNLOCK TABLES;

--
-- Table structure for table `host`
--

DROP TABLE IF EXISTS `host`;
/*!40101 SET @saved_cs_client     = @@character_set_client */;
/*!40101 SET character_set_client = utf8 */;
CREATE TABLE `host` (
  `id` mediumint(8) unsigned NOT NULL AUTO_INCREMENT,
  `host_template_id` mediumint(8) unsigned NOT NULL DEFAULT '0',
  `description` varchar(150) NOT NULL DEFAULT '',
  `hostname` varchar(250) DEFAULT NULL,
  `notes` text,
  `snmp_community` varchar(100) DEFAULT NULL,
  `snmp_version` tinyint(1) unsigned NOT NULL DEFAULT '1',
  `snmp_username` varchar(50) DEFAULT NULL,
  `snmp_password` varchar(50) DEFAULT NULL,
  `snmp_auth_protocol` char(5) DEFAULT '',
  `snmp_priv_passphrase` varchar(200) DEFAULT '',
  `snmp_priv_protocol` char(6) DEFAULT '',
  `snmp_context` varchar(64) DEFAULT '',
  `snmp_port` mediumint(5) unsigned NOT NULL DEFAULT '161',
  `snmp_timeout` mediumint(8) unsigned NOT NULL DEFAULT '500',
  `availability_method` smallint(5) unsigned NOT NULL DEFAULT '1',
  `ping_method` smallint(5) unsigned DEFAULT '0',
  `ping_port` int(12) unsigned DEFAULT '0',
  `ping_timeout` int(12) unsigned DEFAULT '500',
  `ping_retries` int(12) unsigned DEFAULT '2',
  `max_oids` int(12) unsigned DEFAULT '10',
  `disabled` char(2) DEFAULT NULL,
  `status` tinyint(2) NOT NULL DEFAULT '0',
  `status_event_count` mediumint(8) unsigned NOT NULL DEFAULT '0',
  `status_fail_date` datetime NOT NULL DEFAULT '0000-00-00 00:00:00',
  `status_rec_date` datetime NOT NULL DEFAULT '0000-00-00 00:00:00',
  `status_last_error` varchar(255) DEFAULT '',
  `min_time` decimal(10,5) DEFAULT '9.99999',
  `max_time` decimal(10,5) DEFAULT '0.00000',
  `cur_time` decimal(10,5) DEFAULT '0.00000',
  `avg_time` decimal(10,5) DEFAULT '0.00000',
  `total_polls` int(12) unsigned DEFAULT '0',
  `failed_polls` int(12) unsigned DEFAULT '0',
  `availability` decimal(8,5) NOT NULL DEFAULT '100.00000',
  PRIMARY KEY (`id`),
  KEY `disabled` (`disabled`)
) ENGINE=MyISAM AUTO_INCREMENT=2 DEFAULT CHARSET=latin1;
/*!40101 SET character_set_client = @saved_cs_client */;

--
-- Dumping data for table `host`
--

LOCK TABLES `host` WRITE;
/*!40000 ALTER TABLE `host` DISABLE KEYS */;
INSERT INTO `host` VALUES (1,8,'Localhost','127.0.0.1','','public',0,'','','MD5','','DES','',161,500,3,2,23,400,1,10,'',0,0,'0000-00-00 00:00:00','0000-00-00 00:00:00','','9.99999','0.00000','0.00000','0.00000',0,0,'100.00000');
/*!40000 ALTER TABLE `host` ENABLE KEYS */;
UNLOCK TABLES;

--
-- Table structure for table `host_graph`
--

DROP TABLE IF EXISTS `host_graph`;
/*!40101 SET @saved_cs_client     = @@character_set_client */;
/*!40101 SET character_set_client = utf8 */;
CREATE TABLE `host_graph` (
  `host_id` mediumint(8) unsigned NOT NULL DEFAULT '0',
  `graph_template_id` mediumint(8) unsigned NOT NULL DEFAULT '0',
  PRIMARY KEY (`host_id`,`graph_template_id`)
) ENGINE=MyISAM DEFAULT CHARSET=latin1;
/*!40101 SET character_set_client = @saved_cs_client */;

--
-- Dumping data for table `host_graph`
--

LOCK TABLES `host_graph` WRITE;
/*!40000 ALTER TABLE `host_graph` DISABLE KEYS */;
INSERT INTO `host_graph` VALUES (1,8),(1,9),(1,10),(1,12);
/*!40000 ALTER TABLE `host_graph` ENABLE KEYS */;
UNLOCK TABLES;

--
-- Table structure for table `host_snmp_cache`
--

DROP TABLE IF EXISTS `host_snmp_cache`;
/*!40101 SET @saved_cs_client     = @@character_set_client */;
/*!40101 SET character_set_client = utf8 */;
CREATE TABLE `host_snmp_cache` (
  `host_id` mediumint(8) unsigned NOT NULL DEFAULT '0',
  `snmp_query_id` mediumint(8) unsigned NOT NULL DEFAULT '0',
  `field_name` varchar(50) NOT NULL DEFAULT '',
  `field_value` varchar(255) DEFAULT NULL,
  `snmp_index` varchar(255) NOT NULL DEFAULT '',
  `oid` text NOT NULL,
  PRIMARY KEY (`host_id`,`snmp_query_id`,`field_name`,`snmp_index`),
  KEY `host_id` (`host_id`,`field_name`),
  KEY `snmp_index` (`snmp_index`),
  KEY `field_name` (`field_name`),
  KEY `field_value` (`field_value`),
  KEY `snmp_query_id` (`snmp_query_id`)
) ENGINE=MyISAM DEFAULT CHARSET=latin1;
/*!40101 SET character_set_client = @saved_cs_client */;

--
-- Dumping data for table `host_snmp_cache`
--

LOCK TABLES `host_snmp_cache` WRITE;
/*!40000 ALTER TABLE `host_snmp_cache` DISABLE KEYS */;
/*!40000 ALTER TABLE `host_snmp_cache` ENABLE KEYS */;
UNLOCK TABLES;

--
-- Table structure for table `host_snmp_query`
--

DROP TABLE IF EXISTS `host_snmp_query`;
/*!40101 SET @saved_cs_client     = @@character_set_client */;
/*!40101 SET character_set_client = utf8 */;
CREATE TABLE `host_snmp_query` (
  `host_id` mediumint(8) unsigned NOT NULL DEFAULT '0',
  `snmp_query_id` mediumint(8) unsigned NOT NULL DEFAULT '0',
  `sort_field` varchar(50) NOT NULL DEFAULT '',
  `title_format` varchar(50) NOT NULL DEFAULT '',
  `reindex_method` tinyint(3) unsigned NOT NULL DEFAULT '0',
  PRIMARY KEY (`host_id`,`snmp_query_id`),
  KEY `host_id` (`host_id`)
) ENGINE=MyISAM DEFAULT CHARSET=latin1;
/*!40101 SET character_set_client = @saved_cs_client */;

--
-- Dumping data for table `host_snmp_query`
--

LOCK TABLES `host_snmp_query` WRITE;
/*!40000 ALTER TABLE `host_snmp_query` DISABLE KEYS */;
INSERT INTO `host_snmp_query` VALUES (1,6,'dskDevice','|query_dskDevice|',0);
/*!40000 ALTER TABLE `host_snmp_query` ENABLE KEYS */;
UNLOCK TABLES;

--
-- Table structure for table `host_template`
--

DROP TABLE IF EXISTS `host_template`;
/*!40101 SET @saved_cs_client     = @@character_set_client */;
/*!40101 SET character_set_client = utf8 */;
CREATE TABLE `host_template` (
  `id` mediumint(8) unsigned NOT NULL AUTO_INCREMENT,
  `hash` varchar(32) NOT NULL DEFAULT '',
  `name` varchar(100) NOT NULL DEFAULT '',
  PRIMARY KEY (`id`)
) ENGINE=MyISAM AUTO_INCREMENT=9 DEFAULT CHARSET=latin1;
/*!40101 SET character_set_client = @saved_cs_client */;

--
-- Dumping data for table `host_template`
--

LOCK TABLES `host_template` WRITE;
/*!40000 ALTER TABLE `host_template` DISABLE KEYS */;
INSERT INTO `host_template` VALUES (1,'4855b0e3e553085ed57219690285f91f','Generic SNMP-enabled Host'),(3,'07d3fe6a52915f99e642d22e27d967a4','ucd/net SNMP Host'),(4,'4e5dc8dd115264c2e9f3adb725c29413','Karlnet Wireless Bridge'),(5,'cae6a879f86edacb2471055783bec6d0','Cisco Router'),(6,'9ef418b4251751e09c3c416704b01b01','Netware 4/5 Server'),(7,'5b8300be607dce4f030b026a381b91cd','Windows 2000/XP Host'),(8,'2d3e47f416738c2d22c87c40218cc55e','Local Linux Machine');
/*!40000 ALTER TABLE `host_template` ENABLE KEYS */;
UNLOCK TABLES;

--
-- Table structure for table `host_template_graph`
--

DROP TABLE IF EXISTS `host_template_graph`;
/*!40101 SET @saved_cs_client     = @@character_set_client */;
/*!40101 SET character_set_client = utf8 */;
CREATE TABLE `host_template_graph` (
  `host_template_id` mediumint(8) unsigned NOT NULL DEFAULT '0',
  `graph_template_id` mediumint(8) unsigned NOT NULL DEFAULT '0',
  PRIMARY KEY (`host_template_id`,`graph_template_id`),
  KEY `host_template_id` (`host_template_id`)
) ENGINE=MyISAM DEFAULT CHARSET=latin1;
/*!40101 SET character_set_client = @saved_cs_client */;

--
-- Dumping data for table `host_template_graph`
--

LOCK TABLES `host_template_graph` WRITE;
/*!40000 ALTER TABLE `host_template_graph` DISABLE KEYS */;
INSERT INTO `host_template_graph` VALUES (3,4),(3,11),(3,13),(5,18),(6,14),(6,16),(6,17),(6,30),(7,28),(7,29),(8,8),(8,9),(8,10),(8,12);
/*!40000 ALTER TABLE `host_template_graph` ENABLE KEYS */;
UNLOCK TABLES;

--
-- Table structure for table `host_template_snmp_query`
--

DROP TABLE IF EXISTS `host_template_snmp_query`;
/*!40101 SET @saved_cs_client     = @@character_set_client */;
/*!40101 SET character_set_client = utf8 */;
CREATE TABLE `host_template_snmp_query` (
  `host_template_id` mediumint(8) unsigned NOT NULL DEFAULT '0',
  `snmp_query_id` mediumint(8) unsigned NOT NULL DEFAULT '0',
  PRIMARY KEY (`host_template_id`,`snmp_query_id`),
  KEY `host_template_id` (`host_template_id`)
) ENGINE=MyISAM DEFAULT CHARSET=latin1;
/*!40101 SET character_set_client = @saved_cs_client */;

--
-- Dumping data for table `host_template_snmp_query`
--

LOCK TABLES `host_template_snmp_query` WRITE;
/*!40000 ALTER TABLE `host_template_snmp_query` DISABLE KEYS */;
INSERT INTO `host_template_snmp_query` VALUES (1,1),(3,1),(3,2),(4,1),(4,3),(5,1),(6,1),(6,4),(6,7),(7,1),(7,8),(7,9),(8,6);
/*!40000 ALTER TABLE `host_template_snmp_query` ENABLE KEYS */;
UNLOCK TABLES;

--
-- Table structure for table `itvision_app`
--

DROP TABLE IF EXISTS `itvision_app`;
/*!40101 SET @saved_cs_client     = @@character_set_client */;
/*!40101 SET character_set_client = utf8 */;
CREATE TABLE `itvision_app` (
  `id` int(11) NOT NULL AUTO_INCREMENT,
  `instance_id` smallint(6) NOT NULL,
  `name` varchar(45) NOT NULL,
  `type` enum('and','or') NOT NULL DEFAULT 'and',
  `is_active` enum('0','1') NOT NULL DEFAULT '0',
  `service_object_id` int(11) DEFAULT NULL,
  PRIMARY KEY (`id`),
  KEY `fk_instance_id10` (`instance_id`),
  KEY `fk_object_id6` (`service_object_id`),
  CONSTRAINT `fk_instance_id10` FOREIGN KEY (`instance_id`) REFERENCES `nagios_instances` (`instance_id`) ON DELETE NO ACTION ON UPDATE NO ACTION,
  CONSTRAINT `fk_instance_id17` FOREIGN KEY (`instance_id`) REFERENCES `nagios_instances` (`instance_id`) ON DELETE NO ACTION ON UPDATE NO ACTION,
  CONSTRAINT `fk_object_id6` FOREIGN KEY (`service_object_id`) REFERENCES `nagios_objects` (`object_id`) ON DELETE NO ACTION ON UPDATE NO ACTION
) ENGINE=InnoDB DEFAULT CHARSET=latin1;
/*!40101 SET character_set_client = @saved_cs_client */;

--
-- Dumping data for table `itvision_app`
--

LOCK TABLES `itvision_app` WRITE;
/*!40000 ALTER TABLE `itvision_app` DISABLE KEYS */;
/*!40000 ALTER TABLE `itvision_app` ENABLE KEYS */;
UNLOCK TABLES;

--
-- Table structure for table `itvision_app_object`
--

DROP TABLE IF EXISTS `itvision_app_object`;
/*!40101 SET @saved_cs_client     = @@character_set_client */;
/*!40101 SET character_set_client = utf8 */;
CREATE TABLE `itvision_app_object` (
  `app_id` int(11) NOT NULL,
  `instance_id` smallint(6) NOT NULL,
  `object_id` int(11) NOT NULL,
  `type` enum('app','hst','svc') NOT NULL,
  KEY `fk_app_id4` (`app_id`),
  KEY `fk_object_id3` (`object_id`),
  KEY `fk_instance_id11` (`instance_id`),
  CONSTRAINT `fk_app_id6` FOREIGN KEY (`app_id`) REFERENCES `itvision_app` (`id`) ON DELETE CASCADE ON UPDATE CASCADE,
  CONSTRAINT `fk_instance_id11` FOREIGN KEY (`instance_id`) REFERENCES `nagios_instances` (`instance_id`) ON DELETE NO ACTION ON UPDATE NO ACTION,
  CONSTRAINT `fk_object_id3` FOREIGN KEY (`object_id`) REFERENCES `nagios_objects` (`object_id`) ON DELETE CASCADE ON UPDATE CASCADE
) ENGINE=InnoDB DEFAULT CHARSET=latin1;
/*!40101 SET character_set_client = @saved_cs_client */;

--
-- Dumping data for table `itvision_app_object`
--

LOCK TABLES `itvision_app_object` WRITE;
/*!40000 ALTER TABLE `itvision_app_object` DISABLE KEYS */;
/*!40000 ALTER TABLE `itvision_app_object` ENABLE KEYS */;
UNLOCK TABLES;

--
-- Table structure for table `itvision_app_relat`
--

DROP TABLE IF EXISTS `itvision_app_relat`;
/*!40101 SET @saved_cs_client     = @@character_set_client */;
/*!40101 SET character_set_client = utf8 */;
CREATE TABLE `itvision_app_relat` (
  `instance_id` smallint(6) NOT NULL,
  `app_relat_type_id` int(11) NOT NULL,
  `app_id` int(11) NOT NULL,
  `from_object_id` int(11) NOT NULL,
  `to_object_id` int(11) NOT NULL,
  KEY `fk_id1` (`app_relat_type_id`),
  KEY `fk_id2` (`app_id`),
  KEY `fk_instance_id12` (`instance_id`),
  KEY `fk_object_id7` (`from_object_id`),
  KEY `fk_object_id8` (`to_object_id`),
  CONSTRAINT `fk_id1` FOREIGN KEY (`app_relat_type_id`) REFERENCES `itvision_app_relat_type` (`id`) ON DELETE NO ACTION ON UPDATE NO ACTION,
  CONSTRAINT `fk_id2` FOREIGN KEY (`app_id`) REFERENCES `itvision_app` (`id`) ON DELETE NO ACTION ON UPDATE NO ACTION,
  CONSTRAINT `fk_instance_id12` FOREIGN KEY (`instance_id`) REFERENCES `nagios_instances` (`instance_id`) ON DELETE NO ACTION ON UPDATE NO ACTION,
  CONSTRAINT `fk_object_id7` FOREIGN KEY (`from_object_id`) REFERENCES `nagios_objects` (`object_id`) ON DELETE NO ACTION ON UPDATE NO ACTION,
  CONSTRAINT `fk_object_id8` FOREIGN KEY (`to_object_id`) REFERENCES `nagios_objects` (`object_id`) ON DELETE NO ACTION ON UPDATE NO ACTION
) ENGINE=InnoDB DEFAULT CHARSET=latin1;
/*!40101 SET character_set_client = @saved_cs_client */;

--
-- Dumping data for table `itvision_app_relat`
--

LOCK TABLES `itvision_app_relat` WRITE;
/*!40000 ALTER TABLE `itvision_app_relat` DISABLE KEYS */;
/*!40000 ALTER TABLE `itvision_app_relat` ENABLE KEYS */;
UNLOCK TABLES;

--
-- Table structure for table `itvision_app_relat_type`
--

DROP TABLE IF EXISTS `itvision_app_relat_type`;
/*!40101 SET @saved_cs_client     = @@character_set_client */;
/*!40101 SET character_set_client = utf8 */;
CREATE TABLE `itvision_app_relat_type` (
  `id` int(11) NOT NULL AUTO_INCREMENT,
  `name` varchar(45) NOT NULL,
  `type` enum('physical','logical') DEFAULT 'logical',
  PRIMARY KEY (`id`)
) ENGINE=InnoDB AUTO_INCREMENT=5 DEFAULT CHARSET=latin1;
/*!40101 SET character_set_client = @saved_cs_client */;

--
-- Dumping data for table `itvision_app_relat_type`
--

LOCK TABLES `itvision_app_relat_type` WRITE;
/*!40000 ALTER TABLE `itvision_app_relat_type` DISABLE KEYS */;
INSERT INTO `itvision_app_relat_type` VALUES (1,'roda em','physical'),(2,'conectado a','physical'),(3,'usa','logical'),(4,'faz backup em','logical');
/*!40000 ALTER TABLE `itvision_app_relat_type` ENABLE KEYS */;
UNLOCK TABLES;

--
-- Table structure for table `itvision_app_tree`
--

DROP TABLE IF EXISTS `itvision_app_tree`;
/*!40101 SET @saved_cs_client     = @@character_set_client */;
/*!40101 SET character_set_client = utf8 */;
CREATE TABLE `itvision_app_tree` (
  `id` int(11) NOT NULL AUTO_INCREMENT,
  `instance_id` smallint(6) NOT NULL,
  `app_id` int(11) NOT NULL,
  `lft` int(11) NOT NULL,
  `rgt` int(11) NOT NULL,
  PRIMARY KEY (`id`),
  KEY `fk_app_id5` (`app_id`),
  KEY `fk_instance_id16` (`instance_id`),
  CONSTRAINT `fk_app_id5` FOREIGN KEY (`app_id`) REFERENCES `itvision_app` (`id`) ON DELETE CASCADE ON UPDATE CASCADE,
  CONSTRAINT `fk_instance_id16` FOREIGN KEY (`instance_id`) REFERENCES `nagios_instances` (`instance_id`) ON DELETE NO ACTION ON UPDATE NO ACTION
) ENGINE=InnoDB DEFAULT CHARSET=latin1;
/*!40101 SET character_set_client = @saved_cs_client */;

--
-- Dumping data for table `itvision_app_tree`
--

LOCK TABLES `itvision_app_tree` WRITE;
/*!40000 ALTER TABLE `itvision_app_tree` DISABLE KEYS */;
/*!40000 ALTER TABLE `itvision_app_tree` ENABLE KEYS */;
UNLOCK TABLES;

--
-- Table structure for table `itvision_monitor`
--

DROP TABLE IF EXISTS `itvision_monitor`;
/*!40101 SET @saved_cs_client     = @@character_set_client */;
/*!40101 SET character_set_client = utf8 */;
CREATE TABLE `itvision_monitor` (
  `networkports_id` int(11) NOT NULL,
  `softwareversions_id` int(11) DEFAULT NULL,
  `host_object_id` int(11) NOT NULL,
  `service_object_id` int(11) NOT NULL,
  `is_active` enum('0','1') NOT NULL DEFAULT '0',
  `type` enum('hst','svc') NOT NULL DEFAULT 'hst'
) ENGINE=InnoDB DEFAULT CHARSET=latin1;
/*!40101 SET character_set_client = @saved_cs_client */;

--
-- Dumping data for table `itvision_monitor`
--

LOCK TABLES `itvision_monitor` WRITE;
/*!40000 ALTER TABLE `itvision_monitor` DISABLE KEYS */;
/*!40000 ALTER TABLE `itvision_monitor` ENABLE KEYS */;
UNLOCK TABLES;

--
-- Table structure for table `itvision_site_tree`
--

DROP TABLE IF EXISTS `itvision_site_tree`;
/*!40101 SET @saved_cs_client     = @@character_set_client */;
/*!40101 SET character_set_client = utf8 */;
CREATE TABLE `itvision_site_tree` (
  `site_tree_id` int(11) NOT NULL AUTO_INCREMENT,
  `instance_id` smallint(6) NOT NULL,
  `lft` int(11) NOT NULL,
  `rgt` int(11) NOT NULL,
  `location_tree_id` int(11) NOT NULL,
  `service_object_id` int(11) NOT NULL,
  PRIMARY KEY (`site_tree_id`,`instance_id`),
  KEY `fk_instance_id1` (`instance_id`),
  KEY `fk_object_id1` (`service_object_id`),
  CONSTRAINT `fk_instance_id1` FOREIGN KEY (`instance_id`) REFERENCES `nagios_instances` (`instance_id`) ON DELETE NO ACTION ON UPDATE NO ACTION,
  CONSTRAINT `fk_object_id1` FOREIGN KEY (`service_object_id`) REFERENCES `nagios_objects` (`object_id`) ON DELETE NO ACTION ON UPDATE NO ACTION
) ENGINE=InnoDB DEFAULT CHARSET=latin1 COMMENT='Tree to organize ITvision instances';
/*!40101 SET character_set_client = @saved_cs_client */;

--
-- Dumping data for table `itvision_site_tree`
--

LOCK TABLES `itvision_site_tree` WRITE;
/*!40000 ALTER TABLE `itvision_site_tree` DISABLE KEYS */;
/*!40000 ALTER TABLE `itvision_site_tree` ENABLE KEYS */;
UNLOCK TABLES;

--
-- Table structure for table `itvision_sysconfig`
--

DROP TABLE IF EXISTS `itvision_sysconfig`;
/*!40101 SET @saved_cs_client     = @@character_set_client */;
/*!40101 SET character_set_client = utf8 */;
CREATE TABLE `itvision_sysconfig` (
  `id` int(11) NOT NULL AUTO_INCREMENT,
  `instance_id` smallint(6) NOT NULL,
  `created` datetime NOT NULL,
  `updated` datetime NOT NULL,
  `version` varchar(45) NOT NULL,
  `home_dir` varchar(45) NOT NULL,
  `monitor_dir` varchar(45) NOT NULL,
  `monitor_bp_dir` varchar(45) NOT NULL,
  PRIMARY KEY (`id`,`instance_id`),
  KEY `fk_instance_id7` (`instance_id`),
  CONSTRAINT `fk_instance_id7` FOREIGN KEY (`instance_id`) REFERENCES `nagios_instances` (`instance_id`) ON DELETE NO ACTION ON UPDATE NO ACTION
) ENGINE=InnoDB DEFAULT CHARSET=latin1 COMMENT='ITvision system configuration';
/*!40101 SET character_set_client = @saved_cs_client */;

--
-- Dumping data for table `itvision_sysconfig`
--

LOCK TABLES `itvision_sysconfig` WRITE;
/*!40000 ALTER TABLE `itvision_sysconfig` DISABLE KEYS */;
/*!40000 ALTER TABLE `itvision_sysconfig` ENABLE KEYS */;
UNLOCK TABLES;

--
-- Table structure for table `itvision_user`
--

DROP TABLE IF EXISTS `itvision_user`;
/*!40101 SET @saved_cs_client     = @@character_set_client */;
/*!40101 SET character_set_client = utf8 */;
CREATE TABLE `itvision_user` (
  `user_id` int(11) NOT NULL AUTO_INCREMENT,
  `instance_id` smallint(6) NOT NULL,
  `login` varchar(45) NOT NULL,
  `password` varchar(45) NOT NULL,
  `user_group_id` int(11) NOT NULL,
  `user_prefs_id` int(11) NOT NULL,
  PRIMARY KEY (`user_id`,`user_group_id`,`user_prefs_id`,`instance_id`),
  KEY `fk_user_group_id1` (`user_group_id`),
  KEY `fk_user_prefs_id1` (`user_prefs_id`,`instance_id`),
  CONSTRAINT `fk_user_group_id1` FOREIGN KEY (`user_group_id`) REFERENCES `itvision_user_group` (`id`) ON DELETE CASCADE ON UPDATE CASCADE,
  CONSTRAINT `fk_user_prefs_id1` FOREIGN KEY (`user_prefs_id`) REFERENCES `itvision_user_prefs` (`user_prefs_id`) ON DELETE CASCADE ON UPDATE CASCADE
) ENGINE=InnoDB DEFAULT CHARSET=latin1;
/*!40101 SET character_set_client = @saved_cs_client */;

--
-- Dumping data for table `itvision_user`
--

LOCK TABLES `itvision_user` WRITE;
/*!40000 ALTER TABLE `itvision_user` DISABLE KEYS */;
/*!40000 ALTER TABLE `itvision_user` ENABLE KEYS */;
UNLOCK TABLES;

--
-- Table structure for table `itvision_user_group`
--

DROP TABLE IF EXISTS `itvision_user_group`;
/*!40101 SET @saved_cs_client     = @@character_set_client */;
/*!40101 SET character_set_client = utf8 */;
CREATE TABLE `itvision_user_group` (
  `id` int(11) NOT NULL AUTO_INCREMENT,
  `name` varchar(45) NOT NULL,
  `root_app` int(11) DEFAULT NULL,
  `instance_id` smallint(6) NOT NULL,
  PRIMARY KEY (`id`,`instance_id`),
  KEY `fk_instance_id6` (`instance_id`),
  CONSTRAINT `fk_instance_id6` FOREIGN KEY (`instance_id`) REFERENCES `nagios_instances` (`instance_id`) ON DELETE NO ACTION ON UPDATE NO ACTION
) ENGINE=InnoDB DEFAULT CHARSET=latin1;
/*!40101 SET character_set_client = @saved_cs_client */;

--
-- Dumping data for table `itvision_user_group`
--

LOCK TABLES `itvision_user_group` WRITE;
/*!40000 ALTER TABLE `itvision_user_group` DISABLE KEYS */;
/*!40000 ALTER TABLE `itvision_user_group` ENABLE KEYS */;
UNLOCK TABLES;

--
-- Table structure for table `itvision_user_prefs`
--

DROP TABLE IF EXISTS `itvision_user_prefs`;
/*!40101 SET @saved_cs_client     = @@character_set_client */;
/*!40101 SET character_set_client = utf8 */;
CREATE TABLE `itvision_user_prefs` (
  `user_prefs_id` int(11) NOT NULL,
  `root_app` int(11) DEFAULT NULL,
  `instance_id` smallint(6) NOT NULL,
  PRIMARY KEY (`user_prefs_id`,`instance_id`),
  KEY `fk_instance_id9` (`instance_id`),
  CONSTRAINT `fk_instance_id9` FOREIGN KEY (`instance_id`) REFERENCES `nagios_instances` (`instance_id`) ON DELETE NO ACTION ON UPDATE NO ACTION
) ENGINE=InnoDB DEFAULT CHARSET=latin1;
/*!40101 SET character_set_client = @saved_cs_client */;

--
-- Dumping data for table `itvision_user_prefs`
--

LOCK TABLES `itvision_user_prefs` WRITE;
/*!40000 ALTER TABLE `itvision_user_prefs` DISABLE KEYS */;
/*!40000 ALTER TABLE `itvision_user_prefs` ENABLE KEYS */;
UNLOCK TABLES;

--
-- Table structure for table `nagios_acknowledgements`
--

DROP TABLE IF EXISTS `nagios_acknowledgements`;
/*!40101 SET @saved_cs_client     = @@character_set_client */;
/*!40101 SET character_set_client = utf8 */;
CREATE TABLE `nagios_acknowledgements` (
  `acknowledgement_id` int(11) NOT NULL AUTO_INCREMENT,
  `instance_id` smallint(6) NOT NULL DEFAULT '0',
  `entry_time` datetime NOT NULL DEFAULT '0000-00-00 00:00:00',
  `entry_time_usec` int(11) NOT NULL DEFAULT '0',
  `acknowledgement_type` smallint(6) NOT NULL DEFAULT '0',
  `object_id` int(11) NOT NULL DEFAULT '0',
  `state` smallint(6) NOT NULL DEFAULT '0',
  `author_name` varchar(64) NOT NULL DEFAULT '',
  `comment_data` varchar(255) NOT NULL DEFAULT '',
  `is_sticky` smallint(6) NOT NULL DEFAULT '0',
  `persistent_comment` smallint(6) NOT NULL DEFAULT '0',
  `notify_contacts` smallint(6) NOT NULL DEFAULT '0',
  PRIMARY KEY (`acknowledgement_id`)
) ENGINE=InnoDB DEFAULT CHARSET=latin1 COMMENT='Current and historical host and service acknowledgements';
/*!40101 SET character_set_client = @saved_cs_client */;

--
-- Dumping data for table `nagios_acknowledgements`
--

LOCK TABLES `nagios_acknowledgements` WRITE;
/*!40000 ALTER TABLE `nagios_acknowledgements` DISABLE KEYS */;
/*!40000 ALTER TABLE `nagios_acknowledgements` ENABLE KEYS */;
UNLOCK TABLES;

--
-- Table structure for table `nagios_commands`
--

DROP TABLE IF EXISTS `nagios_commands`;
/*!40101 SET @saved_cs_client     = @@character_set_client */;
/*!40101 SET character_set_client = utf8 */;
CREATE TABLE `nagios_commands` (
  `command_id` int(11) NOT NULL AUTO_INCREMENT,
  `instance_id` smallint(6) NOT NULL DEFAULT '0',
  `config_type` smallint(6) NOT NULL DEFAULT '0',
  `object_id` int(11) NOT NULL DEFAULT '0',
  `command_line` varchar(255) NOT NULL DEFAULT '',
  PRIMARY KEY (`command_id`),
  UNIQUE KEY `instance_id` (`instance_id`,`object_id`,`config_type`)
) ENGINE=InnoDB AUTO_INCREMENT=761 DEFAULT CHARSET=latin1 COMMENT='Command definitions';
/*!40101 SET character_set_client = @saved_cs_client */;

--
-- Dumping data for table `nagios_commands`
--

LOCK TABLES `nagios_commands` WRITE;
/*!40000 ALTER TABLE `nagios_commands` DISABLE KEYS */;
INSERT INTO `nagios_commands` VALUES (609,1,1,11,'/usr/lib/nagios/plugins/check_ping -H \'$HOSTADDRESS$\' -w 5000,100% -c 5000,100% -p 1'),(610,1,1,12,'/usr/lib/nagios/plugins/check_ping -H \'$HOSTADDRESS$\' -w 5000,100% -c 5000,100% -p 1 -4'),(611,1,1,13,'/usr/lib/nagios/plugins/check_rpc -H \'$HOSTADDRESS$\' -C nfs -c2,3'),(612,1,1,14,'/usr/lib/nagios/plugins/check_ping -H \'$HOSTADDRESS$\' -w 5000,100% -c 5000,100% -p 1'),(613,1,1,15,'/usr/lib/nagios/plugins/check_ping -H \'$HOSTADDRESS$\' -w 5000,100% -c 5000,100% -p 1 -4'),(614,1,1,16,'/usr/lib/nagios/plugins/check_ping -H \'$HOSTADDRESS$\' -w 5000,100% -c 5000,100% -p 1'),(615,1,1,17,'/usr/lib/nagios/plugins/check_ping -H \'$HOSTADDRESS$\' -w 5000,100% -c 5000,100% -p 1 -4'),(616,1,1,18,'/usr/lib/nagios/plugins/check_rpc -H \'$HOSTADDRESS$\' -C \'$ARG1$\''),(617,1,1,19,'/usr/lib/nagios/plugins/check_ping -H \'$HOSTADDRESS$\' -w 5000,100% -c 5000,100% -p 1'),(618,1,1,20,'/usr/lib/nagios/plugins/check_ping -H \'$HOSTADDRESS$\' -w 5000,100% -c 5000,100% -p 1 -4'),(619,1,1,21,'/usr/lib/nagios/plugins/check_disk -w \'$ARG1$\' -c \'$ARG2$\' -e'),(620,1,1,22,'/usr/lib/nagios/plugins/check_apt'),(621,1,1,23,'/usr/lib/nagios/plugins/check_apt -d'),(622,1,1,24,'/usr/lib/nagios/plugins/check_breeze -H \'$HOSTADDRESS$\' -w \'$ARG1$\' -c \'$ARG2$\''),(623,1,1,25,'/usr/lib/nagios/plugins/check_snmp -H \'$HOSTADDRESS$\' -C \'$ARG1$\' -o .1.3.6.1.4.1.232.6.2.1.0,.1.3.6.1.4.1.232.6.2.2.0,.1.3.6.1.4.1.232.6.2.3.0,.1.3.6.1.4.1.232.6.2.4.0 -u \'ThermalCondition\',\'ThermalTemp\',\'ThermalSystem\',\'ThermalCPUFan\' -w 2:2,2:2,2:2,2:2'),(624,1,1,26,'/usr/lib/nagios/plugins/check_http -I \'$HOSTADDRESS$\' -p 631'),(625,1,1,27,'/usr/lib/nagios/plugins/check_http -I \'$HOSTADDRESS$\' -p 631 -4'),(626,1,1,28,'/usr/lib/nagios/plugins/check_dhcp -s \'$HOSTADDRESS$\''),(627,1,1,29,'/usr/lib/nagios/plugins/check_dhcp -s \'$HOSTADDRESS$\' -i \'$ARG1$\''),(628,1,1,30,'/usr/lib/nagios/plugins/check_dig -H \'$HOSTADDRESS$\' -l \'$ARG1$\''),(629,1,1,31,'/usr/lib/nagios/plugins/check_disk -w \'$ARG1$\' -c \'$ARG2$\' -e -p \'$ARG3$\''),(630,1,1,32,'/usr/lib/nagios/plugins/check_disk_smb -H \'$ARG1$\' -s \'$ARG2$\''),(631,1,1,33,'/usr/lib/nagios/plugins/check_disk_smb -a \'$HOSTADDRESS$\' -H \'$ARG1$\' -s \'$ARG2$\''),(632,1,1,34,'/usr/lib/nagios/plugins/check_disk_smb -a \'$HOSTADDRESS$\' -H \'$ARG1$\' -s \'$ARG2$\' -u \'$ARG3$\' -p \'$ARG4$\''),(633,1,1,35,'/usr/lib/nagios/plugins/check_disk_smb -H \'$ARG1$\' -s \'$ARG2$\' -u \'$ARG3$\' -p \'$ARG4$\' -w \'$ARG5$\' -c \'$ARG6$\''),(634,1,1,36,'/usr/lib/nagios/plugins/check_disk_smb -H \'$ARG1$\' -s \'$ARG2$\' -W \'$ARG3$\''),(635,1,1,37,'/usr/lib/nagios/plugins/check_disk_smb -a \'$HOSTADDRESS$\' -H \'$ARG1$\' -s \'$ARG2$\' -W \'$ARG3$\''),(636,1,1,38,'/usr/lib/nagios/plugins/check_disk_smb -a \'$HOSTADDRESS$\' -H \'$ARG1$\' -s \'$ARG2$\' -W \'$ARG3$\' -u \'$ARG4$\' -p \'$ARG5$\''),(637,1,1,39,'/usr/lib/nagios/plugins/check_disk_smb -H \'$ARG1$\' -s \'$ARG2$\' -W \'$ARG3$\' -u \'$ARG4$\' -p \'$ARG5$\''),(638,1,1,40,'/usr/lib/nagios/plugins/check_dns -H www.google.com -s \'$HOSTADDRESS$\''),(639,1,1,41,'/usr/lib/nagios/plugins/check_flexlm -F \'$ARG1$\''),(640,1,1,42,'/usr/lib/nagios/plugins/check_ftp -H \'$HOSTADDRESS$\''),(641,1,1,43,'/usr/lib/nagios/plugins/check_ftp -H \'$HOSTADDRESS$\' -4'),(642,1,1,44,'/usr/lib/nagios/plugins/check_hpjd -H \'$HOSTADDRESS$\' -C public'),(643,1,1,45,'/usr/lib/nagios/plugins/check_http -H \'$HOSTADDRESS$\' -I \'$HOSTADDRESS$\''),(644,1,1,46,'/usr/lib/nagios/plugins/check_http -H \'$ARG1$\' -I \'$HOSTADDRESS$\' -w \'$ARG2$\' -c \'$ARG3$\''),(645,1,1,47,'/usr/lib/nagios/plugins/check_http -H \'$ARG1$\' -I \'$HOSTADDRESS$\' -w \'$ARG2$\' -c \'$ARG3$\' -4'),(646,1,1,48,'/usr/lib/nagios/plugins/check_http -H \'$HOSTADDRESS$\' -I \'$HOSTADDRESS$\' -4'),(647,1,1,49,'/usr/lib/nagios/plugins/check_http -H \'$HOSTNAME$\' -I \'$HOSTADDRESS$\''),(648,1,1,50,'/usr/lib/nagios/plugins/check_http -H \'$HOSTNAME$\' -I \'$HOSTADDRESS$\' -4'),(649,1,1,51,'/usr/lib/nagios/plugins/check_http --ssl -H \'$HOSTADDRESS$\' -I \'$HOSTADDRESS$\''),(650,1,1,52,'/usr/lib/nagios/plugins/check_http --ssl -H \'$HOSTADDRESS$\' -I \'$HOSTADDRESS$\' -4'),(651,1,1,53,'/usr/lib/nagios/plugins/check_http --ssl -H \'$HOSTADDRESS$\' -I \'$HOSTADDRESS$\' -a \'$ARG1$\''),(652,1,1,54,'/usr/lib/nagios/plugins/check_http --ssl -H \'$HOSTADDRESS$\' -I \'$HOSTADDRESS$\' -a \'$ARG1$\' -4'),(653,1,1,55,'/usr/lib/nagios/plugins/check_http --ssl -H \'$HOSTNAME$\' -I \'$HOSTADDRESS$\' -a \'$ARG1$\''),(654,1,1,56,'/usr/lib/nagios/plugins/check_http --ssl -H \'$HOSTNAME\' -I \'$HOSTADDRESS$\' -a \'$ARG1$\' -4'),(655,1,1,57,'/usr/lib/nagios/plugins/check_http --ssl -H \'$HOSTNAME$\' -I \'$HOSTADDRESS$\''),(656,1,1,58,'/usr/lib/nagios/plugins/check_http --ssl -H \'$HOSTNAME$\' -I \'$HOSTADDRESS$\' -4'),(657,1,1,59,'/usr/lib/nagios/plugins/check_ifoperstatus -H \'$HOSTADDRESS$\' -C \'$ARG1$\' -d \'$ARG2$\''),(658,1,1,60,'/usr/lib/nagios/plugins/check_ifoperstatus -H \'$HOSTADDRESS$\' -C \'$ARG1$\' -k \'$ARG2$\''),(659,1,1,61,'/usr/lib/nagios/plugins/check_ifstatus -H \'$HOSTADDRESS$\' -C \'$ARG1$\''),(660,1,1,62,'/usr/lib/nagios/plugins/check_ifstatus -H \'$HOSTADDRESS$\' -C \'$ARG1$\' -x \'$ARG2$\''),(661,1,1,63,'/usr/lib/nagios/plugins/check_imap -H \'$HOSTADDRESS$\''),(662,1,1,64,'/usr/lib/nagios/plugins/check_imap -H \'$HOSTADDRESS$\' -4'),(663,1,1,65,'/usr/lib/nagios/plugins/check_ldap -H \'$HOSTADDRESS$\' -b \'$ARG1$\''),(664,1,1,66,'/usr/lib/nagios/plugins/check_ldap -H \'$HOSTADDRESS$\' -b \'$ARG1$\' -4'),(665,1,1,67,'/usr/lib/nagios/plugins/check_ldaps -H \'$HOSTADDRESS$\' -b \'$ARG1$\''),(666,1,1,68,'/usr/lib/nagios/plugins/check_ldaps -H \'$HOSTADDRESS$\' -b \'$ARG1$\' -4'),(667,1,1,69,'/usr/lib/nagios/plugins/check_load --warning=\'$ARG1$,$ARG2$,$ARG3$\' --critical=\'$ARG4$,$ARG5$,$ARG6$\''),(668,1,1,70,'/usr/lib/nagios/plugins/check_mailq -w \'$ARG1$\' -c \'$ARG2$\' -M exim'),(669,1,1,71,'/usr/lib/nagios/plugins/check_mailq -w \'$ARG1$\' -c \'$ARG2$\' -M postfix'),(670,1,1,72,'/usr/lib/nagios/plugins/check_mailq -w \'$ARG1$\' -c \'$ARG2$\' -M qmail'),(671,1,1,73,'/usr/lib/nagios/plugins/check_mailq -w \'$ARG1$\' -c \'$ARG2$\' -M sendmail'),(672,1,1,74,'/usr/lib/nagios/plugins/check_mrtg \'$ARG1$\' 10 AVG \'$ARG2$\' \'$ARG3$\' \'$ARG4$\' \'$ARG5$\' \'$ARG6$\''),(673,1,1,75,'/usr/lib/nagios/plugins/check_mysql -H \'$HOSTADDRESS$\''),(674,1,1,76,'/usr/lib/nagios/plugins/check_mysql -H \'$HOSTADDRESS$\' -u \'$ARG1$\' -p \'$ARG2$\''),(675,1,1,77,'/usr/lib/nagios/plugins/check_mysql -d \'$ARG3$\' -H \'$HOSTADDRESS$\' -u \'$ARG1$\' -p \'$ARG2$\''),(676,1,1,78,'/usr/lib/nagios/plugins/check_snmp -H \'$HOSTADDRESS$\' -C \'$ARG1$\' -o .1.3.6.1.4.1.789.1.2.1.3.0 -w 90 -c 95 -u \'%\' -l \"CPU LOAD \"'),(677,1,1,79,'/usr/lib/nagios/plugins/check_snmp -H \'$HOSTADDRESS$\' -C \'$ARG1$\' -o .1.3.6.1.4.1.789.1.6.4.1.0,.1.3.6.1.4.1.789.1.6.4.2.0,.1.3.6.1.4.1.789.1.6.4.8.0,.1.3.6.1.4.1.789.1.6.4.7.0 -u \'Total Disks\',\'Active\',\'Spare\',\'Failed\' -l \"\"'),(678,1,1,80,'/usr/lib/nagios/plugins/check_snmp -H \'$HOSTADDRESS$\' -C \'$ARG1$\' -o .1.3.6.1.2.1.1.3.0 --delimiter=\')\' -l \"Uptime is\"'),(679,1,1,81,'/usr/lib/nagios/plugins/check_nwstat -H \'$HOSTADDRESS$\' -v \"LOAD15\" -w 70 -c 90'),(680,1,1,82,'/usr/lib/nagios/plugins/check_nwstat -H \'$HOSTADDRESS$\' -v \"LOAD1\" -w 70 -c 90'),(681,1,1,83,'/usr/lib/nagios/plugins/check_nwstat -H \'$HOSTADDRESS$\' -v \"LOAD5\" -w 70 -c 90'),(682,1,1,84,'/usr/lib/nagios/plugins/check_nwstat -H \'$HOSTADDRESS$\' -v \"ABENDS\" -w 10 -c 30'),(683,1,1,85,'/usr/lib/nagios/plugins/check_nwstat -H \'$HOSTADDRESS$\' -v \"LOGINS\" -w \'$ARG1$\' -c \'$ARG2$\''),(684,1,1,86,'/usr/lib/nagios/plugins/check_nntp -H \'$HOSTADDRESS$\''),(685,1,1,87,'/usr/lib/nagios/plugins/check_nntp -H \'$HOSTADDRESS$\' -4'),(686,1,1,88,'/usr/lib/nagios/plugins/check_nrpe -H $HOSTADDRESS$ -c $ARG1$ -a $ARG2$'),(687,1,1,89,'/usr/lib/nagios/plugins/check_nrpe -H $HOSTADDRESS$ -c $ARG1$'),(688,1,1,90,'/usr/lib/nagios/plugins/check_nt -H \'$HOSTADDRESS$\' -p 12489 -v \'$ARG1$\''),(689,1,1,91,'/usr/lib/nagios/plugins/check_nt -H \'$HOSTADDRESS$\' -v \'$ARG1$\''),(690,1,1,92,'/usr/lib/nagios/plugins/check_ntp_peer -H \'$HOSTADDRESS$\''),(691,1,1,93,'/usr/lib/nagios/plugins/check_ntp_peer -H \'$HOSTADDRESS$\' -j 10 -k 15'),(692,1,1,94,'/usr/lib/nagios/plugins/check_nwstat -H \'$HOSTADDRESS$\' -v CONNS -w \'$ARG1$\' -c \'$ARG2$\''),(693,1,1,95,'/usr/lib/nagios/plugins/check_nwstat -H \'$HOSTADDRESS$\' -v CSPROCS -w \'$ARG1$\' -c \'$ARG2$\''),(694,1,1,96,'/usr/lib/nagios/plugins/check_nwstat -H \'$HOSTADDRESS$\' -v DSDB'),(695,1,1,97,'/usr/lib/nagios/plugins/check_nwstat -H \'$HOSTADDRESS$\' -v LTCH -w \'$ARG1$\' -c \'$ARG2$\''),(696,1,1,98,'/usr/lib/nagios/plugins/check_nwstat -H \'$HOSTADDRESS$\' -v PUPRB -w \'$ARG1$\' -c \'$ARG2$\''),(697,1,1,99,'/usr/lib/nagios/plugins/check_nwstat -H \'$HOSTADDRESS$\' -v VKF\'$ARG1$\' -w \'$ARG2$\' -c \'$ARG3$\''),(698,1,1,100,'/usr/lib/nagios/plugins/check_nwstat -H \'$HOSTADDRESS$\' -v VPF\'$ARG1$\' -w \'$ARG2$\' -c \'$ARG3$\''),(699,1,1,101,'/usr/lib/nagios/plugins/check_pgsql -H \'$HOSTADDRESS$\''),(700,1,1,102,'/usr/lib/nagios/plugins/check_pgsql -H \'$HOSTADDRESS$\' -4'),(701,1,1,103,'/usr/lib/nagios/plugins/check_ping -H \'$HOSTADDRESS$\' -w \'$ARG1$\' -c \'$ARG2$\''),(702,1,1,104,'/usr/lib/nagios/plugins/check_ping -H \'$HOSTADDRESS$\' -w \'$ARG1$\' -c \'$ARG2$\' -4'),(703,1,1,105,'/usr/lib/nagios/plugins/check_pop -H \'$HOSTADDRESS$\''),(704,1,1,106,'/usr/lib/nagios/plugins/check_pop -H \'$HOSTADDRESS$\' -4'),(705,1,1,107,'/usr/lib/nagios/plugins/check_procs -w \'$ARG1$\' -c \'$ARG2$\''),(706,1,1,108,'/usr/lib/nagios/plugins/check_procs -w 5:\'$ARG1$\' -c 1:\'$ARG2$\' -C httpd'),(707,1,1,109,'/usr/lib/nagios/plugins/check_procs -w \'$ARG1$\' -c \'$ARG2$\' -s Z'),(708,1,1,110,'/usr/lib/nagios/plugins/check_radius -F /etc/radiusclient/radiusclient.conf -H \'$HOSTADDRESS$\' -P \'$ARG4$\' -t \'$ARG3$\' -u \'$ARG1$\' -p \'$ARG2$\''),(709,1,1,111,'/usr/lib/nagios/plugins/check_real \'$HOSTADDRESS$\' -p \'$ARG1$\' -wt \'$ARG2$\' -ct \'$ARG3$\' -to 5'),(710,1,1,112,'/usr/lib/nagios/plugins/check_real \'$HOSTADDRESS$\' -p \'$ARG1$\' -wt \'$ARG2$\' -ct \'$ARG3$\' -to 5 -u \'$ARG4$\''),(711,1,1,113,'/usr/lib/nagios/plugins/check_imap -p 993 -H \'$HOSTADDRESS$\' -S'),(712,1,1,114,'/usr/lib/nagios/plugins/check_imap -p 993 -H \'$HOSTADDRESS$\' -S -4'),(713,1,1,115,'/usr/lib/nagios/plugins/check_smtp -H \'$HOSTADDRESS$\''),(714,1,1,116,'/usr/lib/nagios/plugins/check_smtp -H \'$HOSTADDRESS$\' -4'),(715,1,1,117,'/usr/lib/nagios/plugins/check_bgpstate \'$HOSTADDRESS$\' -c \'$ARG1$\''),(716,1,1,118,'/usr/lib/nagios/plugins/check_pop -p 995 -H \'$HOSTADDRESS$\' -S'),(717,1,1,119,'/usr/lib/nagios/plugins/check_pop -p 995 -H \'$HOSTADDRESS$\' -S -4'),(718,1,1,120,'/usr/lib/nagios/plugins/check_http -H \'$HOSTADDRESS$\' -p \'$ARG1$\'  -u \'$ARG2$\'  -e \'HTTP/1.0 200 OK\''),(719,1,1,121,'/usr/lib/nagios/plugins/check_http -H \'$HOSTADDRESS$\' -p \'$ARG1$\'  -u \'$ARG2$\'  -e \'HTTP/1.0 200 OK\' -4'),(720,1,1,122,'/usr/lib/nagios/plugins/check_ssh \'$HOSTADDRESS$\''),(721,1,1,123,'/usr/lib/nagios/plugins/check_ssh -4 \'$HOSTADDRESS$\''),(722,1,1,124,'/usr/lib/nagios/plugins/check_ssh -p \'$ARG1$\' \'$HOSTADDRESS$\''),(723,1,1,125,'/usr/lib/nagios/plugins/check_ssh -4 -p \'$ARG1$\' \'$HOSTADDRESS$\''),(724,1,1,126,'/usr/lib/nagios/plugins/check_ssmtp -H \'$HOSTADDRESS$\''),(725,1,1,127,'/usr/lib/nagios/plugins/check_ssmtp -H \'$HOSTADDRESS$\' -4'),(726,1,1,128,'/usr/lib/nagios/plugins/check_tcp -H \'$HOSTADDRESS$\' -p \'$ARG1$\''),(727,1,1,129,'/usr/lib/nagios/plugins/check_tcp -H \'$HOSTADDRESS$\' -p \'$ARG1$\' -4'),(728,1,1,130,'/usr/lib/nagios/plugins/check_tcp -H \'$HOSTADDRESS$\' -p 23'),(729,1,1,131,'/usr/lib/nagios/plugins/check_tcp -H \'$HOSTADDRESS$\' -p 23 -4'),(730,1,1,132,'/usr/lib/nagios/plugins/check_time -H \'$HOSTADDRESS$\''),(731,1,1,133,'/usr/lib/nagios/plugins/check_udp -H \'$HOSTADDRESS$\' -p \'$ARG1$\''),(732,1,1,134,'/usr/lib/nagios/plugins/check_udp -H \'$HOSTADDRESS$\' -p \'$ARG1$\' -4'),(733,1,1,135,'/usr/lib/nagios/plugins/check_users -w \'$ARG1$\' -c \'$ARG2$\''),(734,1,1,136,'/usr/bin/printf \"%b\" \"***** Nagios *****\\n\\nNotification Type: $NOTIFICATIONTYPE$\\nHost: $HOSTNAME$\\nState: $HOSTSTATE$\\nAddress: $HOSTADDRESS$\\nInfo: $HOSTOUTPUT$\\n\\nDate/Time: $LONGDATETIME$\\n\" | /usr/bin/mail -s \"** $NOTIFICATIONTYPE$ Host Alert: $HOST'),(735,1,1,137,'/usr/bin/printf \"%b\" \"***** Nagios *****\\n\\nNotification Type: $NOTIFICATIONTYPE$\\n\\nService: $SERVICEDESC$\\nHost: $HOSTALIAS$\\nAddress: $HOSTADDRESS$\\nState: $SERVICESTATE$\\n\\nDate/Time: $LONGDATETIME$\\n\\nAdditional Info:\\n\\n$SERVICEOUTPUT$\" | /usr/bin/m'),(736,1,1,138,'/usr/bin/printf \"%b\" \"$LASTHOSTCHECK$\\t$HOSTNAME$\\t$HOSTSTATE$\\t$HOSTATTEMPT$\\t$HOSTSTATETYPE$\\t$HOSTEXECUTIONTIME$\\t$HOSTOUTPUT$\\t$HOSTPERFDATA$\\n\" >> /var/lib/nagios3/host-perfdata.out'),(737,1,1,139,'/usr/bin/printf \"%b\" \"$LASTSERVICECHECK$\\t$HOSTNAME$\\t$SERVICEDESC$\\t$SERVICESTATE$\\t$SERVICEATTEMPT$\\t$SERVICESTATETYPE$\\t$SERVICEEXECUTIONTIME$\\t$SERVICELATENCY$\\t$SERVICEOUTPUT$\\t$SERVICEPERFDATA$\\n\" >> /var/lib/nagios3/service-perfdata.out'),(738,1,1,140,'/usr/lib/nagios/plugins/check_dummy 2'),(739,1,1,141,'/usr/lib/nagios/plugins/check_dummy \'$ARG1$\''),(740,1,1,142,'/usr/lib/nagios/plugins/check_dummy 0'),(741,1,1,143,'/usr/lib/nagios/plugins/check_dummy 3'),(742,1,1,144,'/usr/lib/nagios/plugins/check_dummy 1'),(743,1,1,145,'/usr/lib/nagios/plugins/check_snmp -H \'$HOSTADDRESS$\' -C \'$ARG1$\' -o .1.3.6.1.4.1.2021.11.9.0,.1.3.6.1.4.1.2021.11.10.0,.1.3.6.1.4.1.2021.11.11.0 -l \'CPU usage (user system idle)\' -u \'%\''),(744,1,1,146,'/usr/lib/nagios/plugins/check_snmp -H \'$HOSTADDRESS$\' -C \'$ARG1$\' -o .1.3.6.1.4.1.2021.9.1.7.\'$ARG2$\',.1.3.6.1.4.1.2021.9.1.9.\'$ARG2$\' -w \'$ARG3$\':,:\'$ARG4$\' -c \'$ARG5$\':,:\'$ARG6$\' -u \'kB free (\',\'% used)\' -l \'disk space\''),(745,1,1,147,'/usr/lib/nagios/plugins/check_snmp -H \'$HOSTADDRESS$\' -C \'$ARG1$\' -o host.hrStorage.hrStorageTable.hrStorageEntry.hrStorageUsed.\'$ARG2$\' -w \'$ARG3$\' -c \'$ARG4$\''),(746,1,1,148,'/usr/lib/nagios/plugins/check_snmp -H \'$HOSTADDRESS$\' -C \'$ARG1$\' -o .1.3.6.1.4.1.2021.10.1.5.1,.1.3.6.1.4.1.2021.10.1.5.2,.1.3.6.1.4.1.2021.10.1.5.3 -w :\'$ARG2$\',:\'$ARG3$\',:\'$ARG4$\' -c :\'$ARG5$\',:\'$ARG6$\',:\'$ARG7$\' -l load'),(747,1,1,149,'/usr/lib/nagios/plugins/check_snmp -H \'$HOSTADDRESS$\' -C \'$ARG1$\' -o .1.3.6.1.4.1.2021.4.6.0,.1.3.6.1.4.1.2021.4.5.0 -w \'$ARG2$\': -c \'$ARG3$\':'),(748,1,1,150,'/usr/lib/nagios/plugins/check_snmp -H \'$HOSTADDRESS$\' -C \'$ARG1$\' -o host.hrStorage.hrStorageTable.hrStorageEntry.hrStorageUsed.\'$ARG2$\',host.hrStorage.hrStorageTable.hrStorageEntry.hrStorageSize.\'$ARG2$\' -w \'$ARG3$\' -c \'$ARG4$\''),(749,1,1,151,'/usr/lib/nagios/plugins/check_snmp -H \'$HOSTADDRESS$\' -C \'$ARG1$\' -o host.hrStorage.hrStorageTable.hrStorageEntry.hrStorageUsed.\'$ARG2$\',host.hrStorage.hrStorageTable.hrStorageEntry.hrStorageSize.\'$ARG2$\' -w \'$ARG3$\' -c \'$ARG4$\''),(750,1,1,152,'/usr/lib/nagios/plugins/check_snmp -H \'$HOSTADDRESS$\' -C \'$ARG1$\' -o .1.3.6.1.4.1.2021.2.1.5.\'$ARG2$\' -w \'$ARG3$\':\'$ARG4$\' -c \'$ARG5$\':\'$ARG6$\''),(751,1,1,153,'/usr/lib/nagios/plugins/check_snmp -H \'$HOSTADDRESS$\' -C \'$ARG1$\' -o host.hrSystem.hrSystemProcesses -w :\'$ARG2$\' -c :\'$ARG3$\' -l processes'),(752,1,1,154,'/usr/lib/nagios/plugins/check_snmp -H \'$HOSTADDRESS$\' -C \'$ARG1$\' -o .1.3.6.1.4.1.2021.4.4.0,.1.3.6.1.4.1.2021.4.3.0 -w \'$ARG2$\': -c \'$ARG3$\':'),(753,1,1,155,'/usr/lib/nagios/plugins/check_snmp -H \'$HOSTADDRESS$\' -C \'$ARG1$\' -o host.hrStorage.hrStorageTable.hrStorageEntry.hrStorageUsed.\'$ARG2$\',host.hrStorage.hrStorageTable.hrStorageEntry.hrStorageSize.\'$ARG2$\' -w \'$ARG3$\' -c \'$ARG4$\''),(754,1,1,156,'/usr/lib/nagios/plugins/check_snmp -H \'$HOSTADDRESS$\' -C \'$ARG1$\' -o host.hrStorage.hrStorageTable.hrStorageEntry.hrStorageUsed.\'$ARG2$\',host.hrStorage.hrStorageTable.hrStorageEntry.hrStorageSize.\'$ARG2$\' -w \'$ARG3$\' -c \'$ARG4$\''),(755,1,1,157,'/usr/lib/nagios/plugins/check_snmp -H \'$HOSTADDRESS$\' -C \'$ARG1$\' -o tcp.tcpCurrEstab.0 -w \'$ARG2$\' -c \'$ARG3$\''),(756,1,1,158,'/usr/lib/nagios/plugins/check_snmp -H \'$HOSTADDRESS$\' -C \'$ARG1$\' -o tcp.tcpActiveOpens.0,tcp.tcpPassiveOpens.0,tcp.tcpInSegs.0,tcp.tcpOutSegs.0,tcp.tcpRetransSegs.0 -l \'TCP stats\''),(757,1,1,159,'/usr/lib/nagios/plugins/check_snmp -H \'$HOSTADDRESS$\' -C \'$ARG1$\' -o host.hrSystem.hrSystemNumUsers -w :\'$ARG2$\' -c :\'$ARG3$\' -l users'),(758,1,1,160,'/usr/lib/nagios/plugins/check_by_ssh -H \'$HOSTADDRESS$\' -C \'/usr/lib/nagios/plugins/check_disk -w \'\\\'\'$ARG1$\' -c \'\\\'\'$ARG2$\'\\\'\' -e -p \'\\\'\'$ARG3$\'\\\''),(759,1,1,161,'/usr/lib/nagios/plugins/check_by_ssh -H \'$HOSTADDRESS$\' -C \'/usr/lib/nagios/plugins/check_disk -w \'\\\'\'$ARG1$\'\\\'\' -c \'\\\'\'$ARG2$\'\\\'\' -e -p \'\\\'\'$ARG3$\'\\\' -4'),(760,1,1,162,'/usr/lib/nagios/plugins/check_mrtgtraf \'$ARG1$\' 10 AVG \'$ARG2$\' \'$ARG3$\' \'$ARG4$\' \'$ARG5$\'');
/*!40000 ALTER TABLE `nagios_commands` ENABLE KEYS */;
UNLOCK TABLES;

--
-- Table structure for table `nagios_commenthistory`
--

DROP TABLE IF EXISTS `nagios_commenthistory`;
/*!40101 SET @saved_cs_client     = @@character_set_client */;
/*!40101 SET character_set_client = utf8 */;
CREATE TABLE `nagios_commenthistory` (
  `commenthistory_id` int(11) NOT NULL AUTO_INCREMENT,
  `instance_id` smallint(6) NOT NULL DEFAULT '0',
  `entry_time` datetime NOT NULL DEFAULT '0000-00-00 00:00:00',
  `entry_time_usec` int(11) NOT NULL DEFAULT '0',
  `comment_type` smallint(6) NOT NULL DEFAULT '0',
  `entry_type` smallint(6) NOT NULL DEFAULT '0',
  `object_id` int(11) NOT NULL DEFAULT '0',
  `comment_time` datetime NOT NULL DEFAULT '0000-00-00 00:00:00',
  `internal_comment_id` int(11) NOT NULL DEFAULT '0',
  `author_name` varchar(64) NOT NULL DEFAULT '',
  `comment_data` varchar(255) NOT NULL DEFAULT '',
  `is_persistent` smallint(6) NOT NULL DEFAULT '0',
  `comment_source` smallint(6) NOT NULL DEFAULT '0',
  `expires` smallint(6) NOT NULL DEFAULT '0',
  `expiration_time` datetime NOT NULL DEFAULT '0000-00-00 00:00:00',
  `deletion_time` datetime NOT NULL DEFAULT '0000-00-00 00:00:00',
  `deletion_time_usec` int(11) NOT NULL DEFAULT '0',
  PRIMARY KEY (`commenthistory_id`),
  UNIQUE KEY `instance_id` (`instance_id`,`comment_time`,`internal_comment_id`)
) ENGINE=InnoDB DEFAULT CHARSET=latin1 COMMENT='Historical host and service comments';
/*!40101 SET character_set_client = @saved_cs_client */;

--
-- Dumping data for table `nagios_commenthistory`
--

LOCK TABLES `nagios_commenthistory` WRITE;
/*!40000 ALTER TABLE `nagios_commenthistory` DISABLE KEYS */;
/*!40000 ALTER TABLE `nagios_commenthistory` ENABLE KEYS */;
UNLOCK TABLES;

--
-- Table structure for table `nagios_comments`
--

DROP TABLE IF EXISTS `nagios_comments`;
/*!40101 SET @saved_cs_client     = @@character_set_client */;
/*!40101 SET character_set_client = utf8 */;
CREATE TABLE `nagios_comments` (
  `comment_id` int(11) NOT NULL AUTO_INCREMENT,
  `instance_id` smallint(6) NOT NULL DEFAULT '0',
  `entry_time` datetime NOT NULL DEFAULT '0000-00-00 00:00:00',
  `entry_time_usec` int(11) NOT NULL DEFAULT '0',
  `comment_type` smallint(6) NOT NULL DEFAULT '0',
  `entry_type` smallint(6) NOT NULL DEFAULT '0',
  `object_id` int(11) NOT NULL DEFAULT '0',
  `comment_time` datetime NOT NULL DEFAULT '0000-00-00 00:00:00',
  `internal_comment_id` int(11) NOT NULL DEFAULT '0',
  `author_name` varchar(64) NOT NULL DEFAULT '',
  `comment_data` varchar(255) NOT NULL DEFAULT '',
  `is_persistent` smallint(6) NOT NULL DEFAULT '0',
  `comment_source` smallint(6) NOT NULL DEFAULT '0',
  `expires` smallint(6) NOT NULL DEFAULT '0',
  `expiration_time` datetime NOT NULL DEFAULT '0000-00-00 00:00:00',
  PRIMARY KEY (`comment_id`),
  UNIQUE KEY `instance_id` (`instance_id`,`comment_time`,`internal_comment_id`)
) ENGINE=InnoDB DEFAULT CHARSET=latin1;
/*!40101 SET character_set_client = @saved_cs_client */;

--
-- Dumping data for table `nagios_comments`
--

LOCK TABLES `nagios_comments` WRITE;
/*!40000 ALTER TABLE `nagios_comments` DISABLE KEYS */;
/*!40000 ALTER TABLE `nagios_comments` ENABLE KEYS */;
UNLOCK TABLES;

--
-- Table structure for table `nagios_configfiles`
--

DROP TABLE IF EXISTS `nagios_configfiles`;
/*!40101 SET @saved_cs_client     = @@character_set_client */;
/*!40101 SET character_set_client = utf8 */;
CREATE TABLE `nagios_configfiles` (
  `configfile_id` int(11) NOT NULL AUTO_INCREMENT,
  `instance_id` smallint(6) NOT NULL DEFAULT '0',
  `configfile_type` smallint(6) NOT NULL DEFAULT '0',
  `configfile_path` varchar(255) NOT NULL DEFAULT '',
  PRIMARY KEY (`configfile_id`),
  UNIQUE KEY `instance_id` (`instance_id`,`configfile_type`,`configfile_path`)
) ENGINE=InnoDB AUTO_INCREMENT=6 DEFAULT CHARSET=latin1 COMMENT='Configuration files';
/*!40101 SET character_set_client = @saved_cs_client */;

--
-- Dumping data for table `nagios_configfiles`
--

LOCK TABLES `nagios_configfiles` WRITE;
/*!40000 ALTER TABLE `nagios_configfiles` DISABLE KEYS */;
INSERT INTO `nagios_configfiles` VALUES (5,1,0,'/etc/nagios3/nagios.cfg');
/*!40000 ALTER TABLE `nagios_configfiles` ENABLE KEYS */;
UNLOCK TABLES;

--
-- Table structure for table `nagios_configfilevariables`
--

DROP TABLE IF EXISTS `nagios_configfilevariables`;
/*!40101 SET @saved_cs_client     = @@character_set_client */;
/*!40101 SET character_set_client = utf8 */;
CREATE TABLE `nagios_configfilevariables` (
  `configfilevariable_id` int(11) NOT NULL AUTO_INCREMENT,
  `instance_id` smallint(6) NOT NULL DEFAULT '0',
  `configfile_id` int(11) NOT NULL DEFAULT '0',
  `varname` varchar(64) NOT NULL DEFAULT '',
  `varvalue` varchar(255) NOT NULL DEFAULT '',
  PRIMARY KEY (`configfilevariable_id`),
  UNIQUE KEY `instance_id` (`instance_id`,`configfile_id`,`varname`)
) ENGINE=InnoDB AUTO_INCREMENT=546 DEFAULT CHARSET=latin1 COMMENT='Configuration file variables';
/*!40101 SET character_set_client = @saved_cs_client */;

--
-- Dumping data for table `nagios_configfilevariables`
--

LOCK TABLES `nagios_configfilevariables` WRITE;
/*!40000 ALTER TABLE `nagios_configfilevariables` DISABLE KEYS */;
INSERT INTO `nagios_configfilevariables` VALUES (437,1,5,'log_file','/var/log/nagios3/nagios.log'),(438,1,5,'cfg_file','/etc/nagios3/commands.cfg'),(439,1,5,'cfg_dir','/etc/nagios-plugins/config'),(441,1,5,'object_cache_file','/var/cache/nagios3/objects.cache'),(442,1,5,'precached_object_file','/var/lib/nagios3/objects.precache'),(443,1,5,'resource_file','/etc/nagios3/resource.cfg'),(444,1,5,'status_file','/var/cache/nagios3/status.dat'),(445,1,5,'status_update_interval','10'),(446,1,5,'nagios_user','itv'),(447,1,5,'nagios_group','itv'),(448,1,5,'check_external_commands','0'),(449,1,5,'command_check_interval','-1'),(450,1,5,'command_file','/var/lib/nagios3/rw/nagios.cmd'),(451,1,5,'external_command_buffer_slots','4096'),(452,1,5,'lock_file','/var/run/nagios3/nagios3.pid'),(453,1,5,'temp_file','/var/cache/nagios3/nagios.tmp'),(454,1,5,'temp_path','/tmp'),(455,1,5,'event_broker_options','-1'),(456,1,5,'broker_module','/usr/lib/ndoutils/ndomod-mysql-3x.o config_file=/etc/nagios3/ndomod.cfg'),(457,1,5,'log_rotation_method','d'),(458,1,5,'log_archive_path','/var/log/nagios3/archives'),(459,1,5,'use_syslog','1'),(460,1,5,'log_notifications','1'),(461,1,5,'log_service_retries','1'),(462,1,5,'log_host_retries','1'),(463,1,5,'log_event_handlers','1'),(464,1,5,'log_initial_states','0'),(465,1,5,'log_external_commands','1'),(466,1,5,'log_passive_checks','1'),(467,1,5,'service_inter_check_delay_method','s'),(468,1,5,'max_service_check_spread','30'),(469,1,5,'service_interleave_factor','s'),(470,1,5,'host_inter_check_delay_method','s'),(471,1,5,'max_host_check_spread','30'),(472,1,5,'max_concurrent_checks','0'),(473,1,5,'check_result_reaper_frequency','10'),(474,1,5,'max_check_result_reaper_time','30'),(475,1,5,'check_result_path','/var/lib/nagios3/spool/checkresults'),(476,1,5,'max_check_result_file_age','3600'),(477,1,5,'cached_host_check_horizon','15'),(478,1,5,'cached_service_check_horizon','15'),(479,1,5,'enable_predictive_host_dependency_checks','1'),(480,1,5,'enable_predictive_service_dependency_checks','1'),(481,1,5,'soft_state_dependencies','0'),(482,1,5,'auto_reschedule_checks','0'),(483,1,5,'auto_rescheduling_interval','30'),(484,1,5,'auto_rescheduling_window','180'),(485,1,5,'sleep_time','0.25'),(486,1,5,'service_check_timeout','60'),(487,1,5,'host_check_timeout','30'),(488,1,5,'event_handler_timeout','30'),(489,1,5,'notification_timeout','30'),(490,1,5,'ocsp_timeout','5'),(491,1,5,'perfdata_timeout','5'),(492,1,5,'retain_state_information','1'),(493,1,5,'state_retention_file','/var/lib/nagios3/retention.dat'),(494,1,5,'retention_update_interval','60'),(495,1,5,'use_retained_program_state','1'),(496,1,5,'use_retained_scheduling_info','1'),(497,1,5,'retained_host_attribute_mask','0'),(498,1,5,'retained_service_attribute_mask','0'),(499,1,5,'retained_process_host_attribute_mask','0'),(500,1,5,'retained_process_service_attribute_mask','0'),(501,1,5,'retained_contact_host_attribute_mask','0'),(502,1,5,'retained_contact_service_attribute_mask','0'),(503,1,5,'interval_length','60'),(504,1,5,'check_for_updates','1'),(505,1,5,'bare_update_check','0'),(506,1,5,'use_aggressive_host_checking','0'),(507,1,5,'execute_service_checks','1'),(508,1,5,'accept_passive_service_checks','1'),(509,1,5,'execute_host_checks','1'),(510,1,5,'accept_passive_host_checks','1'),(511,1,5,'enable_notifications','1'),(512,1,5,'enable_event_handlers','1'),(513,1,5,'process_performance_data','0'),(514,1,5,'obsess_over_services','0'),(515,1,5,'obsess_over_hosts','0'),(516,1,5,'translate_passive_host_checks','0'),(517,1,5,'passive_host_checks_are_soft','0'),(518,1,5,'check_for_orphaned_services','1'),(519,1,5,'check_for_orphaned_hosts','1'),(520,1,5,'check_service_freshness','1'),(521,1,5,'service_freshness_check_interval','60'),(522,1,5,'check_host_freshness','0'),(523,1,5,'host_freshness_check_interval','60'),(524,1,5,'additional_freshness_latency','15'),(525,1,5,'enable_flap_detection','1'),(526,1,5,'low_service_flap_threshold','5.0'),(527,1,5,'high_service_flap_threshold','20.0'),(528,1,5,'low_host_flap_threshold','5.0'),(529,1,5,'high_host_flap_threshold','20.0'),(530,1,5,'date_format','iso8601'),(531,1,5,'p1_file','/usr/lib/nagios3/p1.pl'),(532,1,5,'enable_embedded_perl','1'),(533,1,5,'use_embedded_perl_implicitly','1'),(534,1,5,'illegal_object_name_chars','`~!$%^&*|\'\"<>?,()='),(535,1,5,'illegal_macro_output_chars','`~$&|\'\"<>'),(536,1,5,'use_regexp_matching','0'),(537,1,5,'use_true_regexp_matching','0'),(538,1,5,'admin_email','webmaster@itvision.com.br'),(539,1,5,'daemon_dumps_core','0'),(540,1,5,'use_large_installation_tweaks','0'),(541,1,5,'enable_environment_macros','1'),(542,1,5,'debug_level','0'),(543,1,5,'debug_verbosity','1'),(544,1,5,'debug_file','/var/log/nagios3/nagios.debug'),(545,1,5,'max_debug_file_size','1000000');
/*!40000 ALTER TABLE `nagios_configfilevariables` ENABLE KEYS */;
UNLOCK TABLES;

--
-- Table structure for table `nagios_conninfo`
--

DROP TABLE IF EXISTS `nagios_conninfo`;
/*!40101 SET @saved_cs_client     = @@character_set_client */;
/*!40101 SET character_set_client = utf8 */;
CREATE TABLE `nagios_conninfo` (
  `conninfo_id` int(11) NOT NULL AUTO_INCREMENT,
  `instance_id` smallint(6) NOT NULL DEFAULT '0',
  `agent_name` varchar(32) NOT NULL DEFAULT '',
  `agent_version` varchar(8) NOT NULL DEFAULT '',
  `disposition` varchar(16) NOT NULL DEFAULT '',
  `connect_source` varchar(16) NOT NULL DEFAULT '',
  `connect_type` varchar(16) NOT NULL DEFAULT '',
  `connect_time` datetime NOT NULL DEFAULT '0000-00-00 00:00:00',
  `disconnect_time` datetime NOT NULL DEFAULT '0000-00-00 00:00:00',
  `last_checkin_time` datetime NOT NULL DEFAULT '0000-00-00 00:00:00',
  `data_start_time` datetime NOT NULL DEFAULT '0000-00-00 00:00:00',
  `data_end_time` datetime NOT NULL DEFAULT '0000-00-00 00:00:00',
  `bytes_processed` int(11) NOT NULL DEFAULT '0',
  `lines_processed` int(11) NOT NULL DEFAULT '0',
  `entries_processed` int(11) NOT NULL DEFAULT '0',
  PRIMARY KEY (`conninfo_id`)
) ENGINE=InnoDB AUTO_INCREMENT=10 DEFAULT CHARSET=latin1 COMMENT='NDO2DB daemon connection information';
/*!40101 SET character_set_client = @saved_cs_client */;

--
-- Dumping data for table `nagios_conninfo`
--

LOCK TABLES `nagios_conninfo` WRITE;
/*!40000 ALTER TABLE `nagios_conninfo` DISABLE KEYS */;
INSERT INTO `nagios_conninfo` VALUES (1,1,'NDOMOD','1.4b7','REALTIME','UNIXSOCKET','INITIAL','2010-10-29 12:41:11','0000-00-00 00:00:00','2010-10-29 13:04:34','2010-10-29 12:41:11','0000-00-00 00:00:00',633819,90365,7362),(2,1,'NDOMOD','1.4b7','REALTIME','UNIXSOCKET','RECONNECT','2010-10-29 13:05:35','0000-00-00 00:00:00','2010-10-29 13:14:44','2010-10-29 13:05:35','0000-00-00 00:00:00',237114,34911,2847),(3,1,'NDOMOD','1.4b7','REALTIME','UNIXSOCKET','INITIAL','2010-10-29 13:15:33','2010-10-29 13:39:54','2010-10-29 13:39:54','2010-10-29 13:15:33','1969-12-31 21:00:00',649234,92788,7574),(4,1,'NDOMOD','1.4b7','REALTIME','UNIXSOCKET','INITIAL','2010-11-03 09:28:57','0000-00-00 00:00:00','2010-11-03 09:28:57','2010-11-03 09:28:56','0000-00-00 00:00:00',331,23,0),(5,1,'NDOMOD','1.4b7','REALTIME','UNIXSOCKET','INITIAL','2010-11-03 09:31:02','0000-00-00 00:00:00','2010-11-03 10:33:03','2010-11-03 09:31:02','0000-00-00 00:00:00',1592290,232504,18974),(6,1,'NDOMOD','1.4b7','REALTIME','UNIXSOCKET','INITIAL','2010-11-03 10:37:26','0000-00-00 00:00:00','2010-11-03 11:57:45','2010-11-03 10:37:26','0000-00-00 00:00:00',2054631,300862,24566),(7,1,'NDOMOD','1.4b7','REALTIME','UNIXSOCKET','RECONNECT','2010-11-03 11:58:45','0000-00-00 00:00:00','2010-11-03 12:20:06','2010-11-03 11:58:45','0000-00-00 00:00:00',538252,79672,6524),(8,1,'NDOMOD','1.4b7','REALTIME','UNIXSOCKET','RECONNECT','2010-11-03 12:21:06','0000-00-00 00:00:00','2010-11-03 12:23:08','2010-11-03 12:21:06','0000-00-00 00:00:00',57662,8544,694),(9,1,'NDOMOD','1.4b7','REALTIME','UNIXSOCKET','RECONNECT','2010-11-03 12:23:56','2010-11-03 14:51:21','2010-11-03 14:51:21','2010-11-03 12:23:56','1969-12-31 21:00:00',3687168,545881,44638);
/*!40000 ALTER TABLE `nagios_conninfo` ENABLE KEYS */;
UNLOCK TABLES;

--
-- Table structure for table `nagios_contact_addresses`
--

DROP TABLE IF EXISTS `nagios_contact_addresses`;
/*!40101 SET @saved_cs_client     = @@character_set_client */;
/*!40101 SET character_set_client = utf8 */;
CREATE TABLE `nagios_contact_addresses` (
  `contact_address_id` int(11) NOT NULL AUTO_INCREMENT,
  `instance_id` smallint(6) NOT NULL DEFAULT '0',
  `contact_id` int(11) NOT NULL DEFAULT '0',
  `address_number` smallint(6) NOT NULL DEFAULT '0',
  `address` varchar(255) NOT NULL DEFAULT '',
  PRIMARY KEY (`contact_address_id`),
  UNIQUE KEY `contact_id` (`contact_id`,`address_number`)
) ENGINE=InnoDB DEFAULT CHARSET=latin1 COMMENT='Contact addresses';
/*!40101 SET character_set_client = @saved_cs_client */;

--
-- Dumping data for table `nagios_contact_addresses`
--

LOCK TABLES `nagios_contact_addresses` WRITE;
/*!40000 ALTER TABLE `nagios_contact_addresses` DISABLE KEYS */;
/*!40000 ALTER TABLE `nagios_contact_addresses` ENABLE KEYS */;
UNLOCK TABLES;

--
-- Table structure for table `nagios_contact_notificationcommands`
--

DROP TABLE IF EXISTS `nagios_contact_notificationcommands`;
/*!40101 SET @saved_cs_client     = @@character_set_client */;
/*!40101 SET character_set_client = utf8 */;
CREATE TABLE `nagios_contact_notificationcommands` (
  `contact_notificationcommand_id` int(11) NOT NULL AUTO_INCREMENT,
  `instance_id` smallint(6) NOT NULL DEFAULT '0',
  `contact_id` int(11) NOT NULL DEFAULT '0',
  `notification_type` smallint(6) NOT NULL DEFAULT '0',
  `command_object_id` int(11) NOT NULL DEFAULT '0',
  `command_args` varchar(255) NOT NULL DEFAULT '',
  PRIMARY KEY (`contact_notificationcommand_id`),
  UNIQUE KEY `contact_id` (`contact_id`,`notification_type`,`command_object_id`,`command_args`)
) ENGINE=InnoDB AUTO_INCREMENT=61 DEFAULT CHARSET=latin1 COMMENT='Contact host and service notification commands';
/*!40101 SET character_set_client = @saved_cs_client */;

--
-- Dumping data for table `nagios_contact_notificationcommands`
--

LOCK TABLES `nagios_contact_notificationcommands` WRITE;
/*!40000 ALTER TABLE `nagios_contact_notificationcommands` DISABLE KEYS */;
INSERT INTO `nagios_contact_notificationcommands` VALUES (49,1,5,0,167,''),(50,1,5,0,168,''),(51,1,5,0,169,''),(52,1,5,0,170,''),(53,1,5,0,171,''),(54,1,5,0,172,''),(55,1,5,1,167,''),(56,1,5,1,168,''),(57,1,5,1,169,''),(58,1,5,1,170,''),(59,1,5,1,171,''),(60,1,5,1,172,'');
/*!40000 ALTER TABLE `nagios_contact_notificationcommands` ENABLE KEYS */;
UNLOCK TABLES;

--
-- Table structure for table `nagios_contactgroup_members`
--

DROP TABLE IF EXISTS `nagios_contactgroup_members`;
/*!40101 SET @saved_cs_client     = @@character_set_client */;
/*!40101 SET character_set_client = utf8 */;
CREATE TABLE `nagios_contactgroup_members` (
  `contactgroup_member_id` int(11) NOT NULL AUTO_INCREMENT,
  `instance_id` smallint(6) NOT NULL DEFAULT '0',
  `contactgroup_id` int(11) NOT NULL DEFAULT '0',
  `contact_object_id` int(11) NOT NULL DEFAULT '0',
  PRIMARY KEY (`contactgroup_member_id`),
  UNIQUE KEY `instance_id` (`contactgroup_id`,`contact_object_id`)
) ENGINE=InnoDB AUTO_INCREMENT=6 DEFAULT CHARSET=latin1 COMMENT='Contactgroup members';
/*!40101 SET character_set_client = @saved_cs_client */;

--
-- Dumping data for table `nagios_contactgroup_members`
--

LOCK TABLES `nagios_contactgroup_members` WRITE;
/*!40000 ALTER TABLE `nagios_contactgroup_members` DISABLE KEYS */;
INSERT INTO `nagios_contactgroup_members` VALUES (5,1,5,166);
/*!40000 ALTER TABLE `nagios_contactgroup_members` ENABLE KEYS */;
UNLOCK TABLES;

--
-- Table structure for table `nagios_contactgroups`
--

DROP TABLE IF EXISTS `nagios_contactgroups`;
/*!40101 SET @saved_cs_client     = @@character_set_client */;
/*!40101 SET character_set_client = utf8 */;
CREATE TABLE `nagios_contactgroups` (
  `contactgroup_id` int(11) NOT NULL AUTO_INCREMENT,
  `instance_id` smallint(6) NOT NULL DEFAULT '0',
  `config_type` smallint(6) NOT NULL DEFAULT '0',
  `contactgroup_object_id` int(11) NOT NULL DEFAULT '0',
  `alias` varchar(255) NOT NULL DEFAULT '',
  PRIMARY KEY (`contactgroup_id`),
  UNIQUE KEY `instance_id` (`instance_id`,`config_type`,`contactgroup_object_id`)
) ENGINE=InnoDB AUTO_INCREMENT=6 DEFAULT CHARSET=latin1 COMMENT='Contactgroup definitions';
/*!40101 SET character_set_client = @saved_cs_client */;

--
-- Dumping data for table `nagios_contactgroups`
--

LOCK TABLES `nagios_contactgroups` WRITE;
/*!40000 ALTER TABLE `nagios_contactgroups` DISABLE KEYS */;
INSERT INTO `nagios_contactgroups` VALUES (5,1,1,173,'Nagios Administrators');
/*!40000 ALTER TABLE `nagios_contactgroups` ENABLE KEYS */;
UNLOCK TABLES;

--
-- Table structure for table `nagios_contactnotificationmethods`
--

DROP TABLE IF EXISTS `nagios_contactnotificationmethods`;
/*!40101 SET @saved_cs_client     = @@character_set_client */;
/*!40101 SET character_set_client = utf8 */;
CREATE TABLE `nagios_contactnotificationmethods` (
  `contactnotificationmethod_id` int(11) NOT NULL AUTO_INCREMENT,
  `instance_id` smallint(6) NOT NULL DEFAULT '0',
  `contactnotification_id` int(11) NOT NULL DEFAULT '0',
  `start_time` datetime NOT NULL DEFAULT '0000-00-00 00:00:00',
  `start_time_usec` int(11) NOT NULL DEFAULT '0',
  `end_time` datetime NOT NULL DEFAULT '0000-00-00 00:00:00',
  `end_time_usec` int(11) NOT NULL DEFAULT '0',
  `command_object_id` int(11) NOT NULL DEFAULT '0',
  `command_args` varchar(255) NOT NULL DEFAULT '',
  PRIMARY KEY (`contactnotificationmethod_id`),
  UNIQUE KEY `instance_id` (`instance_id`,`contactnotification_id`,`start_time`,`start_time_usec`)
) ENGINE=InnoDB DEFAULT CHARSET=latin1 COMMENT='Historical record of contact notification methods';
/*!40101 SET character_set_client = @saved_cs_client */;

--
-- Dumping data for table `nagios_contactnotificationmethods`
--

LOCK TABLES `nagios_contactnotificationmethods` WRITE;
/*!40000 ALTER TABLE `nagios_contactnotificationmethods` DISABLE KEYS */;
/*!40000 ALTER TABLE `nagios_contactnotificationmethods` ENABLE KEYS */;
UNLOCK TABLES;

--
-- Table structure for table `nagios_contactnotifications`
--

DROP TABLE IF EXISTS `nagios_contactnotifications`;
/*!40101 SET @saved_cs_client     = @@character_set_client */;
/*!40101 SET character_set_client = utf8 */;
CREATE TABLE `nagios_contactnotifications` (
  `contactnotification_id` int(11) NOT NULL AUTO_INCREMENT,
  `instance_id` smallint(6) NOT NULL DEFAULT '0',
  `notification_id` int(11) NOT NULL DEFAULT '0',
  `contact_object_id` int(11) NOT NULL DEFAULT '0',
  `start_time` datetime NOT NULL DEFAULT '0000-00-00 00:00:00',
  `start_time_usec` int(11) NOT NULL DEFAULT '0',
  `end_time` datetime NOT NULL DEFAULT '0000-00-00 00:00:00',
  `end_time_usec` int(11) NOT NULL DEFAULT '0',
  PRIMARY KEY (`contactnotification_id`),
  UNIQUE KEY `instance_id` (`instance_id`,`contact_object_id`,`start_time`,`start_time_usec`)
) ENGINE=InnoDB DEFAULT CHARSET=latin1 COMMENT='Historical record of contact notifications';
/*!40101 SET character_set_client = @saved_cs_client */;

--
-- Dumping data for table `nagios_contactnotifications`
--

LOCK TABLES `nagios_contactnotifications` WRITE;
/*!40000 ALTER TABLE `nagios_contactnotifications` DISABLE KEYS */;
/*!40000 ALTER TABLE `nagios_contactnotifications` ENABLE KEYS */;
UNLOCK TABLES;

--
-- Table structure for table `nagios_contacts`
--

DROP TABLE IF EXISTS `nagios_contacts`;
/*!40101 SET @saved_cs_client     = @@character_set_client */;
/*!40101 SET character_set_client = utf8 */;
CREATE TABLE `nagios_contacts` (
  `contact_id` int(11) NOT NULL AUTO_INCREMENT,
  `instance_id` smallint(6) NOT NULL DEFAULT '0',
  `config_type` smallint(6) NOT NULL DEFAULT '0',
  `contact_object_id` int(11) NOT NULL DEFAULT '0',
  `alias` varchar(64) NOT NULL DEFAULT '',
  `email_address` varchar(255) NOT NULL DEFAULT '',
  `pager_address` varchar(64) NOT NULL DEFAULT '',
  `host_timeperiod_object_id` int(11) NOT NULL DEFAULT '0',
  `service_timeperiod_object_id` int(11) NOT NULL DEFAULT '0',
  `host_notifications_enabled` smallint(6) NOT NULL DEFAULT '0',
  `service_notifications_enabled` smallint(6) NOT NULL DEFAULT '0',
  `can_submit_commands` smallint(6) NOT NULL DEFAULT '0',
  `notify_service_recovery` smallint(6) NOT NULL DEFAULT '0',
  `notify_service_warning` smallint(6) NOT NULL DEFAULT '0',
  `notify_service_unknown` smallint(6) NOT NULL DEFAULT '0',
  `notify_service_critical` smallint(6) NOT NULL DEFAULT '0',
  `notify_service_flapping` smallint(6) NOT NULL DEFAULT '0',
  `notify_service_downtime` smallint(6) NOT NULL DEFAULT '0',
  `notify_host_recovery` smallint(6) NOT NULL DEFAULT '0',
  `notify_host_down` smallint(6) NOT NULL DEFAULT '0',
  `notify_host_unreachable` smallint(6) NOT NULL DEFAULT '0',
  `notify_host_flapping` smallint(6) NOT NULL DEFAULT '0',
  `notify_host_downtime` smallint(6) NOT NULL DEFAULT '0',
  PRIMARY KEY (`contact_id`),
  UNIQUE KEY `instance_id` (`instance_id`,`config_type`,`contact_object_id`)
) ENGINE=InnoDB AUTO_INCREMENT=6 DEFAULT CHARSET=latin1 COMMENT='Contact definitions';
/*!40101 SET character_set_client = @saved_cs_client */;

--
-- Dumping data for table `nagios_contacts`
--

LOCK TABLES `nagios_contacts` WRITE;
/*!40000 ALTER TABLE `nagios_contacts` DISABLE KEYS */;
INSERT INTO `nagios_contacts` VALUES (5,1,1,166,'Admin','itv@localhost','',4,4,1,1,1,1,1,1,1,0,0,1,1,0,0,0);
/*!40000 ALTER TABLE `nagios_contacts` ENABLE KEYS */;
UNLOCK TABLES;

--
-- Table structure for table `nagios_contactstatus`
--

DROP TABLE IF EXISTS `nagios_contactstatus`;
/*!40101 SET @saved_cs_client     = @@character_set_client */;
/*!40101 SET character_set_client = utf8 */;
CREATE TABLE `nagios_contactstatus` (
  `contactstatus_id` int(11) NOT NULL AUTO_INCREMENT,
  `instance_id` smallint(6) NOT NULL DEFAULT '0',
  `contact_object_id` int(11) NOT NULL DEFAULT '0',
  `status_update_time` datetime NOT NULL DEFAULT '0000-00-00 00:00:00',
  `host_notifications_enabled` smallint(6) NOT NULL DEFAULT '0',
  `service_notifications_enabled` smallint(6) NOT NULL DEFAULT '0',
  `last_host_notification` datetime NOT NULL DEFAULT '0000-00-00 00:00:00',
  `last_service_notification` datetime NOT NULL DEFAULT '0000-00-00 00:00:00',
  `modified_attributes` int(11) NOT NULL DEFAULT '0',
  `modified_host_attributes` int(11) NOT NULL DEFAULT '0',
  `modified_service_attributes` int(11) NOT NULL DEFAULT '0',
  PRIMARY KEY (`contactstatus_id`),
  UNIQUE KEY `contact_object_id` (`contact_object_id`)
) ENGINE=InnoDB AUTO_INCREMENT=5 DEFAULT CHARSET=latin1 COMMENT='Contact status';
/*!40101 SET character_set_client = @saved_cs_client */;

--
-- Dumping data for table `nagios_contactstatus`
--

LOCK TABLES `nagios_contactstatus` WRITE;
/*!40000 ALTER TABLE `nagios_contactstatus` DISABLE KEYS */;
INSERT INTO `nagios_contactstatus` VALUES (4,1,166,'2010-11-03 10:37:10',1,1,'1969-12-31 21:00:00','1969-12-31 21:00:00',0,0,0);
/*!40000 ALTER TABLE `nagios_contactstatus` ENABLE KEYS */;
UNLOCK TABLES;

--
-- Table structure for table `nagios_customvariables`
--

DROP TABLE IF EXISTS `nagios_customvariables`;
/*!40101 SET @saved_cs_client     = @@character_set_client */;
/*!40101 SET character_set_client = utf8 */;
CREATE TABLE `nagios_customvariables` (
  `customvariable_id` int(11) NOT NULL AUTO_INCREMENT,
  `instance_id` smallint(6) NOT NULL DEFAULT '0',
  `object_id` int(11) NOT NULL DEFAULT '0',
  `config_type` smallint(6) NOT NULL DEFAULT '0',
  `has_been_modified` smallint(6) NOT NULL DEFAULT '0',
  `varname` varchar(255) NOT NULL DEFAULT '',
  `varvalue` varchar(255) NOT NULL DEFAULT '',
  PRIMARY KEY (`customvariable_id`),
  UNIQUE KEY `object_id_2` (`object_id`,`config_type`,`varname`),
  KEY `varname` (`varname`)
) ENGINE=InnoDB DEFAULT CHARSET=latin1 COMMENT='Custom variables';
/*!40101 SET character_set_client = @saved_cs_client */;

--
-- Dumping data for table `nagios_customvariables`
--

LOCK TABLES `nagios_customvariables` WRITE;
/*!40000 ALTER TABLE `nagios_customvariables` DISABLE KEYS */;
/*!40000 ALTER TABLE `nagios_customvariables` ENABLE KEYS */;
UNLOCK TABLES;

--
-- Table structure for table `nagios_customvariablestatus`
--

DROP TABLE IF EXISTS `nagios_customvariablestatus`;
/*!40101 SET @saved_cs_client     = @@character_set_client */;
/*!40101 SET character_set_client = utf8 */;
CREATE TABLE `nagios_customvariablestatus` (
  `customvariablestatus_id` int(11) NOT NULL AUTO_INCREMENT,
  `instance_id` smallint(6) NOT NULL DEFAULT '0',
  `object_id` int(11) NOT NULL DEFAULT '0',
  `status_update_time` datetime NOT NULL DEFAULT '0000-00-00 00:00:00',
  `has_been_modified` smallint(6) NOT NULL DEFAULT '0',
  `varname` varchar(255) NOT NULL DEFAULT '',
  `varvalue` varchar(255) NOT NULL DEFAULT '',
  PRIMARY KEY (`customvariablestatus_id`),
  UNIQUE KEY `object_id_2` (`object_id`,`varname`),
  KEY `varname` (`varname`)
) ENGINE=InnoDB DEFAULT CHARSET=latin1 COMMENT='Custom variable status information';
/*!40101 SET character_set_client = @saved_cs_client */;

--
-- Dumping data for table `nagios_customvariablestatus`
--

LOCK TABLES `nagios_customvariablestatus` WRITE;
/*!40000 ALTER TABLE `nagios_customvariablestatus` DISABLE KEYS */;
/*!40000 ALTER TABLE `nagios_customvariablestatus` ENABLE KEYS */;
UNLOCK TABLES;

--
-- Table structure for table `nagios_dbversion`
--

DROP TABLE IF EXISTS `nagios_dbversion`;
/*!40101 SET @saved_cs_client     = @@character_set_client */;
/*!40101 SET character_set_client = utf8 */;
CREATE TABLE `nagios_dbversion` (
  `name` varchar(10) NOT NULL DEFAULT '',
  `version` varchar(10) NOT NULL DEFAULT ''
) ENGINE=InnoDB DEFAULT CHARSET=latin1;
/*!40101 SET character_set_client = @saved_cs_client */;

--
-- Dumping data for table `nagios_dbversion`
--

LOCK TABLES `nagios_dbversion` WRITE;
/*!40000 ALTER TABLE `nagios_dbversion` DISABLE KEYS */;
/*!40000 ALTER TABLE `nagios_dbversion` ENABLE KEYS */;
UNLOCK TABLES;

--
-- Table structure for table `nagios_downtimehistory`
--

DROP TABLE IF EXISTS `nagios_downtimehistory`;
/*!40101 SET @saved_cs_client     = @@character_set_client */;
/*!40101 SET character_set_client = utf8 */;
CREATE TABLE `nagios_downtimehistory` (
  `downtimehistory_id` int(11) NOT NULL AUTO_INCREMENT,
  `instance_id` smallint(6) NOT NULL DEFAULT '0',
  `downtime_type` smallint(6) NOT NULL DEFAULT '0',
  `object_id` int(11) NOT NULL DEFAULT '0',
  `entry_time` datetime NOT NULL DEFAULT '0000-00-00 00:00:00',
  `author_name` varchar(64) NOT NULL DEFAULT '',
  `comment_data` varchar(255) NOT NULL DEFAULT '',
  `internal_downtime_id` int(11) NOT NULL DEFAULT '0',
  `triggered_by_id` int(11) NOT NULL DEFAULT '0',
  `is_fixed` smallint(6) NOT NULL DEFAULT '0',
  `duration` smallint(6) NOT NULL DEFAULT '0',
  `scheduled_start_time` datetime NOT NULL DEFAULT '0000-00-00 00:00:00',
  `scheduled_end_time` datetime NOT NULL DEFAULT '0000-00-00 00:00:00',
  `was_started` smallint(6) NOT NULL DEFAULT '0',
  `actual_start_time` datetime NOT NULL DEFAULT '0000-00-00 00:00:00',
  `actual_start_time_usec` int(11) NOT NULL DEFAULT '0',
  `actual_end_time` datetime NOT NULL DEFAULT '0000-00-00 00:00:00',
  `actual_end_time_usec` int(11) NOT NULL DEFAULT '0',
  `was_cancelled` smallint(6) NOT NULL DEFAULT '0',
  PRIMARY KEY (`downtimehistory_id`),
  UNIQUE KEY `instance_id` (`instance_id`,`object_id`,`entry_time`,`internal_downtime_id`)
) ENGINE=InnoDB DEFAULT CHARSET=latin1 COMMENT='Historical scheduled host and service downtime';
/*!40101 SET character_set_client = @saved_cs_client */;

--
-- Dumping data for table `nagios_downtimehistory`
--

LOCK TABLES `nagios_downtimehistory` WRITE;
/*!40000 ALTER TABLE `nagios_downtimehistory` DISABLE KEYS */;
/*!40000 ALTER TABLE `nagios_downtimehistory` ENABLE KEYS */;
UNLOCK TABLES;

--
-- Table structure for table `nagios_eventhandlers`
--

DROP TABLE IF EXISTS `nagios_eventhandlers`;
/*!40101 SET @saved_cs_client     = @@character_set_client */;
/*!40101 SET character_set_client = utf8 */;
CREATE TABLE `nagios_eventhandlers` (
  `eventhandler_id` int(11) NOT NULL AUTO_INCREMENT,
  `instance_id` smallint(6) NOT NULL DEFAULT '0',
  `eventhandler_type` smallint(6) NOT NULL DEFAULT '0',
  `object_id` int(11) NOT NULL DEFAULT '0',
  `state` smallint(6) NOT NULL DEFAULT '0',
  `state_type` smallint(6) NOT NULL DEFAULT '0',
  `start_time` datetime NOT NULL DEFAULT '0000-00-00 00:00:00',
  `start_time_usec` int(11) NOT NULL DEFAULT '0',
  `end_time` datetime NOT NULL DEFAULT '0000-00-00 00:00:00',
  `end_time_usec` int(11) NOT NULL DEFAULT '0',
  `command_object_id` int(11) NOT NULL DEFAULT '0',
  `command_args` varchar(255) NOT NULL DEFAULT '',
  `command_line` varchar(255) NOT NULL DEFAULT '',
  `timeout` smallint(6) NOT NULL DEFAULT '0',
  `early_timeout` smallint(6) NOT NULL DEFAULT '0',
  `execution_time` double NOT NULL DEFAULT '0',
  `return_code` smallint(6) NOT NULL DEFAULT '0',
  `output` varchar(255) NOT NULL DEFAULT '',
  PRIMARY KEY (`eventhandler_id`),
  UNIQUE KEY `instance_id` (`instance_id`,`object_id`,`start_time`,`start_time_usec`)
) ENGINE=InnoDB DEFAULT CHARSET=latin1 COMMENT='Historical host and service event handlers';
/*!40101 SET character_set_client = @saved_cs_client */;

--
-- Dumping data for table `nagios_eventhandlers`
--

LOCK TABLES `nagios_eventhandlers` WRITE;
/*!40000 ALTER TABLE `nagios_eventhandlers` DISABLE KEYS */;
/*!40000 ALTER TABLE `nagios_eventhandlers` ENABLE KEYS */;
UNLOCK TABLES;

--
-- Table structure for table `nagios_externalcommands`
--

DROP TABLE IF EXISTS `nagios_externalcommands`;
/*!40101 SET @saved_cs_client     = @@character_set_client */;
/*!40101 SET character_set_client = utf8 */;
CREATE TABLE `nagios_externalcommands` (
  `externalcommand_id` int(11) NOT NULL AUTO_INCREMENT,
  `instance_id` smallint(6) NOT NULL DEFAULT '0',
  `entry_time` datetime NOT NULL DEFAULT '0000-00-00 00:00:00',
  `command_type` smallint(6) NOT NULL DEFAULT '0',
  `command_name` varchar(128) NOT NULL DEFAULT '',
  `command_args` varchar(255) NOT NULL DEFAULT '',
  PRIMARY KEY (`externalcommand_id`)
) ENGINE=InnoDB DEFAULT CHARSET=latin1 COMMENT='Historical record of processed external commands';
/*!40101 SET character_set_client = @saved_cs_client */;

--
-- Dumping data for table `nagios_externalcommands`
--

LOCK TABLES `nagios_externalcommands` WRITE;
/*!40000 ALTER TABLE `nagios_externalcommands` DISABLE KEYS */;
/*!40000 ALTER TABLE `nagios_externalcommands` ENABLE KEYS */;
UNLOCK TABLES;

--
-- Table structure for table `nagios_flappinghistory`
--

DROP TABLE IF EXISTS `nagios_flappinghistory`;
/*!40101 SET @saved_cs_client     = @@character_set_client */;
/*!40101 SET character_set_client = utf8 */;
CREATE TABLE `nagios_flappinghistory` (
  `flappinghistory_id` int(11) NOT NULL AUTO_INCREMENT,
  `instance_id` smallint(6) NOT NULL DEFAULT '0',
  `event_time` datetime NOT NULL DEFAULT '0000-00-00 00:00:00',
  `event_time_usec` int(11) NOT NULL DEFAULT '0',
  `event_type` smallint(6) NOT NULL DEFAULT '0',
  `reason_type` smallint(6) NOT NULL DEFAULT '0',
  `flapping_type` smallint(6) NOT NULL DEFAULT '0',
  `object_id` int(11) NOT NULL DEFAULT '0',
  `percent_state_change` double NOT NULL DEFAULT '0',
  `low_threshold` double NOT NULL DEFAULT '0',
  `high_threshold` double NOT NULL DEFAULT '0',
  `comment_time` datetime NOT NULL DEFAULT '0000-00-00 00:00:00',
  `internal_comment_id` int(11) NOT NULL DEFAULT '0',
  PRIMARY KEY (`flappinghistory_id`)
) ENGINE=InnoDB DEFAULT CHARSET=latin1 COMMENT='Current and historical record of host and service flapping';
/*!40101 SET character_set_client = @saved_cs_client */;

--
-- Dumping data for table `nagios_flappinghistory`
--

LOCK TABLES `nagios_flappinghistory` WRITE;
/*!40000 ALTER TABLE `nagios_flappinghistory` DISABLE KEYS */;
/*!40000 ALTER TABLE `nagios_flappinghistory` ENABLE KEYS */;
UNLOCK TABLES;

--
-- Table structure for table `nagios_host_contactgroups`
--

DROP TABLE IF EXISTS `nagios_host_contactgroups`;
/*!40101 SET @saved_cs_client     = @@character_set_client */;
/*!40101 SET character_set_client = utf8 */;
CREATE TABLE `nagios_host_contactgroups` (
  `host_contactgroup_id` int(11) NOT NULL AUTO_INCREMENT,
  `instance_id` smallint(6) NOT NULL DEFAULT '0',
  `host_id` int(11) NOT NULL DEFAULT '0',
  `contactgroup_object_id` int(11) NOT NULL DEFAULT '0',
  PRIMARY KEY (`host_contactgroup_id`),
  UNIQUE KEY `instance_id` (`host_id`,`contactgroup_object_id`)
) ENGINE=InnoDB AUTO_INCREMENT=11 DEFAULT CHARSET=latin1 COMMENT='Host contact groups';
/*!40101 SET character_set_client = @saved_cs_client */;

--
-- Dumping data for table `nagios_host_contactgroups`
--

LOCK TABLES `nagios_host_contactgroups` WRITE;
/*!40000 ALTER TABLE `nagios_host_contactgroups` DISABLE KEYS */;
INSERT INTO `nagios_host_contactgroups` VALUES (1,1,1,173),(2,1,2,173),(3,1,3,173),(4,1,4,173),(5,1,5,173),(6,1,6,173),(7,1,7,173),(8,1,8,173),(9,1,9,173),(10,1,10,173);
/*!40000 ALTER TABLE `nagios_host_contactgroups` ENABLE KEYS */;
UNLOCK TABLES;

--
-- Table structure for table `nagios_host_contacts`
--

DROP TABLE IF EXISTS `nagios_host_contacts`;
/*!40101 SET @saved_cs_client     = @@character_set_client */;
/*!40101 SET character_set_client = utf8 */;
CREATE TABLE `nagios_host_contacts` (
  `host_contact_id` int(11) NOT NULL AUTO_INCREMENT,
  `instance_id` smallint(6) NOT NULL DEFAULT '0',
  `host_id` int(11) NOT NULL DEFAULT '0',
  `contact_object_id` int(11) NOT NULL DEFAULT '0',
  PRIMARY KEY (`host_contact_id`),
  UNIQUE KEY `instance_id` (`instance_id`,`host_id`,`contact_object_id`)
) ENGINE=InnoDB DEFAULT CHARSET=latin1;
/*!40101 SET character_set_client = @saved_cs_client */;

--
-- Dumping data for table `nagios_host_contacts`
--

LOCK TABLES `nagios_host_contacts` WRITE;
/*!40000 ALTER TABLE `nagios_host_contacts` DISABLE KEYS */;
/*!40000 ALTER TABLE `nagios_host_contacts` ENABLE KEYS */;
UNLOCK TABLES;

--
-- Table structure for table `nagios_host_parenthosts`
--

DROP TABLE IF EXISTS `nagios_host_parenthosts`;
/*!40101 SET @saved_cs_client     = @@character_set_client */;
/*!40101 SET character_set_client = utf8 */;
CREATE TABLE `nagios_host_parenthosts` (
  `host_parenthost_id` int(11) NOT NULL AUTO_INCREMENT,
  `instance_id` smallint(6) NOT NULL DEFAULT '0',
  `host_id` int(11) NOT NULL DEFAULT '0',
  `parent_host_object_id` int(11) NOT NULL DEFAULT '0',
  PRIMARY KEY (`host_parenthost_id`),
  UNIQUE KEY `instance_id` (`host_id`,`parent_host_object_id`)
) ENGINE=InnoDB DEFAULT CHARSET=latin1 COMMENT='Parent hosts';
/*!40101 SET character_set_client = @saved_cs_client */;

--
-- Dumping data for table `nagios_host_parenthosts`
--

LOCK TABLES `nagios_host_parenthosts` WRITE;
/*!40000 ALTER TABLE `nagios_host_parenthosts` DISABLE KEYS */;
/*!40000 ALTER TABLE `nagios_host_parenthosts` ENABLE KEYS */;
UNLOCK TABLES;

--
-- Table structure for table `nagios_hostchecks`
--

DROP TABLE IF EXISTS `nagios_hostchecks`;
/*!40101 SET @saved_cs_client     = @@character_set_client */;
/*!40101 SET character_set_client = utf8 */;
CREATE TABLE `nagios_hostchecks` (
  `hostcheck_id` int(11) NOT NULL AUTO_INCREMENT,
  `instance_id` smallint(6) NOT NULL DEFAULT '0',
  `host_object_id` int(11) NOT NULL DEFAULT '0',
  `check_type` smallint(6) NOT NULL DEFAULT '0',
  `is_raw_check` smallint(6) NOT NULL DEFAULT '0',
  `current_check_attempt` smallint(6) NOT NULL DEFAULT '0',
  `max_check_attempts` smallint(6) NOT NULL DEFAULT '0',
  `state` smallint(6) NOT NULL DEFAULT '0',
  `state_type` smallint(6) NOT NULL DEFAULT '0',
  `start_time` datetime NOT NULL DEFAULT '0000-00-00 00:00:00',
  `start_time_usec` int(11) NOT NULL DEFAULT '0',
  `end_time` datetime NOT NULL DEFAULT '0000-00-00 00:00:00',
  `end_time_usec` int(11) NOT NULL DEFAULT '0',
  `command_object_id` int(11) NOT NULL DEFAULT '0',
  `command_args` varchar(255) NOT NULL DEFAULT '',
  `command_line` varchar(255) NOT NULL DEFAULT '',
  `timeout` smallint(6) NOT NULL DEFAULT '0',
  `early_timeout` smallint(6) NOT NULL DEFAULT '0',
  `execution_time` double NOT NULL DEFAULT '0',
  `latency` double NOT NULL DEFAULT '0',
  `return_code` smallint(6) NOT NULL DEFAULT '0',
  `output` varchar(255) NOT NULL DEFAULT '',
  `perfdata` varchar(255) NOT NULL DEFAULT '',
  PRIMARY KEY (`hostcheck_id`),
  UNIQUE KEY `instance_id` (`instance_id`,`host_object_id`,`start_time`,`start_time_usec`)
) ENGINE=InnoDB AUTO_INCREMENT=292 DEFAULT CHARSET=latin1 COMMENT='Historical host checks';
/*!40101 SET character_set_client = @saved_cs_client */;

--
-- Dumping data for table `nagios_hostchecks`
--

LOCK TABLES `nagios_hostchecks` WRITE;
/*!40000 ALTER TABLE `nagios_hostchecks` DISABLE KEYS */;
INSERT INTO `nagios_hostchecks` VALUES (1,1,2,0,0,1,10,0,1,'2010-10-29 12:40:55',425178,'2010-10-29 12:41:05',189352,11,'','/usr/lib/nagios/plugins/check_ping -H \'127.0.0.1\' -w 5000,100% -c 5000,100% -p 1',30,0,0.01041,0.425,0,'PING OK - Packet loss = 0%, RTA = 0.03 ms','rta=0.030000ms;5000.000000;5000.000000;0.000000 pl=0%;100;100;0'),(3,1,1,0,0,1,10,0,1,'2010-10-29 12:43:32',62405,'2010-10-29 12:43:35',70976,11,'','/usr/lib/nagios/plugins/check_ping -H \'192.168.153.2\' -w 5000,100% -c 5000,100% -p 1',30,0,0.01221,0.062,0,'PING OK - Packet loss = 0%, RTA = 0.22 ms','rta=0.225000ms;5000.000000;5000.000000;0.000000 pl=0%;100;100;0'),(5,1,2,0,0,1,10,0,1,'2010-10-29 12:46:05',36305,'2010-10-29 12:46:15',53957,11,'','/usr/lib/nagios/plugins/check_ping -H \'127.0.0.1\' -w 5000,100% -c 5000,100% -p 1',30,0,0.01323,0.036,0,'PING OK - Packet loss = 0%, RTA = 0.03 ms','rta=0.029000ms;5000.000000;5000.000000;0.000000 pl=0%;100;100;0'),(7,1,1,0,0,1,10,0,1,'2010-10-29 12:48:35',248041,'2010-10-29 12:48:45',12074,11,'','/usr/lib/nagios/plugins/check_ping -H \'192.168.153.2\' -w 5000,100% -c 5000,100% -p 1',30,0,0.01509,0.247,0,'PING OK - Packet loss = 0%, RTA = 0.84 ms','rta=0.837000ms;5000.000000;5000.000000;0.000000 pl=0%;100;100;0'),(9,1,2,0,0,1,10,0,1,'2010-10-29 12:51:15',214441,'2010-10-29 12:51:25',229961,11,'','/usr/lib/nagios/plugins/check_ping -H \'127.0.0.1\' -w 5000,100% -c 5000,100% -p 1',30,0,0.01249,0.214,0,'PING OK - Packet loss = 0%, RTA = 0.03 ms','rta=0.030000ms;5000.000000;5000.000000;0.000000 pl=0%;100;100;0'),(11,1,1,0,0,1,10,0,1,'2010-10-29 12:53:45',179836,'2010-10-29 12:53:55',199142,11,'','/usr/lib/nagios/plugins/check_ping -H \'192.168.153.2\' -w 5000,100% -c 5000,100% -p 1',30,0,0.01371,0.179,0,'PING OK - Packet loss = 0%, RTA = 0.52 ms','rta=0.522000ms;5000.000000;5000.000000;0.000000 pl=0%;100;100;0'),(13,1,2,0,0,1,10,0,1,'2010-10-29 12:56:25',133975,'2010-10-29 12:56:35',153309,11,'','/usr/lib/nagios/plugins/check_ping -H \'127.0.0.1\' -w 5000,100% -c 5000,100% -p 1',30,0,0.016,0.133,0,'PING OK - Packet loss = 0%, RTA = 0.03 ms','rta=0.030000ms;5000.000000;5000.000000;0.000000 pl=0%;100;100;0'),(15,1,1,0,0,1,10,0,1,'2010-10-29 12:58:55',108477,'2010-10-29 12:59:05',121604,11,'','/usr/lib/nagios/plugins/check_ping -H \'192.168.153.2\' -w 5000,100% -c 5000,100% -p 1',30,0,0.01986,0.108,0,'PING OK - Packet loss = 0%, RTA = 0.22 ms','rta=0.219000ms;5000.000000;5000.000000;0.000000 pl=0%;100;100;0'),(17,1,2,0,0,1,10,0,1,'2010-10-29 13:01:35',44587,'2010-10-29 13:01:45',59287,11,'','/usr/lib/nagios/plugins/check_ping -H \'127.0.0.1\' -w 5000,100% -c 5000,100% -p 1',30,0,0.01175,0.043,0,'PING OK - Packet loss = 0%, RTA = 0.03 ms','rta=0.033000ms;5000.000000;5000.000000;0.000000 pl=0%;100;100;0'),(19,1,1,0,0,1,10,0,1,'2010-10-29 13:04:05',6905,'2010-10-29 13:04:15',23572,11,'','/usr/lib/nagios/plugins/check_ping -H \'192.168.153.2\' -w 5000,100% -c 5000,100% -p 1',30,0,0.01337,0.006,0,'PING OK - Packet loss = 0%, RTA = 0.32 ms','rta=0.319000ms;5000.000000;5000.000000;0.000000 pl=0%;100;100;0'),(20,1,2,0,0,1,10,0,1,'2010-10-29 13:06:45',246417,'2010-10-29 13:06:55',17852,11,'','/usr/lib/nagios/plugins/check_ping -H \'127.0.0.1\' -w 5000,100% -c 5000,100% -p 1',30,0,0.01261,0.246,0,'PING OK - Packet loss = 0%, RTA = 0.03 ms','rta=0.033000ms;5000.000000;5000.000000;0.000000 pl=0%;100;100;0'),(22,1,1,0,0,1,10,0,1,'2010-10-29 13:09:15',218592,'2010-10-29 13:09:25',235080,11,'','/usr/lib/nagios/plugins/check_ping -H \'192.168.153.2\' -w 5000,100% -c 5000,100% -p 1',30,0,0.01327,0.218,0,'PING OK - Packet loss = 0%, RTA = 0.24 ms','rta=0.240000ms;5000.000000;5000.000000;0.000000 pl=0%;100;100;0'),(24,1,2,0,0,1,10,0,1,'2010-10-29 13:11:55',190193,'2010-10-29 13:12:05',203943,11,'','/usr/lib/nagios/plugins/check_ping -H \'127.0.0.1\' -w 5000,100% -c 5000,100% -p 1',30,0,0.01757,0.19,0,'PING OK - Packet loss = 0%, RTA = 0.03 ms','rta=0.030000ms;5000.000000;5000.000000;0.000000 pl=0%;100;100;0'),(26,1,1,0,0,1,10,0,1,'2010-10-29 13:14:25',146611,'2010-10-29 13:14:35',170187,11,'','/usr/lib/nagios/plugins/check_ping -H \'192.168.153.2\' -w 5000,100% -c 5000,100% -p 1',30,0,0.01337,0.146,0,'PING OK - Packet loss = 0%, RTA = 0.29 ms','rta=0.288000ms;5000.000000;5000.000000;0.000000 pl=0%;100;100;0'),(27,1,2,0,0,1,10,0,1,'2010-10-29 13:17:05',197684,'2010-10-29 13:17:13',227787,11,'','/usr/lib/nagios/plugins/check_ping -H \'127.0.0.1\' -w 5000,100% -c 5000,100% -p 1',30,0,0.01405,0.197,0,'PING OK - Packet loss = 0%, RTA = 0.04 ms','rta=0.035000ms;5000.000000;5000.000000;0.000000 pl=0%;100;100;0'),(29,1,1,0,0,1,10,0,1,'2010-10-29 13:19:35',115491,'2010-10-29 13:19:43',135274,11,'','/usr/lib/nagios/plugins/check_ping -H \'192.168.153.2\' -w 5000,100% -c 5000,100% -p 1',30,0,0.01097,0.115,0,'PING OK - Packet loss = 0%, RTA = 0.50 ms','rta=0.503000ms;5000.000000;5000.000000;0.000000 pl=0%;100;100;0'),(31,1,2,0,0,1,10,0,1,'2010-10-29 13:22:13',198451,'2010-10-29 13:22:23',240548,11,'','/usr/lib/nagios/plugins/check_ping -H \'127.0.0.1\' -w 5000,100% -c 5000,100% -p 1',30,0,0.01144,0.198,0,'PING OK - Packet loss = 0%, RTA = 0.03 ms','rta=0.029000ms;5000.000000;5000.000000;0.000000 pl=0%;100;100;0'),(33,1,1,0,0,1,10,0,1,'2010-10-29 13:24:43',126301,'2010-10-29 13:24:53',175083,11,'','/usr/lib/nagios/plugins/check_ping -H \'192.168.153.2\' -w 5000,100% -c 5000,100% -p 1',30,0,0.01433,0.126,0,'PING OK - Packet loss = 0%, RTA = 1.66 ms','rta=1.662000ms;5000.000000;5000.000000;0.000000 pl=0%;100;100;0'),(35,1,2,0,0,1,10,0,1,'2010-10-29 13:27:23',171616,'2010-10-29 13:27:33',193718,11,'','/usr/lib/nagios/plugins/check_ping -H \'127.0.0.1\' -w 5000,100% -c 5000,100% -p 1',30,0,0.01032,0.171,0,'PING OK - Packet loss = 0%, RTA = 0.03 ms','rta=0.034000ms;5000.000000;5000.000000;0.000000 pl=0%;100;100;0'),(37,1,1,0,0,1,10,0,1,'2010-10-29 13:29:53',182769,'2010-10-29 13:30:03',204067,11,'','/usr/lib/nagios/plugins/check_ping -H \'192.168.153.2\' -w 5000,100% -c 5000,100% -p 1',30,0,0.01264,0.182,0,'PING OK - Packet loss = 0%, RTA = 0.22 ms','rta=0.221000ms;5000.000000;5000.000000;0.000000 pl=0%;100;100;0'),(39,1,2,0,0,1,10,0,1,'2010-10-29 13:32:33',214193,'2010-10-29 13:32:43',232584,11,'','/usr/lib/nagios/plugins/check_ping -H \'127.0.0.1\' -w 5000,100% -c 5000,100% -p 1',30,0,0.01542,0.214,0,'PING OK - Packet loss = 0%, RTA = 0.03 ms','rta=0.029000ms;5000.000000;5000.000000;0.000000 pl=0%;100;100;0'),(41,1,1,0,0,1,10,0,1,'2010-10-29 13:35:03',214916,'2010-10-29 13:35:13',234560,11,'','/usr/lib/nagios/plugins/check_ping -H \'192.168.153.2\' -w 5000,100% -c 5000,100% -p 1',30,0,0.01242,0.214,0,'PING OK - Packet loss = 0%, RTA = 0.21 ms','rta=0.213000ms;5000.000000;5000.000000;0.000000 pl=0%;100;100;0'),(43,1,2,0,0,1,10,0,1,'2010-10-29 13:37:43',223531,'2010-10-29 13:37:53',244736,11,'','/usr/lib/nagios/plugins/check_ping -H \'127.0.0.1\' -w 5000,100% -c 5000,100% -p 1',30,0,0.01295,0.223,0,'PING OK - Packet loss = 0%, RTA = 0.03 ms','rta=0.030000ms;5000.000000;5000.000000;0.000000 pl=0%;100;100;0'),(44,1,1,0,0,1,10,1,0,'2010-11-03 09:28:57',12266,'2010-11-03 09:29:07',40232,11,'','/usr/lib/nagios/plugins/check_ping -H \'192.168.153.2\' -w 5000,100% -c 5000,100% -p 1',30,0,0.05272,0.012,2,'CRITICAL - Network Unreachable (192.168.153.2)',''),(45,1,1,0,0,2,10,1,0,'2010-11-03 09:31:02',469299,'2010-11-03 09:31:12',234816,11,'','/usr/lib/nagios/plugins/check_ping -H \'192.168.153.2\' -w 5000,100% -c 5000,100% -p 1',30,0,0.08785,0.469,2,'CRITICAL - Network Unreachable (192.168.153.2)',''),(47,1,2,0,0,1,10,0,1,'2010-11-03 09:31:27',2005,'2010-11-03 09:31:32',11038,11,'','/usr/lib/nagios/plugins/check_ping -H \'127.0.0.1\' -w 5000,100% -c 5000,100% -p 1',30,0,0.01082,0.001,0,'PING OK - Packet loss = 0%, RTA = 0.03 ms','rta=0.030000ms;5000.000000;5000.000000;0.000000 pl=0%;100;100;0'),(49,1,1,0,0,1,10,0,0,'2010-11-03 09:32:12',59863,'2010-11-03 09:32:22',78255,11,'','/usr/lib/nagios/plugins/check_ping -H \'192.168.153.2\' -w 5000,100% -c 5000,100% -p 1',30,0,0.0124,0.059,0,'PING OK - Packet loss = 0%, RTA = 0.22 ms','rta=0.222000ms;5000.000000;5000.000000;0.000000 pl=0%;100;100;0'),(51,1,2,0,0,1,10,0,1,'2010-11-03 09:36:32',203386,'2010-11-03 09:36:42',217394,11,'','/usr/lib/nagios/plugins/check_ping -H \'127.0.0.1\' -w 5000,100% -c 5000,100% -p 1',30,0,0.01236,0.203,0,'PING OK - Packet loss = 0%, RTA = 0.03 ms','rta=0.030000ms;5000.000000;5000.000000;0.000000 pl=0%;100;100;0'),(53,1,1,0,0,1,10,0,1,'2010-11-03 09:37:22',15122,'2010-11-03 09:37:32',40675,11,'','/usr/lib/nagios/plugins/check_ping -H \'192.168.153.2\' -w 5000,100% -c 5000,100% -p 1',30,0,0.01179,0.014,0,'PING OK - Packet loss = 0%, RTA = 0.19 ms','rta=0.188000ms;5000.000000;5000.000000;0.000000 pl=0%;100;100;0'),(55,1,2,0,0,1,10,0,1,'2010-11-03 09:41:42',37650,'2010-11-03 09:41:52',57307,11,'','/usr/lib/nagios/plugins/check_ping -H \'127.0.0.1\' -w 5000,100% -c 5000,100% -p 1',30,0,0.01368,0.036,0,'PING OK - Packet loss = 0%, RTA = 0.04 ms','rta=0.035000ms;5000.000000;5000.000000;0.000000 pl=0%;100;100;0'),(57,1,1,0,0,1,10,0,1,'2010-11-03 09:42:32',112772,'2010-11-03 09:42:42',128338,11,'','/usr/lib/nagios/plugins/check_ping -H \'192.168.153.2\' -w 5000,100% -c 5000,100% -p 1',30,0,0.01354,0.112,0,'PING OK - Packet loss = 0%, RTA = 0.22 ms','rta=0.215000ms;5000.000000;5000.000000;0.000000 pl=0%;100;100;0'),(59,1,2,0,0,1,10,0,1,'2010-11-03 09:46:52',195087,'2010-11-03 09:47:02',211627,11,'','/usr/lib/nagios/plugins/check_ping -H \'127.0.0.1\' -w 5000,100% -c 5000,100% -p 1',30,0,0.0132,0.194,0,'PING OK - Packet loss = 0%, RTA = 0.03 ms','rta=0.030000ms;5000.000000;5000.000000;0.000000 pl=0%;100;100;0'),(61,1,1,0,0,1,10,0,1,'2010-11-03 09:47:42',19470,'2010-11-03 09:47:52',35736,11,'','/usr/lib/nagios/plugins/check_ping -H \'192.168.153.2\' -w 5000,100% -c 5000,100% -p 1',30,0,0.01179,0.019,0,'PING OK - Packet loss = 0%, RTA = 0.22 ms','rta=0.223000ms;5000.000000;5000.000000;0.000000 pl=0%;100;100;0'),(63,1,2,0,0,1,10,0,1,'2010-11-03 09:52:02',107746,'2010-11-03 09:52:12',123402,11,'','/usr/lib/nagios/plugins/check_ping -H \'127.0.0.1\' -w 5000,100% -c 5000,100% -p 1',30,0,0.01228,0.107,0,'PING OK - Packet loss = 0%, RTA = 0.13 ms','rta=0.133000ms;5000.000000;5000.000000;0.000000 pl=0%;100;100;0'),(65,1,1,0,0,1,10,0,1,'2010-11-03 09:52:52',180302,'2010-11-03 09:53:02',195882,11,'','/usr/lib/nagios/plugins/check_ping -H \'192.168.153.2\' -w 5000,100% -c 5000,100% -p 1',30,0,0.01212,0.18,0,'PING OK - Packet loss = 0%, RTA = 0.21 ms','rta=0.214000ms;5000.000000;5000.000000;0.000000 pl=0%;100;100;0'),(67,1,2,0,0,1,10,0,1,'2010-11-03 09:57:12',39562,'2010-11-03 09:57:22',63015,11,'','/usr/lib/nagios/plugins/check_ping -H \'127.0.0.1\' -w 5000,100% -c 5000,100% -p 1',30,0,0.01235,0.039,0,'PING OK - Packet loss = 0%, RTA = 0.04 ms','rta=0.036000ms;5000.000000;5000.000000;0.000000 pl=0%;100;100;0'),(69,1,1,0,0,1,10,0,1,'2010-11-03 09:58:02',122742,'2010-11-03 09:58:12',139261,11,'','/usr/lib/nagios/plugins/check_ping -H \'192.168.153.2\' -w 5000,100% -c 5000,100% -p 1',30,0,0.01398,0.122,0,'PING OK - Packet loss = 0%, RTA = 0.22 ms','rta=0.219000ms;5000.000000;5000.000000;0.000000 pl=0%;100;100;0'),(71,1,2,0,0,1,10,0,1,'2010-11-03 10:02:22',226475,'2010-11-03 10:02:32',4488,11,'','/usr/lib/nagios/plugins/check_ping -H \'127.0.0.1\' -w 5000,100% -c 5000,100% -p 1',30,0,0.01456,0.226,0,'PING OK - Packet loss = 0%, RTA = 0.04 ms','rta=0.039000ms;5000.000000;5000.000000;0.000000 pl=0%;100;100;0'),(73,1,1,0,0,1,10,0,1,'2010-11-03 10:03:12',55208,'2010-11-03 10:03:22',76153,11,'','/usr/lib/nagios/plugins/check_ping -H \'192.168.153.2\' -w 5000,100% -c 5000,100% -p 1',30,0,0.01191,0.055,0,'PING OK - Packet loss = 0%, RTA = 0.22 ms','rta=0.222000ms;5000.000000;5000.000000;0.000000 pl=0%;100;100;0'),(75,1,2,0,0,1,10,0,1,'2010-11-03 10:07:32',150077,'2010-11-03 10:07:42',166934,11,'','/usr/lib/nagios/plugins/check_ping -H \'127.0.0.1\' -w 5000,100% -c 5000,100% -p 1',30,0,0.01559,0.149,0,'PING OK - Packet loss = 0%, RTA = 0.03 ms','rta=0.029000ms;5000.000000;5000.000000;0.000000 pl=0%;100;100;0'),(77,1,1,0,0,1,10,0,1,'2010-11-03 10:08:22',227787,'2010-11-03 10:08:32',245232,11,'','/usr/lib/nagios/plugins/check_ping -H \'192.168.153.2\' -w 5000,100% -c 5000,100% -p 1',30,0,0.01452,0.227,0,'PING OK - Packet loss = 0%, RTA = 0.39 ms','rta=0.387000ms;5000.000000;5000.000000;0.000000 pl=0%;100;100;0'),(79,1,2,0,0,1,10,0,1,'2010-11-03 10:12:42',81483,'2010-11-03 10:12:52',97959,11,'','/usr/lib/nagios/plugins/check_ping -H \'127.0.0.1\' -w 5000,100% -c 5000,100% -p 1',30,0,0.01154,0.081,0,'PING OK - Packet loss = 0%, RTA = 0.03 ms','rta=0.031000ms;5000.000000;5000.000000;0.000000 pl=0%;100;100;0'),(81,1,1,0,0,1,10,0,1,'2010-11-03 10:13:32',147511,'2010-11-03 10:13:42',164196,11,'','/usr/lib/nagios/plugins/check_ping -H \'192.168.153.2\' -w 5000,100% -c 5000,100% -p 1',30,0,0.01286,0.147,0,'PING OK - Packet loss = 0%, RTA = 0.22 ms','rta=0.215000ms;5000.000000;5000.000000;0.000000 pl=0%;100;100;0'),(83,1,2,0,0,1,10,0,1,'2010-11-03 10:17:52',249187,'2010-11-03 10:18:02',14842,11,'','/usr/lib/nagios/plugins/check_ping -H \'127.0.0.1\' -w 5000,100% -c 5000,100% -p 1',30,0,0.01226,0.249,0,'PING OK - Packet loss = 0%, RTA = 0.03 ms','rta=0.028000ms;5000.000000;5000.000000;0.000000 pl=0%;100;100;0'),(85,1,1,0,0,1,10,0,1,'2010-11-03 10:18:42',66121,'2010-11-03 10:18:52',83179,11,'','/usr/lib/nagios/plugins/check_ping -H \'192.168.153.2\' -w 5000,100% -c 5000,100% -p 1',30,0,0.01286,0.066,0,'PING OK - Packet loss = 0%, RTA = 0.22 ms','rta=0.221000ms;5000.000000;5000.000000;0.000000 pl=0%;100;100;0'),(87,1,2,0,0,1,10,0,1,'2010-11-03 10:23:02',171583,'2010-11-03 10:23:12',189760,11,'','/usr/lib/nagios/plugins/check_ping -H \'127.0.0.1\' -w 5000,100% -c 5000,100% -p 1',30,0,0.01232,0.17,0,'PING OK - Packet loss = 0%, RTA = 0.03 ms','rta=0.031000ms;5000.000000;5000.000000;0.000000 pl=0%;100;100;0'),(89,1,1,0,0,1,10,0,1,'2010-11-03 10:23:52',247002,'2010-11-03 10:24:02',18839,11,'','/usr/lib/nagios/plugins/check_ping -H \'192.168.153.2\' -w 5000,100% -c 5000,100% -p 1',30,0,0.01419,0.246,0,'PING OK - Packet loss = 0%, RTA = 0.31 ms','rta=0.307000ms;5000.000000;5000.000000;0.000000 pl=0%;100;100;0'),(91,1,2,0,0,1,10,0,1,'2010-11-03 10:28:12',132252,'2010-11-03 10:28:22',150037,11,'','/usr/lib/nagios/plugins/check_ping -H \'127.0.0.1\' -w 5000,100% -c 5000,100% -p 1',30,0,0.0117,0.132,0,'PING OK - Packet loss = 0%, RTA = 0.03 ms','rta=0.030000ms;5000.000000;5000.000000;0.000000 pl=0%;100;100;0'),(93,1,1,0,0,1,10,0,1,'2010-11-03 10:29:02',208437,'2010-11-03 10:29:12',224480,11,'','/usr/lib/nagios/plugins/check_ping -H \'192.168.153.2\' -w 5000,100% -c 5000,100% -p 1',30,0,0.01416,0.208,0,'PING OK - Packet loss = 0%, RTA = 0.27 ms','rta=0.272000ms;5000.000000;5000.000000;0.000000 pl=0%;100;100;0'),(95,1,2,0,0,1,10,0,1,'2010-11-03 10:33:22',48230,'2010-11-03 10:37:20',48590,11,'','/usr/lib/nagios/plugins/check_ping -H \'127.0.0.1\' -w 5000,100% -c 5000,100% -p 1',30,0,0.01299,0.047,0,'PING OK - Packet loss = 0%, RTA = 0.03 ms','rta=0.030000ms;5000.000000;5000.000000;0.000000 pl=0%;100;100;0'),(96,1,1,0,0,1,10,0,1,'2010-11-03 10:37:11',788799,'2010-11-03 10:37:20',48652,11,'','/usr/lib/nagios/plugins/check_ping -H \'192.168.153.2\' -w 5000,100% -c 5000,100% -p 1',30,0,0.01079,1.788,0,'PING OK - Packet loss = 0%, RTA = 0.41 ms','rta=0.410000ms;5000.000000;5000.000000;0.000000 pl=0%;100;100;0'),(99,1,2,0,0,1,10,0,1,'2010-11-03 10:39:40',127352,'2010-11-03 10:39:50',143389,11,'','/usr/lib/nagios/plugins/check_ping -H \'127.0.0.1\' -w 5000,100% -c 5000,100% -p 1',30,0,0.01536,0.127,0,'PING OK - Packet loss = 0%, RTA = 0.03 ms','rta=0.034000ms;5000.000000;5000.000000;0.000000 pl=0%;100;100;0'),(101,1,1,0,0,1,10,0,1,'2010-11-03 10:42:20',82600,'2010-11-03 10:42:30',102971,11,'','/usr/lib/nagios/plugins/check_ping -H \'192.168.153.2\' -w 5000,100% -c 5000,100% -p 1',30,0,0.01341,0.082,0,'PING OK - Packet loss = 0%, RTA = 0.31 ms','rta=0.312000ms;5000.000000;5000.000000;0.000000 pl=0%;100;100;0'),(103,1,2,0,0,1,10,0,1,'2010-11-03 10:44:50',56207,'2010-11-03 10:45:00',71609,11,'','/usr/lib/nagios/plugins/check_ping -H \'127.0.0.1\' -w 5000,100% -c 5000,100% -p 1',30,0,0.01243,0.055,0,'PING OK - Packet loss = 0%, RTA = 0.04 ms','rta=0.037000ms;5000.000000;5000.000000;0.000000 pl=0%;100;100;0'),(105,1,1,0,0,1,10,0,1,'2010-11-03 10:47:30',11155,'2010-11-03 10:47:40',31354,11,'','/usr/lib/nagios/plugins/check_ping -H \'192.168.153.2\' -w 5000,100% -c 5000,100% -p 1',30,0,0.01373,0.011,0,'PING OK - Packet loss = 0%, RTA = 0.22 ms','rta=0.219000ms;5000.000000;5000.000000;0.000000 pl=0%;100;100;0'),(107,1,2,0,0,1,10,0,1,'2010-11-03 10:50:00',216576,'2010-11-03 10:50:10',240521,11,'','/usr/lib/nagios/plugins/check_ping -H \'127.0.0.1\' -w 5000,100% -c 5000,100% -p 1',30,0,0.01314,0.216,0,'PING OK - Packet loss = 0%, RTA = 0.03 ms','rta=0.034000ms;5000.000000;5000.000000;0.000000 pl=0%;100;100;0'),(109,1,1,0,0,1,10,0,1,'2010-11-03 10:52:40',197256,'2010-11-03 10:52:50',227359,11,'','/usr/lib/nagios/plugins/check_ping -H \'192.168.153.2\' -w 5000,100% -c 5000,100% -p 1',30,0,0.01255,0.197,0,'PING OK - Packet loss = 0%, RTA = 0.63 ms','rta=0.635000ms;5000.000000;5000.000000;0.000000 pl=0%;100;100;0'),(111,1,2,0,0,1,10,0,1,'2010-11-03 10:55:10',201775,'2010-11-03 10:55:20',217828,11,'','/usr/lib/nagios/plugins/check_ping -H \'127.0.0.1\' -w 5000,100% -c 5000,100% -p 1',30,0,0.01681,0.201,0,'PING OK - Packet loss = 0%, RTA = 0.04 ms','rta=0.040000ms;5000.000000;5000.000000;0.000000 pl=0%;100;100;0'),(113,1,1,0,0,1,10,0,1,'2010-11-03 10:57:50',197071,'2010-11-03 10:58:00',227034,11,'','/usr/lib/nagios/plugins/check_ping -H \'192.168.153.2\' -w 5000,100% -c 5000,100% -p 1',30,0,0.01503,0.197,0,'PING OK - Packet loss = 0%, RTA = 0.22 ms','rta=0.220000ms;5000.000000;5000.000000;0.000000 pl=0%;100;100;0'),(115,1,2,0,0,1,10,0,1,'2010-11-03 11:00:20',150452,'2010-11-03 11:00:30',166054,11,'','/usr/lib/nagios/plugins/check_ping -H \'127.0.0.1\' -w 5000,100% -c 5000,100% -p 1',30,0,0.01289,0.15,0,'PING OK - Packet loss = 0%, RTA = 0.03 ms','rta=0.030000ms;5000.000000;5000.000000;0.000000 pl=0%;100;100;0'),(117,1,1,0,0,1,10,0,1,'2010-11-03 11:03:00',124806,'2010-11-03 11:03:10',138404,11,'','/usr/lib/nagios/plugins/check_ping -H \'192.168.153.2\' -w 5000,100% -c 5000,100% -p 1',30,0,0.01493,0.124,0,'PING OK - Packet loss = 0%, RTA = 0.23 ms','rta=0.228000ms;5000.000000;5000.000000;0.000000 pl=0%;100;100;0'),(119,1,2,0,0,1,10,0,1,'2010-11-03 11:05:30',87201,'2010-11-03 11:05:40',103380,11,'','/usr/lib/nagios/plugins/check_ping -H \'127.0.0.1\' -w 5000,100% -c 5000,100% -p 1',30,0,0.01324,0.086,0,'PING OK - Packet loss = 0%, RTA = 0.04 ms','rta=0.035000ms;5000.000000;5000.000000;0.000000 pl=0%;100;100;0'),(121,1,1,0,0,1,10,0,1,'2010-11-03 11:08:10',66018,'2010-11-03 11:08:20',88961,11,'','/usr/lib/nagios/plugins/check_ping -H \'192.168.153.2\' -w 5000,100% -c 5000,100% -p 1',30,0,0.01452,0.065,0,'PING OK - Packet loss = 0%, RTA = 0.22 ms','rta=0.221000ms;5000.000000;5000.000000;0.000000 pl=0%;100;100;0'),(123,1,2,0,0,1,10,0,1,'2010-11-03 11:10:40',26815,'2010-11-03 11:10:50',44269,11,'','/usr/lib/nagios/plugins/check_ping -H \'127.0.0.1\' -w 5000,100% -c 5000,100% -p 1',30,0,0.01409,0.026,0,'PING OK - Packet loss = 0%, RTA = 0.04 ms','rta=0.043000ms;5000.000000;5000.000000;0.000000 pl=0%;100;100;0'),(125,1,1,0,0,1,10,0,1,'2010-11-03 11:13:20',247074,'2010-11-03 11:13:30',22209,11,'','/usr/lib/nagios/plugins/check_ping -H \'192.168.153.2\' -w 5000,100% -c 5000,100% -p 1',30,0,0.02161,0.247,0,'PING OK - Packet loss = 0%, RTA = 0.22 ms','rta=0.222000ms;5000.000000;5000.000000;0.000000 pl=0%;100;100;0'),(127,1,2,0,0,1,10,0,1,'2010-11-03 11:15:50',194739,'2010-11-03 11:16:00',211604,11,'','/usr/lib/nagios/plugins/check_ping -H \'127.0.0.1\' -w 5000,100% -c 5000,100% -p 1',30,0,0.01424,0.194,0,'PING OK - Packet loss = 0%, RTA = 0.04 ms','rta=0.035000ms;5000.000000;5000.000000;0.000000 pl=0%;100;100;0'),(129,1,1,0,0,1,10,0,1,'2010-11-03 11:18:30',170084,'2010-11-03 11:18:40',191093,11,'','/usr/lib/nagios/plugins/check_ping -H \'192.168.153.2\' -w 5000,100% -c 5000,100% -p 1',30,0,0.0141,0.169,0,'PING OK - Packet loss = 0%, RTA = 0.23 ms','rta=0.232000ms;5000.000000;5000.000000;0.000000 pl=0%;100;100;0'),(131,1,2,0,0,1,10,0,1,'2010-11-03 11:21:00',119406,'2010-11-03 11:21:10',137006,11,'','/usr/lib/nagios/plugins/check_ping -H \'127.0.0.1\' -w 5000,100% -c 5000,100% -p 1',30,0,0.01481,0.119,0,'PING OK - Packet loss = 0%, RTA = 0.03 ms','rta=0.031000ms;5000.000000;5000.000000;0.000000 pl=0%;100;100;0'),(133,1,1,0,0,1,10,0,1,'2010-11-03 11:23:40',84187,'2010-11-03 11:23:50',110026,11,'','/usr/lib/nagios/plugins/check_ping -H \'192.168.153.2\' -w 5000,100% -c 5000,100% -p 1',30,0,0.01546,0.084,0,'PING OK - Packet loss = 0%, RTA = 0.22 ms','rta=0.217000ms;5000.000000;5000.000000;0.000000 pl=0%;100;100;0'),(135,1,2,0,0,1,10,0,1,'2010-11-03 11:26:10',26078,'2010-11-03 11:26:20',44550,11,'','/usr/lib/nagios/plugins/check_ping -H \'127.0.0.1\' -w 5000,100% -c 5000,100% -p 1',30,0,0.01485,0.025,0,'PING OK - Packet loss = 0%, RTA = 0.03 ms','rta=0.030000ms;5000.000000;5000.000000;0.000000 pl=0%;100;100;0'),(137,1,1,0,0,1,10,0,1,'2010-11-03 11:28:50',15442,'2010-11-03 11:29:00',32848,11,'','/usr/lib/nagios/plugins/check_ping -H \'192.168.153.2\' -w 5000,100% -c 5000,100% -p 1',30,0,0.01507,0.015,0,'PING OK - Packet loss = 0%, RTA = 0.36 ms','rta=0.358000ms;5000.000000;5000.000000;0.000000 pl=0%;100;100;0'),(139,1,2,0,0,1,10,0,1,'2010-11-03 11:31:20',219423,'2010-11-03 11:31:30',241482,11,'','/usr/lib/nagios/plugins/check_ping -H \'127.0.0.1\' -w 5000,100% -c 5000,100% -p 1',30,0,0.01501,0.219,0,'PING OK - Packet loss = 0%, RTA = 0.04 ms','rta=0.036000ms;5000.000000;5000.000000;0.000000 pl=0%;100;100;0'),(141,1,1,0,0,1,10,0,1,'2010-11-03 11:34:00',224315,'2010-11-03 11:34:10',241223,11,'','/usr/lib/nagios/plugins/check_ping -H \'192.168.153.2\' -w 5000,100% -c 5000,100% -p 1',30,0,0.01498,0.223,0,'PING OK - Packet loss = 0%, RTA = 0.28 ms','rta=0.281000ms;5000.000000;5000.000000;0.000000 pl=0%;100;100;0'),(143,1,2,0,0,1,10,0,1,'2010-11-03 11:36:30',166805,'2010-11-03 11:36:40',187535,11,'','/usr/lib/nagios/plugins/check_ping -H \'127.0.0.1\' -w 5000,100% -c 5000,100% -p 1',30,0,0.01705,0.166,0,'PING OK - Packet loss = 0%, RTA = 0.03 ms','rta=0.029000ms;5000.000000;5000.000000;0.000000 pl=0%;100;100;0'),(145,1,1,0,0,1,10,0,1,'2010-11-03 11:39:10',157716,'2010-11-03 11:39:20',175018,11,'','/usr/lib/nagios/plugins/check_ping -H \'192.168.153.2\' -w 5000,100% -c 5000,100% -p 1',30,0,0.01498,0.157,0,'PING OK - Packet loss = 0%, RTA = 0.29 ms','rta=0.295000ms;5000.000000;5000.000000;0.000000 pl=0%;100;100;0'),(147,1,2,0,0,1,10,0,1,'2010-11-03 11:41:40',127057,'2010-11-03 11:41:50',143059,11,'','/usr/lib/nagios/plugins/check_ping -H \'127.0.0.1\' -w 5000,100% -c 5000,100% -p 1',30,0,0.0131,0.126,0,'PING OK - Packet loss = 0%, RTA = 0.03 ms','rta=0.032000ms;5000.000000;5000.000000;0.000000 pl=0%;100;100;0'),(149,1,1,0,0,1,10,0,1,'2010-11-03 11:44:20',114634,'2010-11-03 11:44:30',131899,11,'','/usr/lib/nagios/plugins/check_ping -H \'192.168.153.2\' -w 5000,100% -c 5000,100% -p 1',30,0,0.01473,0.114,0,'PING OK - Packet loss = 0%, RTA = 0.32 ms','rta=0.317000ms;5000.000000;5000.000000;0.000000 pl=0%;100;100;0'),(151,1,2,0,0,1,10,0,1,'2010-11-03 11:46:50',73796,'2010-11-03 11:47:00',90607,11,'','/usr/lib/nagios/plugins/check_ping -H \'127.0.0.1\' -w 5000,100% -c 5000,100% -p 1',30,0,0.01329,0.073,0,'PING OK - Packet loss = 0%, RTA = 0.03 ms','rta=0.029000ms;5000.000000;5000.000000;0.000000 pl=0%;100;100;0'),(153,1,1,0,0,1,10,0,1,'2010-11-03 11:49:30',55196,'2010-11-03 11:49:40',71947,11,'','/usr/lib/nagios/plugins/check_ping -H \'192.168.153.2\' -w 5000,100% -c 5000,100% -p 1',30,0,0.01491,0.054,0,'PING OK - Packet loss = 0%, RTA = 0.28 ms','rta=0.283000ms;5000.000000;5000.000000;0.000000 pl=0%;100;100;0'),(155,1,2,0,0,1,10,0,1,'2010-11-03 11:52:00',6303,'2010-11-03 11:52:10',24274,11,'','/usr/lib/nagios/plugins/check_ping -H \'127.0.0.1\' -w 5000,100% -c 5000,100% -p 1',30,0,0.01459,0.006,0,'PING OK - Packet loss = 0%, RTA = 0.03 ms','rta=0.027000ms;5000.000000;5000.000000;0.000000 pl=0%;100;100;0'),(157,1,1,0,0,1,10,0,1,'2010-11-03 11:54:40',237447,'2010-11-03 11:54:50',5306,11,'','/usr/lib/nagios/plugins/check_ping -H \'192.168.153.2\' -w 5000,100% -c 5000,100% -p 1',30,0,0.01569,0.237,0,'PING OK - Packet loss = 0%, RTA = 0.58 ms','rta=0.581000ms;5000.000000;5000.000000;0.000000 pl=0%;100;100;0'),(159,1,2,0,0,1,10,0,1,'2010-11-03 11:57:10',191237,'2010-11-03 11:57:20',209946,11,'','/usr/lib/nagios/plugins/check_ping -H \'127.0.0.1\' -w 5000,100% -c 5000,100% -p 1',30,0,0.0147,0.191,0,'PING OK - Packet loss = 0%, RTA = 0.03 ms','rta=0.033000ms;5000.000000;5000.000000;0.000000 pl=0%;100;100;0'),(160,1,1,0,0,1,10,0,1,'2010-11-03 11:59:50',199158,'2010-11-03 12:00:00',221353,11,'','/usr/lib/nagios/plugins/check_ping -H \'192.168.153.2\' -w 5000,100% -c 5000,100% -p 1',30,0,0.01502,0.199,0,'PING OK - Packet loss = 0%, RTA = 2.89 ms','rta=2.894000ms;5000.000000;5000.000000;0.000000 pl=0%;100;100;0'),(162,1,2,0,0,1,10,0,1,'2010-11-03 12:02:20',162915,'2010-11-03 12:02:30',184026,11,'','/usr/lib/nagios/plugins/check_ping -H \'127.0.0.1\' -w 5000,100% -c 5000,100% -p 1',30,0,0.01413,0.162,0,'PING OK - Packet loss = 0%, RTA = 0.04 ms','rta=0.035000ms;5000.000000;5000.000000;0.000000 pl=0%;100;100;0'),(164,1,1,0,0,1,10,0,1,'2010-11-03 12:05:00',147329,'2010-11-03 12:05:10',168423,11,'','/usr/lib/nagios/plugins/check_ping -H \'192.168.153.2\' -w 5000,100% -c 5000,100% -p 1',30,0,0.01349,0.147,0,'PING OK - Packet loss = 0%, RTA = 0.38 ms','rta=0.381000ms;5000.000000;5000.000000;0.000000 pl=0%;100;100;0'),(166,1,2,0,0,1,10,0,1,'2010-11-03 12:07:30',86096,'2010-11-03 12:07:40',109891,11,'','/usr/lib/nagios/plugins/check_ping -H \'127.0.0.1\' -w 5000,100% -c 5000,100% -p 1',30,0,0.01526,0.085,0,'PING OK - Packet loss = 0%, RTA = 0.04 ms','rta=0.037000ms;5000.000000;5000.000000;0.000000 pl=0%;100;100;0'),(168,1,1,0,0,1,10,0,1,'2010-11-03 12:10:10',78814,'2010-11-03 12:10:20',99638,11,'','/usr/lib/nagios/plugins/check_ping -H \'192.168.153.2\' -w 5000,100% -c 5000,100% -p 1',30,0,0.02071,0.078,0,'PING OK - Packet loss = 0%, RTA = 0.34 ms','rta=0.338000ms;5000.000000;5000.000000;0.000000 pl=0%;100;100;0'),(170,1,2,0,0,1,10,0,1,'2010-11-03 12:12:40',22892,'2010-11-03 12:12:50',40222,11,'','/usr/lib/nagios/plugins/check_ping -H \'127.0.0.1\' -w 5000,100% -c 5000,100% -p 1',30,0,0.01305,0.022,0,'PING OK - Packet loss = 0%, RTA = 0.03 ms','rta=0.031000ms;5000.000000;5000.000000;0.000000 pl=0%;100;100;0'),(172,1,1,0,0,1,10,0,1,'2010-11-03 12:15:20',10841,'2010-11-03 12:15:30',28263,11,'','/usr/lib/nagios/plugins/check_ping -H \'192.168.153.2\' -w 5000,100% -c 5000,100% -p 1',30,0,0.01343,0.01,0,'PING OK - Packet loss = 0%, RTA = 0.36 ms','rta=0.364000ms;5000.000000;5000.000000;0.000000 pl=0%;100;100;0'),(174,1,2,0,0,1,10,0,1,'2010-11-03 12:17:50',217828,'2010-11-03 12:18:00',240818,11,'','/usr/lib/nagios/plugins/check_ping -H \'127.0.0.1\' -w 5000,100% -c 5000,100% -p 1',30,0,0.01376,0.217,0,'PING OK - Packet loss = 0%, RTA = 0.03 ms','rta=0.032000ms;5000.000000;5000.000000;0.000000 pl=0%;100;100;0'),(176,1,1,0,0,1,10,0,1,'2010-11-03 12:20:30',228773,'2010-11-03 12:20:40',244889,11,'','/usr/lib/nagios/plugins/check_ping -H \'192.168.153.2\' -w 5000,100% -c 5000,100% -p 1',30,0,0.01341,0.228,0,'PING OK - Packet loss = 0%, RTA = 0.37 ms','rta=0.367000ms;5000.000000;5000.000000;0.000000 pl=0%;100;100;0'),(177,1,2,0,0,1,10,0,1,'2010-11-03 12:23:00',182172,'2010-11-03 12:23:10',200064,11,'','/usr/lib/nagios/plugins/check_ping -H \'127.0.0.1\' -w 5000,100% -c 5000,100% -p 1',30,0,0.01414,0.182,0,'PING OK - Packet loss = 0%, RTA = 0.03 ms','rta=0.030000ms;5000.000000;5000.000000;0.000000 pl=0%;100;100;0'),(178,1,1,0,0,1,10,0,1,'2010-11-03 12:25:40',156381,'2010-11-03 12:25:50',173206,11,'','/usr/lib/nagios/plugins/check_ping -H \'192.168.153.2\' -w 5000,100% -c 5000,100% -p 1',30,0,0.0137,0.156,0,'PING OK - Packet loss = 0%, RTA = 0.39 ms','rta=0.387000ms;5000.000000;5000.000000;0.000000 pl=0%;100;100;0'),(180,1,2,0,0,1,10,0,1,'2010-11-03 12:28:10',115563,'2010-11-03 12:28:20',139482,11,'','/usr/lib/nagios/plugins/check_ping -H \'127.0.0.1\' -w 5000,100% -c 5000,100% -p 1',30,0,0.01478,0.115,0,'PING OK - Packet loss = 0%, RTA = 0.04 ms','rta=0.043000ms;5000.000000;5000.000000;0.000000 pl=0%;100;100;0'),(182,1,1,0,0,1,10,0,1,'2010-11-03 12:30:50',96153,'2010-11-03 12:31:00',115066,11,'','/usr/lib/nagios/plugins/check_ping -H \'192.168.153.2\' -w 5000,100% -c 5000,100% -p 1',30,0,0.01463,0.096,0,'PING OK - Packet loss = 0%, RTA = 0.68 ms','rta=0.675000ms;5000.000000;5000.000000;0.000000 pl=0%;100;100;0'),(184,1,2,0,0,1,10,0,1,'2010-11-03 12:33:20',86932,'2010-11-03 12:33:30',103623,11,'','/usr/lib/nagios/plugins/check_ping -H \'127.0.0.1\' -w 5000,100% -c 5000,100% -p 1',30,0,0.0159,0.086,0,'PING OK - Packet loss = 0%, RTA = 0.03 ms','rta=0.030000ms;5000.000000;5000.000000;0.000000 pl=0%;100;100;0'),(186,1,1,0,0,1,10,0,1,'2010-11-03 12:36:00',59743,'2010-11-03 12:36:10',75343,11,'','/usr/lib/nagios/plugins/check_ping -H \'192.168.153.2\' -w 5000,100% -c 5000,100% -p 1',30,0,0.01369,0.059,0,'PING OK - Packet loss = 0%, RTA = 0.46 ms','rta=0.464000ms;5000.000000;5000.000000;0.000000 pl=0%;100;100;0'),(188,1,2,0,0,1,10,0,1,'2010-11-03 12:38:30',28350,'2010-11-03 12:38:40',49218,11,'','/usr/lib/nagios/plugins/check_ping -H \'127.0.0.1\' -w 5000,100% -c 5000,100% -p 1',30,0,0.01343,0.028,0,'PING OK - Packet loss = 0%, RTA = 0.03 ms','rta=0.031000ms;5000.000000;5000.000000;0.000000 pl=0%;100;100;0'),(190,1,1,0,0,1,10,0,1,'2010-11-03 12:41:10',136318,'2010-11-03 12:41:20',160125,11,'','/usr/lib/nagios/plugins/check_ping -H \'192.168.153.2\' -w 5000,100% -c 5000,100% -p 1',30,0,0.01559,0.136,0,'PING OK - Packet loss = 0%, RTA = 0.43 ms','rta=0.426000ms;5000.000000;5000.000000;0.000000 pl=0%;100;100;0'),(192,1,2,0,0,1,10,0,1,'2010-11-03 12:43:40',127024,'2010-11-03 12:43:50',143815,11,'','/usr/lib/nagios/plugins/check_ping -H \'127.0.0.1\' -w 5000,100% -c 5000,100% -p 1',30,0,0.01512,0.126,0,'PING OK - Packet loss = 0%, RTA = 0.03 ms','rta=0.030000ms;5000.000000;5000.000000;0.000000 pl=0%;100;100;0'),(194,1,1,0,0,1,10,0,1,'2010-11-03 12:46:20',114938,'2010-11-03 12:46:30',143024,11,'','/usr/lib/nagios/plugins/check_ping -H \'192.168.153.2\' -w 5000,100% -c 5000,100% -p 1',30,0,0.01492,0.114,0,'PING OK - Packet loss = 0%, RTA = 0.36 ms','rta=0.360000ms;5000.000000;5000.000000;0.000000 pl=0%;100;100;0'),(196,1,2,0,0,1,10,0,1,'2010-11-03 12:48:50',97263,'2010-11-03 12:49:00',126881,11,'','/usr/lib/nagios/plugins/check_ping -H \'127.0.0.1\' -w 5000,100% -c 5000,100% -p 1',30,0,0.01934,0.096,0,'PING OK - Packet loss = 0%, RTA = 0.03 ms','rta=0.030000ms;5000.000000;5000.000000;0.000000 pl=0%;100;100;0'),(198,1,1,0,0,1,10,0,1,'2010-11-03 12:51:30',79444,'2010-11-03 12:51:40',96231,11,'','/usr/lib/nagios/plugins/check_ping -H \'192.168.153.2\' -w 5000,100% -c 5000,100% -p 1',30,0,0.01454,0.078,0,'PING OK - Packet loss = 0%, RTA = 0.38 ms','rta=0.377000ms;5000.000000;5000.000000;0.000000 pl=0%;100;100;0'),(200,1,2,0,0,1,10,0,1,'2010-11-03 12:54:00',37858,'2010-11-03 12:54:10',52953,11,'','/usr/lib/nagios/plugins/check_ping -H \'127.0.0.1\' -w 5000,100% -c 5000,100% -p 1',30,0,0.01366,0.037,0,'PING OK - Packet loss = 0%, RTA = 0.03 ms','rta=0.034000ms;5000.000000;5000.000000;0.000000 pl=0%;100;100;0'),(202,1,1,0,0,1,10,0,1,'2010-11-03 12:56:40',237040,'2010-11-03 12:56:50',3682,11,'','/usr/lib/nagios/plugins/check_ping -H \'192.168.153.2\' -w 5000,100% -c 5000,100% -p 1',30,0,0.01331,0.236,0,'PING OK - Packet loss = 0%, RTA = 0.28 ms','rta=0.279000ms;5000.000000;5000.000000;0.000000 pl=0%;100;100;0'),(204,1,2,0,0,1,10,0,1,'2010-11-03 12:59:10',219969,'2010-11-03 12:59:20',237820,11,'','/usr/lib/nagios/plugins/check_ping -H \'127.0.0.1\' -w 5000,100% -c 5000,100% -p 1',30,0,0.01603,0.219,0,'PING OK - Packet loss = 0%, RTA = 0.04 ms','rta=0.036000ms;5000.000000;5000.000000;0.000000 pl=0%;100;100;0'),(206,1,1,0,0,1,10,0,1,'2010-11-03 13:01:50',176084,'2010-11-03 13:02:00',191021,11,'','/usr/lib/nagios/plugins/check_ping -H \'192.168.153.2\' -w 5000,100% -c 5000,100% -p 1',30,0,0.01334,0.175,0,'PING OK - Packet loss = 0%, RTA = 0.50 ms','rta=0.503000ms;5000.000000;5000.000000;0.000000 pl=0%;100;100;0'),(208,1,2,0,0,1,10,0,1,'2010-11-03 13:04:20',124737,'2010-11-03 13:04:30',146697,11,'','/usr/lib/nagios/plugins/check_ping -H \'127.0.0.1\' -w 5000,100% -c 5000,100% -p 1',30,0,0.01312,0.124,0,'PING OK - Packet loss = 0%, RTA = 0.03 ms','rta=0.031000ms;5000.000000;5000.000000;0.000000 pl=0%;100;100;0'),(210,1,1,0,0,1,10,0,1,'2010-11-03 13:07:00',90260,'2010-11-03 13:07:10',106422,11,'','/usr/lib/nagios/plugins/check_ping -H \'192.168.153.2\' -w 5000,100% -c 5000,100% -p 1',30,0,0.01413,0.09,0,'PING OK - Packet loss = 0%, RTA = 0.64 ms','rta=0.641000ms;5000.000000;5000.000000;0.000000 pl=0%;100;100;0'),(212,1,2,0,0,1,10,0,1,'2010-11-03 13:09:30',79484,'2010-11-03 13:09:40',95565,11,'','/usr/lib/nagios/plugins/check_ping -H \'127.0.0.1\' -w 5000,100% -c 5000,100% -p 1',30,0,0.01264,0.079,0,'PING OK - Packet loss = 0%, RTA = 0.03 ms','rta=0.033000ms;5000.000000;5000.000000;0.000000 pl=0%;100;100;0'),(214,1,1,0,0,1,10,0,1,'2010-11-03 13:12:10',46511,'2010-11-03 13:12:20',64392,11,'','/usr/lib/nagios/plugins/check_ping -H \'192.168.153.2\' -w 5000,100% -c 5000,100% -p 1',30,0,0.01667,0.046,0,'PING OK - Packet loss = 0%, RTA = 0.37 ms','rta=0.369000ms;5000.000000;5000.000000;0.000000 pl=0%;100;100;0'),(216,1,2,0,0,1,10,0,1,'2010-11-03 13:14:40',19070,'2010-11-03 13:14:50',37436,11,'','/usr/lib/nagios/plugins/check_ping -H \'127.0.0.1\' -w 5000,100% -c 5000,100% -p 1',30,0,0.01567,0.018,0,'PING OK - Packet loss = 0%, RTA = 0.03 ms','rta=0.034000ms;5000.000000;5000.000000;0.000000 pl=0%;100;100;0'),(218,1,1,0,0,1,10,0,1,'2010-11-03 13:17:20',233500,'2010-11-03 13:17:30',5091,11,'','/usr/lib/nagios/plugins/check_ping -H \'192.168.153.2\' -w 5000,100% -c 5000,100% -p 1',30,0,0.01517,0.233,0,'PING OK - Packet loss = 0%, RTA = 0.37 ms','rta=0.372000ms;5000.000000;5000.000000;0.000000 pl=0%;100;100;0'),(220,1,2,0,0,1,10,0,1,'2010-11-03 13:19:50',201731,'2010-11-03 13:20:00',218587,11,'','/usr/lib/nagios/plugins/check_ping -H \'127.0.0.1\' -w 5000,100% -c 5000,100% -p 1',30,0,0.01361,0.201,0,'PING OK - Packet loss = 0%, RTA = 0.03 ms','rta=0.034000ms;5000.000000;5000.000000;0.000000 pl=0%;100;100;0'),(222,1,1,0,0,1,10,0,1,'2010-11-03 13:22:30',150812,'2010-11-03 13:22:40',173479,11,'','/usr/lib/nagios/plugins/check_ping -H \'192.168.153.2\' -w 5000,100% -c 5000,100% -p 1',30,0,0.01311,0.15,0,'PING OK - Packet loss = 0%, RTA = 0.21 ms','rta=0.207000ms;5000.000000;5000.000000;0.000000 pl=0%;100;100;0'),(224,1,2,0,0,1,10,0,1,'2010-11-03 13:25:00',102515,'2010-11-03 13:25:10',124470,11,'','/usr/lib/nagios/plugins/check_ping -H \'127.0.0.1\' -w 5000,100% -c 5000,100% -p 1',30,0,0.01316,0.102,0,'PING OK - Packet loss = 0%, RTA = 0.04 ms','rta=0.039000ms;5000.000000;5000.000000;0.000000 pl=0%;100;100;0'),(226,1,1,0,0,1,10,0,1,'2010-11-03 13:27:40',109431,'2010-11-03 13:27:50',122535,11,'','/usr/lib/nagios/plugins/check_ping -H \'192.168.153.2\' -w 5000,100% -c 5000,100% -p 1',30,0,0.01418,0.109,0,'PING OK - Packet loss = 0%, RTA = 0.23 ms','rta=0.235000ms;5000.000000;5000.000000;0.000000 pl=0%;100;100;0'),(228,1,2,0,0,1,10,0,1,'2010-11-03 13:30:10',75660,'2010-11-03 13:30:20',94263,11,'','/usr/lib/nagios/plugins/check_ping -H \'127.0.0.1\' -w 5000,100% -c 5000,100% -p 1',30,0,0.01331,0.075,0,'PING OK - Packet loss = 0%, RTA = 0.16 ms','rta=0.155000ms;5000.000000;5000.000000;0.000000 pl=0%;100;100;0'),(230,1,1,0,0,1,10,0,1,'2010-11-03 13:32:50',42789,'2010-11-03 13:33:00',64638,11,'','/usr/lib/nagios/plugins/check_ping -H \'192.168.153.2\' -w 5000,100% -c 5000,100% -p 1',30,0,0.01303,0.042,0,'PING OK - Packet loss = 0%, RTA = 0.23 ms','rta=0.227000ms;5000.000000;5000.000000;0.000000 pl=0%;100;100;0'),(232,1,2,0,0,1,10,0,1,'2010-11-03 13:35:20',46655,'2010-11-03 13:35:30',64096,11,'','/usr/lib/nagios/plugins/check_ping -H \'127.0.0.1\' -w 5000,100% -c 5000,100% -p 1',30,0,0.0134,0.046,0,'PING OK - Packet loss = 0%, RTA = 0.07 ms','rta=0.073000ms;5000.000000;5000.000000;0.000000 pl=0%;100;100;0'),(234,1,1,0,0,1,10,0,1,'2010-11-03 13:38:00',23518,'2010-11-03 13:38:10',39840,11,'','/usr/lib/nagios/plugins/check_ping -H \'192.168.153.2\' -w 5000,100% -c 5000,100% -p 1',30,0,0.01487,0.023,0,'PING OK - Packet loss = 0%, RTA = 0.22 ms','rta=0.218000ms;5000.000000;5000.000000;0.000000 pl=0%;100;100;0'),(236,1,2,0,0,1,10,0,1,'2010-11-03 13:40:30',247738,'2010-11-03 13:40:40',14053,11,'','/usr/lib/nagios/plugins/check_ping -H \'127.0.0.1\' -w 5000,100% -c 5000,100% -p 1',30,0,0.01335,0.247,0,'PING OK - Packet loss = 0%, RTA = 0.03 ms','rta=0.033000ms;5000.000000;5000.000000;0.000000 pl=0%;100;100;0'),(238,1,1,0,0,1,10,0,1,'2010-11-03 13:43:10',218586,'2010-11-03 13:43:20',240363,11,'','/usr/lib/nagios/plugins/check_ping -H \'192.168.153.2\' -w 5000,100% -c 5000,100% -p 1',30,0,0.01489,0.218,0,'PING OK - Packet loss = 0%, RTA = 0.62 ms','rta=0.621000ms;5000.000000;5000.000000;0.000000 pl=0%;100;100;0'),(240,1,2,0,0,1,10,0,1,'2010-11-03 13:45:40',169860,'2010-11-03 13:45:50',188139,11,'','/usr/lib/nagios/plugins/check_ping -H \'127.0.0.1\' -w 5000,100% -c 5000,100% -p 1',30,0,0.01331,0.169,0,'PING OK - Packet loss = 0%, RTA = 0.03 ms','rta=0.034000ms;5000.000000;5000.000000;0.000000 pl=0%;100;100;0'),(242,1,1,0,0,1,10,0,1,'2010-11-03 13:48:20',135971,'2010-11-03 13:48:30',156649,11,'','/usr/lib/nagios/plugins/check_ping -H \'192.168.153.2\' -w 5000,100% -c 5000,100% -p 1',30,0,0.01704,0.135,0,'PING OK - Packet loss = 0%, RTA = 0.26 ms','rta=0.257000ms;5000.000000;5000.000000;0.000000 pl=0%;100;100;0'),(244,1,2,0,0,1,10,0,1,'2010-11-03 13:50:50',86383,'2010-11-03 13:51:00',101845,11,'','/usr/lib/nagios/plugins/check_ping -H \'127.0.0.1\' -w 5000,100% -c 5000,100% -p 1',30,0,0.01415,0.086,0,'PING OK - Packet loss = 0%, RTA = 0.04 ms','rta=0.036000ms;5000.000000;5000.000000;0.000000 pl=0%;100;100;0'),(246,1,1,0,0,1,10,0,1,'2010-11-03 13:53:30',74821,'2010-11-03 13:53:40',96503,11,'','/usr/lib/nagios/plugins/check_ping -H \'192.168.153.2\' -w 5000,100% -c 5000,100% -p 1',30,0,0.01322,0.074,0,'PING OK - Packet loss = 0%, RTA = 0.22 ms','rta=0.222000ms;5000.000000;5000.000000;0.000000 pl=0%;100;100;0'),(248,1,2,0,0,1,10,0,1,'2010-11-03 13:56:00',54384,'2010-11-03 13:56:10',71722,11,'','/usr/lib/nagios/plugins/check_ping -H \'127.0.0.1\' -w 5000,100% -c 5000,100% -p 1',30,0,0.01418,0.054,0,'PING OK - Packet loss = 0%, RTA = 0.03 ms','rta=0.033000ms;5000.000000;5000.000000;0.000000 pl=0%;100;100;0'),(250,1,1,0,0,1,10,0,1,'2010-11-03 13:58:40',40406,'2010-11-03 13:58:50',55234,11,'','/usr/lib/nagios/plugins/check_ping -H \'192.168.153.2\' -w 5000,100% -c 5000,100% -p 1',30,0,0.0124,0.04,0,'PING OK - Packet loss = 0%, RTA = 0.34 ms','rta=0.338000ms;5000.000000;5000.000000;0.000000 pl=0%;100;100;0'),(252,1,2,0,0,1,10,0,1,'2010-11-03 14:01:10',243330,'2010-11-03 14:01:20',12195,11,'','/usr/lib/nagios/plugins/check_ping -H \'127.0.0.1\' -w 5000,100% -c 5000,100% -p 1',30,0,0.01525,0.243,0,'PING OK - Packet loss = 0%, RTA = 0.04 ms','rta=0.036000ms;5000.000000;5000.000000;0.000000 pl=0%;100;100;0'),(254,1,1,0,0,1,10,0,1,'2010-11-03 14:03:50',12225,'2010-11-03 14:04:00',29246,11,'','/usr/lib/nagios/plugins/check_ping -H \'192.168.153.2\' -w 5000,100% -c 5000,100% -p 1',30,0,0.01445,0.012,0,'PING OK - Packet loss = 0%, RTA = 0.38 ms','rta=0.379000ms;5000.000000;5000.000000;0.000000 pl=0%;100;100;0'),(256,1,2,0,0,1,10,0,1,'2010-11-03 14:06:20',220057,'2010-11-03 14:06:30',243852,11,'','/usr/lib/nagios/plugins/check_ping -H \'127.0.0.1\' -w 5000,100% -c 5000,100% -p 1',30,0,0.01574,0.219,0,'PING OK - Packet loss = 0%, RTA = 0.03 ms','rta=0.030000ms;5000.000000;5000.000000;0.000000 pl=0%;100;100;0'),(258,1,1,0,0,1,10,0,1,'2010-11-03 14:09:00',202461,'2010-11-03 14:09:10',216139,11,'','/usr/lib/nagios/plugins/check_ping -H \'192.168.153.2\' -w 5000,100% -c 5000,100% -p 1',30,0,0.01394,0.202,0,'PING OK - Packet loss = 0%, RTA = 0.38 ms','rta=0.377000ms;5000.000000;5000.000000;0.000000 pl=0%;100;100;0'),(260,1,2,0,0,1,10,0,1,'2010-11-03 14:11:30',146577,'2010-11-03 14:11:40',162417,11,'','/usr/lib/nagios/plugins/check_ping -H \'127.0.0.1\' -w 5000,100% -c 5000,100% -p 1',30,0,0.01373,0.146,0,'PING OK - Packet loss = 0%, RTA = 0.03 ms','rta=0.034000ms;5000.000000;5000.000000;0.000000 pl=0%;100;100;0'),(262,1,1,0,0,1,10,0,1,'2010-11-03 14:14:10',122602,'2010-11-03 14:14:20',135126,11,'','/usr/lib/nagios/plugins/check_ping -H \'192.168.153.2\' -w 5000,100% -c 5000,100% -p 1',30,0,0.01451,0.122,0,'PING OK - Packet loss = 0%, RTA = 0.61 ms','rta=0.610000ms;5000.000000;5000.000000;0.000000 pl=0%;100;100;0'),(264,1,2,0,0,1,10,0,1,'2010-11-03 14:16:40',75552,'2010-11-03 14:16:50',91836,11,'','/usr/lib/nagios/plugins/check_ping -H \'127.0.0.1\' -w 5000,100% -c 5000,100% -p 1',30,0,0.01296,0.075,0,'PING OK - Packet loss = 0%, RTA = 0.04 ms','rta=0.035000ms;5000.000000;5000.000000;0.000000 pl=0%;100;100;0'),(266,1,1,0,0,1,10,0,1,'2010-11-03 14:19:20',52576,'2010-11-03 14:19:30',69562,11,'','/usr/lib/nagios/plugins/check_ping -H \'192.168.153.2\' -w 5000,100% -c 5000,100% -p 1',30,0,0.01323,0.052,0,'PING OK - Packet loss = 0%, RTA = 0.40 ms','rta=0.403000ms;5000.000000;5000.000000;0.000000 pl=0%;100;100;0'),(268,1,2,0,0,1,10,0,1,'2010-11-03 14:21:50',3335,'2010-11-03 14:22:00',20646,11,'','/usr/lib/nagios/plugins/check_ping -H \'127.0.0.1\' -w 5000,100% -c 5000,100% -p 1',30,0,0.01275,0.003,0,'PING OK - Packet loss = 0%, RTA = 0.03 ms','rta=0.030000ms;5000.000000;5000.000000;0.000000 pl=0%;100;100;0'),(270,1,1,0,0,1,10,0,1,'2010-11-03 14:24:30',215213,'2010-11-03 14:24:40',231874,11,'','/usr/lib/nagios/plugins/check_ping -H \'192.168.153.2\' -w 5000,100% -c 5000,100% -p 1',30,0,0.01395,0.214,0,'PING OK - Packet loss = 0%, RTA = 0.38 ms','rta=0.384000ms;5000.000000;5000.000000;0.000000 pl=0%;100;100;0'),(272,1,2,0,0,1,10,0,1,'2010-11-03 14:27:00',163799,'2010-11-03 14:27:10',180819,11,'','/usr/lib/nagios/plugins/check_ping -H \'127.0.0.1\' -w 5000,100% -c 5000,100% -p 1',30,0,0.01414,0.163,0,'PING OK - Packet loss = 0%, RTA = 0.04 ms','rta=0.036000ms;5000.000000;5000.000000;0.000000 pl=0%;100;100;0'),(274,1,1,0,0,1,10,0,1,'2010-11-03 14:29:40',135801,'2010-11-03 14:29:50',152492,11,'','/usr/lib/nagios/plugins/check_ping -H \'192.168.153.2\' -w 5000,100% -c 5000,100% -p 1',30,0,0.01358,0.135,0,'PING OK - Packet loss = 0%, RTA = 0.54 ms','rta=0.538000ms;5000.000000;5000.000000;0.000000 pl=0%;100;100;0'),(276,1,2,0,0,1,10,0,1,'2010-11-03 14:32:10',84358,'2010-11-03 14:32:20',102775,11,'','/usr/lib/nagios/plugins/check_ping -H \'127.0.0.1\' -w 5000,100% -c 5000,100% -p 1',30,0,0.0149,0.084,0,'PING OK - Packet loss = 0%, RTA = 0.04 ms','rta=0.035000ms;5000.000000;5000.000000;0.000000 pl=0%;100;100;0'),(278,1,1,0,0,1,10,0,1,'2010-11-03 14:34:50',73578,'2010-11-03 14:35:00',89910,11,'','/usr/lib/nagios/plugins/check_ping -H \'192.168.153.2\' -w 5000,100% -c 5000,100% -p 1',30,0,0.01392,0.073,0,'PING OK - Packet loss = 0%, RTA = 0.45 ms','rta=0.450000ms;5000.000000;5000.000000;0.000000 pl=0%;100;100;0'),(280,1,2,0,0,1,10,0,1,'2010-11-03 14:37:20',26856,'2010-11-03 14:37:30',47826,11,'','/usr/lib/nagios/plugins/check_ping -H \'127.0.0.1\' -w 5000,100% -c 5000,100% -p 1',30,0,0.01329,0.026,0,'PING OK - Packet loss = 0%, RTA = 0.03 ms','rta=0.028000ms;5000.000000;5000.000000;0.000000 pl=0%;100;100;0'),(282,1,1,0,0,1,10,0,1,'2010-11-03 14:40:00',250085,'2010-11-03 14:40:10',22501,11,'','/usr/lib/nagios/plugins/check_ping -H \'192.168.153.2\' -w 5000,100% -c 5000,100% -p 1',30,0,0.01527,0.249,0,'PING OK - Packet loss = 0%, RTA = 0.41 ms','rta=0.409000ms;5000.000000;5000.000000;0.000000 pl=0%;100;100;0'),(284,1,2,0,0,1,10,0,1,'2010-11-03 14:42:30',199136,'2010-11-03 14:42:40',221184,11,'','/usr/lib/nagios/plugins/check_ping -H \'127.0.0.1\' -w 5000,100% -c 5000,100% -p 1',30,0,0.0142,0.199,0,'PING OK - Packet loss = 0%, RTA = 0.03 ms','rta=0.033000ms;5000.000000;5000.000000;0.000000 pl=0%;100;100;0'),(286,1,1,0,0,1,10,0,1,'2010-11-03 14:45:10',177747,'2010-11-03 14:45:20',196163,11,'','/usr/lib/nagios/plugins/check_ping -H \'192.168.153.2\' -w 5000,100% -c 5000,100% -p 1',30,0,0.01684,0.177,0,'PING OK - Packet loss = 0%, RTA = 0.36 ms','rta=0.359000ms;5000.000000;5000.000000;0.000000 pl=0%;100;100;0'),(288,1,2,0,0,1,10,0,1,'2010-11-03 14:47:40',139986,'2010-11-03 14:47:50',157668,11,'','/usr/lib/nagios/plugins/check_ping -H \'127.0.0.1\' -w 5000,100% -c 5000,100% -p 1',30,0,0.01678,0.139,0,'PING OK - Packet loss = 0%, RTA = 0.03 ms','rta=0.029000ms;5000.000000;5000.000000;0.000000 pl=0%;100;100;0'),(290,1,1,0,0,1,10,0,1,'2010-11-03 14:50:20',101536,'2010-11-03 14:50:30',122908,11,'','/usr/lib/nagios/plugins/check_ping -H \'192.168.153.2\' -w 5000,100% -c 5000,100% -p 1',30,0,0.02263,0.101,0,'PING OK - Packet loss = 0%, RTA = 2.66 ms','rta=2.660000ms;5000.000000;5000.000000;0.000000 pl=0%;100;100;0');
/*!40000 ALTER TABLE `nagios_hostchecks` ENABLE KEYS */;
UNLOCK TABLES;

--
-- Table structure for table `nagios_hostdependencies`
--

DROP TABLE IF EXISTS `nagios_hostdependencies`;
/*!40101 SET @saved_cs_client     = @@character_set_client */;
/*!40101 SET character_set_client = utf8 */;
CREATE TABLE `nagios_hostdependencies` (
  `hostdependency_id` int(11) NOT NULL AUTO_INCREMENT,
  `instance_id` smallint(6) NOT NULL DEFAULT '0',
  `config_type` smallint(6) NOT NULL DEFAULT '0',
  `host_object_id` int(11) NOT NULL DEFAULT '0',
  `dependent_host_object_id` int(11) NOT NULL DEFAULT '0',
  `dependency_type` smallint(6) NOT NULL DEFAULT '0',
  `inherits_parent` smallint(6) NOT NULL DEFAULT '0',
  `timeperiod_object_id` int(11) NOT NULL DEFAULT '0',
  `fail_on_up` smallint(6) NOT NULL DEFAULT '0',
  `fail_on_down` smallint(6) NOT NULL DEFAULT '0',
  `fail_on_unreachable` smallint(6) NOT NULL DEFAULT '0',
  PRIMARY KEY (`hostdependency_id`),
  UNIQUE KEY `instance_id` (`instance_id`,`config_type`,`host_object_id`,`dependent_host_object_id`,`dependency_type`,`inherits_parent`,`fail_on_up`,`fail_on_down`,`fail_on_unreachable`)
) ENGINE=InnoDB DEFAULT CHARSET=latin1 COMMENT='Host dependency definitions';
/*!40101 SET character_set_client = @saved_cs_client */;

--
-- Dumping data for table `nagios_hostdependencies`
--

LOCK TABLES `nagios_hostdependencies` WRITE;
/*!40000 ALTER TABLE `nagios_hostdependencies` DISABLE KEYS */;
/*!40000 ALTER TABLE `nagios_hostdependencies` ENABLE KEYS */;
UNLOCK TABLES;

--
-- Table structure for table `nagios_hostescalation_contactgroups`
--

DROP TABLE IF EXISTS `nagios_hostescalation_contactgroups`;
/*!40101 SET @saved_cs_client     = @@character_set_client */;
/*!40101 SET character_set_client = utf8 */;
CREATE TABLE `nagios_hostescalation_contactgroups` (
  `hostescalation_contactgroup_id` int(11) NOT NULL AUTO_INCREMENT,
  `instance_id` smallint(6) NOT NULL DEFAULT '0',
  `hostescalation_id` int(11) NOT NULL DEFAULT '0',
  `contactgroup_object_id` int(11) NOT NULL DEFAULT '0',
  PRIMARY KEY (`hostescalation_contactgroup_id`),
  UNIQUE KEY `instance_id` (`hostescalation_id`,`contactgroup_object_id`)
) ENGINE=InnoDB DEFAULT CHARSET=latin1 COMMENT='Host escalation contact groups';
/*!40101 SET character_set_client = @saved_cs_client */;

--
-- Dumping data for table `nagios_hostescalation_contactgroups`
--

LOCK TABLES `nagios_hostescalation_contactgroups` WRITE;
/*!40000 ALTER TABLE `nagios_hostescalation_contactgroups` DISABLE KEYS */;
/*!40000 ALTER TABLE `nagios_hostescalation_contactgroups` ENABLE KEYS */;
UNLOCK TABLES;

--
-- Table structure for table `nagios_hostescalation_contacts`
--

DROP TABLE IF EXISTS `nagios_hostescalation_contacts`;
/*!40101 SET @saved_cs_client     = @@character_set_client */;
/*!40101 SET character_set_client = utf8 */;
CREATE TABLE `nagios_hostescalation_contacts` (
  `hostescalation_contact_id` int(11) NOT NULL AUTO_INCREMENT,
  `instance_id` smallint(6) NOT NULL DEFAULT '0',
  `hostescalation_id` int(11) NOT NULL DEFAULT '0',
  `contact_object_id` int(11) NOT NULL DEFAULT '0',
  PRIMARY KEY (`hostescalation_contact_id`),
  UNIQUE KEY `instance_id` (`instance_id`,`hostescalation_id`,`contact_object_id`)
) ENGINE=InnoDB DEFAULT CHARSET=latin1;
/*!40101 SET character_set_client = @saved_cs_client */;

--
-- Dumping data for table `nagios_hostescalation_contacts`
--

LOCK TABLES `nagios_hostescalation_contacts` WRITE;
/*!40000 ALTER TABLE `nagios_hostescalation_contacts` DISABLE KEYS */;
/*!40000 ALTER TABLE `nagios_hostescalation_contacts` ENABLE KEYS */;
UNLOCK TABLES;

--
-- Table structure for table `nagios_hostescalations`
--

DROP TABLE IF EXISTS `nagios_hostescalations`;
/*!40101 SET @saved_cs_client     = @@character_set_client */;
/*!40101 SET character_set_client = utf8 */;
CREATE TABLE `nagios_hostescalations` (
  `hostescalation_id` int(11) NOT NULL AUTO_INCREMENT,
  `instance_id` smallint(6) NOT NULL DEFAULT '0',
  `config_type` smallint(6) NOT NULL DEFAULT '0',
  `host_object_id` int(11) NOT NULL DEFAULT '0',
  `timeperiod_object_id` int(11) NOT NULL DEFAULT '0',
  `first_notification` smallint(6) NOT NULL DEFAULT '0',
  `last_notification` smallint(6) NOT NULL DEFAULT '0',
  `notification_interval` double NOT NULL DEFAULT '0',
  `escalate_on_recovery` smallint(6) NOT NULL DEFAULT '0',
  `escalate_on_down` smallint(6) NOT NULL DEFAULT '0',
  `escalate_on_unreachable` smallint(6) NOT NULL DEFAULT '0',
  PRIMARY KEY (`hostescalation_id`),
  UNIQUE KEY `instance_id` (`instance_id`,`config_type`,`host_object_id`,`timeperiod_object_id`,`first_notification`,`last_notification`)
) ENGINE=InnoDB DEFAULT CHARSET=latin1 COMMENT='Host escalation definitions';
/*!40101 SET character_set_client = @saved_cs_client */;

--
-- Dumping data for table `nagios_hostescalations`
--

LOCK TABLES `nagios_hostescalations` WRITE;
/*!40000 ALTER TABLE `nagios_hostescalations` DISABLE KEYS */;
/*!40000 ALTER TABLE `nagios_hostescalations` ENABLE KEYS */;
UNLOCK TABLES;

--
-- Table structure for table `nagios_hostgroup_members`
--

DROP TABLE IF EXISTS `nagios_hostgroup_members`;
/*!40101 SET @saved_cs_client     = @@character_set_client */;
/*!40101 SET character_set_client = utf8 */;
CREATE TABLE `nagios_hostgroup_members` (
  `hostgroup_member_id` int(11) NOT NULL AUTO_INCREMENT,
  `instance_id` smallint(6) NOT NULL DEFAULT '0',
  `hostgroup_id` int(11) NOT NULL DEFAULT '0',
  `host_object_id` int(11) NOT NULL DEFAULT '0',
  PRIMARY KEY (`hostgroup_member_id`),
  UNIQUE KEY `instance_id` (`hostgroup_id`,`host_object_id`)
) ENGINE=InnoDB AUTO_INCREMENT=31 DEFAULT CHARSET=latin1 COMMENT='Hostgroup members';
/*!40101 SET character_set_client = @saved_cs_client */;

--
-- Dumping data for table `nagios_hostgroup_members`
--

LOCK TABLES `nagios_hostgroup_members` WRITE;
/*!40000 ALTER TABLE `nagios_hostgroup_members` DISABLE KEYS */;
INSERT INTO `nagios_hostgroup_members` VALUES (25,1,21,1),(26,1,21,2),(27,1,22,2),(28,1,23,2),(29,1,24,1),(30,1,25,2);
/*!40000 ALTER TABLE `nagios_hostgroup_members` ENABLE KEYS */;
UNLOCK TABLES;

--
-- Table structure for table `nagios_hostgroups`
--

DROP TABLE IF EXISTS `nagios_hostgroups`;
/*!40101 SET @saved_cs_client     = @@character_set_client */;
/*!40101 SET character_set_client = utf8 */;
CREATE TABLE `nagios_hostgroups` (
  `hostgroup_id` int(11) NOT NULL AUTO_INCREMENT,
  `instance_id` smallint(6) NOT NULL DEFAULT '0',
  `config_type` smallint(6) NOT NULL DEFAULT '0',
  `hostgroup_object_id` int(11) NOT NULL DEFAULT '0',
  `alias` varchar(255) NOT NULL DEFAULT '',
  PRIMARY KEY (`hostgroup_id`),
  UNIQUE KEY `instance_id` (`instance_id`,`hostgroup_object_id`)
) ENGINE=InnoDB AUTO_INCREMENT=26 DEFAULT CHARSET=latin1 COMMENT='Hostgroup definitions';
/*!40101 SET character_set_client = @saved_cs_client */;

--
-- Dumping data for table `nagios_hostgroups`
--

LOCK TABLES `nagios_hostgroups` WRITE;
/*!40000 ALTER TABLE `nagios_hostgroups` DISABLE KEYS */;
INSERT INTO `nagios_hostgroups` VALUES (21,1,1,174,'All Servers'),(22,1,1,175,'Debian GNU/Linux Servers'),(23,1,1,176,'HTTP servers'),(24,1,1,177,'Pingable servers'),(25,1,1,178,'SSH servers');
/*!40000 ALTER TABLE `nagios_hostgroups` ENABLE KEYS */;
UNLOCK TABLES;

--
-- Table structure for table `nagios_hosts`
--

DROP TABLE IF EXISTS `nagios_hosts`;
/*!40101 SET @saved_cs_client     = @@character_set_client */;
/*!40101 SET character_set_client = utf8 */;
CREATE TABLE `nagios_hosts` (
  `host_id` int(11) NOT NULL AUTO_INCREMENT,
  `instance_id` smallint(6) NOT NULL DEFAULT '0',
  `config_type` smallint(6) NOT NULL DEFAULT '0',
  `host_object_id` int(11) NOT NULL DEFAULT '0',
  `alias` varchar(64) NOT NULL DEFAULT '',
  `display_name` varchar(64) NOT NULL DEFAULT '',
  `address` varchar(128) NOT NULL DEFAULT '',
  `check_command_object_id` int(11) NOT NULL DEFAULT '0',
  `check_command_args` varchar(255) NOT NULL DEFAULT '',
  `eventhandler_command_object_id` int(11) NOT NULL DEFAULT '0',
  `eventhandler_command_args` varchar(255) NOT NULL DEFAULT '',
  `notification_timeperiod_object_id` int(11) NOT NULL DEFAULT '0',
  `check_timeperiod_object_id` int(11) NOT NULL DEFAULT '0',
  `failure_prediction_options` varchar(64) NOT NULL DEFAULT '',
  `check_interval` double NOT NULL DEFAULT '0',
  `retry_interval` double NOT NULL DEFAULT '0',
  `max_check_attempts` smallint(6) NOT NULL DEFAULT '0',
  `first_notification_delay` double NOT NULL DEFAULT '0',
  `notification_interval` double NOT NULL DEFAULT '0',
  `notify_on_down` smallint(6) NOT NULL DEFAULT '0',
  `notify_on_unreachable` smallint(6) NOT NULL DEFAULT '0',
  `notify_on_recovery` smallint(6) NOT NULL DEFAULT '0',
  `notify_on_flapping` smallint(6) NOT NULL DEFAULT '0',
  `notify_on_downtime` smallint(6) NOT NULL DEFAULT '0',
  `stalk_on_up` smallint(6) NOT NULL DEFAULT '0',
  `stalk_on_down` smallint(6) NOT NULL DEFAULT '0',
  `stalk_on_unreachable` smallint(6) NOT NULL DEFAULT '0',
  `flap_detection_enabled` smallint(6) NOT NULL DEFAULT '0',
  `flap_detection_on_up` smallint(6) NOT NULL DEFAULT '0',
  `flap_detection_on_down` smallint(6) NOT NULL DEFAULT '0',
  `flap_detection_on_unreachable` smallint(6) NOT NULL DEFAULT '0',
  `low_flap_threshold` double NOT NULL DEFAULT '0',
  `high_flap_threshold` double NOT NULL DEFAULT '0',
  `process_performance_data` smallint(6) NOT NULL DEFAULT '0',
  `freshness_checks_enabled` smallint(6) NOT NULL DEFAULT '0',
  `freshness_threshold` smallint(6) NOT NULL DEFAULT '0',
  `passive_checks_enabled` smallint(6) NOT NULL DEFAULT '0',
  `event_handler_enabled` smallint(6) NOT NULL DEFAULT '0',
  `active_checks_enabled` smallint(6) NOT NULL DEFAULT '0',
  `retain_status_information` smallint(6) NOT NULL DEFAULT '0',
  `retain_nonstatus_information` smallint(6) NOT NULL DEFAULT '0',
  `notifications_enabled` smallint(6) NOT NULL DEFAULT '0',
  `obsess_over_host` smallint(6) NOT NULL DEFAULT '0',
  `failure_prediction_enabled` smallint(6) NOT NULL DEFAULT '0',
  `notes` varchar(255) NOT NULL DEFAULT '',
  `notes_url` varchar(255) NOT NULL DEFAULT '',
  `action_url` varchar(255) NOT NULL DEFAULT '',
  `icon_image` varchar(255) NOT NULL DEFAULT '',
  `icon_image_alt` varchar(255) NOT NULL DEFAULT '',
  `vrml_image` varchar(255) NOT NULL DEFAULT '',
  `statusmap_image` varchar(255) NOT NULL DEFAULT '',
  `have_2d_coords` smallint(6) NOT NULL DEFAULT '0',
  `x_2d` smallint(6) NOT NULL DEFAULT '0',
  `y_2d` smallint(6) NOT NULL DEFAULT '0',
  `have_3d_coords` smallint(6) NOT NULL DEFAULT '0',
  `x_3d` double NOT NULL DEFAULT '0',
  `y_3d` double NOT NULL DEFAULT '0',
  `z_3d` double NOT NULL DEFAULT '0',
  PRIMARY KEY (`host_id`),
  UNIQUE KEY `instance_id` (`instance_id`,`config_type`,`host_object_id`)
) ENGINE=InnoDB AUTO_INCREMENT=11 DEFAULT CHARSET=latin1 COMMENT='Host definitions';
/*!40101 SET character_set_client = @saved_cs_client */;

--
-- Dumping data for table `nagios_hosts`
--

LOCK TABLES `nagios_hosts` WRITE;
/*!40000 ALTER TABLE `nagios_hosts` DISABLE KEYS */;
INSERT INTO `nagios_hosts` VALUES (9,1,1,1,'Default Gateway','gateway','192.168.153.2',11,'',0,'',4,0,'',5,1,10,0,0,1,1,1,0,0,0,0,0,1,1,1,1,0,0,1,0,0,1,1,1,1,1,1,1,1,'','','','','','','',0,-1,0,0,0,0,0),(10,1,1,2,'localhost','localhost','127.0.0.1',11,'',0,'',4,0,'Debian GNU/Linux servers',5,1,10,0,0,1,1,1,0,0,0,0,0,1,1,1,1,0,0,1,0,0,1,1,1,1,1,1,1,1,'Debian GNU/Linux servers','','','base/debian.png','Debian GNU/Linux','debian.png','base/debian.gd2',0,-1,0,0,0,0,0);
/*!40000 ALTER TABLE `nagios_hosts` ENABLE KEYS */;
UNLOCK TABLES;

--
-- Table structure for table `nagios_hoststatus`
--

DROP TABLE IF EXISTS `nagios_hoststatus`;
/*!40101 SET @saved_cs_client     = @@character_set_client */;
/*!40101 SET character_set_client = utf8 */;
CREATE TABLE `nagios_hoststatus` (
  `hoststatus_id` int(11) NOT NULL AUTO_INCREMENT,
  `instance_id` smallint(6) NOT NULL DEFAULT '0',
  `host_object_id` int(11) NOT NULL DEFAULT '0',
  `status_update_time` datetime NOT NULL DEFAULT '0000-00-00 00:00:00',
  `output` varchar(255) NOT NULL DEFAULT '',
  `perfdata` varchar(255) NOT NULL DEFAULT '',
  `current_state` smallint(6) NOT NULL DEFAULT '0',
  `has_been_checked` smallint(6) NOT NULL DEFAULT '0',
  `should_be_scheduled` smallint(6) NOT NULL DEFAULT '0',
  `current_check_attempt` smallint(6) NOT NULL DEFAULT '0',
  `max_check_attempts` smallint(6) NOT NULL DEFAULT '0',
  `last_check` datetime NOT NULL DEFAULT '0000-00-00 00:00:00',
  `next_check` datetime NOT NULL DEFAULT '0000-00-00 00:00:00',
  `check_type` smallint(6) NOT NULL DEFAULT '0',
  `last_state_change` datetime NOT NULL DEFAULT '0000-00-00 00:00:00',
  `last_hard_state_change` datetime NOT NULL DEFAULT '0000-00-00 00:00:00',
  `last_hard_state` smallint(6) NOT NULL DEFAULT '0',
  `last_time_up` datetime NOT NULL DEFAULT '0000-00-00 00:00:00',
  `last_time_down` datetime NOT NULL DEFAULT '0000-00-00 00:00:00',
  `last_time_unreachable` datetime NOT NULL DEFAULT '0000-00-00 00:00:00',
  `state_type` smallint(6) NOT NULL DEFAULT '0',
  `last_notification` datetime NOT NULL DEFAULT '0000-00-00 00:00:00',
  `next_notification` datetime NOT NULL DEFAULT '0000-00-00 00:00:00',
  `no_more_notifications` smallint(6) NOT NULL DEFAULT '0',
  `notifications_enabled` smallint(6) NOT NULL DEFAULT '0',
  `problem_has_been_acknowledged` smallint(6) NOT NULL DEFAULT '0',
  `acknowledgement_type` smallint(6) NOT NULL DEFAULT '0',
  `current_notification_number` smallint(6) NOT NULL DEFAULT '0',
  `passive_checks_enabled` smallint(6) NOT NULL DEFAULT '0',
  `active_checks_enabled` smallint(6) NOT NULL DEFAULT '0',
  `event_handler_enabled` smallint(6) NOT NULL DEFAULT '0',
  `flap_detection_enabled` smallint(6) NOT NULL DEFAULT '0',
  `is_flapping` smallint(6) NOT NULL DEFAULT '0',
  `percent_state_change` double NOT NULL DEFAULT '0',
  `latency` double NOT NULL DEFAULT '0',
  `execution_time` double NOT NULL DEFAULT '0',
  `scheduled_downtime_depth` smallint(6) NOT NULL DEFAULT '0',
  `failure_prediction_enabled` smallint(6) NOT NULL DEFAULT '0',
  `process_performance_data` smallint(6) NOT NULL DEFAULT '0',
  `obsess_over_host` smallint(6) NOT NULL DEFAULT '0',
  `modified_host_attributes` int(11) NOT NULL DEFAULT '0',
  `event_handler` varchar(255) NOT NULL DEFAULT '',
  `check_command` varchar(255) NOT NULL DEFAULT '',
  `normal_check_interval` double NOT NULL DEFAULT '0',
  `retry_check_interval` double NOT NULL DEFAULT '0',
  `check_timeperiod_object_id` int(11) NOT NULL DEFAULT '0',
  PRIMARY KEY (`hoststatus_id`),
  UNIQUE KEY `object_id` (`host_object_id`)
) ENGINE=InnoDB AUTO_INCREMENT=175 DEFAULT CHARSET=latin1 COMMENT='Current host status information';
/*!40101 SET character_set_client = @saved_cs_client */;

--
-- Dumping data for table `nagios_hoststatus`
--

LOCK TABLES `nagios_hoststatus` WRITE;
/*!40000 ALTER TABLE `nagios_hoststatus` DISABLE KEYS */;
INSERT INTO `nagios_hoststatus` VALUES (59,1,1,'2010-11-03 14:50:30','PING OK - Packet loss = 0%, RTA = 2.66 ms','rta=2.660000ms;5000.000000;5000.000000;0.000000 pl=0%;100;100;0',0,1,1,1,10,'2010-11-03 14:50:20','2010-11-03 14:55:30',0,'2010-11-03 09:32:22','2010-10-29 12:34:37',0,'2010-11-03 14:50:30','2010-11-03 09:31:12','1969-12-31 21:00:00',1,'1969-12-31 21:00:00','1969-12-31 21:00:00',0,1,0,0,0,1,1,1,1,0,0,0.101,0.02263,0,1,1,1,0,'','check-host-alive',5,0,0),(60,1,2,'2010-11-03 14:47:50','PING OK - Packet loss = 0%, RTA = 0.03 ms','rta=0.029000ms;5000.000000;5000.000000;0.000000 pl=0%;100;100;0',0,1,1,1,10,'2010-11-03 14:47:40','2010-11-03 14:52:50',0,'2010-10-29 12:35:20','2010-10-29 12:35:20',0,'2010-11-03 14:47:50','1969-12-31 21:00:00','1969-12-31 21:00:00',1,'1969-12-31 21:00:00','1969-12-31 21:00:00',0,1,0,0,0,1,1,1,1,0,0,0.139,0.01678,0,1,1,1,0,'','check-host-alive',5,0,0);
/*!40000 ALTER TABLE `nagios_hoststatus` ENABLE KEYS */;
UNLOCK TABLES;

--
-- Table structure for table `nagios_instances`
--

DROP TABLE IF EXISTS `nagios_instances`;
/*!40101 SET @saved_cs_client     = @@character_set_client */;
/*!40101 SET character_set_client = utf8 */;
CREATE TABLE `nagios_instances` (
  `instance_id` smallint(6) NOT NULL AUTO_INCREMENT,
  `instance_name` varchar(64) NOT NULL DEFAULT '',
  `instance_description` varchar(128) NOT NULL DEFAULT '',
  PRIMARY KEY (`instance_id`)
) ENGINE=InnoDB AUTO_INCREMENT=2 DEFAULT CHARSET=latin1 COMMENT='Location names of various Nagios installations';
/*!40101 SET character_set_client = @saved_cs_client */;

--
-- Dumping data for table `nagios_instances`
--

LOCK TABLES `nagios_instances` WRITE;
/*!40000 ALTER TABLE `nagios_instances` DISABLE KEYS */;
INSERT INTO `nagios_instances` VALUES (1,'default','');
/*!40000 ALTER TABLE `nagios_instances` ENABLE KEYS */;
UNLOCK TABLES;

--
-- Table structure for table `nagios_logentries`
--

DROP TABLE IF EXISTS `nagios_logentries`;
/*!40101 SET @saved_cs_client     = @@character_set_client */;
/*!40101 SET character_set_client = utf8 */;
CREATE TABLE `nagios_logentries` (
  `logentry_id` int(11) NOT NULL AUTO_INCREMENT,
  `instance_id` int(11) NOT NULL DEFAULT '0',
  `logentry_time` datetime NOT NULL DEFAULT '0000-00-00 00:00:00',
  `entry_time` datetime NOT NULL DEFAULT '0000-00-00 00:00:00',
  `entry_time_usec` int(11) NOT NULL DEFAULT '0',
  `logentry_type` int(11) NOT NULL DEFAULT '0',
  `logentry_data` varchar(255) NOT NULL DEFAULT '',
  `realtime_data` smallint(6) NOT NULL DEFAULT '0',
  `inferred_data_extracted` smallint(6) NOT NULL DEFAULT '0',
  PRIMARY KEY (`logentry_id`)
) ENGINE=InnoDB AUTO_INCREMENT=37 DEFAULT CHARSET=latin1 COMMENT='Historical record of log entries';
/*!40101 SET character_set_client = @saved_cs_client */;

--
-- Dumping data for table `nagios_logentries`
--

LOCK TABLES `nagios_logentries` WRITE;
/*!40000 ALTER TABLE `nagios_logentries` DISABLE KEYS */;
INSERT INTO `nagios_logentries` VALUES (1,1,'2010-10-29 12:40:55','2010-10-29 12:40:55',11700,262144,'Event broker module \'/usr/lib/ndoutils/ndomod-mysql-3x.o\' initialized successfully.',1,1),(2,1,'2010-10-29 12:40:55','2010-10-29 12:40:55',32875,64,'Finished daemonizing... (New PID=30555)',1,1),(3,1,'2010-10-29 12:41:11','2010-10-29 12:41:11',369537,262144,'ndomod: Successfully flushed 410 queued items to data sink.',1,1),(4,1,'2010-10-29 12:41:11','2010-10-29 12:41:11',194677,262144,'ndomod: Successfully connected to data sink.  410 queued items to flush.',1,1),(5,1,'2010-10-29 13:05:19','2010-10-29 13:05:19',352998,262144,'ndomod: Error writing to data sink!  Some output may get lost...',1,1),(6,1,'2010-10-29 13:05:35','2010-10-29 13:05:35',134963,262144,'ndomod: Successfully flushed 72 queued items to data sink.',1,1),(7,1,'2010-10-29 13:05:35','2010-10-29 13:05:35',134763,262144,'ndomod: Successfully reconnected to data sink!  0 items lost, 72 queued items to flush.',1,1),(8,1,'2010-10-29 13:15:33','2010-10-29 13:15:33',626650,262144,'Event broker module \'/usr/lib/ndoutils/ndomod-mysql-3x.o\' initialized successfully.',1,1),(9,1,'2010-10-29 13:15:33','2010-10-29 13:15:33',649594,64,'Finished daemonizing... (New PID=930)',1,1),(10,1,'2010-10-29 13:39:54','2010-10-29 13:39:54',913879,64,'Caught SIGTERM, shutting down...',1,1),(11,1,'2010-11-03 09:28:56','2010-11-03 09:28:56',969529,262144,'Event broker module \'/usr/lib/ndoutils/ndomod-mysql-3x.o\' initialized successfully.',1,1),(12,1,'2010-11-03 09:28:57','2010-11-03 09:28:57',2595,64,'Finished daemonizing... (New PID=1012)',1,1),(13,1,'2010-11-03 09:29:07','2010-11-03 09:29:07',40135,2048,'HOST ALERT: gateway;DOWN;SOFT;1;CRITICAL - Network Unreachable (192.168.153.2)',1,1),(14,1,'2010-11-03 09:31:02','2010-11-03 09:31:02',428268,262144,'Event broker module \'/usr/lib/ndoutils/ndomod-mysql-3x.o\' initialized successfully.',1,1),(15,1,'2010-11-03 09:31:02','2010-11-03 09:31:02',463670,64,'Finished daemonizing... (New PID=941)',1,1),(16,1,'2010-11-03 09:31:12','2010-11-03 09:31:12',234704,2048,'HOST ALERT: gateway;DOWN;SOFT;2;CRITICAL - Network Unreachable (192.168.153.2)',1,1),(17,1,'2010-11-03 09:32:22','2010-11-03 09:32:22',78194,1024,'HOST ALERT: gateway;UP;SOFT;3;PING OK - Packet loss = 0%, RTA = 0.22 ms',1,1),(18,1,'2010-11-03 10:31:02','2010-11-03 10:31:02',109632,64,'Auto-save of retention data completed successfully.',1,1),(19,1,'2010-11-03 10:37:10','2010-11-03 10:37:10',451705,262144,'Event broker module \'/usr/lib/ndoutils/ndomod-mysql-3x.o\' initialized successfully.',1,1),(20,1,'2010-11-03 10:37:10','2010-11-03 10:37:10',474477,64,'Finished daemonizing... (New PID=2864)',1,1),(21,1,'2010-11-03 10:37:26','2010-11-03 10:37:26',445687,262144,'ndomod: Successfully flushed 401 queued items to data sink.',1,1),(22,1,'2010-11-03 10:37:26','2010-11-03 10:37:26',62029,262144,'ndomod: Successfully connected to data sink.  401 queued items to flush.',1,1),(23,1,'2010-11-03 11:37:10','2010-11-03 11:37:10',221600,64,'Auto-save of retention data completed successfully.',1,1),(24,1,'2010-11-03 11:58:29','2010-11-03 11:58:29',566452,262144,'ndomod: Error writing to data sink!  Some output may get lost...',1,1),(25,1,'2010-11-03 11:58:45','2010-11-03 11:58:45',91468,262144,'ndomod: Successfully flushed 84 queued items to data sink.',1,1),(26,1,'2010-11-03 11:58:45','2010-11-03 11:58:45',91305,262144,'ndomod: Successfully reconnected to data sink!  0 items lost, 84 queued items to flush.',1,1),(27,1,'2010-11-03 12:20:50','2010-11-03 12:20:50',256445,262144,'ndomod: Error writing to data sink!  Some output may get lost...',1,1),(28,1,'2010-11-03 12:21:06','2010-11-03 12:21:06',20256,262144,'ndomod: Successfully flushed 73 queued items to data sink.',1,1),(29,1,'2010-11-03 12:21:06','2010-11-03 12:21:06',20065,262144,'ndomod: Successfully reconnected to data sink!  0 items lost, 73 queued items to flush.',1,1),(30,1,'2010-11-03 12:23:40','2010-11-03 12:23:40',244069,262144,'ndomod: Error writing to data sink!  Some output may get lost...',1,1),(31,1,'2010-11-03 12:23:56','2010-11-03 12:23:56',29246,262144,'ndomod: Successfully flushed 82 queued items to data sink.',1,1),(32,1,'2010-11-03 12:23:56','2010-11-03 12:23:56',29147,262144,'ndomod: Successfully reconnected to data sink!  0 items lost, 82 queued items to flush.',1,1),(33,1,'2010-11-03 12:37:10','2010-11-03 12:37:10',149831,64,'Auto-save of retention data completed successfully.',1,1),(34,1,'2010-11-03 13:37:10','2010-11-03 13:37:10',192043,64,'Auto-save of retention data completed successfully.',1,1),(35,1,'2010-11-03 14:37:10','2010-11-03 14:37:10',10386,64,'Auto-save of retention data completed successfully.',1,1),(36,1,'2010-11-03 14:51:21','2010-11-03 14:51:21',345656,64,'Caught SIGTERM, shutting down...',1,1);
/*!40000 ALTER TABLE `nagios_logentries` ENABLE KEYS */;
UNLOCK TABLES;

--
-- Table structure for table `nagios_notifications`
--

DROP TABLE IF EXISTS `nagios_notifications`;
/*!40101 SET @saved_cs_client     = @@character_set_client */;
/*!40101 SET character_set_client = utf8 */;
CREATE TABLE `nagios_notifications` (
  `notification_id` int(11) NOT NULL AUTO_INCREMENT,
  `instance_id` smallint(6) NOT NULL DEFAULT '0',
  `notification_type` smallint(6) NOT NULL DEFAULT '0',
  `notification_reason` smallint(6) NOT NULL DEFAULT '0',
  `object_id` int(11) NOT NULL DEFAULT '0',
  `start_time` datetime NOT NULL DEFAULT '0000-00-00 00:00:00',
  `start_time_usec` int(11) NOT NULL DEFAULT '0',
  `end_time` datetime NOT NULL DEFAULT '0000-00-00 00:00:00',
  `end_time_usec` int(11) NOT NULL DEFAULT '0',
  `state` smallint(6) NOT NULL DEFAULT '0',
  `output` varchar(255) NOT NULL DEFAULT '',
  `escalated` smallint(6) NOT NULL DEFAULT '0',
  `contacts_notified` smallint(6) NOT NULL DEFAULT '0',
  PRIMARY KEY (`notification_id`),
  UNIQUE KEY `instance_id` (`instance_id`,`object_id`,`start_time`,`start_time_usec`)
) ENGINE=InnoDB DEFAULT CHARSET=latin1 COMMENT='Historical record of host and service notifications';
/*!40101 SET character_set_client = @saved_cs_client */;

--
-- Dumping data for table `nagios_notifications`
--

LOCK TABLES `nagios_notifications` WRITE;
/*!40000 ALTER TABLE `nagios_notifications` DISABLE KEYS */;
/*!40000 ALTER TABLE `nagios_notifications` ENABLE KEYS */;
UNLOCK TABLES;

--
-- Table structure for table `nagios_objects`
--

DROP TABLE IF EXISTS `nagios_objects`;
/*!40101 SET @saved_cs_client     = @@character_set_client */;
/*!40101 SET character_set_client = utf8 */;
CREATE TABLE `nagios_objects` (
  `object_id` int(11) NOT NULL AUTO_INCREMENT,
  `instance_id` smallint(6) NOT NULL DEFAULT '0',
  `objecttype_id` smallint(6) NOT NULL DEFAULT '0',
  `name1` varchar(128) NOT NULL DEFAULT '',
  `name2` varchar(128) DEFAULT NULL,
  `is_active` smallint(6) NOT NULL DEFAULT '0',
  PRIMARY KEY (`object_id`),
  KEY `objecttype_id` (`objecttype_id`,`name1`,`name2`)
) ENGINE=InnoDB AUTO_INCREMENT=179 DEFAULT CHARSET=latin1 COMMENT='Current and historical objects of all kinds';
/*!40101 SET character_set_client = @saved_cs_client */;

--
-- Dumping data for table `nagios_objects`
--

LOCK TABLES `nagios_objects` WRITE;
/*!40000 ALTER TABLE `nagios_objects` DISABLE KEYS */;
INSERT INTO `nagios_objects` VALUES (1,1,1,'gateway',NULL,1),(2,1,1,'localhost',NULL,1),(3,1,2,'gateway','PING',1),(4,1,9,'24x7',NULL,1),(5,1,2,'localhost','Current Load',1),(6,1,2,'localhost','Current Users',1),(7,1,2,'localhost','Disk Space',1),(8,1,2,'localhost','HTTP',1),(9,1,2,'localhost','SSH',1),(10,1,2,'localhost','Total Processes',1),(11,1,12,'check-host-alive',NULL,1),(12,1,12,'check-host-alive_4',NULL,1),(13,1,12,'check-nfs',NULL,1),(14,1,12,'check-printer-alive',NULL,1),(15,1,12,'check-printer-alive_4',NULL,1),(16,1,12,'check-router-alive',NULL,1),(17,1,12,'check-router-alive_4',NULL,1),(18,1,12,'check-rpc',NULL,1),(19,1,12,'check-switch-alive',NULL,1),(20,1,12,'check-switch-alive_4',NULL,1),(21,1,12,'check_all_disks',NULL,1),(22,1,12,'check_apt',NULL,1),(23,1,12,'check_apt_distupgrade',NULL,1),(24,1,12,'check_breeze',NULL,1),(25,1,12,'check_compaq_thermalCondition',NULL,1),(26,1,12,'check_cups',NULL,1),(27,1,12,'check_cups_4',NULL,1),(28,1,12,'check_dhcp',NULL,1),(29,1,12,'check_dhcp_interface',NULL,1),(30,1,12,'check_dig',NULL,1),(31,1,12,'check_disk',NULL,1),(32,1,12,'check_disk_smb',NULL,1),(33,1,12,'check_disk_smb_host',NULL,1),(34,1,12,'check_disk_smb_host_user',NULL,1),(35,1,12,'check_disk_smb_user',NULL,1),(36,1,12,'check_disk_smb_workgroup',NULL,1),(37,1,12,'check_disk_smb_workgroup_host',NULL,1),(38,1,12,'check_disk_smb_workgroup_host_user',NULL,1),(39,1,12,'check_disk_smb_workgroup_user',NULL,1),(40,1,12,'check_dns',NULL,1),(41,1,12,'check_flexlm',NULL,1),(42,1,12,'check_ftp',NULL,1),(43,1,12,'check_ftp_4',NULL,1),(44,1,12,'check_hpjd',NULL,1),(45,1,12,'check_http',NULL,1),(46,1,12,'check_http2',NULL,1),(47,1,12,'check_http2_4',NULL,1),(48,1,12,'check_http_4',NULL,1),(49,1,12,'check_httpname',NULL,1),(50,1,12,'check_httpname_4',NULL,1),(51,1,12,'check_https',NULL,1),(52,1,12,'check_https_4',NULL,1),(53,1,12,'check_https_auth',NULL,1),(54,1,12,'check_https_auth_4',NULL,1),(55,1,12,'check_https_auth_hostname',NULL,1),(56,1,12,'check_https_auth_hostname_4',NULL,1),(57,1,12,'check_https_hostname',NULL,1),(58,1,12,'check_https_hostname_4',NULL,1),(59,1,12,'check_ifoperstatus_ifdescr',NULL,1),(60,1,12,'check_ifoperstatus_ifindex',NULL,1),(61,1,12,'check_ifstatus',NULL,1),(62,1,12,'check_ifstatus_exclude',NULL,1),(63,1,12,'check_imap',NULL,1),(64,1,12,'check_imap_4',NULL,1),(65,1,12,'check_ldap',NULL,1),(66,1,12,'check_ldap_4',NULL,1),(67,1,12,'check_ldaps',NULL,1),(68,1,12,'check_ldaps_4',NULL,1),(69,1,12,'check_load',NULL,1),(70,1,12,'check_mailq_exim',NULL,1),(71,1,12,'check_mailq_postfix',NULL,1),(72,1,12,'check_mailq_qmail',NULL,1),(73,1,12,'check_mailq_sendmail',NULL,1),(74,1,12,'check_mrtg',NULL,1),(75,1,12,'check_mysql',NULL,1),(76,1,12,'check_mysql_cmdlinecred',NULL,1),(77,1,12,'check_mysql_database',NULL,1),(78,1,12,'check_netapp_cpuload',NULL,1),(79,1,12,'check_netapp_numdisks',NULL,1),(80,1,12,'check_netapp_uptime',NULL,1),(81,1,12,'check_netware_15load',NULL,1),(82,1,12,'check_netware_1load',NULL,1),(83,1,12,'check_netware_5load',NULL,1),(84,1,12,'check_netware_abend',NULL,1),(85,1,12,'check_netware_logins',NULL,1),(86,1,12,'check_nntp',NULL,1),(87,1,12,'check_nntp_4',NULL,1),(88,1,12,'check_nrpe',NULL,1),(89,1,12,'check_nrpe_1arg',NULL,1),(90,1,12,'check_nscp',NULL,1),(91,1,12,'check_nt',NULL,1),(92,1,12,'check_ntp',NULL,1),(93,1,12,'check_ntp_ntpq',NULL,1),(94,1,12,'check_nwstat_conns',NULL,1),(95,1,12,'check_nwstat_csprocs',NULL,1),(96,1,12,'check_nwstat_dsdb',NULL,1),(97,1,12,'check_nwstat_ltch',NULL,1),(98,1,12,'check_nwstat_puprb',NULL,1),(99,1,12,'check_nwstat_vol_k',NULL,1),(100,1,12,'check_nwstat_vol_p',NULL,1),(101,1,12,'check_pgsql',NULL,1),(102,1,12,'check_pgsql_4',NULL,1),(103,1,12,'check_ping',NULL,1),(104,1,12,'check_ping_4',NULL,1),(105,1,12,'check_pop',NULL,1),(106,1,12,'check_pop_4',NULL,1),(107,1,12,'check_procs',NULL,1),(108,1,12,'check_procs_httpd',NULL,1),(109,1,12,'check_procs_zombie',NULL,1),(110,1,12,'check_radius',NULL,1),(111,1,12,'check_real',NULL,1),(112,1,12,'check_real_url',NULL,1),(113,1,12,'check_simap',NULL,1),(114,1,12,'check_simap_4',NULL,1),(115,1,12,'check_smtp',NULL,1),(116,1,12,'check_smtp_4',NULL,1),(117,1,12,'check_snmp_bgpstate',NULL,1),(118,1,12,'check_spop',NULL,1),(119,1,12,'check_spop_4',NULL,1),(120,1,12,'check_squid',NULL,1),(121,1,12,'check_squid_4',NULL,1),(122,1,12,'check_ssh',NULL,1),(123,1,12,'check_ssh_4',NULL,1),(124,1,12,'check_ssh_port',NULL,1),(125,1,12,'check_ssh_port_4',NULL,1),(126,1,12,'check_ssmtp',NULL,1),(127,1,12,'check_ssmtp_4',NULL,1),(128,1,12,'check_tcp',NULL,1),(129,1,12,'check_tcp_4',NULL,1),(130,1,12,'check_telnet',NULL,1),(131,1,12,'check_telnet_4',NULL,1),(132,1,12,'check_time',NULL,1),(133,1,12,'check_udp',NULL,1),(134,1,12,'check_udp_4',NULL,1),(135,1,12,'check_users',NULL,1),(136,1,12,'notify-host-by-email',NULL,1),(137,1,12,'notify-service-by-email',NULL,1),(138,1,12,'process-host-perfdata',NULL,1),(139,1,12,'process-service-perfdata',NULL,1),(140,1,12,'return-critical',NULL,1),(141,1,12,'return-numeric',NULL,1),(142,1,12,'return-ok',NULL,1),(143,1,12,'return-unknown',NULL,1),(144,1,12,'return-warning',NULL,1),(145,1,12,'snmp_cpustats',NULL,1),(146,1,12,'snmp_disk',NULL,1),(147,1,12,'snmp_disk2',NULL,1),(148,1,12,'snmp_load',NULL,1),(149,1,12,'snmp_mem',NULL,1),(150,1,12,'snmp_mem2',NULL,1),(151,1,12,'snmp_mem3',NULL,1),(152,1,12,'snmp_procname',NULL,1),(153,1,12,'snmp_procs',NULL,1),(154,1,12,'snmp_swap',NULL,1),(155,1,12,'snmp_swap2',NULL,1),(156,1,12,'snmp_swap3',NULL,1),(157,1,12,'snmp_tcpopen',NULL,1),(158,1,12,'snmp_tcpstats',NULL,1),(159,1,12,'snmp_users',NULL,1),(160,1,12,'ssh_disk',NULL,1),(161,1,12,'ssh_disk_4',NULL,1),(162,1,12,'traffic_average',NULL,1),(163,1,9,'never',NULL,1),(164,1,9,'nonworkhours',NULL,1),(165,1,9,'workhours',NULL,1),(166,1,10,'itv',NULL,1),(167,1,12,'1',NULL,0),(168,1,12,'2',NULL,0),(169,1,12,'3',NULL,0),(170,1,12,'4',NULL,0),(171,1,12,'5',NULL,0),(172,1,12,'6',NULL,0),(173,1,11,'admins',NULL,1),(174,1,3,'all',NULL,1),(175,1,3,'debian-servers',NULL,1),(176,1,3,'http-servers',NULL,1),(177,1,3,'ping-servers',NULL,1),(178,1,3,'ssh-servers',NULL,1);
/*!40000 ALTER TABLE `nagios_objects` ENABLE KEYS */;
UNLOCK TABLES;

--
-- Table structure for table `nagios_processevents`
--

DROP TABLE IF EXISTS `nagios_processevents`;
/*!40101 SET @saved_cs_client     = @@character_set_client */;
/*!40101 SET character_set_client = utf8 */;
CREATE TABLE `nagios_processevents` (
  `processevent_id` int(11) NOT NULL AUTO_INCREMENT,
  `instance_id` smallint(6) NOT NULL DEFAULT '0',
  `event_type` smallint(6) NOT NULL DEFAULT '0',
  `event_time` datetime NOT NULL DEFAULT '0000-00-00 00:00:00',
  `event_time_usec` int(11) NOT NULL DEFAULT '0',
  `process_id` int(11) NOT NULL DEFAULT '0',
  `program_name` varchar(16) NOT NULL DEFAULT '',
  `program_version` varchar(20) NOT NULL DEFAULT '',
  `program_date` varchar(10) NOT NULL DEFAULT '',
  PRIMARY KEY (`processevent_id`)
) ENGINE=InnoDB AUTO_INCREMENT=25 DEFAULT CHARSET=latin1 COMMENT='Historical Nagios process events';
/*!40101 SET character_set_client = @saved_cs_client */;

--
-- Dumping data for table `nagios_processevents`
--

LOCK TABLES `nagios_processevents` WRITE;
/*!40000 ALTER TABLE `nagios_processevents` DISABLE KEYS */;
INSERT INTO `nagios_processevents` VALUES (1,1,104,'2010-10-29 12:40:55',11719,30554,'Nagios','3.2.0','08-12-2009'),(2,1,100,'2010-10-29 12:40:55',25668,30554,'Nagios','3.2.0','08-12-2009'),(3,1,101,'2010-10-29 12:40:55',32380,30555,'Nagios','3.2.0','08-12-2009'),(4,1,105,'2010-10-29 12:40:55',425044,30555,'Nagios','3.2.0','08-12-2009'),(5,1,104,'2010-10-29 13:15:33',626672,927,'Nagios','3.2.0','08-12-2009'),(6,1,100,'2010-10-29 13:15:33',645566,927,'Nagios','3.2.0','08-12-2009'),(7,1,101,'2010-10-29 13:15:33',648407,930,'Nagios','3.2.0','08-12-2009'),(8,1,105,'2010-10-29 13:15:33',651268,930,'Nagios','3.2.0','08-12-2009'),(9,1,106,'2010-10-29 13:39:54',913891,930,'Nagios','3.2.0','08-12-2009'),(10,1,103,'2010-10-29 13:39:54',913900,930,'Nagios','3.2.0','08-12-2009'),(11,1,104,'2010-11-03 09:28:56',969529,1009,'Nagios','3.2.0','08-12-2009'),(12,1,100,'2010-11-03 09:28:56',999185,1009,'Nagios','3.2.0','08-12-2009'),(13,1,101,'2010-11-03 09:28:57',2360,1012,'Nagios','3.2.0','08-12-2009'),(14,1,105,'2010-11-03 09:28:57',11949,1012,'Nagios','3.2.0','08-12-2009'),(15,1,104,'2010-11-03 09:31:02',428289,938,'Nagios','3.2.0','08-12-2009'),(16,1,100,'2010-11-03 09:31:02',459567,938,'Nagios','3.2.0','08-12-2009'),(17,1,101,'2010-11-03 09:31:02',462435,941,'Nagios','3.2.0','08-12-2009'),(18,1,105,'2010-11-03 09:31:02',468914,941,'Nagios','3.2.0','08-12-2009'),(19,1,104,'2010-11-03 10:37:10',451723,2863,'Nagios','3.2.0','08-12-2009'),(20,1,100,'2010-11-03 10:37:10',465837,2863,'Nagios','3.2.0','08-12-2009'),(21,1,101,'2010-11-03 10:37:10',473968,2864,'Nagios','3.2.0','08-12-2009'),(22,1,105,'2010-11-03 10:37:11',788692,2864,'Nagios','3.2.0','08-12-2009'),(23,1,106,'2010-11-03 14:51:21',345669,2864,'Nagios','3.2.0','08-12-2009'),(24,1,103,'2010-11-03 14:51:21',345678,2864,'Nagios','3.2.0','08-12-2009');
/*!40000 ALTER TABLE `nagios_processevents` ENABLE KEYS */;
UNLOCK TABLES;

--
-- Table structure for table `nagios_programstatus`
--

DROP TABLE IF EXISTS `nagios_programstatus`;
/*!40101 SET @saved_cs_client     = @@character_set_client */;
/*!40101 SET character_set_client = utf8 */;
CREATE TABLE `nagios_programstatus` (
  `programstatus_id` int(11) NOT NULL AUTO_INCREMENT,
  `instance_id` smallint(6) NOT NULL DEFAULT '0',
  `status_update_time` datetime NOT NULL DEFAULT '0000-00-00 00:00:00',
  `program_start_time` datetime NOT NULL DEFAULT '0000-00-00 00:00:00',
  `program_end_time` datetime NOT NULL DEFAULT '0000-00-00 00:00:00',
  `is_currently_running` smallint(6) NOT NULL DEFAULT '0',
  `process_id` int(11) NOT NULL DEFAULT '0',
  `daemon_mode` smallint(6) NOT NULL DEFAULT '0',
  `last_command_check` datetime NOT NULL DEFAULT '0000-00-00 00:00:00',
  `last_log_rotation` datetime NOT NULL DEFAULT '0000-00-00 00:00:00',
  `notifications_enabled` smallint(6) NOT NULL DEFAULT '0',
  `active_service_checks_enabled` smallint(6) NOT NULL DEFAULT '0',
  `passive_service_checks_enabled` smallint(6) NOT NULL DEFAULT '0',
  `active_host_checks_enabled` smallint(6) NOT NULL DEFAULT '0',
  `passive_host_checks_enabled` smallint(6) NOT NULL DEFAULT '0',
  `event_handlers_enabled` smallint(6) NOT NULL DEFAULT '0',
  `flap_detection_enabled` smallint(6) NOT NULL DEFAULT '0',
  `failure_prediction_enabled` smallint(6) NOT NULL DEFAULT '0',
  `process_performance_data` smallint(6) NOT NULL DEFAULT '0',
  `obsess_over_hosts` smallint(6) NOT NULL DEFAULT '0',
  `obsess_over_services` smallint(6) NOT NULL DEFAULT '0',
  `modified_host_attributes` int(11) NOT NULL DEFAULT '0',
  `modified_service_attributes` int(11) NOT NULL DEFAULT '0',
  `global_host_event_handler` varchar(255) NOT NULL DEFAULT '',
  `global_service_event_handler` varchar(255) NOT NULL DEFAULT '',
  PRIMARY KEY (`programstatus_id`),
  UNIQUE KEY `instance_id` (`instance_id`)
) ENGINE=InnoDB AUTO_INCREMENT=2106 DEFAULT CHARSET=latin1 COMMENT='Current program status information';
/*!40101 SET character_set_client = @saved_cs_client */;

--
-- Dumping data for table `nagios_programstatus`
--

LOCK TABLES `nagios_programstatus` WRITE;
/*!40000 ALTER TABLE `nagios_programstatus` DISABLE KEYS */;
INSERT INTO `nagios_programstatus` VALUES (628,1,'2010-11-03 14:51:17','2010-11-03 10:37:10','2010-11-03 14:51:21',0,2864,1,'1969-12-31 21:00:00','1969-12-31 21:00:00',1,1,1,1,1,1,1,1,0,0,0,0,0,'','');
/*!40000 ALTER TABLE `nagios_programstatus` ENABLE KEYS */;
UNLOCK TABLES;

--
-- Table structure for table `nagios_runtimevariables`
--

DROP TABLE IF EXISTS `nagios_runtimevariables`;
/*!40101 SET @saved_cs_client     = @@character_set_client */;
/*!40101 SET character_set_client = utf8 */;
CREATE TABLE `nagios_runtimevariables` (
  `runtimevariable_id` int(11) NOT NULL AUTO_INCREMENT,
  `instance_id` smallint(6) NOT NULL DEFAULT '0',
  `varname` varchar(64) NOT NULL DEFAULT '',
  `varvalue` varchar(255) NOT NULL DEFAULT '',
  PRIMARY KEY (`runtimevariable_id`),
  UNIQUE KEY `instance_id` (`instance_id`,`varname`)
) ENGINE=InnoDB AUTO_INCREMENT=91 DEFAULT CHARSET=latin1 COMMENT='Runtime variables from the Nagios daemon';
/*!40101 SET character_set_client = @saved_cs_client */;

--
-- Dumping data for table `nagios_runtimevariables`
--

LOCK TABLES `nagios_runtimevariables` WRITE;
/*!40000 ALTER TABLE `nagios_runtimevariables` DISABLE KEYS */;
INSERT INTO `nagios_runtimevariables` VALUES (73,1,'config_file','/etc/nagios3/nagios.cfg'),(74,1,'total_services','7'),(75,1,'total_scheduled_services','7'),(76,1,'total_hosts','2'),(77,1,'total_scheduled_hosts','2'),(78,1,'average_services_per_host','3.500000'),(79,1,'average_scheduled_services_per_host','3.500000'),(80,1,'service_check_interval_total','2100'),(81,1,'host_check_interval_total','600'),(82,1,'average_service_check_interval','300.000000'),(83,1,'average_host_check_interval','300.000000'),(84,1,'average_service_inter_check_delay','42.857143'),(85,1,'average_host_inter_check_delay','150.000000'),(86,1,'service_inter_check_delay','42.857143'),(87,1,'host_inter_check_delay','150.000000'),(88,1,'service_interleave_factor','4'),(89,1,'max_service_check_spread','30'),(90,1,'max_host_check_spread','30');
/*!40000 ALTER TABLE `nagios_runtimevariables` ENABLE KEYS */;
UNLOCK TABLES;

--
-- Table structure for table `nagios_scheduleddowntime`
--

DROP TABLE IF EXISTS `nagios_scheduleddowntime`;
/*!40101 SET @saved_cs_client     = @@character_set_client */;
/*!40101 SET character_set_client = utf8 */;
CREATE TABLE `nagios_scheduleddowntime` (
  `scheduleddowntime_id` int(11) NOT NULL AUTO_INCREMENT,
  `instance_id` smallint(6) NOT NULL DEFAULT '0',
  `downtime_type` smallint(6) NOT NULL DEFAULT '0',
  `object_id` int(11) NOT NULL DEFAULT '0',
  `entry_time` datetime NOT NULL DEFAULT '0000-00-00 00:00:00',
  `author_name` varchar(64) NOT NULL DEFAULT '',
  `comment_data` varchar(255) NOT NULL DEFAULT '',
  `internal_downtime_id` int(11) NOT NULL DEFAULT '0',
  `triggered_by_id` int(11) NOT NULL DEFAULT '0',
  `is_fixed` smallint(6) NOT NULL DEFAULT '0',
  `duration` smallint(6) NOT NULL DEFAULT '0',
  `scheduled_start_time` datetime NOT NULL DEFAULT '0000-00-00 00:00:00',
  `scheduled_end_time` datetime NOT NULL DEFAULT '0000-00-00 00:00:00',
  `was_started` smallint(6) NOT NULL DEFAULT '0',
  `actual_start_time` datetime NOT NULL DEFAULT '0000-00-00 00:00:00',
  `actual_start_time_usec` int(11) NOT NULL DEFAULT '0',
  PRIMARY KEY (`scheduleddowntime_id`),
  UNIQUE KEY `instance_id` (`instance_id`,`object_id`,`entry_time`,`internal_downtime_id`)
) ENGINE=InnoDB DEFAULT CHARSET=latin1 COMMENT='Current scheduled host and service downtime';
/*!40101 SET character_set_client = @saved_cs_client */;

--
-- Dumping data for table `nagios_scheduleddowntime`
--

LOCK TABLES `nagios_scheduleddowntime` WRITE;
/*!40000 ALTER TABLE `nagios_scheduleddowntime` DISABLE KEYS */;
/*!40000 ALTER TABLE `nagios_scheduleddowntime` ENABLE KEYS */;
UNLOCK TABLES;

--
-- Table structure for table `nagios_service_contactgroups`
--

DROP TABLE IF EXISTS `nagios_service_contactgroups`;
/*!40101 SET @saved_cs_client     = @@character_set_client */;
/*!40101 SET character_set_client = utf8 */;
CREATE TABLE `nagios_service_contactgroups` (
  `service_contactgroup_id` int(11) NOT NULL AUTO_INCREMENT,
  `instance_id` smallint(6) NOT NULL DEFAULT '0',
  `service_id` int(11) NOT NULL DEFAULT '0',
  `contactgroup_object_id` int(11) NOT NULL DEFAULT '0',
  PRIMARY KEY (`service_contactgroup_id`),
  UNIQUE KEY `instance_id` (`service_id`,`contactgroup_object_id`)
) ENGINE=InnoDB AUTO_INCREMENT=36 DEFAULT CHARSET=latin1 COMMENT='Service contact groups';
/*!40101 SET character_set_client = @saved_cs_client */;

--
-- Dumping data for table `nagios_service_contactgroups`
--

LOCK TABLES `nagios_service_contactgroups` WRITE;
/*!40000 ALTER TABLE `nagios_service_contactgroups` DISABLE KEYS */;
INSERT INTO `nagios_service_contactgroups` VALUES (1,1,1,173),(2,1,2,173),(3,1,3,173),(4,1,4,173),(5,1,5,173),(6,1,6,173),(7,1,7,173),(8,1,8,173),(9,1,9,173),(10,1,10,173),(11,1,11,173),(12,1,12,173),(13,1,13,173),(14,1,14,173),(15,1,15,173),(16,1,16,173),(17,1,17,173),(18,1,18,173),(19,1,19,173),(20,1,20,173),(21,1,21,173),(22,1,22,173),(23,1,23,173),(24,1,24,173),(25,1,25,173),(26,1,26,173),(27,1,27,173),(28,1,28,173),(29,1,29,173),(30,1,30,173),(31,1,31,173),(32,1,32,173),(33,1,33,173),(34,1,34,173),(35,1,35,173);
/*!40000 ALTER TABLE `nagios_service_contactgroups` ENABLE KEYS */;
UNLOCK TABLES;

--
-- Table structure for table `nagios_service_contacts`
--

DROP TABLE IF EXISTS `nagios_service_contacts`;
/*!40101 SET @saved_cs_client     = @@character_set_client */;
/*!40101 SET character_set_client = utf8 */;
CREATE TABLE `nagios_service_contacts` (
  `service_contact_id` int(11) NOT NULL AUTO_INCREMENT,
  `instance_id` smallint(6) NOT NULL DEFAULT '0',
  `service_id` int(11) NOT NULL DEFAULT '0',
  `contact_object_id` int(11) NOT NULL DEFAULT '0',
  PRIMARY KEY (`service_contact_id`),
  UNIQUE KEY `instance_id` (`instance_id`,`service_id`,`contact_object_id`)
) ENGINE=InnoDB DEFAULT CHARSET=latin1;
/*!40101 SET character_set_client = @saved_cs_client */;

--
-- Dumping data for table `nagios_service_contacts`
--

LOCK TABLES `nagios_service_contacts` WRITE;
/*!40000 ALTER TABLE `nagios_service_contacts` DISABLE KEYS */;
/*!40000 ALTER TABLE `nagios_service_contacts` ENABLE KEYS */;
UNLOCK TABLES;

--
-- Table structure for table `nagios_servicechecks`
--

DROP TABLE IF EXISTS `nagios_servicechecks`;
/*!40101 SET @saved_cs_client     = @@character_set_client */;
/*!40101 SET character_set_client = utf8 */;
CREATE TABLE `nagios_servicechecks` (
  `servicecheck_id` int(11) NOT NULL AUTO_INCREMENT,
  `instance_id` smallint(6) NOT NULL DEFAULT '0',
  `service_object_id` int(11) NOT NULL DEFAULT '0',
  `check_type` smallint(6) NOT NULL DEFAULT '0',
  `current_check_attempt` smallint(6) NOT NULL DEFAULT '0',
  `max_check_attempts` smallint(6) NOT NULL DEFAULT '0',
  `state` smallint(6) NOT NULL DEFAULT '0',
  `state_type` smallint(6) NOT NULL DEFAULT '0',
  `start_time` datetime NOT NULL DEFAULT '0000-00-00 00:00:00',
  `start_time_usec` int(11) NOT NULL DEFAULT '0',
  `end_time` datetime NOT NULL DEFAULT '0000-00-00 00:00:00',
  `end_time_usec` int(11) NOT NULL DEFAULT '0',
  `command_object_id` int(11) NOT NULL DEFAULT '0',
  `command_args` varchar(255) NOT NULL DEFAULT '',
  `command_line` varchar(255) NOT NULL DEFAULT '',
  `timeout` smallint(6) NOT NULL DEFAULT '0',
  `early_timeout` smallint(6) NOT NULL DEFAULT '0',
  `execution_time` double NOT NULL DEFAULT '0',
  `latency` double NOT NULL DEFAULT '0',
  `return_code` smallint(6) NOT NULL DEFAULT '0',
  `output` varchar(255) NOT NULL DEFAULT '',
  `perfdata` varchar(255) NOT NULL DEFAULT '',
  PRIMARY KEY (`servicecheck_id`),
  UNIQUE KEY `instance_id` (`instance_id`,`service_object_id`,`start_time`,`start_time_usec`)
) ENGINE=InnoDB AUTO_INCREMENT=1052 DEFAULT CHARSET=latin1 COMMENT='Historical service checks';
/*!40101 SET character_set_client = @saved_cs_client */;

--
-- Dumping data for table `nagios_servicechecks`
--

LOCK TABLES `nagios_servicechecks` WRITE;
/*!40000 ALTER TABLE `nagios_servicechecks` DISABLE KEYS */;
INSERT INTO `nagios_servicechecks` VALUES (1,1,5,0,1,4,0,1,'2010-10-29 12:41:03',184145,'2010-10-29 12:41:03',192834,69,'5.0!4.0!3.0!10.0!6.0!4.0','/usr/lib/nagios/plugins/check_load --warning=\'5.0,4.0,3.0\' --critical=\'10.0,6.0,4.0\'',60,0,0.00869,0.184,0,'OK - load average: 0.00, 0.08, 0.08','load1=0.000;5.000;10.000;0; load5=0.080;4.000;6.000;0; load15=0.080;3.000;4.000;0;'),(3,1,9,0,1,4,0,1,'2010-10-29 12:41:46',161524,'2010-10-29 12:41:46',178622,122,'','/usr/lib/nagios/plugins/check_ssh \'127.0.0.1\'',60,0,0.0171,0.161,0,'SSH OK - OpenSSH_5.3p1 Debian-3ubuntu4 (protocol 2.0)',''),(5,1,8,0,1,4,0,1,'2010-10-29 12:42:20',212217,'2010-10-29 12:42:20',224276,45,'','/usr/lib/nagios/plugins/check_http -H \'127.0.0.1\' -I \'127.0.0.1\'',60,0,0.01206,0.212,0,'HTTP OK: HTTP/1.1 200 OK - 453 bytes in 0.001 second response time','time=0.001269s;;;0.000000 size=453B;;;0'),(7,1,6,0,1,4,0,1,'2010-10-29 12:42:29',226846,'2010-10-29 12:42:29',237844,135,'20!50','/usr/lib/nagios/plugins/check_users -w \'20\' -c \'50\'',60,0,0.011,0.226,0,'USERS OK - 3 users currently logged in','users=3;20;50;0'),(9,1,10,0,1,4,0,1,'2010-10-29 12:43:12',33365,'2010-10-29 12:43:12',50541,107,'250!400','/usr/lib/nagios/plugins/check_procs -w \'250\' -c \'400\'',60,0,0.01718,0.033,0,'PROCS OK: 103 processes',''),(11,1,7,0,1,4,0,1,'2010-10-29 12:43:54',92962,'2010-10-29 12:43:54',102257,21,'20%!10%','/usr/lib/nagios/plugins/check_disk -w \'20%\' -c \'10%\' -e',60,0,0.00929,0.092,0,'DISK OK','/=1268MB;5924;6664;0;7405 /dev=0MB;194;218;0;243 /dev/shm=0MB;198;223;0;248 /var/run=0MB;198;223;0;248 /var/lock=0MB;198;223;0;248 /lib/init/rw=0MB;198;223;0;248 /var/lib/ureadahead/debugfs=1268MB;5924;6664;0;7405 /boot=16MB;181;204;0;227'),(13,1,3,0,1,4,0,1,'2010-10-29 12:44:37',148198,'2010-10-29 12:44:41',159203,103,'100.0,20%!500.0,60%','/usr/lib/nagios/plugins/check_ping -H \'192.168.153.2\' -w \'100.0,20%\' -c \'500.0,60%\'',60,0,4.011,0.148,0,'PING OK - Packet loss = 0%, RTA = 0.22 ms','rta=0.216000ms;100.000000;500.000000;0.000000 pl=0%;20;60;0'),(15,1,5,0,1,4,0,1,'2010-10-29 12:46:03',27151,'2010-10-29 12:46:03',36930,69,'5.0!4.0!3.0!10.0!6.0!4.0','/usr/lib/nagios/plugins/check_load --warning=\'5.0,4.0,3.0\' --critical=\'10.0,6.0,4.0\'',60,0,0.00978,0.026,0,'OK - load average: 0.00, 0.02, 0.05','load1=0.000;5.000;10.000;0; load5=0.020;4.000;6.000;0; load15=0.050;3.000;4.000;0;'),(17,1,9,0,1,4,0,1,'2010-10-29 12:46:46',92350,'2010-10-29 12:46:46',109366,122,'','/usr/lib/nagios/plugins/check_ssh \'127.0.0.1\'',60,0,0.01702,0.092,0,'SSH OK - OpenSSH_5.3p1 Debian-3ubuntu4 (protocol 2.0)',''),(19,1,8,0,1,4,0,1,'2010-10-29 12:47:20',142095,'2010-10-29 12:47:20',154225,45,'','/usr/lib/nagios/plugins/check_http -H \'127.0.0.1\' -I \'127.0.0.1\'',60,0,0.01213,0.142,0,'HTTP OK: HTTP/1.1 200 OK - 453 bytes in 0.002 second response time','time=0.001688s;;;0.000000 size=453B;;;0'),(21,1,6,0,1,4,0,1,'2010-10-29 12:47:29',158696,'2010-10-29 12:47:29',169379,135,'20!50','/usr/lib/nagios/plugins/check_users -w \'20\' -c \'50\'',60,0,0.01068,0.158,0,'USERS OK - 3 users currently logged in','users=3;20;50;0'),(23,1,10,0,1,4,0,1,'2010-10-29 12:48:12',211527,'2010-10-29 12:48:12',228972,107,'250!400','/usr/lib/nagios/plugins/check_procs -w \'250\' -c \'400\'',60,0,0.01744,0.211,0,'PROCS OK: 103 processes',''),(25,1,7,0,1,4,0,1,'2010-10-29 12:48:54',27985,'2010-10-29 12:48:54',37381,21,'20%!10%','/usr/lib/nagios/plugins/check_disk -w \'20%\' -c \'10%\' -e',60,0,0.0094,0.027,0,'DISK OK','/=1268MB;5924;6664;0;7405 /dev=0MB;194;218;0;243 /dev/shm=0MB;198;223;0;248 /var/run=0MB;198;223;0;248 /var/lock=0MB;198;223;0;248 /lib/init/rw=0MB;198;223;0;248 /var/lib/ureadahead/debugfs=1268MB;5924;6664;0;7405 /boot=16MB;181;204;0;227'),(27,1,3,0,1,4,0,1,'2010-10-29 12:49:37',86657,'2010-10-29 12:49:41',99181,103,'100.0,20%!500.0,60%','/usr/lib/nagios/plugins/check_ping -H \'192.168.153.2\' -w \'100.0,20%\' -c \'500.0,60%\'',60,0,4.01252,0.086,0,'PING OK - Packet loss = 0%, RTA = 0.24 ms','rta=0.243000ms;100.000000;500.000000;0.000000 pl=0%;20;60;0'),(29,1,5,0,1,4,0,1,'2010-10-29 12:51:03',193581,'2010-10-29 12:51:03',203493,69,'5.0!4.0!3.0!10.0!6.0!4.0','/usr/lib/nagios/plugins/check_load --warning=\'5.0,4.0,3.0\' --critical=\'10.0,6.0,4.0\'',60,0,0.00991,0.193,0,'OK - load average: 0.00, 0.00, 0.02','load1=0.000;5.000;10.000;0; load5=0.000;4.000;6.000;0; load15=0.020;3.000;4.000;0;'),(31,1,9,0,1,4,0,1,'2010-10-29 12:51:46',3264,'2010-10-29 12:51:46',20664,122,'','/usr/lib/nagios/plugins/check_ssh \'127.0.0.1\'',60,0,0.0174,0.003,0,'SSH OK - OpenSSH_5.3p1 Debian-3ubuntu4 (protocol 2.0)',''),(33,1,8,0,1,4,0,1,'2010-10-29 12:52:20',46525,'2010-10-29 12:52:20',59064,45,'','/usr/lib/nagios/plugins/check_http -H \'127.0.0.1\' -I \'127.0.0.1\'',60,0,0.01254,0.046,0,'HTTP OK: HTTP/1.1 200 OK - 453 bytes in 0.002 second response time','time=0.001962s;;;0.000000 size=453B;;;0'),(35,1,6,0,1,4,0,1,'2010-10-29 12:52:29',62037,'2010-10-29 12:52:29',72871,135,'20!50','/usr/lib/nagios/plugins/check_users -w \'20\' -c \'50\'',60,0,0.01083,0.061,0,'USERS OK - 3 users currently logged in','users=3;20;50;0'),(37,1,10,0,1,4,0,1,'2010-10-29 12:53:12',123131,'2010-10-29 12:53:12',141117,107,'250!400','/usr/lib/nagios/plugins/check_procs -w \'250\' -c \'400\'',60,0,0.01799,0.122,0,'PROCS OK: 103 processes',''),(39,1,7,0,1,4,0,1,'2010-10-29 12:53:54',194207,'2010-10-29 12:53:54',203107,21,'20%!10%','/usr/lib/nagios/plugins/check_disk -w \'20%\' -c \'10%\' -e',60,0,0.0089,0.194,0,'DISK OK','/=1268MB;5924;6664;0;7405 /dev=0MB;194;218;0;243 /dev/shm=0MB;198;223;0;248 /var/run=0MB;198;223;0;248 /var/lock=0MB;198;223;0;248 /lib/init/rw=0MB;198;223;0;248 /var/lib/ureadahead/debugfs=1268MB;5924;6664;0;7405 /boot=16MB;181;204;0;227'),(41,1,3,0,1,4,0,1,'2010-10-29 12:54:37',245957,'2010-10-29 12:54:41',255268,103,'100.0,20%!500.0,60%','/usr/lib/nagios/plugins/check_ping -H \'192.168.153.2\' -w \'100.0,20%\' -c \'500.0,60%\'',60,0,4.00931,0.245,0,'PING OK - Packet loss = 0%, RTA = 0.23 ms','rta=0.231000ms;100.000000;500.000000;0.000000 pl=0%;20;60;0'),(43,1,5,0,1,4,0,1,'2010-10-29 12:56:03',100593,'2010-10-29 12:56:03',110547,69,'5.0!4.0!3.0!10.0!6.0!4.0','/usr/lib/nagios/plugins/check_load --warning=\'5.0,4.0,3.0\' --critical=\'10.0,6.0,4.0\'',60,0,0.00995,0.099,0,'OK - load average: 0.10, 0.04, 0.01','load1=0.100;5.000;10.000;0; load5=0.040;4.000;6.000;0; load15=0.010;3.000;4.000;0;'),(45,1,9,0,1,4,0,1,'2010-10-29 12:56:46',168266,'2010-10-29 12:56:46',186129,122,'','/usr/lib/nagios/plugins/check_ssh \'127.0.0.1\'',60,0,0.01786,0.168,0,'SSH OK - OpenSSH_5.3p1 Debian-3ubuntu4 (protocol 2.0)',''),(47,1,8,0,1,4,0,1,'2010-10-29 12:57:20',220740,'2010-10-29 12:57:20',232971,45,'','/usr/lib/nagios/plugins/check_http -H \'127.0.0.1\' -I \'127.0.0.1\'',60,0,0.01223,0.22,0,'HTTP OK: HTTP/1.1 200 OK - 453 bytes in 0.002 second response time','time=0.002393s;;;0.000000 size=453B;;;0'),(49,1,6,0,1,4,0,1,'2010-10-29 12:57:29',236546,'2010-10-29 12:57:29',247744,135,'20!50','/usr/lib/nagios/plugins/check_users -w \'20\' -c \'50\'',60,0,0.0112,0.236,0,'USERS OK - 3 users currently logged in','users=3;20;50;0'),(51,1,10,0,1,4,0,1,'2010-10-29 12:58:12',49475,'2010-10-29 12:58:12',67749,107,'250!400','/usr/lib/nagios/plugins/check_procs -w \'250\' -c \'400\'',60,0,0.01827,0.049,0,'PROCS OK: 103 processes',''),(53,1,7,0,1,4,0,1,'2010-10-29 12:58:54',101169,'2010-10-29 12:58:54',111882,21,'20%!10%','/usr/lib/nagios/plugins/check_disk -w \'20%\' -c \'10%\' -e',60,0,0.01071,0.101,0,'DISK OK','/=1269MB;5924;6664;0;7405 /dev=0MB;194;218;0;243 /dev/shm=0MB;198;223;0;248 /var/run=0MB;198;223;0;248 /var/lock=0MB;198;223;0;248 /lib/init/rw=0MB;198;223;0;248 /var/lib/ureadahead/debugfs=1269MB;5924;6664;0;7405 /boot=16MB;181;204;0;227'),(55,1,3,0,1,4,0,1,'2010-10-29 12:59:37',148407,'2010-10-29 12:59:41',159377,103,'100.0,20%!500.0,60%','/usr/lib/nagios/plugins/check_ping -H \'192.168.153.2\' -w \'100.0,20%\' -c \'500.0,60%\'',60,0,4.01097,0.148,0,'PING OK - Packet loss = 0%, RTA = 0.23 ms','rta=0.226000ms;100.000000;500.000000;0.000000 pl=0%;20;60;0'),(57,1,5,0,1,4,0,1,'2010-10-29 13:01:03',250330,'2010-10-29 13:01:03',260693,69,'5.0!4.0!3.0!10.0!6.0!4.0','/usr/lib/nagios/plugins/check_load --warning=\'5.0,4.0,3.0\' --critical=\'10.0,6.0,4.0\'',60,0,0.01036,0.25,0,'OK - load average: 0.04, 0.03, 0.00','load1=0.040;5.000;10.000;0; load5=0.030;4.000;6.000;0; load15=0.000;3.000;4.000;0;'),(59,1,9,0,1,4,0,1,'2010-10-29 13:01:46',60961,'2010-10-29 13:01:46',78331,122,'','/usr/lib/nagios/plugins/check_ssh \'127.0.0.1\'',60,0,0.01737,0.06,0,'SSH OK - OpenSSH_5.3p1 Debian-3ubuntu4 (protocol 2.0)',''),(61,1,8,0,1,4,0,1,'2010-10-29 13:02:20',106928,'2010-10-29 13:02:20',118952,45,'','/usr/lib/nagios/plugins/check_http -H \'127.0.0.1\' -I \'127.0.0.1\'',60,0,0.01202,0.106,0,'HTTP OK: HTTP/1.1 200 OK - 453 bytes in 0.001 second response time','time=0.001318s;;;0.000000 size=453B;;;0'),(63,1,6,0,1,4,0,1,'2010-10-29 13:02:29',124281,'2010-10-29 13:02:29',136104,135,'20!50','/usr/lib/nagios/plugins/check_users -w \'20\' -c \'50\'',60,0,0.01182,0.124,0,'USERS OK - 3 users currently logged in','users=3;20;50;0'),(65,1,10,0,1,4,0,1,'2010-10-29 13:03:12',181217,'2010-10-29 13:03:12',200176,107,'250!400','/usr/lib/nagios/plugins/check_procs -w \'250\' -c \'400\'',60,0,0.01896,0.181,0,'PROCS OK: 111 processes',''),(67,1,7,0,1,4,0,1,'2010-10-29 13:03:54',237692,'2010-10-29 13:03:54',247743,21,'20%!10%','/usr/lib/nagios/plugins/check_disk -w \'20%\' -c \'10%\' -e',60,0,0.01005,0.237,0,'DISK OK','/=1298MB;5924;6664;0;7405 /dev=0MB;194;218;0;243 /dev/shm=0MB;198;223;0;248 /var/run=0MB;198;223;0;248 /var/lock=0MB;198;223;0;248 /lib/init/rw=0MB;198;223;0;248 /var/lib/ureadahead/debugfs=1298MB;5924;6664;0;7405 /boot=16MB;181;204;0;227'),(69,1,3,0,1,4,0,1,'2010-10-29 13:04:37',49333,'2010-10-29 13:04:41',59268,103,'100.0,20%!500.0,60%','/usr/lib/nagios/plugins/check_ping -H \'192.168.153.2\' -w \'100.0,20%\' -c \'500.0,60%\'',60,0,4.00993,0.049,0,'PING OK - Packet loss = 0%, RTA = 0.24 ms','rta=0.240000ms;100.000000;500.000000;0.000000 pl=0%;20;60;0'),(70,1,5,0,1,4,0,1,'2010-10-29 13:06:03',171620,'2010-10-29 13:06:03',181305,69,'5.0!4.0!3.0!10.0!6.0!4.0','/usr/lib/nagios/plugins/check_load --warning=\'5.0,4.0,3.0\' --critical=\'10.0,6.0,4.0\'',60,0,0.00968,0.171,0,'OK - load average: 0.00, 0.00, 0.00','load1=0.000;5.000;10.000;0; load5=0.000;4.000;6.000;0; load15=0.000;3.000;4.000;0;'),(72,1,9,0,1,4,0,1,'2010-10-29 13:06:46',2534,'2010-10-29 13:06:46',22881,122,'','/usr/lib/nagios/plugins/check_ssh \'127.0.0.1\'',60,0,0.02035,0.002,0,'SSH OK - OpenSSH_5.3p1 Debian-3ubuntu4 (protocol 2.0)',''),(74,1,8,0,1,4,0,1,'2010-10-29 13:07:20',49746,'2010-10-29 13:07:20',64817,45,'','/usr/lib/nagios/plugins/check_http -H \'127.0.0.1\' -I \'127.0.0.1\'',60,0,0.01507,0.049,0,'HTTP OK: HTTP/1.1 200 OK - 453 bytes in 0.001 second response time','time=0.001444s;;;0.000000 size=453B;;;0'),(76,1,6,0,1,4,0,1,'2010-10-29 13:07:29',68926,'2010-10-29 13:07:29',80426,135,'20!50','/usr/lib/nagios/plugins/check_users -w \'20\' -c \'50\'',60,0,0.0115,0.068,0,'USERS OK - 3 users currently logged in','users=3;20;50;0'),(78,1,10,0,1,4,0,1,'2010-10-29 13:08:12',120642,'2010-10-29 13:08:12',137883,107,'250!400','/usr/lib/nagios/plugins/check_procs -w \'250\' -c \'400\'',60,0,0.01724,0.12,0,'PROCS OK: 107 processes',''),(80,1,7,0,1,4,0,1,'2010-10-29 13:08:54',190296,'2010-10-29 13:08:54',199885,21,'20%!10%','/usr/lib/nagios/plugins/check_disk -w \'20%\' -c \'10%\' -e',60,0,0.00959,0.19,0,'DISK OK','/=1307MB;5924;6664;0;7405 /dev=0MB;194;218;0;243 /dev/shm=0MB;198;223;0;248 /var/run=0MB;198;223;0;248 /var/lock=0MB;198;223;0;248 /lib/init/rw=0MB;198;223;0;248 /var/lib/ureadahead/debugfs=1307MB;5924;6664;0;7405 /boot=16MB;181;204;0;227'),(82,1,3,0,1,4,0,1,'2010-10-29 13:09:37',1225,'2010-10-29 13:09:41',15371,103,'100.0,20%!500.0,60%','/usr/lib/nagios/plugins/check_ping -H \'192.168.153.2\' -w \'100.0,20%\' -c \'500.0,60%\'',60,0,4.01415,0.001,0,'PING OK - Packet loss = 0%, RTA = 0.26 ms','rta=0.265000ms;100.000000;500.000000;0.000000 pl=0%;20;60;0'),(84,1,5,0,1,4,0,1,'2010-10-29 13:11:03',118826,'2010-10-29 13:11:03',128437,69,'5.0!4.0!3.0!10.0!6.0!4.0','/usr/lib/nagios/plugins/check_load --warning=\'5.0,4.0,3.0\' --critical=\'10.0,6.0,4.0\'',60,0,0.00961,0.118,0,'OK - load average: 0.00, 0.00, 0.00','load1=0.000;5.000;10.000;0; load5=0.000;4.000;6.000;0; load15=0.000;3.000;4.000;0;'),(86,1,9,0,1,4,0,1,'2010-10-29 13:11:46',175594,'2010-10-29 13:11:46',192173,122,'','/usr/lib/nagios/plugins/check_ssh \'127.0.0.1\'',60,0,0.01658,0.175,0,'SSH OK - OpenSSH_5.3p1 Debian-3ubuntu4 (protocol 2.0)',''),(88,1,8,0,1,4,0,1,'2010-10-29 13:12:20',220893,'2010-10-29 13:12:20',232872,45,'','/usr/lib/nagios/plugins/check_http -H \'127.0.0.1\' -I \'127.0.0.1\'',60,0,0.01198,0.22,0,'HTTP OK: HTTP/1.1 200 OK - 453 bytes in 0.001 second response time','time=0.000792s;;;0.000000 size=453B;;;0'),(90,1,6,0,1,4,0,1,'2010-10-29 13:12:29',237628,'2010-10-29 13:12:29',249536,135,'20!50','/usr/lib/nagios/plugins/check_users -w \'20\' -c \'50\'',60,0,0.01191,0.237,0,'USERS OK - 3 users currently logged in','users=3;20;50;0'),(92,1,10,0,1,4,0,1,'2010-10-29 13:13:12',43828,'2010-10-29 13:13:12',61125,107,'250!400','/usr/lib/nagios/plugins/check_procs -w \'250\' -c \'400\'',60,0,0.0173,0.043,0,'PROCS OK: 104 processes',''),(94,1,7,0,1,4,0,1,'2010-10-29 13:13:54',98604,'2010-10-29 13:13:54',108003,21,'20%!10%','/usr/lib/nagios/plugins/check_disk -w \'20%\' -c \'10%\' -e',60,0,0.0094,0.098,0,'DISK OK','/=1306MB;5924;6664;0;7405 /dev=0MB;194;218;0;243 /dev/shm=0MB;198;223;0;248 /var/run=0MB;198;223;0;248 /var/lock=0MB;198;223;0;248 /lib/init/rw=0MB;198;223;0;248 /var/lib/ureadahead/debugfs=1306MB;5924;6664;0;7405 /boot=16MB;181;204;0;227'),(96,1,3,0,1,4,0,1,'2010-10-29 13:14:37',173331,'2010-10-29 13:14:41',183287,103,'100.0,20%!500.0,60%','/usr/lib/nagios/plugins/check_ping -H \'192.168.153.2\' -w \'100.0,20%\' -c \'500.0,60%\'',60,0,4.00996,0.173,0,'PING OK - Packet loss = 0%, RTA = 0.24 ms','rta=0.241000ms;100.000000;500.000000;0.000000 pl=0%;20;60;0'),(97,1,5,0,1,4,0,1,'2010-10-29 13:16:03',45345,'2010-10-29 13:16:03',56882,69,'5.0!4.0!3.0!10.0!6.0!4.0','/usr/lib/nagios/plugins/check_load --warning=\'5.0,4.0,3.0\' --critical=\'10.0,6.0,4.0\'',60,0,0.01154,0.044,0,'OK - load average: 0.19, 0.06, 0.02','load1=0.190;5.000;10.000;0; load5=0.060;4.000;6.000;0; load15=0.020;3.000;4.000;0;'),(99,1,9,0,1,4,0,1,'2010-10-29 13:16:46',166873,'2010-10-29 13:16:46',182653,122,'','/usr/lib/nagios/plugins/check_ssh \'127.0.0.1\'',60,0,0.01578,0.166,0,'SSH OK - OpenSSH_5.3p1 Debian-3ubuntu4 (protocol 2.0)',''),(101,1,8,0,1,4,0,1,'2010-10-29 13:17:20',237820,'2010-10-29 13:17:20',249617,45,'','/usr/lib/nagios/plugins/check_http -H \'127.0.0.1\' -I \'127.0.0.1\'',60,0,0.0118,0.237,0,'HTTP OK: HTTP/1.1 200 OK - 453 bytes in 0.002 second response time','time=0.001501s;;;0.000000 size=453B;;;0'),(103,1,6,0,1,4,0,1,'2010-10-29 13:17:29',39581,'2010-10-29 13:17:29',70325,135,'20!50','/usr/lib/nagios/plugins/check_users -w \'20\' -c \'50\'',60,0,0.03074,0.039,0,'USERS OK - 0 users currently logged in','users=0;20;50;0'),(105,1,10,0,1,4,0,1,'2010-10-29 13:18:12',158182,'2010-10-29 13:18:12',173424,107,'250!400','/usr/lib/nagios/plugins/check_procs -w \'250\' -c \'400\'',60,0,0.01524,0.157,0,'PROCS OK: 106 processes',''),(107,1,7,0,1,4,0,1,'2010-10-29 13:18:54',1355,'2010-10-29 13:18:54',10115,21,'20%!10%','/usr/lib/nagios/plugins/check_disk -w \'20%\' -c \'10%\' -e',60,0,0.00876,0.001,0,'DISK OK','/=1127MB;5924;6664;0;7405 /dev=0MB;194;218;0;243 /dev/shm=0MB;198;223;0;248 /var/run=0MB;198;223;0;248 /var/lock=0MB;198;223;0;248 /lib/init/rw=0MB;198;223;0;248 /var/lib/ureadahead/debugfs=1127MB;5924;6664;0;7405 /boot=16MB;181;204;0;227'),(109,1,3,0,1,4,0,1,'2010-10-29 13:19:37',122214,'2010-10-29 13:19:41',130752,103,'100.0,20%!500.0,60%','/usr/lib/nagios/plugins/check_ping -H \'192.168.153.2\' -w \'100.0,20%\' -c \'500.0,60%\'',60,0,4.00854,0.122,0,'PING OK - Packet loss = 0%, RTA = 0.25 ms','rta=0.247000ms;100.000000;500.000000;0.000000 pl=0%;20;60;0'),(111,1,5,0,1,4,0,1,'2010-10-29 13:21:03',42264,'2010-10-29 13:21:03',52951,69,'5.0!4.0!3.0!10.0!6.0!4.0','/usr/lib/nagios/plugins/check_load --warning=\'5.0,4.0,3.0\' --critical=\'10.0,6.0,4.0\'',60,0,0.01069,0.041,0,'OK - load average: 0.19, 0.12, 0.03','load1=0.190;5.000;10.000;0; load5=0.120;4.000;6.000;0; load15=0.030;3.000;4.000;0;'),(113,1,9,0,1,4,0,1,'2010-10-29 13:21:46',147494,'2010-10-29 13:21:46',164503,122,'','/usr/lib/nagios/plugins/check_ssh \'127.0.0.1\'',60,0,0.01701,0.147,0,'SSH OK - OpenSSH_5.3p1 Debian-3ubuntu4 (protocol 2.0)',''),(115,1,8,0,1,4,0,1,'2010-10-29 13:22:20',231300,'2010-10-29 13:22:20',242069,45,'','/usr/lib/nagios/plugins/check_http -H \'127.0.0.1\' -I \'127.0.0.1\'',60,0,0.01077,0.231,0,'HTTP OK: HTTP/1.1 200 OK - 453 bytes in 0.001 second response time','time=0.001020s;;;0.000000 size=453B;;;0'),(117,1,6,0,1,4,0,1,'2010-10-29 13:22:29',31375,'2010-10-29 13:22:29',42371,135,'20!50','/usr/lib/nagios/plugins/check_users -w \'20\' -c \'50\'',60,0,0.011,0.031,0,'USERS OK - 2 users currently logged in','users=2;20;50;0'),(119,1,10,0,1,4,0,1,'2010-10-29 13:23:12',139560,'2010-10-29 13:23:12',156346,107,'250!400','/usr/lib/nagios/plugins/check_procs -w \'250\' -c \'400\'',60,0,0.01679,0.139,0,'PROCS OK: 90 processes',''),(121,1,7,0,1,4,0,1,'2010-10-29 13:23:54',218279,'2010-10-29 13:23:54',227160,21,'20%!10%','/usr/lib/nagios/plugins/check_disk -w \'20%\' -c \'10%\' -e',60,0,0.00888,0.218,0,'DISK OK','/=1127MB;5924;6664;0;7405 /dev=0MB;194;218;0;243 /dev/shm=0MB;198;223;0;248 /var/run=0MB;198;223;0;248 /var/lock=0MB;198;223;0;248 /lib/init/rw=0MB;198;223;0;248 /var/lib/ureadahead/debugfs=1127MB;5924;6664;0;7405 /boot=16MB;181;204;0;227'),(123,1,3,0,1,4,0,1,'2010-10-29 13:24:37',113812,'2010-10-29 13:24:41',122830,103,'100.0,20%!500.0,60%','/usr/lib/nagios/plugins/check_ping -H \'192.168.153.2\' -w \'100.0,20%\' -c \'500.0,60%\'',60,0,4.00902,0.113,0,'PING OK - Packet loss = 0%, RTA = 0.25 ms','rta=0.245000ms;100.000000;500.000000;0.000000 pl=0%;20;60;0'),(125,1,5,0,1,4,0,1,'2010-10-29 13:26:03',27263,'2010-10-29 13:26:03',38200,69,'5.0!4.0!3.0!10.0!6.0!4.0','/usr/lib/nagios/plugins/check_load --warning=\'5.0,4.0,3.0\' --critical=\'10.0,6.0,4.0\'',60,0,0.01094,0.026,0,'OK - load average: 0.00, 0.06, 0.02','load1=0.000;5.000;10.000;0; load5=0.060;4.000;6.000;0; load15=0.020;3.000;4.000;0;'),(127,1,9,0,1,4,0,1,'2010-10-29 13:26:46',101033,'2010-10-29 13:26:46',123948,122,'','/usr/lib/nagios/plugins/check_ssh \'127.0.0.1\'',60,0,0.02292,0.1,0,'SSH OK - OpenSSH_5.3p1 Debian-3ubuntu4 (protocol 2.0)',''),(129,1,8,0,1,4,0,1,'2010-10-29 13:27:20',160450,'2010-10-29 13:27:20',171089,45,'','/usr/lib/nagios/plugins/check_http -H \'127.0.0.1\' -I \'127.0.0.1\'',60,0,0.01064,0.16,0,'HTTP OK: HTTP/1.1 200 OK - 453 bytes in 0.001 second response time','time=0.000970s;;;0.000000 size=453B;;;0'),(131,1,6,0,1,4,0,1,'2010-10-29 13:27:29',182245,'2010-10-29 13:27:29',192700,135,'20!50','/usr/lib/nagios/plugins/check_users -w \'20\' -c \'50\'',60,0,0.01046,0.182,0,'USERS OK - 2 users currently logged in','users=2;20;50;0'),(133,1,10,0,1,4,0,1,'2010-10-29 13:28:12',5482,'2010-10-29 13:28:12',21645,107,'250!400','/usr/lib/nagios/plugins/check_procs -w \'250\' -c \'400\'',60,0,0.01616,0.005,0,'PROCS OK: 90 processes',''),(135,1,7,0,1,4,0,1,'2010-10-29 13:28:54',74928,'2010-10-29 13:28:54',84071,21,'20%!10%','/usr/lib/nagios/plugins/check_disk -w \'20%\' -c \'10%\' -e',60,0,0.00914,0.074,0,'DISK OK','/=1127MB;5924;6664;0;7405 /dev=0MB;194;218;0;243 /dev/shm=0MB;198;223;0;248 /var/run=0MB;198;223;0;248 /var/lock=0MB;198;223;0;248 /lib/init/rw=0MB;198;223;0;248 /var/lib/ureadahead/debugfs=1127MB;5924;6664;0;7405 /boot=16MB;181;204;0;227'),(137,1,3,0,1,4,0,1,'2010-10-29 13:29:37',152635,'2010-10-29 13:29:41',170893,103,'100.0,20%!500.0,60%','/usr/lib/nagios/plugins/check_ping -H \'192.168.153.2\' -w \'100.0,20%\' -c \'500.0,60%\'',60,0,4.01826,0.152,0,'PING OK - Packet loss = 0%, RTA = 0.50 ms','rta=0.496000ms;100.000000;500.000000;0.000000 pl=0%;20;60;0'),(139,1,5,0,1,4,0,1,'2010-10-29 13:31:03',53240,'2010-10-29 13:31:03',63324,69,'5.0!4.0!3.0!10.0!6.0!4.0','/usr/lib/nagios/plugins/check_load --warning=\'5.0,4.0,3.0\' --critical=\'10.0,6.0,4.0\'',60,0,0.01008,0.052,0,'OK - load average: 0.00, 0.01, 0.00','load1=0.000;5.000;10.000;0; load5=0.010;4.000;6.000;0; load15=0.000;3.000;4.000;0;'),(141,1,9,0,1,4,0,1,'2010-10-29 13:31:46',128830,'2010-10-29 13:31:46',146431,122,'','/usr/lib/nagios/plugins/check_ssh \'127.0.0.1\'',60,0,0.0176,0.128,0,'SSH OK - OpenSSH_5.3p1 Debian-3ubuntu4 (protocol 2.0)',''),(143,1,8,0,1,4,0,1,'2010-10-29 13:32:20',190077,'2010-10-29 13:32:20',200653,45,'','/usr/lib/nagios/plugins/check_http -H \'127.0.0.1\' -I \'127.0.0.1\'',60,0,0.01058,0.19,0,'HTTP OK: HTTP/1.1 200 OK - 453 bytes in 0.001 second response time','time=0.000974s;;;0.000000 size=453B;;;0'),(145,1,6,0,1,4,0,1,'2010-10-29 13:32:29',204709,'2010-10-29 13:32:29',214787,135,'20!50','/usr/lib/nagios/plugins/check_users -w \'20\' -c \'50\'',60,0,0.01008,0.204,0,'USERS OK - 2 users currently logged in','users=2;20;50;0'),(147,1,10,0,1,4,0,1,'2010-10-29 13:33:12',27851,'2010-10-29 13:33:12',43760,107,'250!400','/usr/lib/nagios/plugins/check_procs -w \'250\' -c \'400\'',60,0,0.01591,0.027,0,'PROCS OK: 90 processes',''),(149,1,7,0,1,4,0,1,'2010-10-29 13:33:54',99768,'2010-10-29 13:33:54',109297,21,'20%!10%','/usr/lib/nagios/plugins/check_disk -w \'20%\' -c \'10%\' -e',60,0,0.00953,0.099,0,'DISK OK','/=1127MB;5924;6664;0;7405 /dev=0MB;194;218;0;243 /dev/shm=0MB;198;223;0;248 /var/run=0MB;198;223;0;248 /var/lock=0MB;198;223;0;248 /lib/init/rw=0MB;198;223;0;248 /var/lib/ureadahead/debugfs=1127MB;5924;6664;0;7405 /boot=16MB;181;204;0;227'),(151,1,3,0,1,4,0,1,'2010-10-29 13:34:37',169689,'2010-10-29 13:34:41',178839,103,'100.0,20%!500.0,60%','/usr/lib/nagios/plugins/check_ping -H \'192.168.153.2\' -w \'100.0,20%\' -c \'500.0,60%\'',60,0,4.00915,0.169,0,'PING OK - Packet loss = 0%, RTA = 0.23 ms','rta=0.231000ms;100.000000;500.000000;0.000000 pl=0%;20;60;0'),(153,1,5,0,1,4,0,1,'2010-10-29 13:36:03',55171,'2010-10-29 13:36:03',65453,69,'5.0!4.0!3.0!10.0!6.0!4.0','/usr/lib/nagios/plugins/check_load --warning=\'5.0,4.0,3.0\' --critical=\'10.0,6.0,4.0\'',60,0,0.01028,0.054,0,'OK - load average: 0.00, 0.00, 0.00','load1=0.000;5.000;10.000;0; load5=0.000;4.000;6.000;0; load15=0.000;3.000;4.000;0;'),(155,1,9,0,1,4,0,1,'2010-10-29 13:36:46',128711,'2010-10-29 13:36:46',147194,122,'','/usr/lib/nagios/plugins/check_ssh \'127.0.0.1\'',60,0,0.01848,0.128,0,'SSH OK - OpenSSH_5.3p1 Debian-3ubuntu4 (protocol 2.0)',''),(157,1,8,0,1,4,0,1,'2010-10-29 13:37:20',180514,'2010-10-29 13:37:20',190702,45,'','/usr/lib/nagios/plugins/check_http -H \'127.0.0.1\' -I \'127.0.0.1\'',60,0,0.01019,0.18,0,'HTTP OK: HTTP/1.1 200 OK - 453 bytes in 0.001 second response time','time=0.000923s;;;0.000000 size=453B;;;0'),(159,1,6,0,1,4,0,1,'2010-10-29 13:37:29',196804,'2010-10-29 13:37:29',206932,135,'20!50','/usr/lib/nagios/plugins/check_users -w \'20\' -c \'50\'',60,0,0.01013,0.196,0,'USERS OK - 2 users currently logged in','users=2;20;50;0'),(161,1,10,0,1,4,0,1,'2010-10-29 13:38:12',28497,'2010-10-29 13:38:12',44233,107,'250!400','/usr/lib/nagios/plugins/check_procs -w \'250\' -c \'400\'',60,0,0.01574,0.028,0,'PROCS OK: 90 processes',''),(163,1,7,0,1,4,0,1,'2010-10-29 13:38:54',103858,'2010-10-29 13:38:54',112765,21,'20%!10%','/usr/lib/nagios/plugins/check_disk -w \'20%\' -c \'10%\' -e',60,0,0.00891,0.103,0,'DISK OK','/=1127MB;5924;6664;0;7405 /dev=0MB;194;218;0;243 /dev/shm=0MB;198;223;0;248 /var/run=0MB;198;223;0;248 /var/lock=0MB;198;223;0;248 /lib/init/rw=0MB;198;223;0;248 /var/lib/ureadahead/debugfs=1127MB;5924;6664;0;7405 /boot=16MB;181;204;0;227'),(165,1,3,0,1,4,0,1,'2010-10-29 13:39:37',190033,'2010-10-29 13:39:41',198763,103,'100.0,20%!500.0,60%','/usr/lib/nagios/plugins/check_ping -H \'192.168.153.2\' -w \'100.0,20%\' -c \'500.0,60%\'',60,0,4.00873,0.189,0,'PING OK - Packet loss = 0%, RTA = 0.24 ms','rta=0.237000ms;100.000000;500.000000;0.000000 pl=0%;20;60;0'),(166,1,8,0,1,4,0,1,'2010-11-03 09:31:05',10831,'2010-11-03 09:31:05',44160,45,'','/usr/lib/nagios/plugins/check_http -H \'127.0.0.1\' -I \'127.0.0.1\'',60,0,0.03333,0.01,0,'HTTP OK: HTTP/1.1 200 OK - 453 bytes in 0.019 second response time','time=0.018904s;;;0.000000 size=453B;;;0'),(168,1,5,0,1,4,0,1,'2010-11-03 09:31:48',28781,'2010-11-03 09:31:48',37165,69,'5.0!4.0!3.0!10.0!6.0!4.0','/usr/lib/nagios/plugins/check_load --warning=\'5.0,4.0,3.0\' --critical=\'10.0,6.0,4.0\'',60,0,0.00838,0.028,0,'OK - load average: 0.22, 0.08, 0.03','load1=0.220;5.000;10.000;0; load5=0.080;4.000;6.000;0; load15=0.030;3.000;4.000;0;'),(170,1,3,0,1,4,0,1,'2010-11-03 09:32:27',85402,'2010-11-03 09:32:31',96154,103,'100.0,20%!500.0,60%','/usr/lib/nagios/plugins/check_ping -H \'192.168.153.2\' -w \'100.0,20%\' -c \'500.0,60%\'',60,0,4.01075,0.085,0,'PING OK - Packet loss = 0%, RTA = 0.25 ms','rta=0.245000ms;100.000000;500.000000;0.000000 pl=0%;20;60;0'),(171,1,9,0,1,4,0,1,'2010-11-03 09:32:31',93700,'2010-11-03 09:32:31',130796,122,'','/usr/lib/nagios/plugins/check_ssh \'127.0.0.1\'',60,0,0.0371,0.093,0,'SSH OK - OpenSSH_5.3p1 Debian-3ubuntu4 (protocol 2.0)',''),(174,1,6,0,1,4,0,1,'2010-11-03 09:33:14',168349,'2010-11-03 09:33:14',194254,135,'20!50','/usr/lib/nagios/plugins/check_users -w \'20\' -c \'50\'',60,0,0.02591,0.168,0,'USERS OK - 2 users currently logged in','users=2;20;50;0'),(176,1,10,0,1,4,0,1,'2010-11-03 09:33:57',233508,'2010-11-03 09:33:57',265109,107,'250!400','/usr/lib/nagios/plugins/check_procs -w \'250\' -c \'400\'',60,0,0.0316,0.233,0,'PROCS OK: 105 processes',''),(178,1,7,0,1,4,0,1,'2010-11-03 09:34:39',49254,'2010-11-03 09:34:39',78814,21,'20%!10%','/usr/lib/nagios/plugins/check_disk -w \'20%\' -c \'10%\' -e',60,0,0.02956,0.049,0,'DISK OK','/=1127MB;5924;6664;0;7405 /dev=0MB;194;218;0;243 /dev/shm=0MB;198;223;0;248 /var/run=0MB;198;223;0;248 /var/lock=0MB;198;223;0;248 /lib/init/rw=0MB;198;223;0;248 /boot=16MB;181;204;0;227'),(180,1,8,0,1,4,0,1,'2010-11-03 09:36:05',161480,'2010-11-03 09:36:05',173265,45,'','/usr/lib/nagios/plugins/check_http -H \'127.0.0.1\' -I \'127.0.0.1\'',60,0,0.01179,0.161,0,'HTTP OK: HTTP/1.1 200 OK - 453 bytes in 0.002 second response time','time=0.001627s;;;0.000000 size=453B;;;0'),(182,1,5,0,1,4,0,1,'2010-11-03 09:36:48',223606,'2010-11-03 09:36:48',232561,69,'5.0!4.0!3.0!10.0!6.0!4.0','/usr/lib/nagios/plugins/check_load --warning=\'5.0,4.0,3.0\' --critical=\'10.0,6.0,4.0\'',60,0,0.00895,0.223,0,'OK - load average: 0.00, 0.03, 0.00','load1=0.000;5.000;10.000;0; load5=0.030;4.000;6.000;0; load15=0.000;3.000;4.000;0;'),(184,1,3,0,1,4,0,1,'2010-11-03 09:37:27',24761,'2010-11-03 09:37:31',36245,103,'100.0,20%!500.0,60%','/usr/lib/nagios/plugins/check_ping -H \'192.168.153.2\' -w \'100.0,20%\' -c \'500.0,60%\'',60,0,4.01148,0.024,0,'PING OK - Packet loss = 0%, RTA = 0.26 ms','rta=0.258000ms;100.000000;500.000000;0.000000 pl=0%;20;60;0'),(185,1,9,0,1,4,0,1,'2010-11-03 09:37:31',32370,'2010-11-03 09:37:31',50554,122,'','/usr/lib/nagios/plugins/check_ssh \'127.0.0.1\'',60,0,0.01818,0.032,0,'SSH OK - OpenSSH_5.3p1 Debian-3ubuntu4 (protocol 2.0)',''),(188,1,6,0,1,4,0,1,'2010-11-03 09:38:14',81516,'2010-11-03 09:38:14',94414,135,'20!50','/usr/lib/nagios/plugins/check_users -w \'20\' -c \'50\'',60,0,0.0129,0.081,0,'USERS OK - 2 users currently logged in','users=2;20;50;0'),(190,1,10,0,1,4,0,1,'2010-11-03 09:38:57',121410,'2010-11-03 09:38:57',137440,107,'250!400','/usr/lib/nagios/plugins/check_procs -w \'250\' -c \'400\'',60,0,0.01603,0.121,0,'PROCS OK: 92 processes',''),(192,1,7,0,1,4,0,1,'2010-11-03 09:39:39',176096,'2010-11-03 09:39:39',185168,21,'20%!10%','/usr/lib/nagios/plugins/check_disk -w \'20%\' -c \'10%\' -e',60,0,0.00907,0.176,0,'DISK OK','/=1135MB;5924;6664;0;7405 /dev=0MB;194;218;0;243 /dev/shm=0MB;198;223;0;248 /var/run=0MB;198;223;0;248 /var/lock=0MB;198;223;0;248 /lib/init/rw=0MB;198;223;0;248 /boot=16MB;181;204;0;227'),(194,1,8,0,1,4,0,1,'2010-11-03 09:41:05',250241,'2010-11-03 09:41:05',264159,45,'','/usr/lib/nagios/plugins/check_http -H \'127.0.0.1\' -I \'127.0.0.1\'',60,0,0.01392,0.25,0,'HTTP OK: HTTP/1.1 200 OK - 453 bytes in 0.002 second response time','time=0.002234s;;;0.000000 size=453B;;;0'),(196,1,5,0,1,4,0,1,'2010-11-03 09:41:48',49408,'2010-11-03 09:41:48',58258,69,'5.0!4.0!3.0!10.0!6.0!4.0','/usr/lib/nagios/plugins/check_load --warning=\'5.0,4.0,3.0\' --critical=\'10.0,6.0,4.0\'',60,0,0.00885,0.049,0,'OK - load average: 0.00, 0.00, 0.00','load1=0.000;5.000;10.000;0; load5=0.000;4.000;6.000;0; load15=0.000;3.000;4.000;0;'),(198,1,3,0,1,4,0,1,'2010-11-03 09:42:27',98296,'2010-11-03 09:42:31',113361,103,'100.0,20%!500.0,60%','/usr/lib/nagios/plugins/check_ping -H \'192.168.153.2\' -w \'100.0,20%\' -c \'500.0,60%\'',60,0,4.01506,0.098,0,'PING OK - Packet loss = 0%, RTA = 0.58 ms','rta=0.581000ms;100.000000;500.000000;0.000000 pl=0%;20;60;0'),(199,1,9,0,1,4,0,1,'2010-11-03 09:42:31',106379,'2010-11-03 09:42:31',124761,122,'','/usr/lib/nagios/plugins/check_ssh \'127.0.0.1\'',60,0,0.01838,0.106,0,'SSH OK - OpenSSH_5.3p1 Debian-3ubuntu4 (protocol 2.0)',''),(202,1,6,0,1,4,0,1,'2010-11-03 09:43:14',155831,'2010-11-03 09:43:14',170334,135,'20!50','/usr/lib/nagios/plugins/check_users -w \'20\' -c \'50\'',60,0,0.0145,0.155,0,'USERS OK - 2 users currently logged in','users=2;20;50;0'),(204,1,10,0,1,4,0,1,'2010-11-03 09:43:57',208407,'2010-11-03 09:43:57',227243,107,'250!400','/usr/lib/nagios/plugins/check_procs -w \'250\' -c \'400\'',60,0,0.01884,0.208,0,'PROCS OK: 92 processes',''),(206,1,7,0,1,4,0,1,'2010-11-03 09:44:39',19610,'2010-11-03 09:44:39',28122,21,'20%!10%','/usr/lib/nagios/plugins/check_disk -w \'20%\' -c \'10%\' -e',60,0,0.00851,0.019,0,'DISK OK','/=1178MB;5924;6664;0;7405 /dev=0MB;194;218;0;243 /dev/shm=0MB;198;223;0;248 /var/run=0MB;198;223;0;248 /var/lock=0MB;198;223;0;248 /lib/init/rw=0MB;198;223;0;248 /boot=16MB;181;204;0;227'),(208,1,8,0,1,4,0,1,'2010-11-03 09:46:05',120984,'2010-11-03 09:46:05',132305,45,'','/usr/lib/nagios/plugins/check_http -H \'127.0.0.1\' -I \'127.0.0.1\'',60,0,0.01132,0.12,0,'HTTP OK: HTTP/1.1 200 OK - 453 bytes in 0.002 second response time','time=0.001716s;;;0.000000 size=453B;;;0'),(210,1,5,0,1,4,0,1,'2010-11-03 09:46:48',180714,'2010-11-03 09:46:48',189060,69,'5.0!4.0!3.0!10.0!6.0!4.0','/usr/lib/nagios/plugins/check_load --warning=\'5.0,4.0,3.0\' --critical=\'10.0,6.0,4.0\'',60,0,0.00835,0.18,0,'OK - load average: 0.01, 0.00, 0.00','load1=0.010;5.000;10.000;0; load5=0.000;4.000;6.000;0; load15=0.000;3.000;4.000;0;'),(212,1,3,0,1,4,0,1,'2010-11-03 09:47:27',242346,'2010-11-03 09:47:31',252133,103,'100.0,20%!500.0,60%','/usr/lib/nagios/plugins/check_ping -H \'192.168.153.2\' -w \'100.0,20%\' -c \'500.0,60%\'',60,0,4.00979,0.242,0,'PING OK - Packet loss = 0%, RTA = 0.24 ms','rta=0.236000ms;100.000000;500.000000;0.000000 pl=0%;20;60;0'),(213,1,9,0,1,4,0,1,'2010-11-03 09:47:31',248599,'2010-11-03 09:47:31',268093,122,'','/usr/lib/nagios/plugins/check_ssh \'127.0.0.1\'',60,0,0.01949,0.248,0,'SSH OK - OpenSSH_5.3p1 Debian-3ubuntu4 (protocol 2.0)',''),(216,1,6,0,1,4,0,1,'2010-11-03 09:48:14',61311,'2010-11-03 09:48:14',71702,135,'20!50','/usr/lib/nagios/plugins/check_users -w \'20\' -c \'50\'',60,0,0.01039,0.061,0,'USERS OK - 3 users currently logged in','users=3;20;50;0'),(218,1,10,0,1,4,0,1,'2010-11-03 09:48:57',117363,'2010-11-03 09:48:57',132835,107,'250!400','/usr/lib/nagios/plugins/check_procs -w \'250\' -c \'400\'',60,0,0.01547,0.117,0,'PROCS OK: 91 processes',''),(220,1,7,0,1,4,0,1,'2010-11-03 09:49:39',165739,'2010-11-03 09:49:39',174231,21,'20%!10%','/usr/lib/nagios/plugins/check_disk -w \'20%\' -c \'10%\' -e',60,0,0.00849,0.165,0,'DISK OK','/=1178MB;5924;6664;0;7405 /dev=0MB;194;218;0;243 /dev/shm=0MB;198;223;0;248 /var/run=0MB;198;223;0;248 /var/lock=0MB;198;223;0;248 /lib/init/rw=0MB;198;223;0;248 /boot=16MB;181;204;0;227'),(222,1,8,0,1,4,0,1,'2010-11-03 09:51:05',29767,'2010-11-03 09:51:05',42590,45,'','/usr/lib/nagios/plugins/check_http -H \'127.0.0.1\' -I \'127.0.0.1\'',60,0,0.01282,0.029,0,'HTTP OK: HTTP/1.1 200 OK - 453 bytes in 0.002 second response time','time=0.001758s;;;0.000000 size=453B;;;0'),(224,1,5,0,1,4,0,1,'2010-11-03 09:51:48',86912,'2010-11-03 09:51:48',95337,69,'5.0!4.0!3.0!10.0!6.0!4.0','/usr/lib/nagios/plugins/check_load --warning=\'5.0,4.0,3.0\' --critical=\'10.0,6.0,4.0\'',60,0,0.00843,0.086,0,'OK - load average: 0.01, 0.00, 0.00','load1=0.010;5.000;10.000;0; load5=0.000;4.000;6.000;0; load15=0.000;3.000;4.000;0;'),(226,1,3,0,1,4,0,1,'2010-11-03 09:52:27',141986,'2010-11-03 09:52:31',152820,103,'100.0,20%!500.0,60%','/usr/lib/nagios/plugins/check_ping -H \'192.168.153.2\' -w \'100.0,20%\' -c \'500.0,60%\'',60,0,4.01083,0.141,0,'PING OK - Packet loss = 0%, RTA = 0.33 ms','rta=0.330000ms;100.000000;500.000000;0.000000 pl=0%;20;60;0'),(227,1,9,0,1,4,0,1,'2010-11-03 09:52:31',149691,'2010-11-03 09:52:31',168986,122,'','/usr/lib/nagios/plugins/check_ssh \'127.0.0.1\'',60,0,0.01929,0.149,0,'SSH OK - OpenSSH_5.3p1 Debian-3ubuntu4 (protocol 2.0)',''),(230,1,6,0,1,4,0,1,'2010-11-03 09:53:14',211118,'2010-11-03 09:53:14',221474,135,'20!50','/usr/lib/nagios/plugins/check_users -w \'20\' -c \'50\'',60,0,0.01036,0.21,0,'USERS OK - 3 users currently logged in','users=3;20;50;0'),(232,1,10,0,1,4,0,1,'2010-11-03 09:53:57',17343,'2010-11-03 09:53:57',34294,107,'250!400','/usr/lib/nagios/plugins/check_procs -w \'250\' -c \'400\'',60,0,0.01695,0.017,0,'PROCS OK: 92 processes',''),(234,1,7,0,1,4,0,1,'2010-11-03 09:54:39',77184,'2010-11-03 09:54:39',86500,21,'20%!10%','/usr/lib/nagios/plugins/check_disk -w \'20%\' -c \'10%\' -e',60,0,0.00932,0.076,0,'DISK OK','/=1178MB;5924;6664;0;7405 /dev=0MB;194;218;0;243 /dev/shm=0MB;198;223;0;248 /var/run=0MB;198;223;0;248 /var/lock=0MB;198;223;0;248 /lib/init/rw=0MB;198;223;0;248 /boot=16MB;181;204;0;227'),(236,1,8,0,1,4,0,1,'2010-11-03 09:56:05',192322,'2010-11-03 09:56:05',205868,45,'','/usr/lib/nagios/plugins/check_http -H \'127.0.0.1\' -I \'127.0.0.1\'',60,0,0.01355,0.192,0,'HTTP OK: HTTP/1.1 200 OK - 453 bytes in 0.001 second response time','time=0.001303s;;;0.000000 size=453B;;;0'),(238,1,5,0,1,4,0,1,'2010-11-03 09:56:48',250359,'2010-11-03 09:56:48',258527,69,'5.0!4.0!3.0!10.0!6.0!4.0','/usr/lib/nagios/plugins/check_load --warning=\'5.0,4.0,3.0\' --critical=\'10.0,6.0,4.0\'',60,0,0.00817,0.25,0,'OK - load average: 0.00, 0.00, 0.00','load1=0.000;5.000;10.000;0; load5=0.000;4.000;6.000;0; load15=0.000;3.000;4.000;0;'),(240,1,3,0,1,4,0,1,'2010-11-03 09:57:27',70340,'2010-11-03 09:57:31',82511,103,'100.0,20%!500.0,60%','/usr/lib/nagios/plugins/check_ping -H \'192.168.153.2\' -w \'100.0,20%\' -c \'500.0,60%\'',60,0,4.01217,0.07,0,'PING OK - Packet loss = 0%, RTA = 0.58 ms','rta=0.577000ms;100.000000;500.000000;0.000000 pl=0%;20;60;0'),(241,1,9,0,1,4,0,1,'2010-11-03 09:57:31',79740,'2010-11-03 09:57:31',98886,122,'','/usr/lib/nagios/plugins/check_ssh \'127.0.0.1\'',60,0,0.01915,0.078,0,'SSH OK - OpenSSH_5.3p1 Debian-3ubuntu4 (protocol 2.0)',''),(244,1,6,0,1,4,0,1,'2010-11-03 09:58:14',142534,'2010-11-03 09:58:14',153866,135,'20!50','/usr/lib/nagios/plugins/check_users -w \'20\' -c \'50\'',60,0,0.01133,0.142,0,'USERS OK - 3 users currently logged in','users=3;20;50;0'),(246,1,10,0,1,4,0,1,'2010-11-03 09:58:57',198244,'2010-11-03 09:58:57',215038,107,'250!400','/usr/lib/nagios/plugins/check_procs -w \'250\' -c \'400\'',60,0,0.01679,0.198,0,'PROCS OK: 92 processes',''),(248,1,7,0,1,4,0,1,'2010-11-03 09:59:39',250849,'2010-11-03 09:59:39',260638,21,'20%!10%','/usr/lib/nagios/plugins/check_disk -w \'20%\' -c \'10%\' -e',60,0,0.00979,0.25,0,'DISK OK','/=1178MB;5924;6664;0;7405 /dev=0MB;194;218;0;243 /dev/shm=0MB;198;223;0;248 /var/run=0MB;198;223;0;248 /var/lock=0MB;198;223;0;248 /lib/init/rw=0MB;198;223;0;248 /boot=16MB;181;204;0;227'),(250,1,8,0,1,4,0,1,'2010-11-03 10:01:05',112708,'2010-11-03 10:01:05',126138,45,'','/usr/lib/nagios/plugins/check_http -H \'127.0.0.1\' -I \'127.0.0.1\'',60,0,0.01343,0.112,0,'HTTP OK: HTTP/1.1 200 OK - 453 bytes in 0.001 second response time','time=0.001307s;;;0.000000 size=453B;;;0'),(252,1,5,0,1,4,0,1,'2010-11-03 10:01:48',182180,'2010-11-03 10:01:48',191264,69,'5.0!4.0!3.0!10.0!6.0!4.0','/usr/lib/nagios/plugins/check_load --warning=\'5.0,4.0,3.0\' --critical=\'10.0,6.0,4.0\'',60,0,0.00908,0.181,0,'OK - load average: 0.00, 0.00, 0.00','load1=0.000;5.000;10.000;0; load5=0.000;4.000;6.000;0; load15=0.000;3.000;4.000;0;'),(254,1,3,0,1,4,0,1,'2010-11-03 10:02:27',239214,'2010-11-03 10:02:31',254616,103,'100.0,20%!500.0,60%','/usr/lib/nagios/plugins/check_ping -H \'192.168.153.2\' -w \'100.0,20%\' -c \'500.0,60%\'',60,0,4.0154,0.239,0,'PING OK - Packet loss = 0%, RTA = 0.70 ms','rta=0.698000ms;100.000000;500.000000;0.000000 pl=0%;20;60;0'),(255,1,9,0,1,4,0,1,'2010-11-03 10:02:31',246420,'2010-11-03 10:02:31',267196,122,'','/usr/lib/nagios/plugins/check_ssh \'127.0.0.1\'',60,0,0.02078,0.246,0,'SSH OK - OpenSSH_5.3p1 Debian-3ubuntu4 (protocol 2.0)',''),(258,1,6,0,1,4,0,1,'2010-11-03 10:03:14',63031,'2010-11-03 10:03:14',73016,135,'20!50','/usr/lib/nagios/plugins/check_users -w \'20\' -c \'50\'',60,0,0.00999,0.062,0,'USERS OK - 3 users currently logged in','users=3;20;50;0'),(260,1,10,0,1,4,0,1,'2010-11-03 10:03:57',116314,'2010-11-03 10:03:57',133028,107,'250!400','/usr/lib/nagios/plugins/check_procs -w \'250\' -c \'400\'',60,0,0.01671,0.116,0,'PROCS OK: 92 processes',''),(262,1,7,0,1,4,0,1,'2010-11-03 10:04:39',169020,'2010-11-03 10:04:39',179299,21,'20%!10%','/usr/lib/nagios/plugins/check_disk -w \'20%\' -c \'10%\' -e',60,0,0.01028,0.168,0,'DISK OK','/=1178MB;5924;6664;0;7405 /dev=0MB;194;218;0;243 /dev/shm=0MB;198;223;0;248 /var/run=0MB;198;223;0;248 /var/lock=0MB;198;223;0;248 /lib/init/rw=0MB;198;223;0;248 /boot=16MB;181;204;0;227'),(264,1,8,0,1,4,0,1,'2010-11-03 10:06:05',22215,'2010-11-03 10:06:05',36116,45,'','/usr/lib/nagios/plugins/check_http -H \'127.0.0.1\' -I \'127.0.0.1\'',60,0,0.0139,0.022,0,'HTTP OK: HTTP/1.1 200 OK - 453 bytes in 0.001 second response time','time=0.001270s;;;0.000000 size=453B;;;0'),(266,1,5,0,1,4,0,1,'2010-11-03 10:06:48',82256,'2010-11-03 10:06:48',91163,69,'5.0!4.0!3.0!10.0!6.0!4.0','/usr/lib/nagios/plugins/check_load --warning=\'5.0,4.0,3.0\' --critical=\'10.0,6.0,4.0\'',60,0,0.00891,0.082,0,'OK - load average: 0.00, 0.00, 0.00','load1=0.000;5.000;10.000;0; load5=0.000;4.000;6.000;0; load15=0.000;3.000;4.000;0;'),(268,1,3,0,1,4,0,1,'2010-11-03 10:07:27',131056,'2010-11-03 10:07:31',144170,103,'100.0,20%!500.0,60%','/usr/lib/nagios/plugins/check_ping -H \'192.168.153.2\' -w \'100.0,20%\' -c \'500.0,60%\'',60,0,4.01311,0.13,0,'PING OK - Packet loss = 0%, RTA = 0.26 ms','rta=0.265000ms;100.000000;500.000000;0.000000 pl=0%;20;60;0'),(269,1,9,0,1,4,0,1,'2010-11-03 10:07:31',139610,'2010-11-03 10:07:31',160945,122,'','/usr/lib/nagios/plugins/check_ssh \'127.0.0.1\'',60,0,0.02133,0.139,0,'SSH OK - OpenSSH_5.3p1 Debian-3ubuntu4 (protocol 2.0)',''),(272,1,6,0,1,4,0,1,'2010-11-03 10:08:14',209295,'2010-11-03 10:08:14',219677,135,'20!50','/usr/lib/nagios/plugins/check_users -w \'20\' -c \'50\'',60,0,0.01038,0.209,0,'USERS OK - 3 users currently logged in','users=3;20;50;0'),(274,1,10,0,1,4,0,1,'2010-11-03 10:08:57',28615,'2010-11-03 10:08:57',43963,107,'250!400','/usr/lib/nagios/plugins/check_procs -w \'250\' -c \'400\'',60,0,0.01535,0.028,0,'PROCS OK: 92 processes',''),(276,1,7,0,1,4,0,1,'2010-11-03 10:09:39',82252,'2010-11-03 10:09:39',91157,21,'20%!10%','/usr/lib/nagios/plugins/check_disk -w \'20%\' -c \'10%\' -e',60,0,0.0089,0.082,0,'DISK OK','/=1178MB;5924;6664;0;7405 /dev=0MB;194;218;0;243 /dev/shm=0MB;198;223;0;248 /var/run=0MB;198;223;0;248 /var/lock=0MB;198;223;0;248 /lib/init/rw=0MB;198;223;0;248 /boot=16MB;181;204;0;227'),(278,1,8,0,1,4,0,1,'2010-11-03 10:11:05',192083,'2010-11-03 10:11:05',212165,45,'','/usr/lib/nagios/plugins/check_http -H \'127.0.0.1\' -I \'127.0.0.1\'',60,0,0.02008,0.192,0,'HTTP OK: HTTP/1.1 200 OK - 453 bytes in 0.001 second response time','time=0.001377s;;;0.000000 size=453B;;;0'),(280,1,5,0,1,4,0,1,'2010-11-03 10:11:48',251281,'2010-11-03 10:11:48',260460,69,'5.0!4.0!3.0!10.0!6.0!4.0','/usr/lib/nagios/plugins/check_load --warning=\'5.0,4.0,3.0\' --critical=\'10.0,6.0,4.0\'',60,0,0.00918,0.251,0,'OK - load average: 0.01, 0.03, 0.00','load1=0.010;5.000;10.000;0; load5=0.030;4.000;6.000;0; load15=0.000;3.000;4.000;0;'),(282,1,3,0,1,4,0,1,'2010-11-03 10:12:27',53609,'2010-11-03 10:12:31',72584,103,'100.0,20%!500.0,60%','/usr/lib/nagios/plugins/check_ping -H \'192.168.153.2\' -w \'100.0,20%\' -c \'500.0,60%\'',60,0,4.01898,0.053,0,'PING OK - Packet loss = 0%, RTA = 0.57 ms','rta=0.574000ms;100.000000;500.000000;0.000000 pl=0%;20;60;0'),(283,1,9,0,1,4,0,1,'2010-11-03 10:12:31',63249,'2010-11-03 10:12:31',83614,122,'','/usr/lib/nagios/plugins/check_ssh \'127.0.0.1\'',60,0,0.02037,0.062,0,'SSH OK - OpenSSH_5.3p1 Debian-3ubuntu4 (protocol 2.0)',''),(286,1,6,0,1,4,0,1,'2010-11-03 10:13:14',122936,'2010-11-03 10:13:14',133690,135,'20!50','/usr/lib/nagios/plugins/check_users -w \'20\' -c \'50\'',60,0,0.01075,0.122,0,'USERS OK - 3 users currently logged in','users=3;20;50;0'),(288,1,10,0,1,4,0,1,'2010-11-03 10:13:57',182952,'2010-11-03 10:13:57',199198,107,'250!400','/usr/lib/nagios/plugins/check_procs -w \'250\' -c \'400\'',60,0,0.01625,0.182,0,'PROCS OK: 92 processes',''),(290,1,7,0,1,4,0,1,'2010-11-03 10:14:39',235038,'2010-11-03 10:14:39',243912,21,'20%!10%','/usr/lib/nagios/plugins/check_disk -w \'20%\' -c \'10%\' -e',60,0,0.00887,0.234,0,'DISK OK','/=1178MB;5924;6664;0;7405 /dev=0MB;194;218;0;243 /dev/shm=0MB;198;223;0;248 /var/run=0MB;198;223;0;248 /var/lock=0MB;198;223;0;248 /lib/init/rw=0MB;198;223;0;248 /boot=16MB;181;204;0;227'),(292,1,8,0,1,4,0,1,'2010-11-03 10:16:05',102893,'2010-11-03 10:16:05',116508,45,'','/usr/lib/nagios/plugins/check_http -H \'127.0.0.1\' -I \'127.0.0.1\'',60,0,0.01362,0.102,0,'HTTP OK: HTTP/1.1 200 OK - 453 bytes in 0.001 second response time','time=0.001239s;;;0.000000 size=453B;;;0'),(294,1,5,0,1,4,0,1,'2010-11-03 10:16:48',159900,'2010-11-03 10:16:48',168522,69,'5.0!4.0!3.0!10.0!6.0!4.0','/usr/lib/nagios/plugins/check_load --warning=\'5.0,4.0,3.0\' --critical=\'10.0,6.0,4.0\'',60,0,0.00862,0.159,0,'OK - load average: 0.00, 0.00, 0.00','load1=0.000;5.000;10.000;0; load5=0.000;4.000;6.000;0; load15=0.000;3.000;4.000;0;'),(296,1,3,0,1,4,0,1,'2010-11-03 10:17:27',209309,'2010-11-03 10:17:31',221126,103,'100.0,20%!500.0,60%','/usr/lib/nagios/plugins/check_ping -H \'192.168.153.2\' -w \'100.0,20%\' -c \'500.0,60%\'',60,0,4.01182,0.209,0,'PING OK - Packet loss = 0%, RTA = 0.44 ms','rta=0.445000ms;100.000000;500.000000;0.000000 pl=0%;20;60;0'),(297,1,9,0,1,4,0,1,'2010-11-03 10:17:31',218313,'2010-11-03 10:17:31',237348,122,'','/usr/lib/nagios/plugins/check_ssh \'127.0.0.1\'',60,0,0.01903,0.217,0,'SSH OK - OpenSSH_5.3p1 Debian-3ubuntu4 (protocol 2.0)',''),(300,1,6,0,1,4,0,1,'2010-11-03 10:18:14',28794,'2010-11-03 10:18:14',39626,135,'20!50','/usr/lib/nagios/plugins/check_users -w \'20\' -c \'50\'',60,0,0.01083,0.028,0,'USERS OK - 3 users currently logged in','users=3;20;50;0'),(302,1,10,0,1,4,0,1,'2010-11-03 10:18:57',90036,'2010-11-03 10:18:57',106640,107,'250!400','/usr/lib/nagios/plugins/check_procs -w \'250\' -c \'400\'',60,0,0.0166,0.089,0,'PROCS OK: 92 processes',''),(304,1,7,0,1,4,0,1,'2010-11-03 10:19:39',144069,'2010-11-03 10:19:39',153299,21,'20%!10%','/usr/lib/nagios/plugins/check_disk -w \'20%\' -c \'10%\' -e',60,0,0.00923,0.144,0,'DISK OK','/=1178MB;5924;6664;0;7405 /dev=0MB;194;218;0;243 /dev/shm=0MB;198;223;0;248 /var/run=0MB;198;223;0;248 /var/lock=0MB;198;223;0;248 /lib/init/rw=0MB;198;223;0;248 /boot=16MB;181;204;0;227'),(306,1,8,0,1,4,0,1,'2010-11-03 10:21:05',251886,'2010-11-03 10:21:05',263507,45,'','/usr/lib/nagios/plugins/check_http -H \'127.0.0.1\' -I \'127.0.0.1\'',60,0,0.01162,0.251,0,'HTTP OK: HTTP/1.1 200 OK - 453 bytes in 0.001 second response time','time=0.001279s;;;0.000000 size=453B;;;0'),(308,1,5,0,1,4,0,1,'2010-11-03 10:21:48',56830,'2010-11-03 10:21:48',65891,69,'5.0!4.0!3.0!10.0!6.0!4.0','/usr/lib/nagios/plugins/check_load --warning=\'5.0,4.0,3.0\' --critical=\'10.0,6.0,4.0\'',60,0,0.00906,0.056,0,'OK - load average: 0.00, 0.00, 0.00','load1=0.000;5.000;10.000;0; load5=0.000;4.000;6.000;0; load15=0.000;3.000;4.000;0;'),(310,1,3,0,1,4,0,1,'2010-11-03 10:22:27',107224,'2010-11-03 10:22:31',127957,103,'100.0,20%!500.0,60%','/usr/lib/nagios/plugins/check_ping -H \'192.168.153.2\' -w \'100.0,20%\' -c \'500.0,60%\'',60,0,4.02073,0.107,0,'PING OK - Packet loss = 0%, RTA = 1.55 ms','rta=1.551000ms;100.000000;500.000000;0.000000 pl=0%;20;60;0'),(311,1,9,0,1,4,0,1,'2010-11-03 10:22:31',115106,'2010-11-03 10:22:31',135806,122,'','/usr/lib/nagios/plugins/check_ssh \'127.0.0.1\'',60,0,0.0207,0.114,0,'SSH OK - OpenSSH_5.3p1 Debian-3ubuntu4 (protocol 2.0)',''),(314,1,6,0,1,4,0,1,'2010-11-03 10:23:14',194332,'2010-11-03 10:23:14',204421,135,'20!50','/usr/lib/nagios/plugins/check_users -w \'20\' -c \'50\'',60,0,0.01009,0.194,0,'USERS OK - 3 users currently logged in','users=3;20;50;0'),(316,1,10,0,1,4,0,1,'2010-11-03 10:23:57',9364,'2010-11-03 10:23:57',24638,107,'250!400','/usr/lib/nagios/plugins/check_procs -w \'250\' -c \'400\'',60,0,0.01527,0.009,0,'PROCS OK: 92 processes',''),(318,1,7,0,1,4,0,1,'2010-11-03 10:24:39',63532,'2010-11-03 10:24:39',73215,21,'20%!10%','/usr/lib/nagios/plugins/check_disk -w \'20%\' -c \'10%\' -e',60,0,0.00968,0.063,0,'DISK OK','/=1178MB;5924;6664;0;7405 /dev=0MB;194;218;0;243 /dev/shm=0MB;198;223;0;248 /var/run=0MB;198;223;0;248 /var/lock=0MB;198;223;0;248 /lib/init/rw=0MB;198;223;0;248 /boot=16MB;181;204;0;227'),(320,1,8,0,1,4,0,1,'2010-11-03 10:26:05',178994,'2010-11-03 10:26:05',192366,45,'','/usr/lib/nagios/plugins/check_http -H \'127.0.0.1\' -I \'127.0.0.1\'',60,0,0.01337,0.178,0,'HTTP OK: HTTP/1.1 200 OK - 453 bytes in 0.001 second response time','time=0.001342s;;;0.000000 size=453B;;;0'),(322,1,5,0,1,4,0,1,'2010-11-03 10:26:48',236045,'2010-11-03 10:26:48',244924,69,'5.0!4.0!3.0!10.0!6.0!4.0','/usr/lib/nagios/plugins/check_load --warning=\'5.0,4.0,3.0\' --critical=\'10.0,6.0,4.0\'',60,0,0.00888,0.235,0,'OK - load average: 0.02, 0.05, 0.02','load1=0.020;5.000;10.000;0; load5=0.050;4.000;6.000;0; load15=0.020;3.000;4.000;0;'),(324,1,3,0,1,4,0,1,'2010-11-03 10:27:27',71971,'2010-11-03 10:27:31',84056,103,'100.0,20%!500.0,60%','/usr/lib/nagios/plugins/check_ping -H \'192.168.153.2\' -w \'100.0,20%\' -c \'500.0,60%\'',60,0,4.01208,0.071,0,'PING OK - Packet loss = 0%, RTA = 0.25 ms','rta=0.246000ms;100.000000;500.000000;0.000000 pl=0%;20;60;0'),(325,1,9,0,1,4,0,1,'2010-11-03 10:27:31',80732,'2010-11-03 10:27:31',101511,122,'','/usr/lib/nagios/plugins/check_ssh \'127.0.0.1\'',60,0,0.02078,0.08,0,'SSH OK - OpenSSH_5.3p1 Debian-3ubuntu4 (protocol 2.0)',''),(328,1,6,0,1,4,0,1,'2010-11-03 10:28:14',137715,'2010-11-03 10:28:14',148046,135,'20!50','/usr/lib/nagios/plugins/check_users -w \'20\' -c \'50\'',60,0,0.01033,0.137,0,'USERS OK - 3 users currently logged in','users=3;20;50;0'),(330,1,10,0,1,4,0,1,'2010-11-03 10:28:57',196574,'2010-11-03 10:28:57',214061,107,'250!400','/usr/lib/nagios/plugins/check_procs -w \'250\' -c \'400\'',60,0,0.01749,0.196,0,'PROCS OK: 92 processes',''),(332,1,7,0,1,4,0,1,'2010-11-03 10:29:39',3818,'2010-11-03 10:29:39',13306,21,'20%!10%','/usr/lib/nagios/plugins/check_disk -w \'20%\' -c \'10%\' -e',60,0,0.00949,0.003,0,'DISK OK','/=1178MB;5924;6664;0;7405 /dev=0MB;194;218;0;243 /dev/shm=0MB;198;223;0;248 /var/run=0MB;198;223;0;248 /var/lock=0MB;198;223;0;248 /lib/init/rw=0MB;198;223;0;248 /boot=16MB;181;204;0;227'),(334,1,8,0,1,4,0,1,'2010-11-03 10:31:05',114630,'2010-11-03 10:31:05',128075,45,'','/usr/lib/nagios/plugins/check_http -H \'127.0.0.1\' -I \'127.0.0.1\'',60,0,0.01345,0.114,0,'HTTP OK: HTTP/1.1 200 OK - 453 bytes in 0.001 second response time','time=0.001187s;;;0.000000 size=453B;;;0'),(336,1,5,0,1,4,0,1,'2010-11-03 10:31:48',168434,'2010-11-03 10:31:48',176802,69,'5.0!4.0!3.0!10.0!6.0!4.0','/usr/lib/nagios/plugins/check_load --warning=\'5.0,4.0,3.0\' --critical=\'10.0,6.0,4.0\'',60,0,0.00837,0.168,0,'OK - load average: 0.00, 0.01, 0.00','load1=0.000;5.000;10.000;0; load5=0.010;4.000;6.000;0; load15=0.000;3.000;4.000;0;'),(338,1,3,0,1,4,0,1,'2010-11-03 10:32:27',214578,'2010-11-03 10:32:31',224977,103,'100.0,20%!500.0,60%','/usr/lib/nagios/plugins/check_ping -H \'192.168.153.2\' -w \'100.0,20%\' -c \'500.0,60%\'',60,0,4.0104,0.214,0,'PING OK - Packet loss = 0%, RTA = 0.25 ms','rta=0.253000ms;100.000000;500.000000;0.000000 pl=0%;20;60;0'),(339,1,9,0,1,4,0,1,'2010-11-03 10:32:31',221883,'2010-11-03 10:32:31',240066,122,'','/usr/lib/nagios/plugins/check_ssh \'127.0.0.1\'',60,0,0.01818,0.221,0,'SSH OK - OpenSSH_5.3p1 Debian-3ubuntu4 (protocol 2.0)',''),(342,1,6,0,1,4,0,1,'2010-11-03 10:33:14',33684,'2010-11-03 10:33:14',44096,135,'20!50','/usr/lib/nagios/plugins/check_users -w \'20\' -c \'50\'',60,0,0.01041,0.033,0,'USERS OK - 3 users currently logged in','users=3;20;50;0'),(344,1,3,0,1,4,0,1,'2010-11-03 10:37:27',196485,'2010-11-03 10:37:31',208152,103,'100.0,20%!500.0,60%','/usr/lib/nagios/plugins/check_ping -H \'192.168.153.2\' -w \'100.0,20%\' -c \'500.0,60%\'',60,0,4.01167,0.196,0,'PING OK - Packet loss = 0%, RTA = 0.26 ms','rta=0.262000ms;100.000000;500.000000;0.000000 pl=0%;20;60;0'),(345,1,9,0,1,4,0,1,'2010-11-03 10:37:31',209733,'2010-11-03 10:37:31',225961,122,'','/usr/lib/nagios/plugins/check_ssh \'127.0.0.1\'',60,0,0.01623,0.209,0,'SSH OK - OpenSSH_5.3p1 Debian-3ubuntu4 (protocol 2.0)',''),(348,1,6,0,1,4,0,1,'2010-11-03 10:38:14',14006,'2010-11-03 10:38:14',25335,135,'20!50','/usr/lib/nagios/plugins/check_users -w \'20\' -c \'50\'',60,0,0.01133,0.013,0,'USERS OK - 3 users currently logged in','users=3;20;50;0'),(350,1,5,0,1,4,0,1,'2010-11-03 10:38:35',51320,'2010-11-03 10:38:35',61737,69,'5.0!4.0!3.0!10.0!6.0!4.0','/usr/lib/nagios/plugins/check_load --warning=\'5.0,4.0,3.0\' --critical=\'10.0,6.0,4.0\'',60,0,0.01042,0.05,0,'OK - load average: 0.00, 0.00, 0.00','load1=0.000;5.000;10.000;0; load5=0.000;4.000;6.000;0; load15=0.000;3.000;4.000;0;'),(352,1,7,0,1,4,0,1,'2010-11-03 10:40:01',156442,'2010-11-03 10:40:01',165764,21,'20%!10%','/usr/lib/nagios/plugins/check_disk -w \'20%\' -c \'10%\' -e',60,0,0.00932,0.156,0,'DISK OK','/=1179MB;5924;6664;0;7405 /dev=0MB;194;218;0;243 /dev/shm=0MB;198;223;0;248 /var/run=0MB;198;223;0;248 /var/lock=0MB;198;223;0;248 /lib/init/rw=0MB;198;223;0;248 /boot=16MB;181;204;0;227'),(354,1,8,0,1,4,0,1,'2010-11-03 10:41:27',13627,'2010-11-03 10:41:27',25543,45,'','/usr/lib/nagios/plugins/check_http -H \'127.0.0.1\' -I \'127.0.0.1\'',60,0,0.01192,0.013,0,'HTTP OK: HTTP/1.1 200 OK - 1003 bytes in 0.001 second response time','time=0.001357s;;;0.000000 size=1003B;;;0'),(356,1,3,0,1,4,0,1,'2010-11-03 10:42:27',95779,'2010-11-03 10:42:31',104273,103,'100.0,20%!500.0,60%','/usr/lib/nagios/plugins/check_ping -H \'192.168.153.2\' -w \'100.0,20%\' -c \'500.0,60%\'',60,0,4.00849,0.095,0,'PING OK - Packet loss = 0%, RTA = 0.31 ms','rta=0.307000ms;100.000000;500.000000;0.000000 pl=0%;20;60;0'),(357,1,9,0,1,4,0,1,'2010-11-03 10:42:31',105777,'2010-11-03 10:42:31',125128,122,'','/usr/lib/nagios/plugins/check_ssh \'127.0.0.1\'',60,0,0.01935,0.105,0,'SSH OK - OpenSSH_5.3p1 Debian-3ubuntu4 (protocol 2.0)',''),(360,1,10,0,1,4,0,1,'2010-11-03 10:42:52',149177,'2010-11-03 10:42:52',165520,107,'250!400','/usr/lib/nagios/plugins/check_procs -w \'250\' -c \'400\'',60,0,0.01634,0.149,0,'PROCS OK: 97 processes',''),(362,1,6,0,1,4,0,1,'2010-11-03 10:43:14',182892,'2010-11-03 10:43:14',193949,135,'20!50','/usr/lib/nagios/plugins/check_users -w \'20\' -c \'50\'',60,0,0.01106,0.182,0,'USERS OK - 3 users currently logged in','users=3;20;50;0'),(364,1,5,0,1,4,0,1,'2010-11-03 10:43:35',211962,'2010-11-03 10:43:35',221084,69,'5.0!4.0!3.0!10.0!6.0!4.0','/usr/lib/nagios/plugins/check_load --warning=\'5.0,4.0,3.0\' --critical=\'10.0,6.0,4.0\'',60,0,0.00912,0.211,0,'OK - load average: 0.38, 0.17, 0.06','load1=0.380;5.000;10.000;0; load5=0.170;4.000;6.000;0; load15=0.060;3.000;4.000;0;'),(366,1,7,0,1,4,0,1,'2010-11-03 10:45:01',73652,'2010-11-03 10:45:01',83255,21,'20%!10%','/usr/lib/nagios/plugins/check_disk -w \'20%\' -c \'10%\' -e',60,0,0.0096,0.073,0,'DISK OK','/=1179MB;5924;6664;0;7405 /dev=0MB;194;218;0;243 /dev/shm=0MB;198;223;0;248 /var/run=0MB;198;223;0;248 /var/lock=0MB;198;223;0;248 /lib/init/rw=0MB;198;223;0;248 /boot=16MB;181;204;0;227'),(368,1,8,0,1,4,0,1,'2010-11-03 10:46:27',174947,'2010-11-03 10:46:27',187054,45,'','/usr/lib/nagios/plugins/check_http -H \'127.0.0.1\' -I \'127.0.0.1\'',60,0,0.01211,0.174,0,'HTTP OK: HTTP/1.1 200 OK - 1003 bytes in 0.001 second response time','time=0.001322s;;;0.000000 size=1003B;;;0'),(370,1,3,0,1,4,0,1,'2010-11-03 10:47:27',2125,'2010-11-03 10:47:31',17612,103,'100.0,20%!500.0,60%','/usr/lib/nagios/plugins/check_ping -H \'192.168.153.2\' -w \'100.0,20%\' -c \'500.0,60%\'',60,0,4.01549,0.002,0,'PING OK - Packet loss = 0%, RTA = 0.37 ms','rta=0.366000ms;100.000000;500.000000;0.000000 pl=0%;20;60;0'),(371,1,9,0,1,4,0,1,'2010-11-03 10:47:31',18638,'2010-11-03 10:47:31',35061,122,'','/usr/lib/nagios/plugins/check_ssh \'127.0.0.1\'',60,0,0.01642,0.018,0,'SSH OK - OpenSSH_5.3p1 Debian-3ubuntu4 (protocol 2.0)',''),(374,1,10,0,1,4,0,1,'2010-11-03 10:47:52',48598,'2010-11-03 10:47:52',65318,107,'250!400','/usr/lib/nagios/plugins/check_procs -w \'250\' -c \'400\'',60,0,0.01672,0.048,0,'PROCS OK: 96 processes',''),(376,1,6,0,1,4,0,1,'2010-11-03 10:48:14',82985,'2010-11-03 10:48:14',94531,135,'20!50','/usr/lib/nagios/plugins/check_users -w \'20\' -c \'50\'',60,0,0.01155,0.082,0,'USERS OK - 3 users currently logged in','users=3;20;50;0'),(378,1,5,0,1,4,0,1,'2010-11-03 10:48:35',111889,'2010-11-03 10:48:35',121754,69,'5.0!4.0!3.0!10.0!6.0!4.0','/usr/lib/nagios/plugins/check_load --warning=\'5.0,4.0,3.0\' --critical=\'10.0,6.0,4.0\'',60,0,0.00987,0.111,0,'OK - load average: 0.06, 0.07, 0.04','load1=0.060;5.000;10.000;0; load5=0.070;4.000;6.000;0; load15=0.040;3.000;4.000;0;'),(380,1,7,0,1,4,0,1,'2010-11-03 10:50:01',222305,'2010-11-03 10:50:01',232202,21,'20%!10%','/usr/lib/nagios/plugins/check_disk -w \'20%\' -c \'10%\' -e',60,0,0.0099,0.222,0,'DISK OK','/=1177MB;5924;6664;0;7405 /dev=0MB;194;218;0;243 /dev/shm=0MB;198;223;0;248 /var/run=0MB;198;223;0;248 /var/lock=0MB;198;223;0;248 /lib/init/rw=0MB;198;223;0;248 /boot=16MB;181;204;0;227'),(382,1,8,0,1,4,0,1,'2010-11-03 10:51:27',79765,'2010-11-03 10:51:27',91632,45,'','/usr/lib/nagios/plugins/check_http -H \'127.0.0.1\' -I \'127.0.0.1\'',60,0,0.01187,0.079,0,'HTTP OK: HTTP/1.1 200 OK - 1003 bytes in 0.001 second response time','time=0.000914s;;;0.000000 size=1003B;;;0'),(384,1,3,0,1,4,0,1,'2010-11-03 10:52:27',166080,'2010-11-03 10:52:31',181373,103,'100.0,20%!500.0,60%','/usr/lib/nagios/plugins/check_ping -H \'192.168.153.2\' -w \'100.0,20%\' -c \'500.0,60%\'',60,0,4.01529,0.166,0,'PING OK - Packet loss = 0%, RTA = 0.67 ms','rta=0.668000ms;100.000000;500.000000;0.000000 pl=0%;20;60;0'),(385,1,9,0,1,4,0,1,'2010-11-03 10:52:31',181874,'2010-11-03 10:52:31',200516,122,'','/usr/lib/nagios/plugins/check_ssh \'127.0.0.1\'',60,0,0.01864,0.181,0,'SSH OK - OpenSSH_5.3p1 Debian-3ubuntu4 (protocol 2.0)',''),(388,1,10,0,1,4,0,1,'2010-11-03 10:52:52',229864,'2010-11-03 10:52:52',246930,107,'250!400','/usr/lib/nagios/plugins/check_procs -w \'250\' -c \'400\'',60,0,0.01707,0.229,0,'PROCS OK: 96 processes',''),(390,1,6,0,1,4,0,1,'2010-11-03 10:53:14',17024,'2010-11-03 10:53:14',29960,135,'20!50','/usr/lib/nagios/plugins/check_users -w \'20\' -c \'50\'',60,0,0.01294,0.016,0,'USERS OK - 3 users currently logged in','users=3;20;50;0'),(392,1,5,0,1,4,0,1,'2010-11-03 10:53:35',67139,'2010-11-03 10:53:35',77091,69,'5.0!4.0!3.0!10.0!6.0!4.0','/usr/lib/nagios/plugins/check_load --warning=\'5.0,4.0,3.0\' --critical=\'10.0,6.0,4.0\'',60,0,0.00995,0.066,0,'OK - load average: 0.00, 0.03, 0.02','load1=0.000;5.000;10.000;0; load5=0.030;4.000;6.000;0; load15=0.020;3.000;4.000;0;'),(394,1,7,0,1,4,0,1,'2010-11-03 10:55:01',181735,'2010-11-03 10:55:01',190612,21,'20%!10%','/usr/lib/nagios/plugins/check_disk -w \'20%\' -c \'10%\' -e',60,0,0.00888,0.181,0,'DISK OK','/=1177MB;5924;6664;0;7405 /dev=0MB;194;218;0;243 /dev/shm=0MB;198;223;0;248 /var/run=0MB;198;223;0;248 /var/lock=0MB;198;223;0;248 /lib/init/rw=0MB;198;223;0;248 /boot=16MB;181;204;0;227'),(396,1,8,0,1,4,0,1,'2010-11-03 10:56:27',70501,'2010-11-03 10:56:27',82212,45,'','/usr/lib/nagios/plugins/check_http -H \'127.0.0.1\' -I \'127.0.0.1\'',60,0,0.01171,0.07,0,'HTTP OK: HTTP/1.1 200 OK - 1003 bytes in 0.001 second response time','time=0.000923s;;;0.000000 size=1003B;;;0'),(398,1,3,0,1,4,0,1,'2010-11-03 10:57:27',154442,'2010-11-03 10:57:31',166238,103,'100.0,20%!500.0,60%','/usr/lib/nagios/plugins/check_ping -H \'192.168.153.2\' -w \'100.0,20%\' -c \'500.0,60%\'',60,0,4.0118,0.154,0,'PING OK - Packet loss = 0%, RTA = 0.50 ms','rta=0.503000ms;100.000000;500.000000;0.000000 pl=0%;20;60;0'),(399,1,9,0,1,4,0,1,'2010-11-03 10:57:31',163370,'2010-11-03 10:57:31',182065,122,'','/usr/lib/nagios/plugins/check_ssh \'127.0.0.1\'',60,0,0.01869,0.163,0,'SSH OK - OpenSSH_5.3p1 Debian-3ubuntu4 (protocol 2.0)',''),(402,1,10,0,1,4,0,1,'2010-11-03 10:57:52',204734,'2010-11-03 10:57:52',221096,107,'250!400','/usr/lib/nagios/plugins/check_procs -w \'250\' -c \'400\'',60,0,0.01636,0.204,0,'PROCS OK: 96 processes',''),(404,1,6,0,1,4,0,1,'2010-11-03 10:58:14',241898,'2010-11-03 10:58:14',253133,135,'20!50','/usr/lib/nagios/plugins/check_users -w \'20\' -c \'50\'',60,0,0.01124,0.241,0,'USERS OK - 3 users currently logged in','users=3;20;50;0'),(406,1,5,0,1,4,0,1,'2010-11-03 10:58:35',19967,'2010-11-03 10:58:35',29908,69,'5.0!4.0!3.0!10.0!6.0!4.0','/usr/lib/nagios/plugins/check_load --warning=\'5.0,4.0,3.0\' --critical=\'10.0,6.0,4.0\'',60,0,0.00994,0.019,0,'OK - load average: 0.00, 0.00, 0.00','load1=0.000;5.000;10.000;0; load5=0.000;4.000;6.000;0; load15=0.000;3.000;4.000;0;'),(408,1,7,0,1,4,0,1,'2010-11-03 11:00:01',123275,'2010-11-03 11:00:01',132921,21,'20%!10%','/usr/lib/nagios/plugins/check_disk -w \'20%\' -c \'10%\' -e',60,0,0.00965,0.123,0,'DISK OK','/=1177MB;5924;6664;0;7405 /dev=0MB;194;218;0;243 /dev/shm=0MB;198;223;0;248 /var/run=0MB;198;223;0;248 /var/lock=0MB;198;223;0;248 /lib/init/rw=0MB;198;223;0;248 /boot=16MB;181;204;0;227'),(410,1,8,0,1,4,0,1,'2010-11-03 11:01:27',245920,'2010-11-03 11:01:27',258275,45,'','/usr/lib/nagios/plugins/check_http -H \'127.0.0.1\' -I \'127.0.0.1\'',60,0,0.01235,0.245,0,'HTTP OK: HTTP/1.1 200 OK - 1003 bytes in 0.001 second response time','time=0.000984s;;;0.000000 size=1003B;;;0'),(412,1,3,0,1,4,0,1,'2010-11-03 11:02:27',72174,'2010-11-03 11:02:31',84780,103,'100.0,20%!500.0,60%','/usr/lib/nagios/plugins/check_ping -H \'192.168.153.2\' -w \'100.0,20%\' -c \'500.0,60%\'',60,0,4.01261,0.072,0,'PING OK - Packet loss = 0%, RTA = 0.32 ms','rta=0.319000ms;100.000000;500.000000;0.000000 pl=0%;20;60;0'),(413,1,9,0,1,4,0,1,'2010-11-03 11:02:31',81940,'2010-11-03 11:02:31',100786,122,'','/usr/lib/nagios/plugins/check_ssh \'127.0.0.1\'',60,0,0.01885,0.081,0,'SSH OK - OpenSSH_5.3p1 Debian-3ubuntu4 (protocol 2.0)',''),(416,1,10,0,1,4,0,1,'2010-11-03 11:02:52',110984,'2010-11-03 11:02:52',127287,107,'250!400','/usr/lib/nagios/plugins/check_procs -w \'250\' -c \'400\'',60,0,0.0163,0.11,0,'PROCS OK: 97 processes',''),(418,1,6,0,1,4,0,1,'2010-11-03 11:03:14',143989,'2010-11-03 11:03:14',154853,135,'20!50','/usr/lib/nagios/plugins/check_users -w \'20\' -c \'50\'',60,0,0.01086,0.143,0,'USERS OK - 3 users currently logged in','users=3;20;50;0'),(420,1,5,0,1,4,0,1,'2010-11-03 11:03:35',180075,'2010-11-03 11:03:35',190868,69,'5.0!4.0!3.0!10.0!6.0!4.0','/usr/lib/nagios/plugins/check_load --warning=\'5.0,4.0,3.0\' --critical=\'10.0,6.0,4.0\'',60,0,0.01079,0.179,0,'OK - load average: 0.09, 0.04, 0.01','load1=0.090;5.000;10.000;0; load5=0.040;4.000;6.000;0; load15=0.010;3.000;4.000;0;'),(422,1,7,0,1,4,0,1,'2010-11-03 11:05:01',36762,'2010-11-03 11:05:01',46189,21,'20%!10%','/usr/lib/nagios/plugins/check_disk -w \'20%\' -c \'10%\' -e',60,0,0.00943,0.036,0,'DISK OK','/=1177MB;5924;6664;0;7405 /dev=0MB;194;218;0;243 /dev/shm=0MB;198;223;0;248 /var/run=0MB;198;223;0;248 /var/lock=0MB;198;223;0;248 /lib/init/rw=0MB;198;223;0;248 /boot=16MB;181;204;0;227'),(424,1,8,0,1,4,0,1,'2010-11-03 11:06:27',155647,'2010-11-03 11:06:27',167140,45,'','/usr/lib/nagios/plugins/check_http -H \'127.0.0.1\' -I \'127.0.0.1\'',60,0,0.01149,0.155,0,'HTTP OK: HTTP/1.1 200 OK - 1003 bytes in 0.001 second response time','time=0.001098s;;;0.000000 size=1003B;;;0'),(426,1,3,0,1,4,0,1,'2010-11-03 11:07:27',249113,'2010-11-03 11:07:31',260182,103,'100.0,20%!500.0,60%','/usr/lib/nagios/plugins/check_ping -H \'192.168.153.2\' -w \'100.0,20%\' -c \'500.0,60%\'',60,0,4.01107,0.248,0,'PING OK - Packet loss = 0%, RTA = 0.28 ms','rta=0.281000ms;100.000000;500.000000;0.000000 pl=0%;20;60;0'),(427,1,9,0,1,4,0,1,'2010-11-03 11:07:31',8487,'2010-11-03 11:07:31',25129,122,'','/usr/lib/nagios/plugins/check_ssh \'127.0.0.1\'',60,0,0.01664,0.008,0,'SSH OK - OpenSSH_5.3p1 Debian-3ubuntu4 (protocol 2.0)',''),(430,1,10,0,1,4,0,1,'2010-11-03 11:07:52',39308,'2010-11-03 11:07:52',56111,107,'250!400','/usr/lib/nagios/plugins/check_procs -w \'250\' -c \'400\'',60,0,0.0168,0.039,0,'PROCS OK: 97 processes',''),(432,1,6,0,1,4,0,1,'2010-11-03 11:08:14',77998,'2010-11-03 11:08:14',89279,135,'20!50','/usr/lib/nagios/plugins/check_users -w \'20\' -c \'50\'',60,0,0.01128,0.077,0,'USERS OK - 3 users currently logged in','users=3;20;50;0'),(434,1,5,0,1,4,0,1,'2010-11-03 11:08:35',109421,'2010-11-03 11:08:35',119735,69,'5.0!4.0!3.0!10.0!6.0!4.0','/usr/lib/nagios/plugins/check_load --warning=\'5.0,4.0,3.0\' --critical=\'10.0,6.0,4.0\'',60,0,0.01031,0.109,0,'OK - load average: 0.00, 0.00, 0.00','load1=0.000;5.000;10.000;0; load5=0.000;4.000;6.000;0; load15=0.000;3.000;4.000;0;'),(436,1,7,0,1,4,0,1,'2010-11-03 11:10:01',227888,'2010-11-03 11:10:01',237230,21,'20%!10%','/usr/lib/nagios/plugins/check_disk -w \'20%\' -c \'10%\' -e',60,0,0.00934,0.227,0,'DISK OK','/=1177MB;5924;6664;0;7405 /dev=0MB;194;218;0;243 /dev/shm=0MB;198;223;0;248 /var/run=0MB;198;223;0;248 /var/lock=0MB;198;223;0;248 /lib/init/rw=0MB;198;223;0;248 /boot=16MB;181;204;0;227'),(438,1,8,0,1,4,0,1,'2010-11-03 11:11:27',88856,'2010-11-03 11:11:27',101061,45,'','/usr/lib/nagios/plugins/check_http -H \'127.0.0.1\' -I \'127.0.0.1\'',60,0,0.01221,0.088,0,'HTTP OK: HTTP/1.1 200 OK - 1003 bytes in 0.001 second response time','time=0.001103s;;;0.000000 size=1003B;;;0'),(440,1,3,0,1,4,0,1,'2010-11-03 11:12:27',161466,'2010-11-03 11:12:31',183232,103,'100.0,20%!500.0,60%','/usr/lib/nagios/plugins/check_ping -H \'192.168.153.2\' -w \'100.0,20%\' -c \'500.0,60%\'',60,0,4.02177,0.161,0,'PING OK - Packet loss = 0%, RTA = 0.86 ms','rta=0.856000ms;100.000000;500.000000;0.000000 pl=0%;20;60;0'),(441,1,9,0,1,4,0,1,'2010-11-03 11:12:31',172062,'2010-11-03 11:12:31',191729,122,'','/usr/lib/nagios/plugins/check_ssh \'127.0.0.1\'',60,0,0.01967,0.171,0,'SSH OK - OpenSSH_5.3p1 Debian-3ubuntu4 (protocol 2.0)',''),(444,1,10,0,1,4,0,1,'2010-11-03 11:12:52',199680,'2010-11-03 11:12:52',216232,107,'250!400','/usr/lib/nagios/plugins/check_procs -w \'250\' -c \'400\'',60,0,0.01655,0.199,0,'PROCS OK: 97 processes',''),(446,1,6,0,1,4,0,1,'2010-11-03 11:13:14',234113,'2010-11-03 11:13:14',245492,135,'20!50','/usr/lib/nagios/plugins/check_users -w \'20\' -c \'50\'',60,0,0.01138,0.233,0,'USERS OK - 3 users currently logged in','users=3;20;50;0'),(448,1,5,0,1,4,0,1,'2010-11-03 11:13:35',28290,'2010-11-03 11:13:35',38196,69,'5.0!4.0!3.0!10.0!6.0!4.0','/usr/lib/nagios/plugins/check_load --warning=\'5.0,4.0,3.0\' --critical=\'10.0,6.0,4.0\'',60,0,0.00991,0.028,0,'OK - load average: 0.00, 0.02, 0.00','load1=0.000;5.000;10.000;0; load5=0.020;4.000;6.000;0; load15=0.000;3.000;4.000;0;'),(450,1,7,0,1,4,0,1,'2010-11-03 11:15:01',131625,'2010-11-03 11:15:01',141155,21,'20%!10%','/usr/lib/nagios/plugins/check_disk -w \'20%\' -c \'10%\' -e',60,0,0.00953,0.131,0,'DISK OK','/=1177MB;5924;6664;0;7405 /dev=0MB;194;218;0;243 /dev/shm=0MB;198;223;0;248 /var/run=0MB;198;223;0;248 /var/lock=0MB;198;223;0;248 /lib/init/rw=0MB;198;223;0;248 /boot=16MB;181;204;0;227'),(452,1,8,0,1,4,0,1,'2010-11-03 11:16:27',242675,'2010-11-03 11:16:27',257440,45,'','/usr/lib/nagios/plugins/check_http -H \'127.0.0.1\' -I \'127.0.0.1\'',60,0,0.01477,0.242,0,'HTTP OK: HTTP/1.1 200 OK - 1003 bytes in 0.001 second response time','time=0.001202s;;;0.000000 size=1003B;;;0'),(454,1,3,0,1,4,0,1,'2010-11-03 11:17:27',66698,'2010-11-03 11:17:31',80523,103,'100.0,20%!500.0,60%','/usr/lib/nagios/plugins/check_ping -H \'192.168.153.2\' -w \'100.0,20%\' -c \'500.0,60%\'',60,0,4.01382,0.066,0,'PING OK - Packet loss = 0%, RTA = 0.29 ms','rta=0.287000ms;100.000000;500.000000;0.000000 pl=0%;20;60;0'),(455,1,9,0,1,4,0,1,'2010-11-03 11:17:31',81474,'2010-11-03 11:17:31',99400,122,'','/usr/lib/nagios/plugins/check_ssh \'127.0.0.1\'',60,0,0.01793,0.078,0,'SSH OK - OpenSSH_5.3p1 Debian-3ubuntu4 (protocol 2.0)',''),(458,1,10,0,1,4,0,1,'2010-11-03 11:17:52',109341,'2010-11-03 11:17:52',125600,107,'250!400','/usr/lib/nagios/plugins/check_procs -w \'250\' -c \'400\'',60,0,0.01626,0.109,0,'PROCS OK: 97 processes',''),(460,1,6,0,1,4,0,1,'2010-11-03 11:18:14',143154,'2010-11-03 11:18:14',153982,135,'20!50','/usr/lib/nagios/plugins/check_users -w \'20\' -c \'50\'',60,0,0.01083,0.142,0,'USERS OK - 3 users currently logged in','users=3;20;50;0'),(462,1,5,0,1,4,0,1,'2010-11-03 11:18:35',181282,'2010-11-03 11:18:35',191489,69,'5.0!4.0!3.0!10.0!6.0!4.0','/usr/lib/nagios/plugins/check_load --warning=\'5.0,4.0,3.0\' --critical=\'10.0,6.0,4.0\'',60,0,0.01021,0.18,0,'OK - load average: 0.00, 0.00, 0.00','load1=0.000;5.000;10.000;0; load5=0.000;4.000;6.000;0; load15=0.000;3.000;4.000;0;'),(464,1,7,0,1,4,0,1,'2010-11-03 11:20:01',41036,'2010-11-03 11:20:01',52978,21,'20%!10%','/usr/lib/nagios/plugins/check_disk -w \'20%\' -c \'10%\' -e',60,0,0.01194,0.04,0,'DISK OK','/=1177MB;5924;6664;0;7405 /dev=0MB;194;218;0;243 /dev/shm=0MB;198;223;0;248 /var/run=0MB;198;223;0;248 /var/lock=0MB;198;223;0;248 /lib/init/rw=0MB;198;223;0;248 /boot=16MB;181;204;0;227'),(466,1,8,0,1,4,0,1,'2010-11-03 11:21:27',155349,'2010-11-03 11:21:27',168211,45,'','/usr/lib/nagios/plugins/check_http -H \'127.0.0.1\' -I \'127.0.0.1\'',60,0,0.01286,0.155,0,'HTTP OK: HTTP/1.1 200 OK - 1003 bytes in 0.001 second response time','time=0.001150s;;;0.000000 size=1003B;;;0'),(468,1,3,0,1,4,0,1,'2010-11-03 11:22:27',224923,'2010-11-03 11:22:31',254541,103,'100.0,20%!500.0,60%','/usr/lib/nagios/plugins/check_ping -H \'192.168.153.2\' -w \'100.0,20%\' -c \'500.0,60%\'',60,0,4.02962,0.224,0,'PING OK - Packet loss = 0%, RTA = 2.25 ms','rta=2.249000ms;100.000000;500.000000;0.000000 pl=0%;20;60;0'),(469,1,9,0,1,4,0,1,'2010-11-03 11:22:31',236601,'2010-11-03 11:22:31',263437,122,'','/usr/lib/nagios/plugins/check_ssh \'127.0.0.1\'',60,0,0.02684,0.236,0,'SSH OK - OpenSSH_5.3p1 Debian-3ubuntu4 (protocol 2.0)',''),(472,1,10,0,1,4,0,1,'2010-11-03 11:22:52',17473,'2010-11-03 11:22:52',33816,107,'250!400','/usr/lib/nagios/plugins/check_procs -w \'250\' -c \'400\'',60,0,0.01634,0.017,0,'PROCS OK: 97 processes',''),(474,1,6,0,1,4,0,1,'2010-11-03 11:23:14',46432,'2010-11-03 11:23:14',57766,135,'20!50','/usr/lib/nagios/plugins/check_users -w \'20\' -c \'50\'',60,0,0.01133,0.046,0,'USERS OK - 3 users currently logged in','users=3;20;50;0'),(476,1,5,0,1,4,0,1,'2010-11-03 11:23:35',74242,'2010-11-03 11:23:35',83592,69,'5.0!4.0!3.0!10.0!6.0!4.0','/usr/lib/nagios/plugins/check_load --warning=\'5.0,4.0,3.0\' --critical=\'10.0,6.0,4.0\'',60,0,0.00935,0.074,0,'OK - load average: 0.04, 0.01, 0.00','load1=0.040;5.000;10.000;0; load5=0.010;4.000;6.000;0; load15=0.000;3.000;4.000;0;'),(478,1,7,0,1,4,0,1,'2010-11-03 11:25:01',192648,'2010-11-03 11:25:01',204381,21,'20%!10%','/usr/lib/nagios/plugins/check_disk -w \'20%\' -c \'10%\' -e',60,0,0.01173,0.192,0,'DISK OK','/=1177MB;5924;6664;0;7405 /dev=0MB;194;218;0;243 /dev/shm=0MB;198;223;0;248 /var/run=0MB;198;223;0;248 /var/lock=0MB;198;223;0;248 /lib/init/rw=0MB;198;223;0;248 /boot=16MB;181;204;0;227'),(480,1,8,0,1,4,0,1,'2010-11-03 11:26:27',52750,'2010-11-03 11:26:27',70843,45,'','/usr/lib/nagios/plugins/check_http -H \'127.0.0.1\' -I \'127.0.0.1\'',60,0,0.01809,0.052,0,'HTTP OK: HTTP/1.1 200 OK - 1003 bytes in 0.001 second response time','time=0.001115s;;;0.000000 size=1003B;;;0'),(482,1,3,0,1,4,0,1,'2010-11-03 11:27:27',134944,'2010-11-03 11:27:31',148164,103,'100.0,20%!500.0,60%','/usr/lib/nagios/plugins/check_ping -H \'192.168.153.2\' -w \'100.0,20%\' -c \'500.0,60%\'',60,0,4.01322,0.134,0,'PING OK - Packet loss = 0%, RTA = 0.26 ms','rta=0.258000ms;100.000000;500.000000;0.000000 pl=0%;20;60;0'),(483,1,9,0,1,4,0,1,'2010-11-03 11:27:31',149709,'2010-11-03 11:27:31',168330,122,'','/usr/lib/nagios/plugins/check_ssh \'127.0.0.1\'',60,0,0.01862,0.149,0,'SSH OK - OpenSSH_5.3p1 Debian-3ubuntu4 (protocol 2.0)',''),(486,1,10,0,1,4,0,1,'2010-11-03 11:27:52',178889,'2010-11-03 11:27:52',195354,107,'250!400','/usr/lib/nagios/plugins/check_procs -w \'250\' -c \'400\'',60,0,0.01647,0.178,0,'PROCS OK: 97 processes',''),(488,1,6,0,1,4,0,1,'2010-11-03 11:28:14',208791,'2010-11-03 11:28:14',219632,135,'20!50','/usr/lib/nagios/plugins/check_users -w \'20\' -c \'50\'',60,0,0.01084,0.208,0,'USERS OK - 3 users currently logged in','users=3;20;50;0'),(490,1,5,0,1,4,0,1,'2010-11-03 11:28:35',237201,'2010-11-03 11:28:35',247346,69,'5.0!4.0!3.0!10.0!6.0!4.0','/usr/lib/nagios/plugins/check_load --warning=\'5.0,4.0,3.0\' --critical=\'10.0,6.0,4.0\'',60,0,0.01014,0.237,0,'OK - load average: 0.00, 0.00, 0.00','load1=0.000;5.000;10.000;0; load5=0.000;4.000;6.000;0; load15=0.000;3.000;4.000;0;'),(492,1,7,0,1,4,0,1,'2010-11-03 11:30:01',107688,'2010-11-03 11:30:01',119600,21,'20%!10%','/usr/lib/nagios/plugins/check_disk -w \'20%\' -c \'10%\' -e',60,0,0.01191,0.107,0,'DISK OK','/=1177MB;5924;6664;0;7405 /dev=0MB;194;218;0;243 /dev/shm=0MB;198;223;0;248 /var/run=0MB;198;223;0;248 /var/lock=0MB;198;223;0;248 /lib/init/rw=0MB;198;223;0;248 /boot=16MB;181;204;0;227'),(494,1,8,0,1,4,0,1,'2010-11-03 11:31:27',233576,'2010-11-03 11:31:27',246823,45,'','/usr/lib/nagios/plugins/check_http -H \'127.0.0.1\' -I \'127.0.0.1\'',60,0,0.01325,0.233,0,'HTTP OK: HTTP/1.1 200 OK - 1003 bytes in 0.001 second response time','time=0.001391s;;;0.000000 size=1003B;;;0'),(496,1,3,0,1,4,0,1,'2010-11-03 11:32:27',85500,'2010-11-03 11:32:31',100175,103,'100.0,20%!500.0,60%','/usr/lib/nagios/plugins/check_ping -H \'192.168.153.2\' -w \'100.0,20%\' -c \'500.0,60%\'',60,0,4.01468,0.085,0,'PING OK - Packet loss = 0%, RTA = 0.26 ms','rta=0.260000ms;100.000000;500.000000;0.000000 pl=0%;20;60;0'),(497,1,9,0,1,4,0,1,'2010-11-03 11:32:31',100954,'2010-11-03 11:32:31',119378,122,'','/usr/lib/nagios/plugins/check_ssh \'127.0.0.1\'',60,0,0.01842,0.097,0,'SSH OK - OpenSSH_5.3p1 Debian-3ubuntu4 (protocol 2.0)',''),(500,1,10,0,1,4,0,1,'2010-11-03 11:32:52',131670,'2010-11-03 11:32:52',147907,107,'250!400','/usr/lib/nagios/plugins/check_procs -w \'250\' -c \'400\'',60,0,0.01624,0.131,0,'PROCS OK: 97 processes',''),(502,1,6,0,1,4,0,1,'2010-11-03 11:33:14',160820,'2010-11-03 11:33:14',172282,135,'20!50','/usr/lib/nagios/plugins/check_users -w \'20\' -c \'50\'',60,0,0.01146,0.16,0,'USERS OK - 3 users currently logged in','users=3;20;50;0'),(504,1,5,0,1,4,0,1,'2010-11-03 11:33:35',189786,'2010-11-03 11:33:35',199765,69,'5.0!4.0!3.0!10.0!6.0!4.0','/usr/lib/nagios/plugins/check_load --warning=\'5.0,4.0,3.0\' --critical=\'10.0,6.0,4.0\'',60,0,0.00998,0.189,0,'OK - load average: 0.01, 0.02, 0.00','load1=0.010;5.000;10.000;0; load5=0.020;4.000;6.000;0; load15=0.000;3.000;4.000;0;'),(506,1,7,0,1,4,0,1,'2010-11-03 11:35:01',49888,'2010-11-03 11:35:01',61822,21,'20%!10%','/usr/lib/nagios/plugins/check_disk -w \'20%\' -c \'10%\' -e',60,0,0.01193,0.049,0,'DISK OK','/=1177MB;5924;6664;0;7405 /dev=0MB;194;218;0;243 /dev/shm=0MB;198;223;0;248 /var/run=0MB;198;223;0;248 /var/lock=0MB;198;223;0;248 /lib/init/rw=0MB;198;223;0;248 /boot=16MB;181;204;0;227'),(508,1,8,0,1,4,0,1,'2010-11-03 11:36:27',154385,'2010-11-03 11:36:27',170026,45,'','/usr/lib/nagios/plugins/check_http -H \'127.0.0.1\' -I \'127.0.0.1\'',60,0,0.01564,0.154,0,'HTTP OK: HTTP/1.1 200 OK - 1003 bytes in 0.002 second response time','time=0.001547s;;;0.000000 size=1003B;;;0'),(510,1,3,0,1,4,0,1,'2010-11-03 11:37:27',241706,'2010-11-03 11:37:31',252073,103,'100.0,20%!500.0,60%','/usr/lib/nagios/plugins/check_ping -H \'192.168.153.2\' -w \'100.0,20%\' -c \'500.0,60%\'',60,0,4.01037,0.241,0,'PING OK - Packet loss = 0%, RTA = 0.23 ms','rta=0.231000ms;100.000000;500.000000;0.000000 pl=0%;20;60;0'),(511,1,9,0,1,4,0,1,'2010-11-03 11:37:31',6575,'2010-11-03 11:37:31',28048,122,'','/usr/lib/nagios/plugins/check_ssh \'127.0.0.1\'',60,0,0.02147,0.006,0,'SSH OK - OpenSSH_5.3p1 Debian-3ubuntu4 (protocol 2.0)',''),(514,1,10,0,1,4,0,1,'2010-11-03 11:37:52',45099,'2010-11-03 11:37:52',61106,107,'250!400','/usr/lib/nagios/plugins/check_procs -w \'250\' -c \'400\'',60,0,0.01601,0.044,0,'PROCS OK: 97 processes',''),(516,1,6,0,1,4,0,1,'2010-11-03 11:38:14',75097,'2010-11-03 11:38:14',86193,135,'20!50','/usr/lib/nagios/plugins/check_users -w \'20\' -c \'50\'',60,0,0.0111,0.075,0,'USERS OK - 3 users currently logged in','users=3;20;50;0'),(518,1,5,0,1,4,0,1,'2010-11-03 11:38:35',104288,'2010-11-03 11:38:35',113196,69,'5.0!4.0!3.0!10.0!6.0!4.0','/usr/lib/nagios/plugins/check_load --warning=\'5.0,4.0,3.0\' --critical=\'10.0,6.0,4.0\'',60,0,0.00891,0.104,0,'OK - load average: 0.00, 0.01, 0.00','load1=0.000;5.000;10.000;0; load5=0.010;4.000;6.000;0; load15=0.000;3.000;4.000;0;'),(520,1,7,0,1,4,0,1,'2010-11-03 11:40:01',228543,'2010-11-03 11:40:01',238175,21,'20%!10%','/usr/lib/nagios/plugins/check_disk -w \'20%\' -c \'10%\' -e',60,0,0.00963,0.228,0,'DISK OK','/=1177MB;5924;6664;0;7405 /dev=0MB;194;218;0;243 /dev/shm=0MB;198;223;0;248 /var/run=0MB;198;223;0;248 /var/lock=0MB;198;223;0;248 /lib/init/rw=0MB;198;223;0;248 /boot=16MB;181;204;0;227'),(522,1,8,0,1,4,0,1,'2010-11-03 11:41:27',101646,'2010-11-03 11:41:27',116126,45,'','/usr/lib/nagios/plugins/check_http -H \'127.0.0.1\' -I \'127.0.0.1\'',60,0,0.01448,0.101,0,'HTTP OK: HTTP/1.1 200 OK - 1003 bytes in 0.001 second response time','time=0.001325s;;;0.000000 size=1003B;;;0'),(524,1,3,0,1,4,0,1,'2010-11-03 11:42:27',183350,'2010-11-03 11:42:31',196047,103,'100.0,20%!500.0,60%','/usr/lib/nagios/plugins/check_ping -H \'192.168.153.2\' -w \'100.0,20%\' -c \'500.0,60%\'',60,0,4.0127,0.183,0,'PING OK - Packet loss = 0%, RTA = 0.22 ms','rta=0.221000ms;100.000000;500.000000;0.000000 pl=0%;20;60;0'),(525,1,9,0,1,4,0,1,'2010-11-03 11:42:31',197575,'2010-11-03 11:42:31',216372,122,'','/usr/lib/nagios/plugins/check_ssh \'127.0.0.1\'',60,0,0.0188,0.197,0,'SSH OK - OpenSSH_5.3p1 Debian-3ubuntu4 (protocol 2.0)',''),(528,1,10,0,1,4,0,1,'2010-11-03 11:42:52',228188,'2010-11-03 11:42:52',244859,107,'250!400','/usr/lib/nagios/plugins/check_procs -w \'250\' -c \'400\'',60,0,0.01667,0.228,0,'PROCS OK: 97 processes',''),(530,1,6,0,1,4,0,1,'2010-11-03 11:43:14',15845,'2010-11-03 11:43:14',27027,135,'20!50','/usr/lib/nagios/plugins/check_users -w \'20\' -c \'50\'',60,0,0.01118,0.015,0,'USERS OK - 3 users currently logged in','users=3;20;50;0'),(532,1,5,0,1,4,0,1,'2010-11-03 11:43:35',44256,'2010-11-03 11:43:35',53939,69,'5.0!4.0!3.0!10.0!6.0!4.0','/usr/lib/nagios/plugins/check_load --warning=\'5.0,4.0,3.0\' --critical=\'10.0,6.0,4.0\'',60,0,0.00968,0.044,0,'OK - load average: 0.00, 0.00, 0.00','load1=0.000;5.000;10.000;0; load5=0.000;4.000;6.000;0; load15=0.000;3.000;4.000;0;'),(534,1,7,0,1,4,0,1,'2010-11-03 11:45:01',170266,'2010-11-03 11:45:01',184817,21,'20%!10%','/usr/lib/nagios/plugins/check_disk -w \'20%\' -c \'10%\' -e',60,0,0.01455,0.17,0,'DISK OK','/=1177MB;5924;6664;0;7405 /dev=0MB;194;218;0;243 /dev/shm=0MB;198;223;0;248 /var/run=0MB;198;223;0;248 /var/lock=0MB;198;223;0;248 /lib/init/rw=0MB;198;223;0;248 /boot=16MB;181;204;0;227'),(536,1,8,0,1,4,0,1,'2010-11-03 11:46:27',39854,'2010-11-03 11:46:27',54990,45,'','/usr/lib/nagios/plugins/check_http -H \'127.0.0.1\' -I \'127.0.0.1\'',60,0,0.01514,0.039,0,'HTTP OK: HTTP/1.1 200 OK - 1003 bytes in 0.001 second response time','time=0.001207s;;;0.000000 size=1003B;;;0'),(538,1,3,0,1,4,0,1,'2010-11-03 11:47:27',127847,'2010-11-03 11:47:31',140514,103,'100.0,20%!500.0,60%','/usr/lib/nagios/plugins/check_ping -H \'192.168.153.2\' -w \'100.0,20%\' -c \'500.0,60%\'',60,0,4.01267,0.127,0,'PING OK - Packet loss = 0%, RTA = 0.31 ms','rta=0.315000ms;100.000000;500.000000;0.000000 pl=0%;20;60;0'),(539,1,9,0,1,4,0,1,'2010-11-03 11:47:31',141382,'2010-11-03 11:47:31',160301,122,'','/usr/lib/nagios/plugins/check_ssh \'127.0.0.1\'',60,0,0.01892,0.141,0,'SSH OK - OpenSSH_5.3p1 Debian-3ubuntu4 (protocol 2.0)',''),(542,1,10,0,1,4,0,1,'2010-11-03 11:47:52',167924,'2010-11-03 11:47:52',183946,107,'250!400','/usr/lib/nagios/plugins/check_procs -w \'250\' -c \'400\'',60,0,0.01602,0.167,0,'PROCS OK: 97 processes',''),(544,1,6,0,1,4,0,1,'2010-11-03 11:48:14',197642,'2010-11-03 11:48:14',209098,135,'20!50','/usr/lib/nagios/plugins/check_users -w \'20\' -c \'50\'',60,0,0.01146,0.197,0,'USERS OK - 3 users currently logged in','users=3;20;50;0'),(546,1,5,0,1,4,0,1,'2010-11-03 11:48:35',227707,'2010-11-03 11:48:35',237563,69,'5.0!4.0!3.0!10.0!6.0!4.0','/usr/lib/nagios/plugins/check_load --warning=\'5.0,4.0,3.0\' --critical=\'10.0,6.0,4.0\'',60,0,0.00986,0.227,0,'OK - load average: 0.00, 0.00, 0.00','load1=0.000;5.000;10.000;0; load5=0.000;4.000;6.000;0; load15=0.000;3.000;4.000;0;'),(548,1,7,0,1,4,0,1,'2010-11-03 11:50:01',102916,'2010-11-03 11:50:01',112990,21,'20%!10%','/usr/lib/nagios/plugins/check_disk -w \'20%\' -c \'10%\' -e',60,0,0.01007,0.102,0,'DISK OK','/=1177MB;5924;6664;0;7405 /dev=0MB;194;218;0;243 /dev/shm=0MB;198;223;0;248 /var/run=0MB;198;223;0;248 /var/lock=0MB;198;223;0;248 /lib/init/rw=0MB;198;223;0;248 /boot=16MB;181;204;0;227'),(550,1,8,0,1,4,0,1,'2010-11-03 11:51:27',212306,'2010-11-03 11:51:27',226765,45,'','/usr/lib/nagios/plugins/check_http -H \'127.0.0.1\' -I \'127.0.0.1\'',60,0,0.01446,0.212,0,'HTTP OK: HTTP/1.1 200 OK - 1003 bytes in 0.001 second response time','time=0.001066s;;;0.000000 size=1003B;;;0'),(552,1,3,0,1,4,0,1,'2010-11-03 11:52:27',50609,'2010-11-03 11:52:31',60137,103,'100.0,20%!500.0,60%','/usr/lib/nagios/plugins/check_ping -H \'192.168.153.2\' -w \'100.0,20%\' -c \'500.0,60%\'',60,0,4.00953,0.05,0,'PING OK - Packet loss = 0%, RTA = 0.28 ms','rta=0.284000ms;100.000000;500.000000;0.000000 pl=0%;20;60;0'),(553,1,9,0,1,4,0,1,'2010-11-03 11:52:31',61760,'2010-11-03 11:52:31',80401,122,'','/usr/lib/nagios/plugins/check_ssh \'127.0.0.1\'',60,0,0.01864,0.061,0,'SSH OK - OpenSSH_5.3p1 Debian-3ubuntu4 (protocol 2.0)',''),(556,1,10,0,1,4,0,1,'2010-11-03 11:52:52',93197,'2010-11-03 11:52:52',109412,107,'250!400','/usr/lib/nagios/plugins/check_procs -w \'250\' -c \'400\'',60,0,0.01622,0.093,0,'PROCS OK: 97 processes',''),(558,1,6,0,1,4,0,1,'2010-11-03 11:53:14',126742,'2010-11-03 11:53:14',138224,135,'20!50','/usr/lib/nagios/plugins/check_users -w \'20\' -c \'50\'',60,0,0.01148,0.126,0,'USERS OK - 3 users currently logged in','users=3;20;50;0'),(560,1,5,0,1,4,0,1,'2010-11-03 11:53:35',154625,'2010-11-03 11:53:35',164521,69,'5.0!4.0!3.0!10.0!6.0!4.0','/usr/lib/nagios/plugins/check_load --warning=\'5.0,4.0,3.0\' --critical=\'10.0,6.0,4.0\'',60,0,0.0099,0.154,0,'OK - load average: 0.00, 0.00, 0.00','load1=0.000;5.000;10.000;0; load5=0.000;4.000;6.000;0; load15=0.000;3.000;4.000;0;'),(562,1,7,0,1,4,0,1,'2010-11-03 11:55:01',19640,'2010-11-03 11:55:01',28975,21,'20%!10%','/usr/lib/nagios/plugins/check_disk -w \'20%\' -c \'10%\' -e',60,0,0.00933,0.019,0,'DISK OK','/=1177MB;5924;6664;0;7405 /dev=0MB;194;218;0;243 /dev/shm=0MB;198;223;0;248 /var/run=0MB;198;223;0;248 /var/lock=0MB;198;223;0;248 /lib/init/rw=0MB;198;223;0;248 /boot=16MB;181;204;0;227'),(564,1,8,0,1,4,0,1,'2010-11-03 11:56:27',131921,'2010-11-03 11:56:27',143621,45,'','/usr/lib/nagios/plugins/check_http -H \'127.0.0.1\' -I \'127.0.0.1\'',60,0,0.0117,0.131,0,'HTTP OK: HTTP/1.1 200 OK - 1003 bytes in 0.001 second response time','time=0.001210s;;;0.000000 size=1003B;;;0'),(566,1,3,0,1,4,0,1,'2010-11-03 11:57:27',218183,'2010-11-03 11:57:31',230185,103,'100.0,20%!500.0,60%','/usr/lib/nagios/plugins/check_ping -H \'192.168.153.2\' -w \'100.0,20%\' -c \'500.0,60%\'',60,0,4.012,0.217,0,'PING OK - Packet loss = 0%, RTA = 0.36 ms','rta=0.357000ms;100.000000;500.000000;0.000000 pl=0%;20;60;0'),(567,1,9,0,1,4,0,1,'2010-11-03 11:57:31',226928,'2010-11-03 11:57:31',245854,122,'','/usr/lib/nagios/plugins/check_ssh \'127.0.0.1\'',60,0,0.01893,0.226,0,'SSH OK - OpenSSH_5.3p1 Debian-3ubuntu4 (protocol 2.0)',''),(570,1,10,0,1,4,0,1,'2010-11-03 11:57:52',8310,'2010-11-03 11:57:52',23948,107,'250!400','/usr/lib/nagios/plugins/check_procs -w \'250\' -c \'400\'',60,0,0.01564,0.008,0,'PROCS OK: 96 processes',''),(572,1,6,0,1,4,0,1,'2010-11-03 11:58:14',44201,'2010-11-03 11:58:14',55426,135,'20!50','/usr/lib/nagios/plugins/check_users -w \'20\' -c \'50\'',60,0,0.01123,0.044,0,'USERS OK - 3 users currently logged in','users=3;20;50;0'),(573,1,5,0,1,4,0,1,'2010-11-03 11:58:35',78102,'2010-11-03 11:58:35',87211,69,'5.0!4.0!3.0!10.0!6.0!4.0','/usr/lib/nagios/plugins/check_load --warning=\'5.0,4.0,3.0\' --critical=\'10.0,6.0,4.0\'',60,0,0.00911,0.078,0,'OK - load average: 0.00, 0.00, 0.00','load1=0.000;5.000;10.000;0; load5=0.000;4.000;6.000;0; load15=0.000;3.000;4.000;0;'),(575,1,7,0,1,4,0,1,'2010-11-03 12:00:01',223138,'2010-11-03 12:00:01',233092,21,'20%!10%','/usr/lib/nagios/plugins/check_disk -w \'20%\' -c \'10%\' -e',60,0,0.00995,0.222,0,'DISK OK','/=1177MB;5924;6664;0;7405 /dev=0MB;194;218;0;243 /dev/shm=0MB;198;223;0;248 /var/run=0MB;198;223;0;248 /var/lock=0MB;198;223;0;248 /lib/init/rw=0MB;198;223;0;248 /boot=16MB;181;204;0;227'),(577,1,8,0,1,4,0,1,'2010-11-03 12:01:27',85459,'2010-11-03 12:01:27',100200,45,'','/usr/lib/nagios/plugins/check_http -H \'127.0.0.1\' -I \'127.0.0.1\'',60,0,0.01474,0.085,0,'HTTP OK: HTTP/1.1 200 OK - 1003 bytes in 0.001 second response time','time=0.001117s;;;0.000000 size=1003B;;;0'),(579,1,3,0,1,4,0,1,'2010-11-03 12:02:27',175611,'2010-11-03 12:02:31',189146,103,'100.0,20%!500.0,60%','/usr/lib/nagios/plugins/check_ping -H \'192.168.153.2\' -w \'100.0,20%\' -c \'500.0,60%\'',60,0,4.01354,0.175,0,'PING OK - Packet loss = 0%, RTA = 0.31 ms','rta=0.310000ms;100.000000;500.000000;0.000000 pl=0%;20;60;0'),(580,1,9,0,1,4,0,1,'2010-11-03 12:02:31',187371,'2010-11-03 12:02:31',206127,122,'','/usr/lib/nagios/plugins/check_ssh \'127.0.0.1\'',60,0,0.01876,0.187,0,'SSH OK - OpenSSH_5.3p1 Debian-3ubuntu4 (protocol 2.0)',''),(583,1,10,0,1,4,0,1,'2010-11-03 12:02:52',233020,'2010-11-03 12:02:52',249512,107,'250!400','/usr/lib/nagios/plugins/check_procs -w \'250\' -c \'400\'',60,0,0.01649,0.232,0,'PROCS OK: 97 processes',''),(585,1,6,0,1,4,0,1,'2010-11-03 12:03:14',13825,'2010-11-03 12:03:14',25150,135,'20!50','/usr/lib/nagios/plugins/check_users -w \'20\' -c \'50\'',60,0,0.01132,0.013,0,'USERS OK - 3 users currently logged in','users=3;20;50;0'),(587,1,5,0,1,4,0,1,'2010-11-03 12:03:35',45076,'2010-11-03 12:03:35',55180,69,'5.0!4.0!3.0!10.0!6.0!4.0','/usr/lib/nagios/plugins/check_load --warning=\'5.0,4.0,3.0\' --critical=\'10.0,6.0,4.0\'',60,0,0.0101,0.044,0,'OK - load average: 0.00, 0.00, 0.00','load1=0.000;5.000;10.000;0; load5=0.000;4.000;6.000;0; load15=0.000;3.000;4.000;0;'),(589,1,7,0,1,4,0,1,'2010-11-03 12:05:01',154851,'2010-11-03 12:05:01',164574,21,'20%!10%','/usr/lib/nagios/plugins/check_disk -w \'20%\' -c \'10%\' -e',60,0,0.00972,0.154,0,'DISK OK','/=1177MB;5924;6664;0;7405 /dev=0MB;194;218;0;243 /dev/shm=0MB;198;223;0;248 /var/run=0MB;198;223;0;248 /var/lock=0MB;198;223;0;248 /lib/init/rw=0MB;198;223;0;248 /boot=16MB;181;204;0;227'),(591,1,8,0,1,4,0,1,'2010-11-03 12:06:27',253230,'2010-11-03 12:06:27',266019,45,'','/usr/lib/nagios/plugins/check_http -H \'127.0.0.1\' -I \'127.0.0.1\'',60,0,0.01279,0.253,0,'HTTP OK: HTTP/1.1 200 OK - 1003 bytes in 0.001 second response time','time=0.001196s;;;0.000000 size=1003B;;;0'),(593,1,3,0,1,4,0,1,'2010-11-03 12:07:27',76115,'2010-11-03 12:07:31',94150,103,'100.0,20%!500.0,60%','/usr/lib/nagios/plugins/check_ping -H \'192.168.153.2\' -w \'100.0,20%\' -c \'500.0,60%\'',60,0,4.01804,0.075,0,'PING OK - Packet loss = 0%, RTA = 0.27 ms','rta=0.270000ms;100.000000;500.000000;0.000000 pl=0%;20;60;0'),(594,1,9,0,1,4,0,1,'2010-11-03 12:07:31',95148,'2010-11-03 12:07:31',112028,122,'','/usr/lib/nagios/plugins/check_ssh \'127.0.0.1\'',60,0,0.01688,0.095,0,'SSH OK - OpenSSH_5.3p1 Debian-3ubuntu4 (protocol 2.0)',''),(597,1,10,0,1,4,0,1,'2010-11-03 12:07:52',124459,'2010-11-03 12:07:52',141501,107,'250!400','/usr/lib/nagios/plugins/check_procs -w \'250\' -c \'400\'',60,0,0.01704,0.124,0,'PROCS OK: 97 processes',''),(599,1,6,0,1,4,0,1,'2010-11-03 12:08:14',154947,'2010-11-03 12:08:14',165925,135,'20!50','/usr/lib/nagios/plugins/check_users -w \'20\' -c \'50\'',60,0,0.01098,0.154,0,'USERS OK - 3 users currently logged in','users=3;20;50;0'),(601,1,5,0,1,4,0,1,'2010-11-03 12:08:35',188857,'2010-11-03 12:08:35',198949,69,'5.0!4.0!3.0!10.0!6.0!4.0','/usr/lib/nagios/plugins/check_load --warning=\'5.0,4.0,3.0\' --critical=\'10.0,6.0,4.0\'',60,0,0.01009,0.188,0,'OK - load average: 0.00, 0.00, 0.00','load1=0.000;5.000;10.000;0; load5=0.000;4.000;6.000;0; load15=0.000;3.000;4.000;0;'),(603,1,7,0,1,4,0,1,'2010-11-03 12:10:01',63454,'2010-11-03 12:10:01',73204,21,'20%!10%','/usr/lib/nagios/plugins/check_disk -w \'20%\' -c \'10%\' -e',60,0,0.00975,0.063,0,'DISK OK','/=1177MB;5924;6664;0;7405 /dev=0MB;194;218;0;243 /dev/shm=0MB;198;223;0;248 /var/run=0MB;198;223;0;248 /var/lock=0MB;198;223;0;248 /lib/init/rw=0MB;198;223;0;248 /boot=16MB;181;204;0;227'),(605,1,8,0,1,4,0,1,'2010-11-03 12:11:27',174774,'2010-11-03 12:11:27',186809,45,'','/usr/lib/nagios/plugins/check_http -H \'127.0.0.1\' -I \'127.0.0.1\'',60,0,0.01204,0.174,0,'HTTP OK: HTTP/1.1 200 OK - 1003 bytes in 0.001 second response time','time=0.001102s;;;0.000000 size=1003B;;;0'),(607,1,3,0,1,4,0,1,'2010-11-03 12:12:27',249259,'2010-11-03 12:12:31',260188,103,'100.0,20%!500.0,60%','/usr/lib/nagios/plugins/check_ping -H \'192.168.153.2\' -w \'100.0,20%\' -c \'500.0,60%\'',60,0,4.01093,0.249,0,'PING OK - Packet loss = 0%, RTA = 0.24 ms','rta=0.237000ms;100.000000;500.000000;0.000000 pl=0%;20;60;0'),(608,1,9,0,1,4,0,1,'2010-11-03 12:12:31',8563,'2010-11-03 12:12:31',26659,122,'','/usr/lib/nagios/plugins/check_ssh \'127.0.0.1\'',60,0,0.0181,0.008,0,'SSH OK - OpenSSH_5.3p1 Debian-3ubuntu4 (protocol 2.0)',''),(611,1,10,0,1,4,0,1,'2010-11-03 12:12:52',43122,'2010-11-03 12:12:52',59795,107,'250!400','/usr/lib/nagios/plugins/check_procs -w \'250\' -c \'400\'',60,0,0.01667,0.043,0,'PROCS OK: 97 processes',''),(613,1,6,0,1,4,0,1,'2010-11-03 12:13:14',73422,'2010-11-03 12:13:14',84343,135,'20!50','/usr/lib/nagios/plugins/check_users -w \'20\' -c \'50\'',60,0,0.01092,0.073,0,'USERS OK - 3 users currently logged in','users=3;20;50;0'),(615,1,5,0,1,4,0,1,'2010-11-03 12:13:35',103200,'2010-11-03 12:13:35',113554,69,'5.0!4.0!3.0!10.0!6.0!4.0','/usr/lib/nagios/plugins/check_load --warning=\'5.0,4.0,3.0\' --critical=\'10.0,6.0,4.0\'',60,0,0.01035,0.103,0,'OK - load average: 0.00, 0.02, 0.00','load1=0.000;5.000;10.000;0; load5=0.020;4.000;6.000;0; load15=0.000;3.000;4.000;0;'),(617,1,7,0,1,4,0,1,'2010-11-03 12:15:01',228901,'2010-11-03 12:15:01',242639,21,'20%!10%','/usr/lib/nagios/plugins/check_disk -w \'20%\' -c \'10%\' -e',60,0,0.01374,0.228,0,'DISK OK','/=1177MB;5924;6664;0;7405 /dev=0MB;194;218;0;243 /dev/shm=0MB;198;223;0;248 /var/run=0MB;198;223;0;248 /var/lock=0MB;198;223;0;248 /lib/init/rw=0MB;198;223;0;248 /boot=16MB;181;204;0;227'),(619,1,8,0,1,4,0,1,'2010-11-03 12:16:27',95732,'2010-11-03 12:16:27',107544,45,'','/usr/lib/nagios/plugins/check_http -H \'127.0.0.1\' -I \'127.0.0.1\'',60,0,0.01181,0.095,0,'HTTP OK: HTTP/1.1 200 OK - 1003 bytes in 0.001 second response time','time=0.001134s;;;0.000000 size=1003B;;;0'),(621,1,3,0,1,4,0,1,'2010-11-03 12:17:27',179737,'2010-11-03 12:17:31',189961,103,'100.0,20%!500.0,60%','/usr/lib/nagios/plugins/check_ping -H \'192.168.153.2\' -w \'100.0,20%\' -c \'500.0,60%\'',60,0,4.01022,0.179,0,'PING OK - Packet loss = 0%, RTA = 0.23 ms','rta=0.234000ms;100.000000;500.000000;0.000000 pl=0%;20;60;0'),(622,1,9,0,1,4,0,1,'2010-11-03 12:17:31',188796,'2010-11-03 12:17:31',206698,122,'','/usr/lib/nagios/plugins/check_ssh \'127.0.0.1\'',60,0,0.0179,0.188,0,'SSH OK - OpenSSH_5.3p1 Debian-3ubuntu4 (protocol 2.0)',''),(625,1,10,0,1,4,0,1,'2010-11-03 12:17:52',225779,'2010-11-03 12:17:52',242799,107,'250!400','/usr/lib/nagios/plugins/check_procs -w \'250\' -c \'400\'',60,0,0.01702,0.225,0,'PROCS OK: 101 processes',''),(627,1,6,0,1,4,0,1,'2010-11-03 12:18:14',9171,'2010-11-03 12:18:14',20665,135,'20!50','/usr/lib/nagios/plugins/check_users -w \'20\' -c \'50\'',60,0,0.01149,0.009,0,'USERS OK - 4 users currently logged in','users=4;20;50;0'),(629,1,5,0,1,4,0,1,'2010-11-03 12:18:35',48039,'2010-11-03 12:18:35',57748,69,'5.0!4.0!3.0!10.0!6.0!4.0','/usr/lib/nagios/plugins/check_load --warning=\'5.0,4.0,3.0\' --critical=\'10.0,6.0,4.0\'',60,0,0.00971,0.047,0,'OK - load average: 0.00, 0.00, 0.00','load1=0.000;5.000;10.000;0; load5=0.000;4.000;6.000;0; load15=0.000;3.000;4.000;0;'),(631,1,7,0,1,4,0,1,'2010-11-03 12:20:01',191746,'2010-11-03 12:20:01',201928,21,'20%!10%','/usr/lib/nagios/plugins/check_disk -w \'20%\' -c \'10%\' -e',60,0,0.01018,0.191,0,'DISK OK','/=1177MB;5924;6664;0;7405 /dev=0MB;194;218;0;243 /dev/shm=0MB;198;223;0;248 /var/run=0MB;198;223;0;248 /var/lock=0MB;198;223;0;248 /lib/init/rw=0MB;198;223;0;248 /boot=16MB;181;204;0;227'),(632,1,8,0,1,4,0,1,'2010-11-03 12:21:27',43679,'2010-11-03 12:21:27',56074,45,'','/usr/lib/nagios/plugins/check_http -H \'127.0.0.1\' -I \'127.0.0.1\'',60,0,0.01239,0.043,0,'HTTP OK: HTTP/1.1 200 OK - 1003 bytes in 0.001 second response time','time=0.001273s;;;0.000000 size=1003B;;;0'),(634,1,3,0,1,4,0,1,'2010-11-03 12:22:27',126182,'2010-11-03 12:22:31',136155,103,'100.0,20%!500.0,60%','/usr/lib/nagios/plugins/check_ping -H \'192.168.153.2\' -w \'100.0,20%\' -c \'500.0,60%\'',60,0,4.00997,0.125,0,'PING OK - Packet loss = 0%, RTA = 0.24 ms','rta=0.239000ms;100.000000;500.000000;0.000000 pl=0%;20;60;0'),(635,1,9,0,1,4,0,1,'2010-11-03 12:22:31',137752,'2010-11-03 12:22:31',154293,122,'','/usr/lib/nagios/plugins/check_ssh \'127.0.0.1\'',60,0,0.01654,0.137,0,'SSH OK - OpenSSH_5.3p1 Debian-3ubuntu4 (protocol 2.0)',''),(638,1,10,0,1,4,0,1,'2010-11-03 12:22:52',168253,'2010-11-03 12:22:52',185301,107,'250!400','/usr/lib/nagios/plugins/check_procs -w \'250\' -c \'400\'',60,0,0.01705,0.168,0,'PROCS OK: 100 processes',''),(640,1,6,0,1,4,0,1,'2010-11-03 12:23:14',204619,'2010-11-03 12:23:14',215792,135,'20!50','/usr/lib/nagios/plugins/check_users -w \'20\' -c \'50\'',60,0,0.01117,0.204,0,'USERS OK - 4 users currently logged in','users=4;20;50;0'),(642,1,5,0,1,4,0,1,'2010-11-03 12:23:35',233117,'2010-11-03 12:23:35',243823,69,'5.0!4.0!3.0!10.0!6.0!4.0','/usr/lib/nagios/plugins/check_load --warning=\'5.0,4.0,3.0\' --critical=\'10.0,6.0,4.0\'',60,0,0.01071,0.233,0,'OK - load average: 0.00, 0.00, 0.00','load1=0.000;5.000;10.000;0; load5=0.000;4.000;6.000;0; load15=0.000;3.000;4.000;0;'),(644,1,7,0,1,4,0,1,'2010-11-03 12:25:01',106896,'2010-11-03 12:25:01',116643,21,'20%!10%','/usr/lib/nagios/plugins/check_disk -w \'20%\' -c \'10%\' -e',60,0,0.00975,0.106,0,'DISK OK','/=1177MB;5924;6664;0;7405 /dev=0MB;194;218;0;243 /dev/shm=0MB;198;223;0;248 /var/run=0MB;198;223;0;248 /var/lock=0MB;198;223;0;248 /lib/init/rw=0MB;198;223;0;248 /boot=16MB;181;204;0;227'),(646,1,8,0,1,4,0,1,'2010-11-03 12:26:27',225360,'2010-11-03 12:26:27',237504,45,'','/usr/lib/nagios/plugins/check_http -H \'127.0.0.1\' -I \'127.0.0.1\'',60,0,0.01214,0.225,0,'HTTP OK: HTTP/1.1 200 OK - 1003 bytes in 0.001 second response time','time=0.001360s;;;0.000000 size=1003B;;;0'),(648,1,3,0,1,4,0,1,'2010-11-03 12:27:27',48479,'2010-11-03 12:27:31',60769,103,'100.0,20%!500.0,60%','/usr/lib/nagios/plugins/check_ping -H \'192.168.153.2\' -w \'100.0,20%\' -c \'500.0,60%\'',60,0,4.01229,0.048,0,'PING OK - Packet loss = 0%, RTA = 0.32 ms','rta=0.317000ms;100.000000;500.000000;0.000000 pl=0%;20;60;0'),(649,1,9,0,1,4,0,1,'2010-11-03 12:27:31',57957,'2010-11-03 12:27:31',77289,122,'','/usr/lib/nagios/plugins/check_ssh \'127.0.0.1\'',60,0,0.01933,0.057,0,'SSH OK - OpenSSH_5.3p1 Debian-3ubuntu4 (protocol 2.0)',''),(652,1,10,0,1,4,0,1,'2010-11-03 12:27:52',90432,'2010-11-03 12:27:52',107563,107,'250!400','/usr/lib/nagios/plugins/check_procs -w \'250\' -c \'400\'',60,0,0.01713,0.09,0,'PROCS OK: 99 processes',''),(654,1,6,0,1,4,0,1,'2010-11-03 12:28:14',127678,'2010-11-03 12:28:14',138596,135,'20!50','/usr/lib/nagios/plugins/check_users -w \'20\' -c \'50\'',60,0,0.01092,0.127,0,'USERS OK - 4 users currently logged in','users=4;20;50;0'),(656,1,5,0,1,4,0,1,'2010-11-03 12:28:35',157807,'2010-11-03 12:28:35',167994,69,'5.0!4.0!3.0!10.0!6.0!4.0','/usr/lib/nagios/plugins/check_load --warning=\'5.0,4.0,3.0\' --critical=\'10.0,6.0,4.0\'',60,0,0.01019,0.157,0,'OK - load average: 0.00, 0.00, 0.00','load1=0.000;5.000;10.000;0; load5=0.000;4.000;6.000;0; load15=0.000;3.000;4.000;0;'),(658,1,7,0,1,4,0,1,'2010-11-03 12:30:01',23571,'2010-11-03 12:30:01',33677,21,'20%!10%','/usr/lib/nagios/plugins/check_disk -w \'20%\' -c \'10%\' -e',60,0,0.01011,0.022,0,'DISK OK','/=1177MB;5924;6664;0;7405 /dev=0MB;194;218;0;243 /dev/shm=0MB;198;223;0;248 /var/run=0MB;198;223;0;248 /var/lock=0MB;198;223;0;248 /lib/init/rw=0MB;198;223;0;248 /boot=16MB;181;204;0;227'),(660,1,8,0,1,4,0,1,'2010-11-03 12:31:27',160621,'2010-11-03 12:31:27',172494,45,'','/usr/lib/nagios/plugins/check_http -H \'127.0.0.1\' -I \'127.0.0.1\'',60,0,0.01187,0.16,0,'HTTP OK: HTTP/1.1 200 OK - 1003 bytes in 0.001 second response time','time=0.001184s;;;0.000000 size=1003B;;;0'),(662,1,3,0,1,4,0,1,'2010-11-03 12:32:27',240234,'2010-11-03 12:32:31',253485,103,'100.0,20%!500.0,60%','/usr/lib/nagios/plugins/check_ping -H \'192.168.153.2\' -w \'100.0,20%\' -c \'500.0,60%\'',60,0,4.01325,0.239,0,'PING OK - Packet loss = 0%, RTA = 0.41 ms','rta=0.413000ms;100.000000;500.000000;0.000000 pl=0%;20;60;0'),(663,1,9,0,1,4,0,1,'2010-11-03 12:32:31',251968,'2010-11-03 12:32:31',269933,122,'','/usr/lib/nagios/plugins/check_ssh \'127.0.0.1\'',60,0,0.01796,0.251,0,'SSH OK - OpenSSH_5.3p1 Debian-3ubuntu4 (protocol 2.0)',''),(666,1,10,0,1,4,0,1,'2010-11-03 12:32:52',34554,'2010-11-03 12:32:52',52256,107,'250!400','/usr/lib/nagios/plugins/check_procs -w \'250\' -c \'400\'',60,0,0.0177,0.034,0,'PROCS OK: 99 processes',''),(668,1,6,0,1,4,0,1,'2010-11-03 12:33:14',73269,'2010-11-03 12:33:14',84749,135,'20!50','/usr/lib/nagios/plugins/check_users -w \'20\' -c \'50\'',60,0,0.01148,0.073,0,'USERS OK - 4 users currently logged in','users=4;20;50;0'),(670,1,5,0,1,4,0,1,'2010-11-03 12:33:35',109435,'2010-11-03 12:33:35',119309,69,'5.0!4.0!3.0!10.0!6.0!4.0','/usr/lib/nagios/plugins/check_load --warning=\'5.0,4.0,3.0\' --critical=\'10.0,6.0,4.0\'',60,0,0.00987,0.109,0,'OK - load average: 0.01, 0.08, 0.04','load1=0.010;5.000;10.000;0; load5=0.080;4.000;6.000;0; load15=0.040;3.000;4.000;0;'),(672,1,7,0,1,4,0,1,'2010-11-03 12:35:01',224773,'2010-11-03 12:35:01',234618,21,'20%!10%','/usr/lib/nagios/plugins/check_disk -w \'20%\' -c \'10%\' -e',60,0,0.00984,0.224,0,'DISK OK','/=1177MB;5924;6664;0;7405 /dev=0MB;194;218;0;243 /dev/shm=0MB;198;223;0;248 /var/run=0MB;198;223;0;248 /var/lock=0MB;198;223;0;248 /lib/init/rw=0MB;198;223;0;248 /boot=16MB;181;204;0;227'),(674,1,8,0,1,4,0,1,'2010-11-03 12:36:27',94504,'2010-11-03 12:36:27',106839,45,'','/usr/lib/nagios/plugins/check_http -H \'127.0.0.1\' -I \'127.0.0.1\'',60,0,0.01234,0.094,0,'HTTP OK: HTTP/1.1 200 OK - 1003 bytes in 0.001 second response time','time=0.001340s;;;0.000000 size=1003B;;;0'),(676,1,3,0,1,4,0,1,'2010-11-03 12:37:27',170683,'2010-11-03 12:37:31',184332,103,'100.0,20%!500.0,60%','/usr/lib/nagios/plugins/check_ping -H \'192.168.153.2\' -w \'100.0,20%\' -c \'500.0,60%\'',60,0,4.01365,0.17,0,'PING OK - Packet loss = 0%, RTA = 0.31 ms','rta=0.306000ms;100.000000;500.000000;0.000000 pl=0%;20;60;0'),(677,1,9,0,1,4,0,1,'2010-11-03 12:37:31',181131,'2010-11-03 12:37:31',203367,122,'','/usr/lib/nagios/plugins/check_ssh \'127.0.0.1\'',60,0,0.02224,0.18,0,'SSH OK - OpenSSH_5.3p1 Debian-3ubuntu4 (protocol 2.0)',''),(680,1,10,0,1,4,0,1,'2010-11-03 12:37:52',216945,'2010-11-03 12:37:52',234021,107,'250!400','/usr/lib/nagios/plugins/check_procs -w \'250\' -c \'400\'',60,0,0.01708,0.216,0,'PROCS OK: 99 processes',''),(682,1,6,0,1,4,0,1,'2010-11-03 12:38:14',247544,'2010-11-03 12:38:14',259268,135,'20!50','/usr/lib/nagios/plugins/check_users -w \'20\' -c \'50\'',60,0,0.01172,0.247,0,'USERS OK - 4 users currently logged in','users=4;20;50;0'),(684,1,5,0,1,4,0,1,'2010-11-03 12:38:35',39212,'2010-11-03 12:38:35',49235,69,'5.0!4.0!3.0!10.0!6.0!4.0','/usr/lib/nagios/plugins/check_load --warning=\'5.0,4.0,3.0\' --critical=\'10.0,6.0,4.0\'',60,0,0.01002,0.039,0,'OK - load average: 0.00, 0.02, 0.01','load1=0.000;5.000;10.000;0; load5=0.020;4.000;6.000;0; load15=0.010;3.000;4.000;0;'),(686,1,7,0,1,4,0,1,'2010-11-03 12:40:01',4149,'2010-11-03 12:40:01',14551,21,'20%!10%','/usr/lib/nagios/plugins/check_disk -w \'20%\' -c \'10%\' -e',60,0,0.0104,0.003,0,'DISK OK','/=1177MB;5924;6664;0;7405 /dev=0MB;194;218;0;243 /dev/shm=0MB;198;223;0;248 /var/run=0MB;198;223;0;248 /var/lock=0MB;198;223;0;248 /lib/init/rw=0MB;198;223;0;248 /boot=16MB;181;204;0;227'),(688,1,8,0,1,4,0,1,'2010-11-03 12:41:27',169288,'2010-11-03 12:41:27',182081,45,'','/usr/lib/nagios/plugins/check_http -H \'127.0.0.1\' -I \'127.0.0.1\'',60,0,0.01279,0.169,0,'HTTP OK: HTTP/1.1 200 OK - 1003 bytes in 0.001 second response time','time=0.001374s;;;0.000000 size=1003B;;;0'),(690,1,3,0,1,4,0,1,'2010-11-03 12:42:27',249680,'2010-11-03 12:42:31',264708,103,'100.0,20%!500.0,60%','/usr/lib/nagios/plugins/check_ping -H \'192.168.153.2\' -w \'100.0,20%\' -c \'500.0,60%\'',60,0,4.01503,0.249,0,'PING OK - Packet loss = 0%, RTA = 0.23 ms','rta=0.235000ms;100.000000;500.000000;0.000000 pl=0%;20;60;0'),(691,1,9,0,1,4,0,1,'2010-11-03 12:42:31',16490,'2010-11-03 12:42:31',33339,122,'','/usr/lib/nagios/plugins/check_ssh \'127.0.0.1\'',60,0,0.01685,0.016,0,'SSH OK - OpenSSH_5.3p1 Debian-3ubuntu4 (protocol 2.0)',''),(694,1,10,0,1,4,0,1,'2010-11-03 12:42:52',53418,'2010-11-03 12:42:52',70222,107,'250!400','/usr/lib/nagios/plugins/check_procs -w \'250\' -c \'400\'',60,0,0.0168,0.053,0,'PROCS OK: 99 processes',''),(696,1,6,0,1,4,0,1,'2010-11-03 12:43:14',83671,'2010-11-03 12:43:14',94934,135,'20!50','/usr/lib/nagios/plugins/check_users -w \'20\' -c \'50\'',60,0,0.01126,0.083,0,'USERS OK - 4 users currently logged in','users=4;20;50;0'),(698,1,5,0,1,4,0,1,'2010-11-03 12:43:35',116425,'2010-11-03 12:43:35',127490,69,'5.0!4.0!3.0!10.0!6.0!4.0','/usr/lib/nagios/plugins/check_load --warning=\'5.0,4.0,3.0\' --critical=\'10.0,6.0,4.0\'',60,0,0.01107,0.116,0,'OK - load average: 0.00, 0.00, 0.00','load1=0.000;5.000;10.000;0; load5=0.000;4.000;6.000;0; load15=0.000;3.000;4.000;0;'),(700,1,7,0,1,4,0,1,'2010-11-03 12:45:01',236394,'2010-11-03 12:45:01',245935,21,'20%!10%','/usr/lib/nagios/plugins/check_disk -w \'20%\' -c \'10%\' -e',60,0,0.00954,0.236,0,'DISK OK','/=1177MB;5924;6664;0;7405 /dev=0MB;194;218;0;243 /dev/shm=0MB;198;223;0;248 /var/run=0MB;198;223;0;248 /var/lock=0MB;198;223;0;248 /lib/init/rw=0MB;198;223;0;248 /boot=16MB;181;204;0;227'),(702,1,8,0,1,4,0,1,'2010-11-03 12:46:27',127113,'2010-11-03 12:46:27',138930,45,'','/usr/lib/nagios/plugins/check_http -H \'127.0.0.1\' -I \'127.0.0.1\'',60,0,0.01182,0.126,0,'HTTP OK: HTTP/1.1 200 OK - 1003 bytes in 0.001 second response time','time=0.001203s;;;0.000000 size=1003B;;;0'),(704,1,3,0,1,4,0,1,'2010-11-03 12:47:27',211956,'2010-11-03 12:47:31',224158,103,'100.0,20%!500.0,60%','/usr/lib/nagios/plugins/check_ping -H \'192.168.153.2\' -w \'100.0,20%\' -c \'500.0,60%\'',60,0,4.0122,0.211,0,'PING OK - Packet loss = 0%, RTA = 0.26 ms','rta=0.259000ms;100.000000;500.000000;0.000000 pl=0%;20;60;0'),(705,1,9,0,1,4,0,1,'2010-11-03 12:47:31',225762,'2010-11-03 12:47:31',244308,122,'','/usr/lib/nagios/plugins/check_ssh \'127.0.0.1\'',60,0,0.01855,0.225,0,'SSH OK - OpenSSH_5.3p1 Debian-3ubuntu4 (protocol 2.0)',''),(708,1,10,0,1,4,0,1,'2010-11-03 12:47:52',14480,'2010-11-03 12:47:52',31651,107,'250!400','/usr/lib/nagios/plugins/check_procs -w \'250\' -c \'400\'',60,0,0.01717,0.014,0,'PROCS OK: 98 processes',''),(710,1,6,0,1,4,0,1,'2010-11-03 12:48:14',41899,'2010-11-03 12:48:14',53681,135,'20!50','/usr/lib/nagios/plugins/check_users -w \'20\' -c \'50\'',60,0,0.01178,0.041,0,'USERS OK - 4 users currently logged in','users=4;20;50;0'),(712,1,5,0,1,4,0,1,'2010-11-03 12:48:35',74918,'2010-11-03 12:48:35',84719,69,'5.0!4.0!3.0!10.0!6.0!4.0','/usr/lib/nagios/plugins/check_load --warning=\'5.0,4.0,3.0\' --critical=\'10.0,6.0,4.0\'',60,0,0.0098,0.074,0,'OK - load average: 0.00, 0.00, 0.00','load1=0.000;5.000;10.000;0; load5=0.000;4.000;6.000;0; load15=0.000;3.000;4.000;0;'),(714,1,7,0,1,4,0,1,'2010-11-03 12:50:01',195419,'2010-11-03 12:50:01',207757,21,'20%!10%','/usr/lib/nagios/plugins/check_disk -w \'20%\' -c \'10%\' -e',60,0,0.01234,0.195,0,'DISK OK','/=1177MB;5924;6664;0;7405 /dev=0MB;194;218;0;243 /dev/shm=0MB;198;223;0;248 /var/run=0MB;198;223;0;248 /var/lock=0MB;198;223;0;248 /lib/init/rw=0MB;198;223;0;248 /boot=16MB;181;204;0;227'),(716,1,8,0,1,4,0,1,'2010-11-03 12:51:27',67035,'2010-11-03 12:51:27',81300,45,'','/usr/lib/nagios/plugins/check_http -H \'127.0.0.1\' -I \'127.0.0.1\'',60,0,0.01426,0.066,0,'HTTP OK: HTTP/1.1 200 OK - 1003 bytes in 0.001 second response time','time=0.000660s;;;0.000000 size=1003B;;;0'),(718,1,3,0,1,4,0,1,'2010-11-03 12:52:27',152475,'2010-11-03 12:52:31',165548,103,'100.0,20%!500.0,60%','/usr/lib/nagios/plugins/check_ping -H \'192.168.153.2\' -w \'100.0,20%\' -c \'500.0,60%\'',60,0,4.01307,0.152,0,'PING OK - Packet loss = 0%, RTA = 0.28 ms','rta=0.276000ms;100.000000;500.000000;0.000000 pl=0%;20;60;0'),(719,1,9,0,1,4,0,1,'2010-11-03 12:52:31',163861,'2010-11-03 12:52:31',183841,122,'','/usr/lib/nagios/plugins/check_ssh \'127.0.0.1\'',60,0,0.01998,0.163,0,'SSH OK - OpenSSH_5.3p1 Debian-3ubuntu4 (protocol 2.0)',''),(722,1,10,0,1,4,0,1,'2010-11-03 12:52:52',190590,'2010-11-03 12:52:52',207652,107,'250!400','/usr/lib/nagios/plugins/check_procs -w \'250\' -c \'400\'',60,0,0.01706,0.19,0,'PROCS OK: 100 processes',''),(724,1,6,0,1,4,0,1,'2010-11-03 12:53:14',220682,'2010-11-03 12:53:14',231912,135,'20!50','/usr/lib/nagios/plugins/check_users -w \'20\' -c \'50\'',60,0,0.01123,0.22,0,'USERS OK - 4 users currently logged in','users=4;20;50;0'),(726,1,5,0,1,4,0,1,'2010-11-03 12:53:35',250568,'2010-11-03 12:53:35',262440,69,'5.0!4.0!3.0!10.0!6.0!4.0','/usr/lib/nagios/plugins/check_load --warning=\'5.0,4.0,3.0\' --critical=\'10.0,6.0,4.0\'',60,0,0.01187,0.25,0,'OK - load average: 0.00, 0.01, 0.00','load1=0.000;5.000;10.000;0; load5=0.010;4.000;6.000;0; load15=0.000;3.000;4.000;0;'),(728,1,7,0,1,4,0,1,'2010-11-03 12:55:01',111786,'2010-11-03 12:55:01',122101,21,'20%!10%','/usr/lib/nagios/plugins/check_disk -w \'20%\' -c \'10%\' -e',60,0,0.01031,0.111,0,'DISK OK','/=1177MB;5924;6664;0;7405 /dev=0MB;194;218;0;243 /dev/shm=0MB;198;223;0;248 /var/run=0MB;198;223;0;248 /var/lock=0MB;198;223;0;248 /lib/init/rw=0MB;198;223;0;248 /boot=16MB;181;204;0;227'),(730,1,8,0,1,4,0,1,'2010-11-03 12:56:27',216886,'2010-11-03 12:56:27',229611,45,'','/usr/lib/nagios/plugins/check_http -H \'127.0.0.1\' -I \'127.0.0.1\'',60,0,0.01273,0.216,0,'HTTP OK: HTTP/1.1 200 OK - 1003 bytes in 0.001 second response time','time=0.000852s;;;0.000000 size=1003B;;;0'),(732,1,3,0,1,4,0,1,'2010-11-03 12:57:27',43624,'2010-11-03 12:57:31',56259,103,'100.0,20%!500.0,60%','/usr/lib/nagios/plugins/check_ping -H \'192.168.153.2\' -w \'100.0,20%\' -c \'500.0,60%\'',60,0,4.01264,0.043,0,'PING OK - Packet loss = 0%, RTA = 0.22 ms','rta=0.215000ms;100.000000;500.000000;0.000000 pl=0%;20;60;0'),(733,1,9,0,1,4,0,1,'2010-11-03 12:57:31',52336,'2010-11-03 12:57:31',74294,122,'','/usr/lib/nagios/plugins/check_ssh \'127.0.0.1\'',60,0,0.02196,0.052,0,'SSH OK - OpenSSH_5.3p1 Debian-3ubuntu4 (protocol 2.0)',''),(736,1,10,0,1,4,0,1,'2010-11-03 12:57:52',82855,'2010-11-03 12:57:52',99535,107,'250!400','/usr/lib/nagios/plugins/check_procs -w \'250\' -c \'400\'',60,0,0.01668,0.082,0,'PROCS OK: 99 processes',''),(738,1,6,0,1,4,0,1,'2010-11-03 12:58:14',114530,'2010-11-03 12:58:14',125873,135,'20!50','/usr/lib/nagios/plugins/check_users -w \'20\' -c \'50\'',60,0,0.01134,0.114,0,'USERS OK - 4 users currently logged in','users=4;20;50;0'),(740,1,5,0,1,4,0,1,'2010-11-03 12:58:35',144238,'2010-11-03 12:58:35',154385,69,'5.0!4.0!3.0!10.0!6.0!4.0','/usr/lib/nagios/plugins/check_load --warning=\'5.0,4.0,3.0\' --critical=\'10.0,6.0,4.0\'',60,0,0.01015,0.144,0,'OK - load average: 0.00, 0.00, 0.00','load1=0.000;5.000;10.000;0; load5=0.000;4.000;6.000;0; load15=0.000;3.000;4.000;0;'),(742,1,7,0,1,4,0,1,'2010-11-03 13:00:01',37300,'2010-11-03 13:00:01',47140,21,'20%!10%','/usr/lib/nagios/plugins/check_disk -w \'20%\' -c \'10%\' -e',60,0,0.00984,0.037,0,'DISK OK','/=1179MB;5924;6664;0;7405 /dev=0MB;194;218;0;243 /dev/shm=0MB;198;223;0;248 /var/run=0MB;198;223;0;248 /var/lock=0MB;198;223;0;248 /lib/init/rw=0MB;198;223;0;248 /boot=16MB;181;204;0;227'),(744,1,8,0,1,4,0,1,'2010-11-03 13:01:27',140247,'2010-11-03 13:01:27',152012,45,'','/usr/lib/nagios/plugins/check_http -H \'127.0.0.1\' -I \'127.0.0.1\'',60,0,0.01176,0.14,0,'HTTP OK: HTTP/1.1 200 OK - 1003 bytes in 0.001 second response time','time=0.001028s;;;0.000000 size=1003B;;;0'),(746,1,3,0,1,4,0,1,'2010-11-03 13:02:27',219210,'2010-11-03 13:02:31',232001,103,'100.0,20%!500.0,60%','/usr/lib/nagios/plugins/check_ping -H \'192.168.153.2\' -w \'100.0,20%\' -c \'500.0,60%\'',60,0,4.01279,0.219,0,'PING OK - Packet loss = 0%, RTA = 0.61 ms','rta=0.610000ms;100.000000;500.000000;0.000000 pl=0%;20;60;0'),(747,1,9,0,1,4,0,1,'2010-11-03 13:02:31',229697,'2010-11-03 13:02:31',248767,122,'','/usr/lib/nagios/plugins/check_ssh \'127.0.0.1\'',60,0,0.01907,0.229,0,'SSH OK - OpenSSH_5.3p1 Debian-3ubuntu4 (protocol 2.0)',''),(750,1,10,0,1,4,0,1,'2010-11-03 13:02:52',11844,'2010-11-03 13:02:52',29182,107,'250!400','/usr/lib/nagios/plugins/check_procs -w \'250\' -c \'400\'',60,0,0.01734,0.011,0,'PROCS OK: 99 processes',''),(752,1,6,0,1,4,0,1,'2010-11-03 13:03:14',41500,'2010-11-03 13:03:14',52933,135,'20!50','/usr/lib/nagios/plugins/check_users -w \'20\' -c \'50\'',60,0,0.01143,0.041,0,'USERS OK - 4 users currently logged in','users=4;20;50;0'),(754,1,5,0,1,4,0,1,'2010-11-03 13:03:35',67876,'2010-11-03 13:03:35',83123,69,'5.0!4.0!3.0!10.0!6.0!4.0','/usr/lib/nagios/plugins/check_load --warning=\'5.0,4.0,3.0\' --critical=\'10.0,6.0,4.0\'',60,0,0.01525,0.067,0,'OK - load average: 0.00, 0.00, 0.00','load1=0.000;5.000;10.000;0; load5=0.000;4.000;6.000;0; load15=0.000;3.000;4.000;0;'),(756,1,7,0,1,4,0,1,'2010-11-03 13:05:01',189555,'2010-11-03 13:05:01',201358,21,'20%!10%','/usr/lib/nagios/plugins/check_disk -w \'20%\' -c \'10%\' -e',60,0,0.0118,0.189,0,'DISK OK','/=1179MB;5924;6664;0;7405 /dev=0MB;194;218;0;243 /dev/shm=0MB;198;223;0;248 /var/run=0MB;198;223;0;248 /var/lock=0MB;198;223;0;248 /lib/init/rw=0MB;198;223;0;248 /boot=16MB;181;204;0;227'),(758,1,8,0,1,4,0,1,'2010-11-03 13:06:27',47665,'2010-11-03 13:06:27',63410,45,'','/usr/lib/nagios/plugins/check_http -H \'127.0.0.1\' -I \'127.0.0.1\'',60,0,0.01574,0.047,0,'HTTP OK: HTTP/1.1 200 OK - 1003 bytes in 0.001 second response time','time=0.001122s;;;0.000000 size=1003B;;;0'),(760,1,3,0,1,4,0,1,'2010-11-03 13:07:27',126701,'2010-11-03 13:07:31',136118,103,'100.0,20%!500.0,60%','/usr/lib/nagios/plugins/check_ping -H \'192.168.153.2\' -w \'100.0,20%\' -c \'500.0,60%\'',60,0,4.00942,0.125,0,'PING OK - Packet loss = 0%, RTA = 0.27 ms','rta=0.267000ms;100.000000;500.000000;0.000000 pl=0%;20;60;0'),(761,1,9,0,1,4,0,1,'2010-11-03 13:07:31',137670,'2010-11-03 13:07:31',154523,122,'','/usr/lib/nagios/plugins/check_ssh \'127.0.0.1\'',60,0,0.01685,0.137,0,'SSH OK - OpenSSH_5.3p1 Debian-3ubuntu4 (protocol 2.0)',''),(764,1,10,0,1,4,0,1,'2010-11-03 13:07:52',172551,'2010-11-03 13:07:52',189769,107,'250!400','/usr/lib/nagios/plugins/check_procs -w \'250\' -c \'400\'',60,0,0.01722,0.172,0,'PROCS OK: 100 processes',''),(766,1,6,0,1,4,0,1,'2010-11-03 13:08:14',202373,'2010-11-03 13:08:14',217200,135,'20!50','/usr/lib/nagios/plugins/check_users -w \'20\' -c \'50\'',60,0,0.01483,0.202,0,'USERS OK - 4 users currently logged in','users=4;20;50;0'),(768,1,5,0,1,4,0,1,'2010-11-03 13:08:35',230092,'2010-11-03 13:08:35',240263,69,'5.0!4.0!3.0!10.0!6.0!4.0','/usr/lib/nagios/plugins/check_load --warning=\'5.0,4.0,3.0\' --critical=\'10.0,6.0,4.0\'',60,0,0.01017,0.229,0,'OK - load average: 0.00, 0.00, 0.00','load1=0.000;5.000;10.000;0; load5=0.000;4.000;6.000;0; load15=0.000;3.000;4.000;0;'),(770,1,7,0,1,4,0,1,'2010-11-03 13:10:01',121615,'2010-11-03 13:10:01',131666,21,'20%!10%','/usr/lib/nagios/plugins/check_disk -w \'20%\' -c \'10%\' -e',60,0,0.01005,0.121,0,'DISK OK','/=1178MB;5924;6664;0;7405 /dev=0MB;194;218;0;243 /dev/shm=0MB;198;223;0;248 /var/run=0MB;198;223;0;248 /var/lock=0MB;198;223;0;248 /lib/init/rw=0MB;198;223;0;248 /boot=16MB;181;204;0;227'),(772,1,8,0,1,4,0,1,'2010-11-03 13:11:27',234766,'2010-11-03 13:11:27',247353,45,'','/usr/lib/nagios/plugins/check_http -H \'127.0.0.1\' -I \'127.0.0.1\'',60,0,0.01259,0.234,0,'HTTP OK: HTTP/1.1 200 OK - 1003 bytes in 0.001 second response time','time=0.001047s;;;0.000000 size=1003B;;;0'),(774,1,3,0,1,4,0,1,'2010-11-03 13:12:27',72905,'2010-11-03 13:12:31',84652,103,'100.0,20%!500.0,60%','/usr/lib/nagios/plugins/check_ping -H \'192.168.153.2\' -w \'100.0,20%\' -c \'500.0,60%\'',60,0,4.01175,0.072,0,'PING OK - Packet loss = 0%, RTA = 0.29 ms','rta=0.289000ms;100.000000;500.000000;0.000000 pl=0%;20;60;0'),(775,1,9,0,1,4,0,1,'2010-11-03 13:12:31',82113,'2010-11-03 13:12:31',103472,122,'','/usr/lib/nagios/plugins/check_ssh \'127.0.0.1\'',60,0,0.02136,0.081,0,'SSH OK - OpenSSH_5.3p1 Debian-3ubuntu4 (protocol 2.0)',''),(778,1,10,0,1,4,0,1,'2010-11-03 13:12:52',121305,'2010-11-03 13:12:52',137633,107,'250!400','/usr/lib/nagios/plugins/check_procs -w \'250\' -c \'400\'',60,0,0.01633,0.121,0,'PROCS OK: 100 processes',''),(780,1,6,0,1,4,0,1,'2010-11-03 13:13:14',155071,'2010-11-03 13:13:14',165930,135,'20!50','/usr/lib/nagios/plugins/check_users -w \'20\' -c \'50\'',60,0,0.01086,0.154,0,'USERS OK - 4 users currently logged in','users=4;20;50;0'),(782,1,5,0,1,4,0,1,'2010-11-03 13:13:35',184604,'2010-11-03 13:13:35',194657,69,'5.0!4.0!3.0!10.0!6.0!4.0','/usr/lib/nagios/plugins/check_load --warning=\'5.0,4.0,3.0\' --critical=\'10.0,6.0,4.0\'',60,0,0.01005,0.184,0,'OK - load average: 0.10, 0.07, 0.02','load1=0.100;5.000;10.000;0; load5=0.070;4.000;6.000;0; load15=0.020;3.000;4.000;0;'),(784,1,7,0,1,4,0,1,'2010-11-03 13:15:01',51024,'2010-11-03 13:15:01',60510,21,'20%!10%','/usr/lib/nagios/plugins/check_disk -w \'20%\' -c \'10%\' -e',60,0,0.00949,0.05,0,'DISK OK','/=1178MB;5924;6664;0;7405 /dev=0MB;194;218;0;243 /dev/shm=0MB;198;223;0;248 /var/run=0MB;198;223;0;248 /var/lock=0MB;198;223;0;248 /lib/init/rw=0MB;198;223;0;248 /boot=16MB;181;204;0;227'),(786,1,8,0,1,4,0,1,'2010-11-03 13:16:27',157250,'2010-11-03 13:16:27',172654,45,'','/usr/lib/nagios/plugins/check_http -H \'127.0.0.1\' -I \'127.0.0.1\'',60,0,0.0154,0.157,0,'HTTP OK: HTTP/1.1 200 OK - 1003 bytes in 0.001 second response time','time=0.001206s;;;0.000000 size=1003B;;;0'),(788,1,3,0,1,4,0,1,'2010-11-03 13:17:27',245368,'2010-11-03 13:17:31',261822,103,'100.0,20%!500.0,60%','/usr/lib/nagios/plugins/check_ping -H \'192.168.153.2\' -w \'100.0,20%\' -c \'500.0,60%\'',60,0,4.01645,0.245,0,'PING OK - Packet loss = 0%, RTA = 0.46 ms','rta=0.455000ms;100.000000;500.000000;0.000000 pl=0%;20;60;0'),(789,1,9,0,1,4,0,1,'2010-11-03 13:17:31',8021,'2010-11-03 13:17:31',31086,122,'','/usr/lib/nagios/plugins/check_ssh \'127.0.0.1\'',60,0,0.02306,0.007,0,'SSH OK - OpenSSH_5.3p1 Debian-3ubuntu4 (protocol 2.0)',''),(792,1,10,0,1,4,0,1,'2010-11-03 13:17:52',45989,'2010-11-03 13:17:52',62756,107,'250!400','/usr/lib/nagios/plugins/check_procs -w \'250\' -c \'400\'',60,0,0.01677,0.045,0,'PROCS OK: 100 processes',''),(794,1,6,0,1,4,0,1,'2010-11-03 13:18:14',76557,'2010-11-03 13:18:14',87592,135,'20!50','/usr/lib/nagios/plugins/check_users -w \'20\' -c \'50\'',60,0,0.01103,0.076,0,'USERS OK - 4 users currently logged in','users=4;20;50;0'),(796,1,5,0,1,4,0,1,'2010-11-03 13:18:35',112988,'2010-11-03 13:18:35',122694,69,'5.0!4.0!3.0!10.0!6.0!4.0','/usr/lib/nagios/plugins/check_load --warning=\'5.0,4.0,3.0\' --critical=\'10.0,6.0,4.0\'',60,0,0.00971,0.112,0,'OK - load average: 0.00, 0.02, 0.00','load1=0.000;5.000;10.000;0; load5=0.020;4.000;6.000;0; load15=0.000;3.000;4.000;0;'),(798,1,7,0,1,4,0,1,'2010-11-03 13:20:01',220947,'2010-11-03 13:20:01',230423,21,'20%!10%','/usr/lib/nagios/plugins/check_disk -w \'20%\' -c \'10%\' -e',60,0,0.00948,0.22,0,'DISK OK','/=1178MB;5924;6664;0;7405 /dev=0MB;194;218;0;243 /dev/shm=0MB;198;223;0;248 /var/run=0MB;198;223;0;248 /var/lock=0MB;198;223;0;248 /lib/init/rw=0MB;198;223;0;248 /boot=16MB;181;204;0;227'),(800,1,8,0,1,4,0,1,'2010-11-03 13:21:27',69145,'2010-11-03 13:21:27',81955,45,'','/usr/lib/nagios/plugins/check_http -H \'127.0.0.1\' -I \'127.0.0.1\'',60,0,0.01281,0.069,0,'HTTP OK: HTTP/1.1 200 OK - 1003 bytes in 0.001 second response time','time=0.001046s;;;0.000000 size=1003B;;;0'),(802,1,3,0,1,4,0,1,'2010-11-03 13:22:27',141812,'2010-11-03 13:22:31',157697,103,'100.0,20%!500.0,60%','/usr/lib/nagios/plugins/check_ping -H \'192.168.153.2\' -w \'100.0,20%\' -c \'500.0,60%\'',60,0,4.01588,0.141,0,'PING OK - Packet loss = 0%, RTA = 0.34 ms','rta=0.345000ms;100.000000;500.000000;0.000000 pl=0%;20;60;0'),(803,1,9,0,1,4,0,1,'2010-11-03 13:22:31',158765,'2010-11-03 13:22:31',175764,122,'','/usr/lib/nagios/plugins/check_ssh \'127.0.0.1\'',60,0,0.017,0.158,0,'SSH OK - OpenSSH_5.3p1 Debian-3ubuntu4 (protocol 2.0)',''),(806,1,10,0,1,4,0,1,'2010-11-03 13:22:52',191439,'2010-11-03 13:22:52',207946,107,'250!400','/usr/lib/nagios/plugins/check_procs -w \'250\' -c \'400\'',60,0,0.01651,0.191,0,'PROCS OK: 97 processes',''),(808,1,6,0,1,4,0,1,'2010-11-03 13:23:14',223960,'2010-11-03 13:23:14',235324,135,'20!50','/usr/lib/nagios/plugins/check_users -w \'20\' -c \'50\'',60,0,0.01136,0.223,0,'USERS OK - 4 users currently logged in','users=4;20;50;0'),(810,1,5,0,1,4,0,1,'2010-11-03 13:23:35',994,'2010-11-03 13:23:35',11902,69,'5.0!4.0!3.0!10.0!6.0!4.0','/usr/lib/nagios/plugins/check_load --warning=\'5.0,4.0,3.0\' --critical=\'10.0,6.0,4.0\'',60,0,0.01091,0,0,'OK - load average: 0.00, 0.00, 0.00','load1=0.000;5.000;10.000;0; load5=0.000;4.000;6.000;0; load15=0.000;3.000;4.000;0;'),(812,1,7,0,1,4,0,1,'2010-11-03 13:25:01',109339,'2010-11-03 13:25:01',119592,21,'20%!10%','/usr/lib/nagios/plugins/check_disk -w \'20%\' -c \'10%\' -e',60,0,0.01025,0.109,0,'DISK OK','/=1178MB;5924;6664;0;7405 /dev=0MB;194;218;0;243 /dev/shm=0MB;198;223;0;248 /var/run=0MB;198;223;0;248 /var/lock=0MB;198;223;0;248 /lib/init/rw=0MB;198;223;0;248 /boot=16MB;181;204;0;227'),(814,1,8,0,1,4,0,1,'2010-11-03 13:26:27',242684,'2010-11-03 13:26:27',254329,45,'','/usr/lib/nagios/plugins/check_http -H \'127.0.0.1\' -I \'127.0.0.1\'',60,0,0.01165,0.242,0,'HTTP OK: HTTP/1.1 200 OK - 1003 bytes in 0.001 second response time','time=0.000792s;;;0.000000 size=1003B;;;0'),(816,1,3,0,1,4,0,1,'2010-11-03 13:27:27',82178,'2010-11-03 13:27:31',93663,103,'100.0,20%!500.0,60%','/usr/lib/nagios/plugins/check_ping -H \'192.168.153.2\' -w \'100.0,20%\' -c \'500.0,60%\'',60,0,4.01149,0.081,0,'PING OK - Packet loss = 0%, RTA = 0.31 ms','rta=0.305000ms;100.000000;500.000000;0.000000 pl=0%;20;60;0'),(817,1,9,0,1,4,0,1,'2010-11-03 13:27:31',90481,'2010-11-03 13:27:31',110760,122,'','/usr/lib/nagios/plugins/check_ssh \'127.0.0.1\'',60,0,0.02028,0.09,0,'SSH OK - OpenSSH_5.3p1 Debian-3ubuntu4 (protocol 2.0)',''),(820,1,10,0,1,4,0,1,'2010-11-03 13:27:52',126491,'2010-11-03 13:27:52',144176,107,'250!400','/usr/lib/nagios/plugins/check_procs -w \'250\' -c \'400\'',60,0,0.01768,0.126,0,'PROCS OK: 97 processes',''),(822,1,6,0,1,4,0,1,'2010-11-03 13:28:14',153603,'2010-11-03 13:28:14',167591,135,'20!50','/usr/lib/nagios/plugins/check_users -w \'20\' -c \'50\'',60,0,0.01399,0.153,0,'USERS OK - 4 users currently logged in','users=4;20;50;0'),(824,1,5,0,1,4,0,1,'2010-11-03 13:28:35',184626,'2010-11-03 13:28:35',194449,69,'5.0!4.0!3.0!10.0!6.0!4.0','/usr/lib/nagios/plugins/check_load --warning=\'5.0,4.0,3.0\' --critical=\'10.0,6.0,4.0\'',60,0,0.00982,0.184,0,'OK - load average: 0.00, 0.00, 0.00','load1=0.000;5.000;10.000;0; load5=0.000;4.000;6.000;0; load15=0.000;3.000;4.000;0;'),(826,1,7,0,1,4,0,1,'2010-11-03 13:30:01',47809,'2010-11-03 13:30:01',63934,21,'20%!10%','/usr/lib/nagios/plugins/check_disk -w \'20%\' -c \'10%\' -e',60,0,0.01613,0.047,0,'DISK OK','/=1179MB;5924;6664;0;7405 /dev=0MB;194;218;0;243 /dev/shm=0MB;198;223;0;248 /var/run=0MB;198;223;0;248 /var/lock=0MB;198;223;0;248 /lib/init/rw=0MB;198;223;0;248 /boot=16MB;181;204;0;227'),(828,1,8,0,1,4,0,1,'2010-11-03 13:31:27',179679,'2010-11-03 13:31:27',191480,45,'','/usr/lib/nagios/plugins/check_http -H \'127.0.0.1\' -I \'127.0.0.1\'',60,0,0.0118,0.179,0,'HTTP OK: HTTP/1.1 200 OK - 1003 bytes in 0.001 second response time','time=0.000775s;;;0.000000 size=1003B;;;0'),(830,1,3,0,1,4,0,1,'2010-11-03 13:32:27',248182,'2010-11-03 13:32:31',260128,103,'100.0,20%!500.0,60%','/usr/lib/nagios/plugins/check_ping -H \'192.168.153.2\' -w \'100.0,20%\' -c \'500.0,60%\'',60,0,4.01195,0.248,0,'PING OK - Packet loss = 0%, RTA = 0.32 ms','rta=0.322000ms;100.000000;500.000000;0.000000 pl=0%;20;60;0'),(831,1,9,0,1,4,0,1,'2010-11-03 13:32:31',7458,'2010-11-03 13:32:31',25236,122,'','/usr/lib/nagios/plugins/check_ssh \'127.0.0.1\'',60,0,0.01778,0.007,0,'SSH OK - OpenSSH_5.3p1 Debian-3ubuntu4 (protocol 2.0)',''),(834,1,10,0,1,4,0,1,'2010-11-03 13:32:52',50165,'2010-11-03 13:32:52',67605,107,'250!400','/usr/lib/nagios/plugins/check_procs -w \'250\' -c \'400\'',60,0,0.01744,0.05,0,'PROCS OK: 97 processes',''),(836,1,6,0,1,4,0,1,'2010-11-03 13:33:14',83003,'2010-11-03 13:33:14',95057,135,'20!50','/usr/lib/nagios/plugins/check_users -w \'20\' -c \'50\'',60,0,0.01205,0.082,0,'USERS OK - 4 users currently logged in','users=4;20;50;0'),(838,1,5,0,1,4,0,1,'2010-11-03 13:33:35',116757,'2010-11-03 13:33:35',126646,69,'5.0!4.0!3.0!10.0!6.0!4.0','/usr/lib/nagios/plugins/check_load --warning=\'5.0,4.0,3.0\' --critical=\'10.0,6.0,4.0\'',60,0,0.00989,0.116,0,'OK - load average: 0.03, 0.02, 0.00','load1=0.030;5.000;10.000;0; load5=0.020;4.000;6.000;0; load15=0.000;3.000;4.000;0;'),(840,1,7,0,1,4,0,1,'2010-11-03 13:35:01',16177,'2010-11-03 13:35:01',26991,21,'20%!10%','/usr/lib/nagios/plugins/check_disk -w \'20%\' -c \'10%\' -e',60,0,0.01081,0.016,0,'DISK OK','/=1179MB;5924;6664;0;7405 /dev=0MB;194;218;0;243 /dev/shm=0MB;198;223;0;248 /var/run=0MB;198;223;0;248 /var/lock=0MB;198;223;0;248 /lib/init/rw=0MB;198;223;0;248 /boot=16MB;181;204;0;227'),(842,1,8,0,1,4,0,1,'2010-11-03 13:36:27',133886,'2010-11-03 13:36:27',146560,45,'','/usr/lib/nagios/plugins/check_http -H \'127.0.0.1\' -I \'127.0.0.1\'',60,0,0.01267,0.133,0,'HTTP OK: HTTP/1.1 200 OK - 1003 bytes in 0.001 second response time','time=0.001206s;;;0.000000 size=1003B;;;0'),(844,1,3,0,1,4,0,1,'2010-11-03 13:37:27',213596,'2010-11-03 13:37:31',229386,103,'100.0,20%!500.0,60%','/usr/lib/nagios/plugins/check_ping -H \'192.168.153.2\' -w \'100.0,20%\' -c \'500.0,60%\'',60,0,4.01579,0.213,0,'PING OK - Packet loss = 0%, RTA = 0.27 ms','rta=0.274000ms;100.000000;500.000000;0.000000 pl=0%;20;60;0'),(845,1,9,0,1,4,0,1,'2010-11-03 13:37:31',223061,'2010-11-03 13:37:31',243512,122,'','/usr/lib/nagios/plugins/check_ssh \'127.0.0.1\'',60,0,0.02045,0.222,0,'SSH OK - OpenSSH_5.3p1 Debian-3ubuntu4 (protocol 2.0)',''),(848,1,10,0,1,4,0,1,'2010-11-03 13:37:52',8137,'2010-11-03 13:37:52',25451,107,'250!400','/usr/lib/nagios/plugins/check_procs -w \'250\' -c \'400\'',60,0,0.01731,0.007,0,'PROCS OK: 97 processes',''),(850,1,6,0,1,4,0,1,'2010-11-03 13:38:14',44630,'2010-11-03 13:38:14',55976,135,'20!50','/usr/lib/nagios/plugins/check_users -w \'20\' -c \'50\'',60,0,0.01135,0.044,0,'USERS OK - 4 users currently logged in','users=4;20;50;0'),(852,1,5,0,1,4,0,1,'2010-11-03 13:38:35',76911,'2010-11-03 13:38:35',87820,69,'5.0!4.0!3.0!10.0!6.0!4.0','/usr/lib/nagios/plugins/check_load --warning=\'5.0,4.0,3.0\' --critical=\'10.0,6.0,4.0\'',60,0,0.01091,0.076,0,'OK - load average: 0.07, 0.02, 0.00','load1=0.070;5.000;10.000;0; load5=0.020;4.000;6.000;0; load15=0.000;3.000;4.000;0;'),(854,1,7,0,1,4,0,1,'2010-11-03 13:40:01',201127,'2010-11-03 13:40:01',211442,21,'20%!10%','/usr/lib/nagios/plugins/check_disk -w \'20%\' -c \'10%\' -e',60,0,0.01031,0.201,0,'DISK OK','/=1179MB;5924;6664;0;7405 /dev=0MB;194;218;0;243 /dev/shm=0MB;198;223;0;248 /var/run=0MB;198;223;0;248 /var/lock=0MB;198;223;0;248 /lib/init/rw=0MB;198;223;0;248 /boot=16MB;181;204;0;227'),(856,1,8,0,1,4,0,1,'2010-11-03 13:41:27',72791,'2010-11-03 13:41:27',85040,45,'','/usr/lib/nagios/plugins/check_http -H \'127.0.0.1\' -I \'127.0.0.1\'',60,0,0.01225,0.072,0,'HTTP OK: HTTP/1.1 200 OK - 1003 bytes in 0.001 second response time','time=0.001006s;;;0.000000 size=1003B;;;0'),(858,1,3,0,1,4,0,1,'2010-11-03 13:42:27',148518,'2010-11-03 13:42:31',163293,103,'100.0,20%!500.0,60%','/usr/lib/nagios/plugins/check_ping -H \'192.168.153.2\' -w \'100.0,20%\' -c \'500.0,60%\'',60,0,4.01478,0.148,0,'PING OK - Packet loss = 0%, RTA = 0.25 ms','rta=0.251000ms;100.000000;500.000000;0.000000 pl=0%;20;60;0'),(859,1,9,0,1,4,0,1,'2010-11-03 13:42:31',157341,'2010-11-03 13:42:31',178388,122,'','/usr/lib/nagios/plugins/check_ssh \'127.0.0.1\'',60,0,0.02105,0.157,0,'SSH OK - OpenSSH_5.3p1 Debian-3ubuntu4 (protocol 2.0)',''),(862,1,10,0,1,4,0,1,'2010-11-03 13:42:52',187327,'2010-11-03 13:42:52',204373,107,'250!400','/usr/lib/nagios/plugins/check_procs -w \'250\' -c \'400\'',60,0,0.01705,0.187,0,'PROCS OK: 97 processes',''),(864,1,6,0,1,4,0,1,'2010-11-03 13:43:14',229356,'2010-11-03 13:43:14',246574,135,'20!50','/usr/lib/nagios/plugins/check_users -w \'20\' -c \'50\'',60,0,0.01722,0.229,0,'USERS OK - 4 users currently logged in','users=4;20;50;0'),(866,1,5,0,1,4,0,1,'2010-11-03 13:43:35',9035,'2010-11-03 13:43:35',19104,69,'5.0!4.0!3.0!10.0!6.0!4.0','/usr/lib/nagios/plugins/check_load --warning=\'5.0,4.0,3.0\' --critical=\'10.0,6.0,4.0\'',60,0,0.01007,0.008,0,'OK - load average: 0.00, 0.02, 0.00','load1=0.000;5.000;10.000;0; load5=0.020;4.000;6.000;0; load15=0.000;3.000;4.000;0;'),(868,1,7,0,1,4,0,1,'2010-11-03 13:45:01',114373,'2010-11-03 13:45:01',124278,21,'20%!10%','/usr/lib/nagios/plugins/check_disk -w \'20%\' -c \'10%\' -e',60,0,0.00991,0.114,0,'DISK OK','/=1179MB;5924;6664;0;7405 /dev=0MB;194;218;0;243 /dev/shm=0MB;198;223;0;248 /var/run=0MB;198;223;0;248 /var/lock=0MB;198;223;0;248 /lib/init/rw=0MB;198;223;0;248 /boot=16MB;181;204;0;227'),(870,1,8,0,1,4,0,1,'2010-11-03 13:46:27',230955,'2010-11-03 13:46:27',242994,45,'','/usr/lib/nagios/plugins/check_http -H \'127.0.0.1\' -I \'127.0.0.1\'',60,0,0.01204,0.23,0,'HTTP OK: HTTP/1.1 200 OK - 1003 bytes in 0.001 second response time','time=0.001156s;;;0.000000 size=1003B;;;0'),(872,1,3,0,1,4,0,1,'2010-11-03 13:47:27',55299,'2010-11-03 13:47:31',64338,103,'100.0,20%!500.0,60%','/usr/lib/nagios/plugins/check_ping -H \'192.168.153.2\' -w \'100.0,20%\' -c \'500.0,60%\'',60,0,4.00904,0.055,0,'PING OK - Packet loss = 0%, RTA = 0.28 ms','rta=0.275000ms;100.000000;500.000000;0.000000 pl=0%;20;60;0'),(873,1,9,0,1,4,0,1,'2010-11-03 13:47:31',65917,'2010-11-03 13:47:31',83178,122,'','/usr/lib/nagios/plugins/check_ssh \'127.0.0.1\'',60,0,0.01726,0.065,0,'SSH OK - OpenSSH_5.3p1 Debian-3ubuntu4 (protocol 2.0)',''),(876,1,10,0,1,4,0,1,'2010-11-03 13:47:52',94484,'2010-11-03 13:47:52',111958,107,'250!400','/usr/lib/nagios/plugins/check_procs -w \'250\' -c \'400\'',60,0,0.01747,0.094,0,'PROCS OK: 97 processes',''),(878,1,6,0,1,4,0,1,'2010-11-03 13:48:14',124040,'2010-11-03 13:48:14',135172,135,'20!50','/usr/lib/nagios/plugins/check_users -w \'20\' -c \'50\'',60,0,0.01113,0.123,0,'USERS OK - 4 users currently logged in','users=4;20;50;0'),(880,1,5,0,1,4,0,1,'2010-11-03 13:48:35',163151,'2010-11-03 13:48:35',173073,69,'5.0!4.0!3.0!10.0!6.0!4.0','/usr/lib/nagios/plugins/check_load --warning=\'5.0,4.0,3.0\' --critical=\'10.0,6.0,4.0\'',60,0,0.00992,0.162,0,'OK - load average: 0.00, 0.00, 0.00','load1=0.000;5.000;10.000;0; load5=0.000;4.000;6.000;0; load15=0.000;3.000;4.000;0;'),(882,1,7,0,1,4,0,1,'2010-11-03 13:50:01',23327,'2010-11-03 13:50:01',33038,21,'20%!10%','/usr/lib/nagios/plugins/check_disk -w \'20%\' -c \'10%\' -e',60,0,0.00971,0.023,0,'DISK OK','/=1179MB;5924;6664;0;7405 /dev=0MB;194;218;0;243 /dev/shm=0MB;198;223;0;248 /var/run=0MB;198;223;0;248 /var/lock=0MB;198;223;0;248 /lib/init/rw=0MB;198;223;0;248 /boot=16MB;181;204;0;227'),(884,1,8,0,1,4,0,1,'2010-11-03 13:51:27',138468,'2010-11-03 13:51:27',150315,45,'','/usr/lib/nagios/plugins/check_http -H \'127.0.0.1\' -I \'127.0.0.1\'',60,0,0.01185,0.138,0,'HTTP OK: HTTP/1.1 200 OK - 1003 bytes in 0.001 second response time','time=0.001101s;;;0.000000 size=1003B;;;0'),(886,1,3,0,1,4,0,1,'2010-11-03 13:52:27',221595,'2010-11-03 13:52:31',234394,103,'100.0,20%!500.0,60%','/usr/lib/nagios/plugins/check_ping -H \'192.168.153.2\' -w \'100.0,20%\' -c \'500.0,60%\'',60,0,4.0128,0.221,0,'PING OK - Packet loss = 0%, RTA = 0.47 ms','rta=0.465000ms;100.000000;500.000000;0.000000 pl=0%;20;60;0'),(887,1,9,0,1,4,0,1,'2010-11-03 13:52:31',231535,'2010-11-03 13:52:31',250400,122,'','/usr/lib/nagios/plugins/check_ssh \'127.0.0.1\'',60,0,0.01886,0.231,0,'SSH OK - OpenSSH_5.3p1 Debian-3ubuntu4 (protocol 2.0)',''),(890,1,10,0,1,4,0,1,'2010-11-03 13:52:52',13643,'2010-11-03 13:52:52',30727,107,'250!400','/usr/lib/nagios/plugins/check_procs -w \'250\' -c \'400\'',60,0,0.01708,0.013,0,'PROCS OK: 97 processes',''),(892,1,6,0,1,4,0,1,'2010-11-03 13:53:14',48079,'2010-11-03 13:53:14',59748,135,'20!50','/usr/lib/nagios/plugins/check_users -w \'20\' -c \'50\'',60,0,0.01167,0.048,0,'USERS OK - 4 users currently logged in','users=4;20;50;0'),(894,1,5,0,1,4,0,1,'2010-11-03 13:53:35',85583,'2010-11-03 13:53:35',96045,69,'5.0!4.0!3.0!10.0!6.0!4.0','/usr/lib/nagios/plugins/check_load --warning=\'5.0,4.0,3.0\' --critical=\'10.0,6.0,4.0\'',60,0,0.01046,0.085,0,'OK - load average: 0.00, 0.00, 0.00','load1=0.000;5.000;10.000;0; load5=0.000;4.000;6.000;0; load15=0.000;3.000;4.000;0;'),(896,1,7,0,1,4,0,1,'2010-11-03 13:55:01',224258,'2010-11-03 13:55:01',234561,21,'20%!10%','/usr/lib/nagios/plugins/check_disk -w \'20%\' -c \'10%\' -e',60,0,0.0103,0.224,0,'DISK OK','/=1179MB;5924;6664;0;7405 /dev=0MB;194;218;0;243 /dev/shm=0MB;198;223;0;248 /var/run=0MB;198;223;0;248 /var/lock=0MB;198;223;0;248 /lib/init/rw=0MB;198;223;0;248 /boot=16MB;181;204;0;227'),(898,1,8,0,1,4,0,1,'2010-11-03 13:56:27',91401,'2010-11-03 13:56:27',110044,45,'','/usr/lib/nagios/plugins/check_http -H \'127.0.0.1\' -I \'127.0.0.1\'',60,0,0.01864,0.091,0,'HTTP OK: HTTP/1.1 200 OK - 1003 bytes in 0.001 second response time','time=0.001167s;;;0.000000 size=1003B;;;0'),(900,1,3,0,1,4,0,1,'2010-11-03 13:57:27',173542,'2010-11-03 13:57:31',184299,103,'100.0,20%!500.0,60%','/usr/lib/nagios/plugins/check_ping -H \'192.168.153.2\' -w \'100.0,20%\' -c \'500.0,60%\'',60,0,4.01076,0.173,0,'PING OK - Packet loss = 0%, RTA = 0.31 ms','rta=0.313000ms;100.000000;500.000000;0.000000 pl=0%;20;60;0'),(901,1,9,0,1,4,0,1,'2010-11-03 13:57:31',181775,'2010-11-03 13:57:31',202162,122,'','/usr/lib/nagios/plugins/check_ssh \'127.0.0.1\'',60,0,0.02039,0.181,0,'SSH OK - OpenSSH_5.3p1 Debian-3ubuntu4 (protocol 2.0)',''),(904,1,10,0,1,4,0,1,'2010-11-03 13:57:52',215183,'2010-11-03 13:57:52',238870,107,'250!400','/usr/lib/nagios/plugins/check_procs -w \'250\' -c \'400\'',60,0,0.02369,0.215,0,'PROCS OK: 97 processes',''),(906,1,6,0,1,4,0,1,'2010-11-03 13:58:14',3479,'2010-11-03 13:58:14',14487,135,'20!50','/usr/lib/nagios/plugins/check_users -w \'20\' -c \'50\'',60,0,0.01101,0.003,0,'USERS OK - 4 users currently logged in','users=4;20;50;0'),(908,1,5,0,1,4,0,1,'2010-11-03 13:58:35',31061,'2010-11-03 13:58:35',41165,69,'5.0!4.0!3.0!10.0!6.0!4.0','/usr/lib/nagios/plugins/check_load --warning=\'5.0,4.0,3.0\' --critical=\'10.0,6.0,4.0\'',60,0,0.0101,0.03,0,'OK - load average: 0.00, 0.00, 0.00','load1=0.000;5.000;10.000;0; load5=0.000;4.000;6.000;0; load15=0.000;3.000;4.000;0;'),(910,1,7,0,1,4,0,1,'2010-11-03 14:00:01',153420,'2010-11-03 14:00:01',163460,21,'20%!10%','/usr/lib/nagios/plugins/check_disk -w \'20%\' -c \'10%\' -e',60,0,0.01004,0.153,0,'DISK OK','/=1179MB;5924;6664;0;7405 /dev=0MB;194;218;0;243 /dev/shm=0MB;198;223;0;248 /var/run=0MB;198;223;0;248 /var/lock=0MB;198;223;0;248 /lib/init/rw=0MB;198;223;0;248 /boot=16MB;181;204;0;227'),(912,1,8,0,1,4,0,1,'2010-11-03 14:01:27',20498,'2010-11-03 14:01:27',32579,45,'','/usr/lib/nagios/plugins/check_http -H \'127.0.0.1\' -I \'127.0.0.1\'',60,0,0.01208,0.02,0,'HTTP OK: HTTP/1.1 200 OK - 1003 bytes in 0.001 second response time','time=0.001088s;;;0.000000 size=1003B;;;0'),(914,1,3,0,1,4,0,1,'2010-11-03 14:02:27',107244,'2010-11-03 14:02:31',116182,103,'100.0,20%!500.0,60%','/usr/lib/nagios/plugins/check_ping -H \'192.168.153.2\' -w \'100.0,20%\' -c \'500.0,60%\'',60,0,4.00894,0.107,0,'PING OK - Packet loss = 0%, RTA = 0.26 ms','rta=0.263000ms;100.000000;500.000000;0.000000 pl=0%;20;60;0'),(915,1,9,0,1,4,0,1,'2010-11-03 14:02:31',117354,'2010-11-03 14:02:31',137100,122,'','/usr/lib/nagios/plugins/check_ssh \'127.0.0.1\'',60,0,0.01975,0.117,0,'SSH OK - OpenSSH_5.3p1 Debian-3ubuntu4 (protocol 2.0)',''),(918,1,10,0,1,4,0,1,'2010-11-03 14:02:52',155008,'2010-11-03 14:02:52',171759,107,'250!400','/usr/lib/nagios/plugins/check_procs -w \'250\' -c \'400\'',60,0,0.01675,0.154,0,'PROCS OK: 97 processes',''),(920,1,6,0,1,4,0,1,'2010-11-03 14:03:14',201655,'2010-11-03 14:03:14',214491,135,'20!50','/usr/lib/nagios/plugins/check_users -w \'20\' -c \'50\'',60,0,0.01284,0.201,0,'USERS OK - 4 users currently logged in','users=4;20;50;0'),(922,1,5,0,1,4,0,1,'2010-11-03 14:03:35',239654,'2010-11-03 14:03:35',250264,69,'5.0!4.0!3.0!10.0!6.0!4.0','/usr/lib/nagios/plugins/check_load --warning=\'5.0,4.0,3.0\' --critical=\'10.0,6.0,4.0\'',60,0,0.01061,0.239,0,'OK - load average: 0.00, 0.00, 0.00','load1=0.000;5.000;10.000;0; load5=0.000;4.000;6.000;0; load15=0.000;3.000;4.000;0;'),(924,1,7,0,1,4,0,1,'2010-11-03 14:05:01',98700,'2010-11-03 14:05:01',108990,21,'20%!10%','/usr/lib/nagios/plugins/check_disk -w \'20%\' -c \'10%\' -e',60,0,0.01029,0.098,0,'DISK OK','/=1179MB;5924;6664;0;7405 /dev=0MB;194;218;0;243 /dev/shm=0MB;198;223;0;248 /var/run=0MB;198;223;0;248 /var/lock=0MB;198;223;0;248 /lib/init/rw=0MB;198;223;0;248 /boot=16MB;181;204;0;227'),(926,1,8,0,1,4,0,1,'2010-11-03 14:06:27',234915,'2010-11-03 14:06:27',247117,45,'','/usr/lib/nagios/plugins/check_http -H \'127.0.0.1\' -I \'127.0.0.1\'',60,0,0.0122,0.234,0,'HTTP OK: HTTP/1.1 200 OK - 1003 bytes in 0.001 second response time','time=0.001012s;;;0.000000 size=1003B;;;0'),(928,1,3,0,1,4,0,1,'2010-11-03 14:07:27',69783,'2010-11-03 14:07:31',82407,103,'100.0,20%!500.0,60%','/usr/lib/nagios/plugins/check_ping -H \'192.168.153.2\' -w \'100.0,20%\' -c \'500.0,60%\'',60,0,4.01262,0.069,0,'PING OK - Packet loss = 0%, RTA = 0.57 ms','rta=0.573000ms;100.000000;500.000000;0.000000 pl=0%;20;60;0'),(929,1,9,0,1,4,0,1,'2010-11-03 14:07:31',79456,'2010-11-03 14:07:31',98580,122,'','/usr/lib/nagios/plugins/check_ssh \'127.0.0.1\'',60,0,0.01912,0.078,0,'SSH OK - OpenSSH_5.3p1 Debian-3ubuntu4 (protocol 2.0)',''),(932,1,10,0,1,4,0,1,'2010-11-03 14:07:52',108993,'2010-11-03 14:07:52',125666,107,'250!400','/usr/lib/nagios/plugins/check_procs -w \'250\' -c \'400\'',60,0,0.01667,0.108,0,'PROCS OK: 97 processes',''),(934,1,6,0,1,4,0,1,'2010-11-03 14:08:14',137781,'2010-11-03 14:08:14',149094,135,'20!50','/usr/lib/nagios/plugins/check_users -w \'20\' -c \'50\'',60,0,0.01131,0.137,0,'USERS OK - 4 users currently logged in','users=4;20;50;0'),(936,1,5,0,1,4,0,1,'2010-11-03 14:08:35',167954,'2010-11-03 14:08:35',178016,69,'5.0!4.0!3.0!10.0!6.0!4.0','/usr/lib/nagios/plugins/check_load --warning=\'5.0,4.0,3.0\' --critical=\'10.0,6.0,4.0\'',60,0,0.01006,0.167,0,'OK - load average: 0.00, 0.00, 0.00','load1=0.000;5.000;10.000;0; load5=0.000;4.000;6.000;0; load15=0.000;3.000;4.000;0;'),(938,1,7,0,1,4,0,1,'2010-11-03 14:10:01',22872,'2010-11-03 14:10:01',35692,21,'20%!10%','/usr/lib/nagios/plugins/check_disk -w \'20%\' -c \'10%\' -e',60,0,0.01282,0.022,0,'DISK OK','/=1179MB;5924;6664;0;7405 /dev=0MB;194;218;0;243 /dev/shm=0MB;198;223;0;248 /var/run=0MB;198;223;0;248 /var/lock=0MB;198;223;0;248 /lib/init/rw=0MB;198;223;0;248 /boot=16MB;181;204;0;227'),(940,1,8,0,1,4,0,1,'2010-11-03 14:11:27',135553,'2010-11-03 14:11:27',148988,45,'','/usr/lib/nagios/plugins/check_http -H \'127.0.0.1\' -I \'127.0.0.1\'',60,0,0.01344,0.135,0,'HTTP OK: HTTP/1.1 200 OK - 1003 bytes in 0.001 second response time','time=0.001134s;;;0.000000 size=1003B;;;0'),(942,1,3,0,1,4,0,1,'2010-11-03 14:12:27',215010,'2010-11-03 14:12:31',224205,103,'100.0,20%!500.0,60%','/usr/lib/nagios/plugins/check_ping -H \'192.168.153.2\' -w \'100.0,20%\' -c \'500.0,60%\'',60,0,4.0092,0.214,0,'PING OK - Packet loss = 0%, RTA = 0.25 ms','rta=0.251000ms;100.000000;500.000000;0.000000 pl=0%;20;60;0'),(943,1,9,0,1,4,0,1,'2010-11-03 14:12:31',225828,'2010-11-03 14:12:31',242707,122,'','/usr/lib/nagios/plugins/check_ssh \'127.0.0.1\'',60,0,0.01688,0.225,0,'SSH OK - OpenSSH_5.3p1 Debian-3ubuntu4 (protocol 2.0)',''),(946,1,10,0,1,4,0,1,'2010-11-03 14:12:52',5647,'2010-11-03 14:12:52',27270,107,'250!400','/usr/lib/nagios/plugins/check_procs -w \'250\' -c \'400\'',60,0,0.02162,0.005,0,'PROCS OK: 98 processes',''),(948,1,6,0,1,4,0,1,'2010-11-03 14:13:14',40849,'2010-11-03 14:13:14',52148,135,'20!50','/usr/lib/nagios/plugins/check_users -w \'20\' -c \'50\'',60,0,0.0113,0.04,0,'USERS OK - 4 users currently logged in','users=4;20;50;0'),(950,1,5,0,1,4,0,1,'2010-11-03 14:13:35',77357,'2010-11-03 14:13:35',87380,69,'5.0!4.0!3.0!10.0!6.0!4.0','/usr/lib/nagios/plugins/check_load --warning=\'5.0,4.0,3.0\' --critical=\'10.0,6.0,4.0\'',60,0,0.01002,0.077,0,'OK - load average: 0.09, 0.12, 0.04','load1=0.090;5.000;10.000;0; load5=0.120;4.000;6.000;0; load15=0.040;3.000;4.000;0;'),(952,1,7,0,1,4,0,1,'2010-11-03 14:15:01',186678,'2010-11-03 14:15:01',197947,21,'20%!10%','/usr/lib/nagios/plugins/check_disk -w \'20%\' -c \'10%\' -e',60,0,0.01127,0.186,0,'DISK OK','/=1179MB;5924;6664;0;7405 /dev=0MB;194;218;0;243 /dev/shm=0MB;198;223;0;248 /var/run=0MB;198;223;0;248 /var/lock=0MB;198;223;0;248 /lib/init/rw=0MB;198;223;0;248 /boot=16MB;181;204;0;227'),(954,1,8,0,1,4,0,1,'2010-11-03 14:16:27',46046,'2010-11-03 14:16:27',58373,45,'','/usr/lib/nagios/plugins/check_http -H \'127.0.0.1\' -I \'127.0.0.1\'',60,0,0.01233,0.045,0,'HTTP OK: HTTP/1.1 200 OK - 1003 bytes in 0.001 second response time','time=0.001271s;;;0.000000 size=1003B;;;0'),(956,1,3,0,1,4,0,1,'2010-11-03 14:17:27',131636,'2010-11-03 14:17:31',144264,103,'100.0,20%!500.0,60%','/usr/lib/nagios/plugins/check_ping -H \'192.168.153.2\' -w \'100.0,20%\' -c \'500.0,60%\'',60,0,4.01263,0.131,0,'PING OK - Packet loss = 0%, RTA = 0.23 ms','rta=0.232000ms;100.000000;500.000000;0.000000 pl=0%;20;60;0'),(957,1,9,0,1,4,0,1,'2010-11-03 14:17:31',141902,'2010-11-03 14:17:31',161580,122,'','/usr/lib/nagios/plugins/check_ssh \'127.0.0.1\'',60,0,0.01968,0.141,0,'SSH OK - OpenSSH_5.3p1 Debian-3ubuntu4 (protocol 2.0)',''),(960,1,10,0,1,4,0,1,'2010-11-03 14:17:52',174703,'2010-11-03 14:17:52',191186,107,'250!400','/usr/lib/nagios/plugins/check_procs -w \'250\' -c \'400\'',60,0,0.01648,0.174,0,'PROCS OK: 99 processes',''),(962,1,6,0,1,4,0,1,'2010-11-03 14:18:14',205086,'2010-11-03 14:18:14',216701,135,'20!50','/usr/lib/nagios/plugins/check_users -w \'20\' -c \'50\'',60,0,0.01162,0.205,0,'USERS OK - 4 users currently logged in','users=4;20;50;0'),(964,1,5,0,1,4,0,1,'2010-11-03 14:18:35',244712,'2010-11-03 14:18:35',254690,69,'5.0!4.0!3.0!10.0!6.0!4.0','/usr/lib/nagios/plugins/check_load --warning=\'5.0,4.0,3.0\' --critical=\'10.0,6.0,4.0\'',60,0,0.00998,0.244,0,'OK - load average: 0.00, 0.03, 0.02','load1=0.000;5.000;10.000;0; load5=0.030;4.000;6.000;0; load15=0.020;3.000;4.000;0;'),(966,1,7,0,1,4,0,1,'2010-11-03 14:20:01',104852,'2010-11-03 14:20:01',113731,21,'20%!10%','/usr/lib/nagios/plugins/check_disk -w \'20%\' -c \'10%\' -e',60,0,0.00888,0.104,0,'DISK OK','/=1179MB;5924;6664;0;7405 /dev=0MB;194;218;0;243 /dev/shm=0MB;198;223;0;248 /var/run=0MB;198;223;0;248 /var/lock=0MB;198;223;0;248 /lib/init/rw=0MB;198;223;0;248 /boot=16MB;181;204;0;227'),(968,1,8,0,1,4,0,1,'2010-11-03 14:21:27',221160,'2010-11-03 14:21:27',233373,45,'','/usr/lib/nagios/plugins/check_http -H \'127.0.0.1\' -I \'127.0.0.1\'',60,0,0.01221,0.221,0,'HTTP OK: HTTP/1.1 200 OK - 1003 bytes in 0.001 second response time','time=0.001141s;;;0.000000 size=1003B;;;0'),(970,1,3,0,1,4,0,1,'2010-11-03 14:22:27',53372,'2010-11-03 14:22:31',66025,103,'100.0,20%!500.0,60%','/usr/lib/nagios/plugins/check_ping -H \'192.168.153.2\' -w \'100.0,20%\' -c \'500.0,60%\'',60,0,4.01265,0.053,0,'PING OK - Packet loss = 0%, RTA = 0.34 ms','rta=0.345000ms;100.000000;500.000000;0.000000 pl=0%;20;60;0'),(971,1,9,0,1,4,0,1,'2010-11-03 14:22:31',63797,'2010-11-03 14:22:31',82633,122,'','/usr/lib/nagios/plugins/check_ssh \'127.0.0.1\'',60,0,0.01884,0.063,0,'SSH OK - OpenSSH_5.3p1 Debian-3ubuntu4 (protocol 2.0)',''),(974,1,10,0,1,4,0,1,'2010-11-03 14:22:52',94456,'2010-11-03 14:22:52',112259,107,'250!400','/usr/lib/nagios/plugins/check_procs -w \'250\' -c \'400\'',60,0,0.0178,0.094,0,'PROCS OK: 98 processes',''),(976,1,6,0,1,4,0,1,'2010-11-03 14:23:14',119541,'2010-11-03 14:23:14',131726,135,'20!50','/usr/lib/nagios/plugins/check_users -w \'20\' -c \'50\'',60,0,0.01218,0.119,0,'USERS OK - 4 users currently logged in','users=4;20;50;0'),(978,1,5,0,1,4,0,1,'2010-11-03 14:23:35',144930,'2010-11-03 14:23:35',154824,69,'5.0!4.0!3.0!10.0!6.0!4.0','/usr/lib/nagios/plugins/check_load --warning=\'5.0,4.0,3.0\' --critical=\'10.0,6.0,4.0\'',60,0,0.00989,0.144,0,'OK - load average: 0.00, 0.00, 0.00','load1=0.000;5.000;10.000;0; load5=0.000;4.000;6.000;0; load15=0.000;3.000;4.000;0;'),(980,1,7,0,1,4,0,1,'2010-11-03 14:25:01',8302,'2010-11-03 14:25:01',17804,21,'20%!10%','/usr/lib/nagios/plugins/check_disk -w \'20%\' -c \'10%\' -e',60,0,0.0095,0.008,0,'DISK OK','/=1179MB;5924;6664;0;7405 /dev=0MB;194;218;0;243 /dev/shm=0MB;198;223;0;248 /var/run=0MB;198;223;0;248 /var/lock=0MB;198;223;0;248 /lib/init/rw=0MB;198;223;0;248 /boot=16MB;181;204;0;227'),(982,1,8,0,1,4,0,1,'2010-11-03 14:26:27',114272,'2010-11-03 14:26:27',126627,45,'','/usr/lib/nagios/plugins/check_http -H \'127.0.0.1\' -I \'127.0.0.1\'',60,0,0.01235,0.114,0,'HTTP OK: HTTP/1.1 200 OK - 1003 bytes in 0.001 second response time','time=0.001168s;;;0.000000 size=1003B;;;0'),(984,1,3,0,1,4,0,1,'2010-11-03 14:27:27',199916,'2010-11-03 14:27:31',212923,103,'100.0,20%!500.0,60%','/usr/lib/nagios/plugins/check_ping -H \'192.168.153.2\' -w \'100.0,20%\' -c \'500.0,60%\'',60,0,4.01301,0.199,0,'PING OK - Packet loss = 0%, RTA = 0.36 ms','rta=0.360000ms;100.000000;500.000000;0.000000 pl=0%;20;60;0'),(985,1,9,0,1,4,0,1,'2010-11-03 14:27:31',209924,'2010-11-03 14:27:31',229629,122,'','/usr/lib/nagios/plugins/check_ssh \'127.0.0.1\'',60,0,0.01971,0.209,0,'SSH OK - OpenSSH_5.3p1 Debian-3ubuntu4 (protocol 2.0)',''),(988,1,10,0,1,4,0,1,'2010-11-03 14:27:52',243403,'2010-11-03 14:27:52',260311,107,'250!400','/usr/lib/nagios/plugins/check_procs -w \'250\' -c \'400\'',60,0,0.01691,0.243,0,'PROCS OK: 98 processes',''),(990,1,6,0,1,4,0,1,'2010-11-03 14:28:14',22964,'2010-11-03 14:28:14',34456,135,'20!50','/usr/lib/nagios/plugins/check_users -w \'20\' -c \'50\'',60,0,0.01149,0.022,0,'USERS OK - 4 users currently logged in','users=4;20;50;0'),(992,1,5,0,1,4,0,1,'2010-11-03 14:28:35',52217,'2010-11-03 14:28:35',62314,69,'5.0!4.0!3.0!10.0!6.0!4.0','/usr/lib/nagios/plugins/check_load --warning=\'5.0,4.0,3.0\' --critical=\'10.0,6.0,4.0\'',60,0,0.0101,0.052,0,'OK - load average: 0.00, 0.00, 0.00','load1=0.000;5.000;10.000;0; load5=0.000;4.000;6.000;0; load15=0.000;3.000;4.000;0;'),(994,1,7,0,1,4,0,1,'2010-11-03 14:30:01',166661,'2010-11-03 14:30:01',177044,21,'20%!10%','/usr/lib/nagios/plugins/check_disk -w \'20%\' -c \'10%\' -e',60,0,0.01038,0.166,0,'DISK OK','/=1179MB;5924;6664;0;7405 /dev=0MB;194;218;0;243 /dev/shm=0MB;198;223;0;248 /var/run=0MB;198;223;0;248 /var/lock=0MB;198;223;0;248 /lib/init/rw=0MB;198;223;0;248 /boot=16MB;181;204;0;227'),(996,1,8,0,1,4,0,1,'2010-11-03 14:31:27',29259,'2010-11-03 14:31:27',41090,45,'','/usr/lib/nagios/plugins/check_http -H \'127.0.0.1\' -I \'127.0.0.1\'',60,0,0.01183,0.029,0,'HTTP OK: HTTP/1.1 200 OK - 1003 bytes in 0.001 second response time','time=0.001139s;;;0.000000 size=1003B;;;0'),(998,1,3,0,1,4,0,1,'2010-11-03 14:32:27',110675,'2010-11-03 14:32:31',128017,103,'100.0,20%!500.0,60%','/usr/lib/nagios/plugins/check_ping -H \'192.168.153.2\' -w \'100.0,20%\' -c \'500.0,60%\'',60,0,4.01734,0.11,0,'PING OK - Packet loss = 0%, RTA = 0.53 ms','rta=0.526000ms;100.000000;500.000000;0.000000 pl=0%;20;60;0'),(999,1,9,0,1,4,0,1,'2010-11-03 14:32:31',119644,'2010-11-03 14:32:31',138652,122,'','/usr/lib/nagios/plugins/check_ssh \'127.0.0.1\'',60,0,0.01901,0.119,0,'SSH OK - OpenSSH_5.3p1 Debian-3ubuntu4 (protocol 2.0)',''),(1002,1,10,0,1,4,0,1,'2010-11-03 14:32:52',153841,'2010-11-03 14:32:52',170568,107,'250!400','/usr/lib/nagios/plugins/check_procs -w \'250\' -c \'400\'',60,0,0.01673,0.153,0,'PROCS OK: 99 processes',''),(1004,1,6,0,1,4,0,1,'2010-11-03 14:33:14',189979,'2010-11-03 14:33:14',201115,135,'20!50','/usr/lib/nagios/plugins/check_users -w \'20\' -c \'50\'',60,0,0.01114,0.189,0,'USERS OK - 4 users currently logged in','users=4;20;50;0'),(1006,1,5,0,1,4,0,1,'2010-11-03 14:33:35',225967,'2010-11-03 14:33:35',236246,69,'5.0!4.0!3.0!10.0!6.0!4.0','/usr/lib/nagios/plugins/check_load --warning=\'5.0,4.0,3.0\' --critical=\'10.0,6.0,4.0\'',60,0,0.01028,0.225,0,'OK - load average: 0.06, 0.03, 0.00','load1=0.060;5.000;10.000;0; load5=0.030;4.000;6.000;0; load15=0.000;3.000;4.000;0;'),(1008,1,7,0,1,4,0,1,'2010-11-03 14:35:01',92200,'2010-11-03 14:35:01',101829,21,'20%!10%','/usr/lib/nagios/plugins/check_disk -w \'20%\' -c \'10%\' -e',60,0,0.00963,0.091,0,'DISK OK','/=1179MB;5924;6664;0;7405 /dev=0MB;194;218;0;243 /dev/shm=0MB;198;223;0;248 /var/run=0MB;198;223;0;248 /var/lock=0MB;198;223;0;248 /lib/init/rw=0MB;198;223;0;248 /boot=16MB;181;204;0;227'),(1010,1,8,0,1,4,0,1,'2010-11-03 14:36:27',201317,'2010-11-03 14:36:27',213412,45,'','/usr/lib/nagios/plugins/check_http -H \'127.0.0.1\' -I \'127.0.0.1\'',60,0,0.01209,0.201,0,'HTTP OK: HTTP/1.1 200 OK - 1003 bytes in 0.001 second response time','time=0.001178s;;;0.000000 size=1003B;;;0'),(1012,1,3,0,1,4,0,1,'2010-11-03 14:37:27',40768,'2010-11-03 14:37:31',52258,103,'100.0,20%!500.0,60%','/usr/lib/nagios/plugins/check_ping -H \'192.168.153.2\' -w \'100.0,20%\' -c \'500.0,60%\'',60,0,4.01149,0.04,0,'PING OK - Packet loss = 0%, RTA = 0.25 ms','rta=0.249000ms;100.000000;500.000000;0.000000 pl=0%;20;60;0'),(1013,1,9,0,1,4,0,1,'2010-11-03 14:37:31',49914,'2010-11-03 14:37:31',69818,122,'','/usr/lib/nagios/plugins/check_ssh \'127.0.0.1\'',60,0,0.0199,0.049,0,'SSH OK - OpenSSH_5.3p1 Debian-3ubuntu4 (protocol 2.0)',''),(1016,1,10,0,1,4,0,1,'2010-11-03 14:37:52',81477,'2010-11-03 14:37:52',99929,107,'250!400','/usr/lib/nagios/plugins/check_procs -w \'250\' -c \'400\'',60,0,0.01845,0.081,0,'PROCS OK: 98 processes',''),(1018,1,6,0,1,4,0,1,'2010-11-03 14:38:14',111514,'2010-11-03 14:38:14',130418,135,'20!50','/usr/lib/nagios/plugins/check_users -w \'20\' -c \'50\'',60,0,0.0189,0.111,0,'USERS OK - 4 users currently logged in','users=4;20;50;0'),(1020,1,5,0,1,4,0,1,'2010-11-03 14:38:35',145920,'2010-11-03 14:38:35',155891,69,'5.0!4.0!3.0!10.0!6.0!4.0','/usr/lib/nagios/plugins/check_load --warning=\'5.0,4.0,3.0\' --critical=\'10.0,6.0,4.0\'',60,0,0.00997,0.145,0,'OK - load average: 0.00, 0.00, 0.00','load1=0.000;5.000;10.000;0; load5=0.000;4.000;6.000;0; load15=0.000;3.000;4.000;0;'),(1022,1,7,0,1,4,0,1,'2010-11-03 14:40:01',6955,'2010-11-03 14:40:01',19400,21,'20%!10%','/usr/lib/nagios/plugins/check_disk -w \'20%\' -c \'10%\' -e',60,0,0.01244,0.006,0,'DISK OK','/=1179MB;5924;6664;0;7405 /dev=0MB;194;218;0;243 /dev/shm=0MB;198;223;0;248 /var/run=0MB;198;223;0;248 /var/lock=0MB;198;223;0;248 /lib/init/rw=0MB;198;223;0;248 /boot=16MB;181;204;0;227'),(1024,1,8,0,1,4,0,1,'2010-11-03 14:41:27',119320,'2010-11-03 14:41:27',130980,45,'','/usr/lib/nagios/plugins/check_http -H \'127.0.0.1\' -I \'127.0.0.1\'',60,0,0.01166,0.119,0,'HTTP OK: HTTP/1.1 200 OK - 1003 bytes in 0.001 second response time','time=0.001183s;;;0.000000 size=1003B;;;0'),(1026,1,3,0,1,4,0,1,'2010-11-03 14:42:27',191368,'2010-11-03 14:42:31',204147,103,'100.0,20%!500.0,60%','/usr/lib/nagios/plugins/check_ping -H \'192.168.153.2\' -w \'100.0,20%\' -c \'500.0,60%\'',60,0,4.01278,0.191,0,'PING OK - Packet loss = 0%, RTA = 0.24 ms','rta=0.237000ms;100.000000;500.000000;0.000000 pl=0%;20;60;0'),(1027,1,9,0,1,4,0,1,'2010-11-03 14:42:31',206171,'2010-11-03 14:42:31',223629,122,'','/usr/lib/nagios/plugins/check_ssh \'127.0.0.1\'',60,0,0.01746,0.206,0,'SSH OK - OpenSSH_5.3p1 Debian-3ubuntu4 (protocol 2.0)',''),(1030,1,10,0,1,4,0,1,'2010-11-03 14:42:52',237571,'2010-11-03 14:42:52',254823,107,'250!400','/usr/lib/nagios/plugins/check_procs -w \'250\' -c \'400\'',60,0,0.01725,0.237,0,'PROCS OK: 98 processes',''),(1032,1,6,0,1,4,0,1,'2010-11-03 14:43:14',23631,'2010-11-03 14:43:14',35580,135,'20!50','/usr/lib/nagios/plugins/check_users -w \'20\' -c \'50\'',60,0,0.01195,0.023,0,'USERS OK - 4 users currently logged in','users=4;20;50;0'),(1034,1,5,0,1,4,0,1,'2010-11-03 14:43:35',54945,'2010-11-03 14:43:35',65052,69,'5.0!4.0!3.0!10.0!6.0!4.0','/usr/lib/nagios/plugins/check_load --warning=\'5.0,4.0,3.0\' --critical=\'10.0,6.0,4.0\'',60,0,0.01011,0.054,0,'OK - load average: 0.00, 0.02, 0.00','load1=0.000;5.000;10.000;0; load5=0.020;4.000;6.000;0; load15=0.000;3.000;4.000;0;'),(1036,1,7,0,1,4,0,1,'2010-11-03 14:45:01',162791,'2010-11-03 14:45:01',172691,21,'20%!10%','/usr/lib/nagios/plugins/check_disk -w \'20%\' -c \'10%\' -e',60,0,0.0099,0.162,0,'DISK OK','/=1179MB;5924;6664;0;7405 /dev=0MB;194;218;0;243 /dev/shm=0MB;198;223;0;248 /var/run=0MB;198;223;0;248 /var/lock=0MB;198;223;0;248 /lib/init/rw=0MB;198;223;0;248 /boot=16MB;181;204;0;227'),(1038,1,8,0,1,4,0,1,'2010-11-03 14:46:27',32138,'2010-11-03 14:46:27',44453,45,'','/usr/lib/nagios/plugins/check_http -H \'127.0.0.1\' -I \'127.0.0.1\'',60,0,0.01231,0.032,0,'HTTP OK: HTTP/1.1 200 OK - 1003 bytes in 0.001 second response time','time=0.001357s;;;0.000000 size=1003B;;;0'),(1040,1,3,0,1,4,0,1,'2010-11-03 14:47:27',110284,'2010-11-03 14:47:31',120255,103,'100.0,20%!500.0,60%','/usr/lib/nagios/plugins/check_ping -H \'192.168.153.2\' -w \'100.0,20%\' -c \'500.0,60%\'',60,0,4.00997,0.11,0,'PING OK - Packet loss = 0%, RTA = 0.27 ms','rta=0.268000ms;100.000000;500.000000;0.000000 pl=0%;20;60;0'),(1041,1,9,0,1,4,0,1,'2010-11-03 14:47:31',121877,'2010-11-03 14:47:31',138605,122,'','/usr/lib/nagios/plugins/check_ssh \'127.0.0.1\'',60,0,0.01673,0.121,0,'SSH OK - OpenSSH_5.3p1 Debian-3ubuntu4 (protocol 2.0)',''),(1044,1,10,0,1,4,0,1,'2010-11-03 14:47:52',160805,'2010-11-03 14:47:52',177607,107,'250!400','/usr/lib/nagios/plugins/check_procs -w \'250\' -c \'400\'',60,0,0.0168,0.16,0,'PROCS OK: 98 processes',''),(1046,1,6,0,1,4,0,1,'2010-11-03 14:48:14',191092,'2010-11-03 14:48:14',202178,135,'20!50','/usr/lib/nagios/plugins/check_users -w \'20\' -c \'50\'',60,0,0.01109,0.19,0,'USERS OK - 4 users currently logged in','users=4;20;50;0'),(1048,1,5,0,1,4,0,1,'2010-11-03 14:48:35',218949,'2010-11-03 14:48:35',228931,69,'5.0!4.0!3.0!10.0!6.0!4.0','/usr/lib/nagios/plugins/check_load --warning=\'5.0,4.0,3.0\' --critical=\'10.0,6.0,4.0\'',60,0,0.00998,0.218,0,'OK - load average: 0.00, 0.00, 0.00','load1=0.000;5.000;10.000;0; load5=0.000;4.000;6.000;0; load15=0.000;3.000;4.000;0;'),(1050,1,7,0,1,4,0,1,'2010-11-03 14:50:01',74247,'2010-11-03 14:50:01',84430,21,'20%!10%','/usr/lib/nagios/plugins/check_disk -w \'20%\' -c \'10%\' -e',60,0,0.01018,0.074,0,'DISK OK','/=1179MB;5924;6664;0;7405 /dev=0MB;194;218;0;243 /dev/shm=0MB;198;223;0;248 /var/run=0MB;198;223;0;248 /var/lock=0MB;198;223;0;248 /lib/init/rw=0MB;198;223;0;248 /boot=16MB;181;204;0;227');
/*!40000 ALTER TABLE `nagios_servicechecks` ENABLE KEYS */;
UNLOCK TABLES;

--
-- Table structure for table `nagios_servicedependencies`
--

DROP TABLE IF EXISTS `nagios_servicedependencies`;
/*!40101 SET @saved_cs_client     = @@character_set_client */;
/*!40101 SET character_set_client = utf8 */;
CREATE TABLE `nagios_servicedependencies` (
  `servicedependency_id` int(11) NOT NULL AUTO_INCREMENT,
  `instance_id` smallint(6) NOT NULL DEFAULT '0',
  `config_type` smallint(6) NOT NULL DEFAULT '0',
  `service_object_id` int(11) NOT NULL DEFAULT '0',
  `dependent_service_object_id` int(11) NOT NULL DEFAULT '0',
  `dependency_type` smallint(6) NOT NULL DEFAULT '0',
  `inherits_parent` smallint(6) NOT NULL DEFAULT '0',
  `timeperiod_object_id` int(11) NOT NULL DEFAULT '0',
  `fail_on_ok` smallint(6) NOT NULL DEFAULT '0',
  `fail_on_warning` smallint(6) NOT NULL DEFAULT '0',
  `fail_on_unknown` smallint(6) NOT NULL DEFAULT '0',
  `fail_on_critical` smallint(6) NOT NULL DEFAULT '0',
  PRIMARY KEY (`servicedependency_id`),
  UNIQUE KEY `instance_id` (`instance_id`,`config_type`,`service_object_id`,`dependent_service_object_id`,`dependency_type`,`inherits_parent`,`fail_on_ok`,`fail_on_warning`,`fail_on_unknown`,`fail_on_critical`)
) ENGINE=InnoDB DEFAULT CHARSET=latin1 COMMENT='Service dependency definitions';
/*!40101 SET character_set_client = @saved_cs_client */;

--
-- Dumping data for table `nagios_servicedependencies`
--

LOCK TABLES `nagios_servicedependencies` WRITE;
/*!40000 ALTER TABLE `nagios_servicedependencies` DISABLE KEYS */;
/*!40000 ALTER TABLE `nagios_servicedependencies` ENABLE KEYS */;
UNLOCK TABLES;

--
-- Table structure for table `nagios_serviceescalation_contactgroups`
--

DROP TABLE IF EXISTS `nagios_serviceescalation_contactgroups`;
/*!40101 SET @saved_cs_client     = @@character_set_client */;
/*!40101 SET character_set_client = utf8 */;
CREATE TABLE `nagios_serviceescalation_contactgroups` (
  `serviceescalation_contactgroup_id` int(11) NOT NULL AUTO_INCREMENT,
  `instance_id` smallint(6) NOT NULL DEFAULT '0',
  `serviceescalation_id` int(11) NOT NULL DEFAULT '0',
  `contactgroup_object_id` int(11) NOT NULL DEFAULT '0',
  PRIMARY KEY (`serviceescalation_contactgroup_id`),
  UNIQUE KEY `instance_id` (`serviceescalation_id`,`contactgroup_object_id`)
) ENGINE=InnoDB DEFAULT CHARSET=latin1 COMMENT='Service escalation contact groups';
/*!40101 SET character_set_client = @saved_cs_client */;

--
-- Dumping data for table `nagios_serviceescalation_contactgroups`
--

LOCK TABLES `nagios_serviceescalation_contactgroups` WRITE;
/*!40000 ALTER TABLE `nagios_serviceescalation_contactgroups` DISABLE KEYS */;
/*!40000 ALTER TABLE `nagios_serviceescalation_contactgroups` ENABLE KEYS */;
UNLOCK TABLES;

--
-- Table structure for table `nagios_serviceescalation_contacts`
--

DROP TABLE IF EXISTS `nagios_serviceescalation_contacts`;
/*!40101 SET @saved_cs_client     = @@character_set_client */;
/*!40101 SET character_set_client = utf8 */;
CREATE TABLE `nagios_serviceescalation_contacts` (
  `serviceescalation_contact_id` int(11) NOT NULL AUTO_INCREMENT,
  `instance_id` smallint(6) NOT NULL DEFAULT '0',
  `serviceescalation_id` int(11) NOT NULL DEFAULT '0',
  `contact_object_id` int(11) NOT NULL DEFAULT '0',
  PRIMARY KEY (`serviceescalation_contact_id`),
  UNIQUE KEY `instance_id` (`instance_id`,`serviceescalation_id`,`contact_object_id`)
) ENGINE=InnoDB DEFAULT CHARSET=latin1;
/*!40101 SET character_set_client = @saved_cs_client */;

--
-- Dumping data for table `nagios_serviceescalation_contacts`
--

LOCK TABLES `nagios_serviceescalation_contacts` WRITE;
/*!40000 ALTER TABLE `nagios_serviceescalation_contacts` DISABLE KEYS */;
/*!40000 ALTER TABLE `nagios_serviceescalation_contacts` ENABLE KEYS */;
UNLOCK TABLES;

--
-- Table structure for table `nagios_serviceescalations`
--

DROP TABLE IF EXISTS `nagios_serviceescalations`;
/*!40101 SET @saved_cs_client     = @@character_set_client */;
/*!40101 SET character_set_client = utf8 */;
CREATE TABLE `nagios_serviceescalations` (
  `serviceescalation_id` int(11) NOT NULL AUTO_INCREMENT,
  `instance_id` smallint(6) NOT NULL DEFAULT '0',
  `config_type` smallint(6) NOT NULL DEFAULT '0',
  `service_object_id` int(11) NOT NULL DEFAULT '0',
  `timeperiod_object_id` int(11) NOT NULL DEFAULT '0',
  `first_notification` smallint(6) NOT NULL DEFAULT '0',
  `last_notification` smallint(6) NOT NULL DEFAULT '0',
  `notification_interval` double NOT NULL DEFAULT '0',
  `escalate_on_recovery` smallint(6) NOT NULL DEFAULT '0',
  `escalate_on_warning` smallint(6) NOT NULL DEFAULT '0',
  `escalate_on_unknown` smallint(6) NOT NULL DEFAULT '0',
  `escalate_on_critical` smallint(6) NOT NULL DEFAULT '0',
  PRIMARY KEY (`serviceescalation_id`),
  UNIQUE KEY `instance_id` (`instance_id`,`config_type`,`service_object_id`,`timeperiod_object_id`,`first_notification`,`last_notification`)
) ENGINE=InnoDB DEFAULT CHARSET=latin1 COMMENT='Service escalation definitions';
/*!40101 SET character_set_client = @saved_cs_client */;

--
-- Dumping data for table `nagios_serviceescalations`
--

LOCK TABLES `nagios_serviceescalations` WRITE;
/*!40000 ALTER TABLE `nagios_serviceescalations` DISABLE KEYS */;
/*!40000 ALTER TABLE `nagios_serviceescalations` ENABLE KEYS */;
UNLOCK TABLES;

--
-- Table structure for table `nagios_servicegroup_members`
--

DROP TABLE IF EXISTS `nagios_servicegroup_members`;
/*!40101 SET @saved_cs_client     = @@character_set_client */;
/*!40101 SET character_set_client = utf8 */;
CREATE TABLE `nagios_servicegroup_members` (
  `servicegroup_member_id` int(11) NOT NULL AUTO_INCREMENT,
  `instance_id` smallint(6) NOT NULL DEFAULT '0',
  `servicegroup_id` int(11) NOT NULL DEFAULT '0',
  `service_object_id` int(11) NOT NULL DEFAULT '0',
  PRIMARY KEY (`servicegroup_member_id`),
  UNIQUE KEY `instance_id` (`servicegroup_id`,`service_object_id`)
) ENGINE=InnoDB DEFAULT CHARSET=latin1 COMMENT='Servicegroup members';
/*!40101 SET character_set_client = @saved_cs_client */;

--
-- Dumping data for table `nagios_servicegroup_members`
--

LOCK TABLES `nagios_servicegroup_members` WRITE;
/*!40000 ALTER TABLE `nagios_servicegroup_members` DISABLE KEYS */;
/*!40000 ALTER TABLE `nagios_servicegroup_members` ENABLE KEYS */;
UNLOCK TABLES;

--
-- Table structure for table `nagios_servicegroups`
--

DROP TABLE IF EXISTS `nagios_servicegroups`;
/*!40101 SET @saved_cs_client     = @@character_set_client */;
/*!40101 SET character_set_client = utf8 */;
CREATE TABLE `nagios_servicegroups` (
  `servicegroup_id` int(11) NOT NULL AUTO_INCREMENT,
  `instance_id` smallint(6) NOT NULL DEFAULT '0',
  `config_type` smallint(6) NOT NULL DEFAULT '0',
  `servicegroup_object_id` int(11) NOT NULL DEFAULT '0',
  `alias` varchar(255) NOT NULL DEFAULT '',
  PRIMARY KEY (`servicegroup_id`),
  UNIQUE KEY `instance_id` (`instance_id`,`config_type`,`servicegroup_object_id`)
) ENGINE=InnoDB DEFAULT CHARSET=latin1 COMMENT='Servicegroup definitions';
/*!40101 SET character_set_client = @saved_cs_client */;

--
-- Dumping data for table `nagios_servicegroups`
--

LOCK TABLES `nagios_servicegroups` WRITE;
/*!40000 ALTER TABLE `nagios_servicegroups` DISABLE KEYS */;
/*!40000 ALTER TABLE `nagios_servicegroups` ENABLE KEYS */;
UNLOCK TABLES;

--
-- Table structure for table `nagios_services`
--

DROP TABLE IF EXISTS `nagios_services`;
/*!40101 SET @saved_cs_client     = @@character_set_client */;
/*!40101 SET character_set_client = utf8 */;
CREATE TABLE `nagios_services` (
  `service_id` int(11) NOT NULL AUTO_INCREMENT,
  `instance_id` smallint(6) NOT NULL DEFAULT '0',
  `config_type` smallint(6) NOT NULL DEFAULT '0',
  `host_object_id` int(11) NOT NULL DEFAULT '0',
  `service_object_id` int(11) NOT NULL DEFAULT '0',
  `display_name` varchar(64) NOT NULL DEFAULT '',
  `check_command_object_id` int(11) NOT NULL DEFAULT '0',
  `check_command_args` varchar(255) NOT NULL DEFAULT '',
  `eventhandler_command_object_id` int(11) NOT NULL DEFAULT '0',
  `eventhandler_command_args` varchar(255) NOT NULL DEFAULT '',
  `notification_timeperiod_object_id` int(11) NOT NULL DEFAULT '0',
  `check_timeperiod_object_id` int(11) NOT NULL DEFAULT '0',
  `failure_prediction_options` varchar(64) NOT NULL DEFAULT '',
  `check_interval` double NOT NULL DEFAULT '0',
  `retry_interval` double NOT NULL DEFAULT '0',
  `max_check_attempts` smallint(6) NOT NULL DEFAULT '0',
  `first_notification_delay` double NOT NULL DEFAULT '0',
  `notification_interval` double NOT NULL DEFAULT '0',
  `notify_on_warning` smallint(6) NOT NULL DEFAULT '0',
  `notify_on_unknown` smallint(6) NOT NULL DEFAULT '0',
  `notify_on_critical` smallint(6) NOT NULL DEFAULT '0',
  `notify_on_recovery` smallint(6) NOT NULL DEFAULT '0',
  `notify_on_flapping` smallint(6) NOT NULL DEFAULT '0',
  `notify_on_downtime` smallint(6) NOT NULL DEFAULT '0',
  `stalk_on_ok` smallint(6) NOT NULL DEFAULT '0',
  `stalk_on_warning` smallint(6) NOT NULL DEFAULT '0',
  `stalk_on_unknown` smallint(6) NOT NULL DEFAULT '0',
  `stalk_on_critical` smallint(6) NOT NULL DEFAULT '0',
  `is_volatile` smallint(6) NOT NULL DEFAULT '0',
  `flap_detection_enabled` smallint(6) NOT NULL DEFAULT '0',
  `flap_detection_on_ok` smallint(6) NOT NULL DEFAULT '0',
  `flap_detection_on_warning` smallint(6) NOT NULL DEFAULT '0',
  `flap_detection_on_unknown` smallint(6) NOT NULL DEFAULT '0',
  `flap_detection_on_critical` smallint(6) NOT NULL DEFAULT '0',
  `low_flap_threshold` double NOT NULL DEFAULT '0',
  `high_flap_threshold` double NOT NULL DEFAULT '0',
  `process_performance_data` smallint(6) NOT NULL DEFAULT '0',
  `freshness_checks_enabled` smallint(6) NOT NULL DEFAULT '0',
  `freshness_threshold` smallint(6) NOT NULL DEFAULT '0',
  `passive_checks_enabled` smallint(6) NOT NULL DEFAULT '0',
  `event_handler_enabled` smallint(6) NOT NULL DEFAULT '0',
  `active_checks_enabled` smallint(6) NOT NULL DEFAULT '0',
  `retain_status_information` smallint(6) NOT NULL DEFAULT '0',
  `retain_nonstatus_information` smallint(6) NOT NULL DEFAULT '0',
  `notifications_enabled` smallint(6) NOT NULL DEFAULT '0',
  `obsess_over_service` smallint(6) NOT NULL DEFAULT '0',
  `failure_prediction_enabled` smallint(6) NOT NULL DEFAULT '0',
  `notes` varchar(255) NOT NULL DEFAULT '',
  `notes_url` varchar(255) NOT NULL DEFAULT '',
  `action_url` varchar(255) NOT NULL DEFAULT '',
  `icon_image` varchar(255) NOT NULL DEFAULT '',
  `icon_image_alt` varchar(255) NOT NULL DEFAULT '',
  PRIMARY KEY (`service_id`),
  UNIQUE KEY `instance_id` (`instance_id`,`config_type`,`service_object_id`)
) ENGINE=InnoDB AUTO_INCREMENT=36 DEFAULT CHARSET=latin1 COMMENT='Service definitions';
/*!40101 SET character_set_client = @saved_cs_client */;

--
-- Dumping data for table `nagios_services`
--

LOCK TABLES `nagios_services` WRITE;
/*!40000 ALTER TABLE `nagios_services` DISABLE KEYS */;
INSERT INTO `nagios_services` VALUES (29,1,1,1,3,'PING',103,'100.0,20%!500.0,60%',0,'',4,4,'',5,1,4,0,0,1,1,1,1,0,0,0,0,0,0,0,1,1,1,1,1,0,0,1,0,0,1,1,1,1,1,1,1,1,'','','','',''),(30,1,1,2,5,'Current Load',69,'5.0!4.0!3.0!10.0!6.0!4.0',0,'',4,4,'',5,1,4,0,0,1,1,1,1,0,0,0,0,0,0,0,1,1,1,1,1,0,0,1,0,0,1,1,1,1,1,1,1,1,'','','','',''),(31,1,1,2,6,'Current Users',135,'20!50',0,'',4,4,'',5,1,4,0,0,1,1,1,1,0,0,0,0,0,0,0,1,1,1,1,1,0,0,1,0,0,1,1,1,1,1,1,1,1,'','','','',''),(32,1,1,2,7,'Disk Space',21,'20%!10%',0,'',4,4,'',5,1,4,0,0,1,1,1,1,0,0,0,0,0,0,0,1,1,1,1,1,0,0,1,0,0,1,1,1,1,1,1,1,1,'','','','',''),(33,1,1,2,8,'HTTP',45,'',0,'',4,4,'',5,1,4,0,0,1,1,1,1,0,0,0,0,0,0,0,1,1,1,1,1,0,0,1,0,0,1,1,1,1,1,1,1,1,'','','','',''),(34,1,1,2,9,'SSH',122,'',0,'',4,4,'',5,1,4,0,0,1,1,1,1,0,0,0,0,0,0,0,1,1,1,1,1,0,0,1,0,0,1,1,1,1,1,1,1,1,'','','','',''),(35,1,1,2,10,'Total Processes',107,'250!400',0,'',4,4,'',5,1,4,0,0,1,1,1,1,0,0,0,0,0,0,0,1,1,1,1,1,0,0,1,0,0,1,1,1,1,1,1,1,1,'','','','','');
/*!40000 ALTER TABLE `nagios_services` ENABLE KEYS */;
UNLOCK TABLES;

--
-- Table structure for table `nagios_servicestatus`
--

DROP TABLE IF EXISTS `nagios_servicestatus`;
/*!40101 SET @saved_cs_client     = @@character_set_client */;
/*!40101 SET character_set_client = utf8 */;
CREATE TABLE `nagios_servicestatus` (
  `servicestatus_id` int(11) NOT NULL AUTO_INCREMENT,
  `instance_id` smallint(6) NOT NULL DEFAULT '0',
  `service_object_id` int(11) NOT NULL DEFAULT '0',
  `status_update_time` datetime NOT NULL DEFAULT '0000-00-00 00:00:00',
  `output` varchar(255) NOT NULL DEFAULT '',
  `perfdata` varchar(255) NOT NULL DEFAULT '',
  `current_state` smallint(6) NOT NULL DEFAULT '0',
  `has_been_checked` smallint(6) NOT NULL DEFAULT '0',
  `should_be_scheduled` smallint(6) NOT NULL DEFAULT '0',
  `current_check_attempt` smallint(6) NOT NULL DEFAULT '0',
  `max_check_attempts` smallint(6) NOT NULL DEFAULT '0',
  `last_check` datetime NOT NULL DEFAULT '0000-00-00 00:00:00',
  `next_check` datetime NOT NULL DEFAULT '0000-00-00 00:00:00',
  `check_type` smallint(6) NOT NULL DEFAULT '0',
  `last_state_change` datetime NOT NULL DEFAULT '0000-00-00 00:00:00',
  `last_hard_state_change` datetime NOT NULL DEFAULT '0000-00-00 00:00:00',
  `last_hard_state` smallint(6) NOT NULL DEFAULT '0',
  `last_time_ok` datetime NOT NULL DEFAULT '0000-00-00 00:00:00',
  `last_time_warning` datetime NOT NULL DEFAULT '0000-00-00 00:00:00',
  `last_time_unknown` datetime NOT NULL DEFAULT '0000-00-00 00:00:00',
  `last_time_critical` datetime NOT NULL DEFAULT '0000-00-00 00:00:00',
  `state_type` smallint(6) NOT NULL DEFAULT '0',
  `last_notification` datetime NOT NULL DEFAULT '0000-00-00 00:00:00',
  `next_notification` datetime NOT NULL DEFAULT '0000-00-00 00:00:00',
  `no_more_notifications` smallint(6) NOT NULL DEFAULT '0',
  `notifications_enabled` smallint(6) NOT NULL DEFAULT '0',
  `problem_has_been_acknowledged` smallint(6) NOT NULL DEFAULT '0',
  `acknowledgement_type` smallint(6) NOT NULL DEFAULT '0',
  `current_notification_number` smallint(6) NOT NULL DEFAULT '0',
  `passive_checks_enabled` smallint(6) NOT NULL DEFAULT '0',
  `active_checks_enabled` smallint(6) NOT NULL DEFAULT '0',
  `event_handler_enabled` smallint(6) NOT NULL DEFAULT '0',
  `flap_detection_enabled` smallint(6) NOT NULL DEFAULT '0',
  `is_flapping` smallint(6) NOT NULL DEFAULT '0',
  `percent_state_change` double NOT NULL DEFAULT '0',
  `latency` double NOT NULL DEFAULT '0',
  `execution_time` double NOT NULL DEFAULT '0',
  `scheduled_downtime_depth` smallint(6) NOT NULL DEFAULT '0',
  `failure_prediction_enabled` smallint(6) NOT NULL DEFAULT '0',
  `process_performance_data` smallint(6) NOT NULL DEFAULT '0',
  `obsess_over_service` smallint(6) NOT NULL DEFAULT '0',
  `modified_service_attributes` int(11) NOT NULL DEFAULT '0',
  `event_handler` varchar(255) NOT NULL DEFAULT '',
  `check_command` varchar(255) NOT NULL DEFAULT '',
  `normal_check_interval` double NOT NULL DEFAULT '0',
  `retry_check_interval` double NOT NULL DEFAULT '0',
  `check_timeperiod_object_id` int(11) NOT NULL DEFAULT '0',
  PRIMARY KEY (`servicestatus_id`),
  UNIQUE KEY `object_id` (`service_object_id`)
) ENGINE=InnoDB AUTO_INCREMENT=624 DEFAULT CHARSET=latin1 COMMENT='Current service status information';
/*!40101 SET character_set_client = @saved_cs_client */;

--
-- Dumping data for table `nagios_servicestatus`
--

LOCK TABLES `nagios_servicestatus` WRITE;
/*!40000 ALTER TABLE `nagios_servicestatus` DISABLE KEYS */;
INSERT INTO `nagios_servicestatus` VALUES (207,1,3,'2010-11-03 14:47:40','PING OK - Packet loss = 0%, RTA = 0.27 ms','rta=0.268000ms;100.000000;500.000000;0.000000 pl=0%;20;60;0',0,1,1,1,4,'2010-11-03 14:47:27','2010-11-03 14:52:27',0,'2010-10-29 12:34:37','2010-10-29 12:34:37',0,'2010-11-03 14:47:27','1969-12-31 21:00:00','1969-12-31 21:00:00','1969-12-31 21:00:00',1,'1969-12-31 21:00:00','1969-12-31 21:00:00',0,1,0,0,0,1,1,1,1,0,0,0.11,4.00997,0,1,1,1,0,'','check_ping!100.0,20%!500.0,60%',5,1,4),(208,1,5,'2010-11-03 14:48:40','OK - load average: 0.00, 0.00, 0.00','load1=0.000;5.000;10.000;0; load5=0.000;4.000;6.000;0; load15=0.000;3.000;4.000;0;',0,1,1,1,4,'2010-11-03 14:48:35','2010-11-03 14:53:35',0,'2010-10-29 12:36:03','2010-10-29 12:36:03',0,'2010-11-03 14:48:35','1969-12-31 21:00:00','1969-12-31 21:00:00','1969-12-31 21:00:00',1,'1969-12-31 21:00:00','1969-12-31 21:00:00',0,1,0,0,0,1,1,1,1,0,0,0.218,0.00998,0,1,1,1,0,'','check_load!5.0!4.0!3.0!10.0!6.0!4.0',5,1,4),(209,1,6,'2010-11-03 14:48:20','USERS OK - 4 users currently logged in','users=4;20;50;0',0,1,1,1,4,'2010-11-03 14:48:14','2010-11-03 14:53:14',0,'2010-10-29 12:37:29','2010-10-29 12:37:29',0,'2010-11-03 14:48:14','1969-12-31 21:00:00','1969-12-31 21:00:00','1969-12-31 21:00:00',1,'1969-12-31 21:00:00','1969-12-31 21:00:00',0,1,0,0,0,1,1,1,1,0,0,0.19,0.01109,0,1,1,1,0,'','check_users!20!50',5,1,4),(210,1,7,'2010-11-03 14:50:10','DISK OK','/=1179MB;5924;6664;0;7405 /dev=0MB;194;218;0;243 /dev/shm=0MB;198;223;0;248 /var/run=0MB;198;223;0;248 /var/lock=0MB;198;223;0;248 /lib/init/rw=0MB;198;223;0;248 /boot=16MB;181;204;0;227',0,1,1,1,4,'2010-11-03 14:50:01','2010-11-03 14:55:01',0,'2010-10-29 12:38:54','2010-10-29 12:38:54',0,'2010-11-03 14:50:01','1969-12-31 21:00:00','1969-12-31 21:00:00','1969-12-31 21:00:00',1,'1969-12-31 21:00:00','1969-12-31 21:00:00',0,1,0,0,0,1,1,1,1,0,0,0.074,0.01018,0,1,1,1,0,'','check_all_disks!20%!10%',5,1,4),(211,1,8,'2010-11-03 14:46:30','HTTP OK: HTTP/1.1 200 OK - 1003 bytes in 0.001 second response time','time=0.001357s;;;0.000000 size=1003B;;;0',0,1,1,1,4,'2010-11-03 14:46:27','2010-11-03 14:51:27',0,'2010-10-29 12:35:20','2010-10-29 12:35:20',0,'2010-11-03 14:46:27','1969-12-31 21:00:00','1969-12-31 21:00:00','1969-12-31 21:00:00',1,'1969-12-31 21:00:00','1969-12-31 21:00:00',0,1,0,0,0,1,1,1,1,0,0,0.032,0.01231,0,1,1,1,0,'','check_http',5,1,4),(212,1,9,'2010-11-03 14:47:40','SSH OK - OpenSSH_5.3p1 Debian-3ubuntu4 (protocol 2.0)','',0,1,1,1,4,'2010-11-03 14:47:31','2010-11-03 14:52:31',0,'2010-10-29 12:36:46','2010-10-29 12:36:46',0,'2010-11-03 14:47:31','1969-12-31 21:00:00','1969-12-31 21:00:00','1969-12-31 21:00:00',1,'1969-12-31 21:00:00','1969-12-31 21:00:00',0,1,0,0,0,1,1,1,1,0,0,0.121,0.01673,0,1,1,1,0,'','check_ssh',5,1,4),(213,1,10,'2010-11-03 14:48:00','PROCS OK: 98 processes','',0,1,1,1,4,'2010-11-03 14:47:52','2010-11-03 14:52:52',0,'2010-10-29 12:38:12','2010-10-29 12:38:12',0,'2010-11-03 14:47:52','1969-12-31 21:00:00','1969-12-31 21:00:00','1969-12-31 21:00:00',1,'1969-12-31 21:00:00','1969-12-31 21:00:00',0,1,0,0,0,1,1,1,1,0,0,0.16,0.0168,0,1,1,1,0,'','check_procs!250!400',5,1,4);
/*!40000 ALTER TABLE `nagios_servicestatus` ENABLE KEYS */;
UNLOCK TABLES;

--
-- Table structure for table `nagios_statehistory`
--

DROP TABLE IF EXISTS `nagios_statehistory`;
/*!40101 SET @saved_cs_client     = @@character_set_client */;
/*!40101 SET character_set_client = utf8 */;
CREATE TABLE `nagios_statehistory` (
  `statehistory_id` int(11) NOT NULL AUTO_INCREMENT,
  `instance_id` smallint(6) NOT NULL DEFAULT '0',
  `state_time` datetime NOT NULL DEFAULT '0000-00-00 00:00:00',
  `state_time_usec` int(11) NOT NULL DEFAULT '0',
  `object_id` int(11) NOT NULL DEFAULT '0',
  `state_change` smallint(6) NOT NULL DEFAULT '0',
  `state` smallint(6) NOT NULL DEFAULT '0',
  `state_type` smallint(6) NOT NULL DEFAULT '0',
  `current_check_attempt` smallint(6) NOT NULL DEFAULT '0',
  `max_check_attempts` smallint(6) NOT NULL DEFAULT '0',
  `last_state` smallint(6) NOT NULL DEFAULT '-1',
  `last_hard_state` smallint(6) NOT NULL DEFAULT '-1',
  `output` varchar(255) NOT NULL DEFAULT '',
  PRIMARY KEY (`statehistory_id`)
) ENGINE=InnoDB AUTO_INCREMENT=4 DEFAULT CHARSET=latin1 COMMENT='Historical host and service state changes';
/*!40101 SET character_set_client = @saved_cs_client */;

--
-- Dumping data for table `nagios_statehistory`
--

LOCK TABLES `nagios_statehistory` WRITE;
/*!40000 ALTER TABLE `nagios_statehistory` DISABLE KEYS */;
INSERT INTO `nagios_statehistory` VALUES (1,1,'2010-11-03 09:29:07',40150,1,1,1,0,1,10,0,-1,'CRITICAL - Network Unreachable (192.168.153.2)'),(2,1,'2010-11-03 09:31:12',234711,1,1,1,0,2,10,0,-1,'CRITICAL - Network Unreachable (192.168.153.2)'),(3,1,'2010-11-03 09:32:22',78201,1,1,0,0,3,10,0,-1,'PING OK - Packet loss = 0%, RTA = 0.22 ms');
/*!40000 ALTER TABLE `nagios_statehistory` ENABLE KEYS */;
UNLOCK TABLES;

--
-- Table structure for table `nagios_systemcommands`
--

DROP TABLE IF EXISTS `nagios_systemcommands`;
/*!40101 SET @saved_cs_client     = @@character_set_client */;
/*!40101 SET character_set_client = utf8 */;
CREATE TABLE `nagios_systemcommands` (
  `systemcommand_id` int(11) NOT NULL AUTO_INCREMENT,
  `instance_id` smallint(6) NOT NULL DEFAULT '0',
  `start_time` datetime NOT NULL DEFAULT '0000-00-00 00:00:00',
  `start_time_usec` int(11) NOT NULL DEFAULT '0',
  `end_time` datetime NOT NULL DEFAULT '0000-00-00 00:00:00',
  `end_time_usec` int(11) NOT NULL DEFAULT '0',
  `command_line` varchar(255) NOT NULL DEFAULT '',
  `timeout` smallint(6) NOT NULL DEFAULT '0',
  `early_timeout` smallint(6) NOT NULL DEFAULT '0',
  `execution_time` double NOT NULL DEFAULT '0',
  `return_code` smallint(6) NOT NULL DEFAULT '0',
  `output` varchar(255) NOT NULL DEFAULT '',
  PRIMARY KEY (`systemcommand_id`),
  UNIQUE KEY `instance_id` (`instance_id`,`start_time`,`start_time_usec`)
) ENGINE=InnoDB DEFAULT CHARSET=latin1 COMMENT='Historical system commands that are executed';
/*!40101 SET character_set_client = @saved_cs_client */;

--
-- Dumping data for table `nagios_systemcommands`
--

LOCK TABLES `nagios_systemcommands` WRITE;
/*!40000 ALTER TABLE `nagios_systemcommands` DISABLE KEYS */;
/*!40000 ALTER TABLE `nagios_systemcommands` ENABLE KEYS */;
UNLOCK TABLES;

--
-- Table structure for table `nagios_timedeventqueue`
--

DROP TABLE IF EXISTS `nagios_timedeventqueue`;
/*!40101 SET @saved_cs_client     = @@character_set_client */;
/*!40101 SET character_set_client = utf8 */;
CREATE TABLE `nagios_timedeventqueue` (
  `timedeventqueue_id` int(11) NOT NULL AUTO_INCREMENT,
  `instance_id` smallint(6) NOT NULL DEFAULT '0',
  `event_type` smallint(6) NOT NULL DEFAULT '0',
  `queued_time` datetime NOT NULL DEFAULT '0000-00-00 00:00:00',
  `queued_time_usec` int(11) NOT NULL DEFAULT '0',
  `scheduled_time` datetime NOT NULL DEFAULT '0000-00-00 00:00:00',
  `recurring_event` smallint(6) NOT NULL DEFAULT '0',
  `object_id` int(11) NOT NULL DEFAULT '0',
  PRIMARY KEY (`timedeventqueue_id`)
) ENGINE=InnoDB AUTO_INCREMENT=6014 DEFAULT CHARSET=latin1 COMMENT='Current Nagios event queue';
/*!40101 SET character_set_client = @saved_cs_client */;

--
-- Dumping data for table `nagios_timedeventqueue`
--

LOCK TABLES `nagios_timedeventqueue` WRITE;
/*!40000 ALTER TABLE `nagios_timedeventqueue` DISABLE KEYS */;
INSERT INTO `nagios_timedeventqueue` VALUES (1997,1,2,'2010-11-03 10:37:10',486709,'2010-11-04 00:00:00',1,0),(1999,1,16,'2010-11-03 10:37:11',788345,'2010-11-04 09:14:58',0,0),(5785,1,7,'2010-11-03 14:37:10',10393,'2010-11-03 15:37:10',1,0),(5935,1,0,'2010-11-03 14:46:30',41331,'2010-11-03 14:51:27',0,8),(5952,1,0,'2010-11-03 14:47:40',139001,'2010-11-03 14:52:27',0,3),(5953,1,0,'2010-11-03 14:47:40',139085,'2010-11-03 14:52:31',0,9),(5956,1,12,'2010-11-03 14:47:50',157629,'2010-11-03 14:52:50',0,2),(5959,1,0,'2010-11-03 14:48:00',175464,'2010-11-03 14:52:52',0,10),(5966,1,0,'2010-11-03 14:48:20',201835,'2010-11-03 14:53:14',0,6),(5971,1,0,'2010-11-03 14:48:40',229142,'2010-11-03 14:53:35',0,5),(5994,1,0,'2010-11-03 14:50:10',88269,'2010-11-03 14:55:01',0,7),(5999,1,12,'2010-11-03 14:50:30',122869,'2010-11-03 14:55:30',0,1),(6008,1,6,'2010-11-03 14:51:10',172969,'2010-11-03 14:52:10',1,0),(6009,1,10,'2010-11-03 14:51:10',172987,'2010-11-03 14:52:10',1,0),(6012,1,5,'2010-11-03 14:51:20',184066,'2010-11-03 14:51:30',1,0),(6013,1,8,'2010-11-03 14:51:20',184405,'2010-11-03 14:51:30',1,0);
/*!40000 ALTER TABLE `nagios_timedeventqueue` ENABLE KEYS */;
UNLOCK TABLES;

--
-- Table structure for table `nagios_timedevents`
--

DROP TABLE IF EXISTS `nagios_timedevents`;
/*!40101 SET @saved_cs_client     = @@character_set_client */;
/*!40101 SET character_set_client = utf8 */;
CREATE TABLE `nagios_timedevents` (
  `timedevent_id` int(11) NOT NULL AUTO_INCREMENT,
  `instance_id` smallint(6) NOT NULL DEFAULT '0',
  `event_type` smallint(6) NOT NULL DEFAULT '0',
  `queued_time` datetime NOT NULL DEFAULT '0000-00-00 00:00:00',
  `queued_time_usec` int(11) NOT NULL DEFAULT '0',
  `event_time` datetime NOT NULL DEFAULT '0000-00-00 00:00:00',
  `event_time_usec` int(11) NOT NULL DEFAULT '0',
  `scheduled_time` datetime NOT NULL DEFAULT '0000-00-00 00:00:00',
  `recurring_event` smallint(6) NOT NULL DEFAULT '0',
  `object_id` int(11) NOT NULL DEFAULT '0',
  `deletion_time` datetime NOT NULL DEFAULT '0000-00-00 00:00:00',
  `deletion_time_usec` int(11) NOT NULL DEFAULT '0',
  PRIMARY KEY (`timedevent_id`),
  UNIQUE KEY `instance_id` (`instance_id`,`event_type`,`scheduled_time`,`object_id`)
) ENGINE=InnoDB AUTO_INCREMENT=11946 DEFAULT CHARSET=latin1 COMMENT='Historical events from the Nagios event queue';
/*!40101 SET character_set_client = @saved_cs_client */;

--
-- Dumping data for table `nagios_timedevents`
--

LOCK TABLES `nagios_timedevents` WRITE;
/*!40000 ALTER TABLE `nagios_timedevents` DISABLE KEYS */;
INSERT INTO `nagios_timedevents` VALUES (1887,1,0,'2010-11-03 09:28:57',8587,'0000-00-00 00:00:00',0,'2010-11-03 09:30:22',0,3,'0000-00-00 00:00:00',0),(1888,1,0,'2010-11-03 09:31:02',468470,'2010-11-03 09:31:48',28112,'2010-11-03 09:31:48',0,5,'0000-00-00 00:00:00',0),(1889,1,0,'2010-11-03 09:31:02',468476,'2010-11-03 09:33:14',167685,'2010-11-03 09:33:14',0,6,'0000-00-00 00:00:00',0),(1890,1,0,'2010-11-03 09:31:02',468481,'2010-11-03 09:34:39',48601,'2010-11-03 09:34:39',0,7,'0000-00-00 00:00:00',0),(1891,1,0,'2010-11-03 09:31:02',468487,'2010-11-03 09:31:05',9923,'2010-11-03 09:31:05',0,8,'0000-00-00 00:00:00',0),(1892,1,0,'2010-11-03 09:31:02',468492,'2010-11-03 09:32:31',92562,'2010-11-03 09:32:31',0,9,'0000-00-00 00:00:00',0),(1893,1,0,'2010-11-03 09:31:02',468497,'2010-11-03 09:33:57',232818,'2010-11-03 09:33:57',0,10,'0000-00-00 00:00:00',0),(1894,1,12,'2010-11-03 09:28:57',8644,'2010-11-03 09:28:57',12016,'2010-11-03 09:28:57',0,1,'0000-00-00 00:00:00',0),(1895,1,12,'2010-11-03 09:31:02',468516,'2010-11-03 09:31:27',1461,'2010-11-03 09:31:27',0,2,'0000-00-00 00:00:00',0),(1896,1,5,'2010-11-03 09:28:57',8655,'2010-11-03 09:29:07',39060,'2010-11-03 09:29:07',1,0,'0000-00-00 00:00:00',0),(1897,1,6,'2010-11-03 09:28:57',8661,'0000-00-00 00:00:00',0,'2010-11-03 09:29:57',1,0,'0000-00-00 00:00:00',0),(1898,1,10,'2010-11-03 09:28:57',8665,'0000-00-00 00:00:00',0,'2010-11-03 09:29:57',1,0,'0000-00-00 00:00:00',0),(1899,1,8,'2010-11-03 09:28:57',8670,'2010-11-03 09:29:07',40254,'2010-11-03 09:29:07',1,0,'0000-00-00 00:00:00',0),(1900,1,2,'2010-11-03 10:37:10',486709,'0000-00-00 00:00:00',0,'2010-11-04 00:00:00',1,0,'0000-00-00 00:00:00',0),(1901,1,7,'2010-11-03 09:28:57',8683,'0000-00-00 00:00:00',0,'2010-11-03 10:28:57',1,0,'0000-00-00 00:00:00',0),(1902,1,16,'2010-11-03 09:28:57',9132,'0000-00-00 00:00:00',0,'2010-11-04 07:50:14',0,0,'0000-00-00 00:00:00',0),(1905,1,12,'2010-11-03 09:29:07',40196,'0000-00-00 00:00:00',0,'2010-11-03 09:30:07',0,1,'0000-00-00 00:00:00',0),(1906,1,5,'2010-11-03 09:29:07',40246,'2010-11-03 09:29:17',55865,'2010-11-03 09:29:17',1,0,'0000-00-00 00:00:00',0),(1908,1,8,'2010-11-03 09:29:07',46448,'2010-11-03 09:29:17',55940,'2010-11-03 09:29:17',1,0,'0000-00-00 00:00:00',0),(1910,1,5,'2010-11-03 09:29:17',55930,'0000-00-00 00:00:00',0,'2010-11-03 09:29:27',1,0,'0000-00-00 00:00:00',0),(1912,1,8,'2010-11-03 09:29:17',56366,'0000-00-00 00:00:00',0,'2010-11-03 09:29:27',1,0,'0000-00-00 00:00:00',0),(1913,1,0,'2010-11-03 09:31:02',468462,'2010-11-03 09:32:27',84728,'2010-11-03 09:32:27',0,3,'0000-00-00 00:00:00',0),(1920,1,12,'2010-11-03 09:31:02',468510,'2010-11-03 09:31:02',468979,'2010-11-03 09:31:02',0,1,'0000-00-00 00:00:00',0),(1922,1,5,'2010-11-03 09:31:02',468521,'2010-11-03 09:31:12',233727,'2010-11-03 09:31:12',1,0,'0000-00-00 00:00:00',0),(1923,1,6,'2010-11-03 09:31:02',468526,'2010-11-03 09:32:02',48943,'2010-11-03 09:32:02',1,0,'0000-00-00 00:00:00',0),(1924,1,10,'2010-11-03 09:31:02',468530,'2010-11-03 09:32:02',49477,'2010-11-03 09:32:02',1,0,'0000-00-00 00:00:00',0),(1925,1,8,'2010-11-03 09:31:02',468537,'2010-11-03 09:31:12',234963,'2010-11-03 09:31:12',1,0,'0000-00-00 00:00:00',0),(1927,1,7,'2010-11-03 09:31:02',468560,'2010-11-03 10:31:02',107620,'2010-11-03 10:31:02',1,0,'0000-00-00 00:00:00',0),(1928,1,16,'2010-11-03 09:31:02',468734,'0000-00-00 00:00:00',0,'2010-11-04 09:17:02',0,0,'0000-00-00 00:00:00',0),(1932,1,12,'2010-11-03 09:31:12',234779,'2010-11-03 09:32:12',59809,'2010-11-03 09:32:12',0,1,'0000-00-00 00:00:00',0),(1933,1,0,'2010-11-03 09:31:12',234892,'2010-11-03 09:36:05',161383,'2010-11-03 09:36:05',0,8,'0000-00-00 00:00:00',0),(1934,1,5,'2010-11-03 09:31:12',234954,'2010-11-03 09:31:22',245722,'2010-11-03 09:31:22',1,0,'0000-00-00 00:00:00',0),(1936,1,8,'2010-11-03 09:31:12',236214,'2010-11-03 09:31:22',246317,'2010-11-03 09:31:22',1,0,'0000-00-00 00:00:00',0),(1938,1,5,'2010-11-03 09:31:22',246306,'2010-11-03 09:31:32',10778,'2010-11-03 09:31:32',1,0,'0000-00-00 00:00:00',0),(1940,1,8,'2010-11-03 09:31:22',246903,'2010-11-03 09:31:32',11067,'2010-11-03 09:31:32',1,0,'0000-00-00 00:00:00',0),(1943,1,12,'2010-11-03 09:31:32',11000,'2010-11-03 09:36:32',203344,'2010-11-03 09:36:32',0,2,'0000-00-00 00:00:00',0),(1944,1,5,'2010-11-03 09:31:32',11052,'2010-11-03 09:31:42',21058,'2010-11-03 09:31:42',1,0,'0000-00-00 00:00:00',0),(1946,1,8,'2010-11-03 09:31:32',11356,'2010-11-03 09:31:42',21599,'2010-11-03 09:31:42',1,0,'0000-00-00 00:00:00',0),(1948,1,5,'2010-11-03 09:31:42',21589,'2010-11-03 09:31:52',35926,'2010-11-03 09:31:52',1,0,'0000-00-00 00:00:00',0),(1950,1,8,'2010-11-03 09:31:42',22563,'2010-11-03 09:31:52',37316,'2010-11-03 09:31:52',1,0,'0000-00-00 00:00:00',0),(1953,1,0,'2010-11-03 09:31:52',37047,'2010-11-03 09:36:48',223504,'2010-11-03 09:36:48',0,5,'0000-00-00 00:00:00',0),(1954,1,5,'2010-11-03 09:31:52',37305,'2010-11-03 09:32:02',49491,'2010-11-03 09:32:02',1,0,'0000-00-00 00:00:00',0),(1956,1,8,'2010-11-03 09:31:52',38452,'2010-11-03 09:32:02',49532,'2010-11-03 09:32:02',1,0,'0000-00-00 00:00:00',0),(1958,1,6,'2010-11-03 09:32:02',49460,'2010-11-03 09:33:02',147391,'2010-11-03 09:33:02',1,0,'0000-00-00 00:00:00',0),(1960,1,10,'2010-11-03 09:32:02',49484,'2010-11-03 09:33:02',148070,'2010-11-03 09:33:02',1,0,'0000-00-00 00:00:00',0),(1962,1,5,'2010-11-03 09:32:02',49523,'2010-11-03 09:32:12',59024,'2010-11-03 09:32:12',1,0,'0000-00-00 00:00:00',0),(1964,1,8,'2010-11-03 09:32:02',49904,'2010-11-03 09:32:12',59383,'2010-11-03 09:32:12',1,0,'0000-00-00 00:00:00',0),(1966,1,5,'2010-11-03 09:32:12',59373,'2010-11-03 09:32:22',76774,'2010-11-03 09:32:22',1,0,'0000-00-00 00:00:00',0),(1968,1,8,'2010-11-03 09:32:12',59799,'2010-11-03 09:32:22',78277,'2010-11-03 09:32:22',1,0,'0000-00-00 00:00:00',0),(1971,1,12,'2010-11-03 09:32:22',78218,'2010-11-03 09:37:22',14853,'2010-11-03 09:37:22',0,1,'0000-00-00 00:00:00',0),(1972,1,5,'2010-11-03 09:32:22',78269,'2010-11-03 09:32:32',117746,'2010-11-03 09:32:32',1,0,'0000-00-00 00:00:00',0),(1974,1,8,'2010-11-03 09:32:22',80219,'2010-11-03 09:32:32',118190,'2010-11-03 09:32:32',1,0,'0000-00-00 00:00:00',0),(1978,1,0,'2010-11-03 09:32:32',118038,'2010-11-03 09:37:27',24630,'2010-11-03 09:37:27',0,3,'0000-00-00 00:00:00',0),(1979,1,0,'2010-11-03 09:32:32',118116,'2010-11-03 09:37:31',32202,'2010-11-03 09:37:31',0,9,'0000-00-00 00:00:00',0),(1980,1,5,'2010-11-03 09:32:32',118163,'2010-11-03 09:32:42',128178,'2010-11-03 09:32:42',1,0,'0000-00-00 00:00:00',0),(1982,1,8,'2010-11-03 09:32:32',118476,'2010-11-03 09:32:42',128625,'2010-11-03 09:32:42',1,0,'0000-00-00 00:00:00',0),(1984,1,5,'2010-11-03 09:32:42',128615,'2010-11-03 09:32:52',138068,'2010-11-03 09:32:52',1,0,'0000-00-00 00:00:00',0),(1986,1,8,'2010-11-03 09:32:42',129056,'2010-11-03 09:32:52',138125,'2010-11-03 09:32:52',1,0,'0000-00-00 00:00:00',0),(1988,1,5,'2010-11-03 09:32:52',138116,'2010-11-03 09:33:02',148084,'2010-11-03 09:33:02',1,0,'0000-00-00 00:00:00',0),(1990,1,8,'2010-11-03 09:32:52',138431,'2010-11-03 09:33:02',148134,'2010-11-03 09:33:02',1,0,'0000-00-00 00:00:00',0),(1992,1,6,'2010-11-03 09:33:02',148051,'2010-11-03 09:34:02',7133,'2010-11-03 09:34:02',1,0,'0000-00-00 00:00:00',0),(1994,1,10,'2010-11-03 09:33:02',148077,'2010-11-03 09:34:02',7175,'2010-11-03 09:34:02',1,0,'0000-00-00 00:00:00',0),(1996,1,5,'2010-11-03 09:33:02',148124,'2010-11-03 09:33:12',164751,'2010-11-03 09:33:12',1,0,'0000-00-00 00:00:00',0),(1998,1,8,'2010-11-03 09:33:02',154920,'2010-11-03 09:33:12',165200,'2010-11-03 09:33:12',1,0,'0000-00-00 00:00:00',0),(2000,1,5,'2010-11-03 09:33:12',165190,'2010-11-03 09:33:22',192770,'2010-11-03 09:33:22',1,0,'0000-00-00 00:00:00',0),(2002,1,8,'2010-11-03 09:33:12',165984,'2010-11-03 09:33:22',194503,'2010-11-03 09:33:22',1,0,'0000-00-00 00:00:00',0),(2005,1,0,'2010-11-03 09:33:22',194197,'2010-11-03 09:38:14',81399,'2010-11-03 09:38:14',0,6,'0000-00-00 00:00:00',0),(2006,1,5,'2010-11-03 09:33:22',194493,'2010-11-03 09:33:32',204899,'2010-11-03 09:33:32',1,0,'0000-00-00 00:00:00',0),(2008,1,8,'2010-11-03 09:33:22',195210,'2010-11-03 09:33:32',205436,'2010-11-03 09:33:32',1,0,'0000-00-00 00:00:00',0),(2010,1,5,'2010-11-03 09:33:32',205417,'2010-11-03 09:33:42',215561,'2010-11-03 09:33:42',1,0,'0000-00-00 00:00:00',0),(2012,1,8,'2010-11-03 09:33:32',206158,'2010-11-03 09:33:42',216106,'2010-11-03 09:33:42',1,0,'0000-00-00 00:00:00',0),(2014,1,5,'2010-11-03 09:33:42',216096,'2010-11-03 09:33:52',226824,'2010-11-03 09:33:52',1,0,'0000-00-00 00:00:00',0),(2016,1,8,'2010-11-03 09:33:42',216818,'2010-11-03 09:33:52',227302,'2010-11-03 09:33:52',1,0,'0000-00-00 00:00:00',0),(2018,1,5,'2010-11-03 09:33:52',227291,'2010-11-03 09:34:02',7188,'2010-11-03 09:34:02',1,0,'0000-00-00 00:00:00',0),(2020,1,8,'2010-11-03 09:33:52',228005,'2010-11-03 09:34:02',7436,'2010-11-03 09:34:02',1,0,'0000-00-00 00:00:00',0),(2023,1,6,'2010-11-03 09:34:02',7160,'2010-11-03 09:35:02',99185,'2010-11-03 09:35:02',1,0,'0000-00-00 00:00:00',0),(2025,1,10,'2010-11-03 09:34:02',7181,'2010-11-03 09:35:02',99222,'2010-11-03 09:35:02',1,0,'0000-00-00 00:00:00',0),(2027,1,0,'2010-11-03 09:34:02',7348,'2010-11-03 09:38:57',121320,'2010-11-03 09:38:57',0,10,'0000-00-00 00:00:00',0),(2028,1,5,'2010-11-03 09:34:02',7426,'2010-11-03 09:34:12',16941,'2010-11-03 09:34:12',1,0,'0000-00-00 00:00:00',0),(2030,1,8,'2010-11-03 09:34:02',7716,'2010-11-03 09:34:12',17444,'2010-11-03 09:34:12',1,0,'0000-00-00 00:00:00',0),(2032,1,5,'2010-11-03 09:34:12',17434,'2010-11-03 09:34:22',27855,'2010-11-03 09:34:22',1,0,'0000-00-00 00:00:00',0),(2034,1,8,'2010-11-03 09:34:12',17925,'2010-11-03 09:34:22',28392,'2010-11-03 09:34:22',1,0,'0000-00-00 00:00:00',0),(2036,1,5,'2010-11-03 09:34:22',28382,'2010-11-03 09:34:32',40195,'2010-11-03 09:34:32',1,0,'0000-00-00 00:00:00',0),(2038,1,8,'2010-11-03 09:34:22',29208,'2010-11-03 09:34:32',40762,'2010-11-03 09:34:32',1,0,'0000-00-00 00:00:00',0),(2040,1,5,'2010-11-03 09:34:32',40745,'2010-11-03 09:34:42',76054,'2010-11-03 09:34:42',1,0,'0000-00-00 00:00:00',0),(2042,1,8,'2010-11-03 09:34:32',41619,'2010-11-03 09:34:42',77357,'2010-11-03 09:34:42',1,0,'0000-00-00 00:00:00',0),(2045,1,0,'2010-11-03 09:34:42',77090,'2010-11-03 09:39:39',175989,'2010-11-03 09:39:39',0,7,'0000-00-00 00:00:00',0),(2046,1,5,'2010-11-03 09:34:42',77346,'2010-11-03 09:34:52',88176,'2010-11-03 09:34:52',1,0,'0000-00-00 00:00:00',0),(2048,1,8,'2010-11-03 09:34:42',78368,'2010-11-03 09:34:52',88639,'2010-11-03 09:34:52',1,0,'0000-00-00 00:00:00',0),(2050,1,5,'2010-11-03 09:34:52',88629,'2010-11-03 09:35:02',99236,'2010-11-03 09:35:02',1,0,'0000-00-00 00:00:00',0),(2052,1,8,'2010-11-03 09:34:52',89240,'2010-11-03 09:35:02',99271,'2010-11-03 09:35:02',1,0,'0000-00-00 00:00:00',0),(2054,1,6,'2010-11-03 09:35:02',99207,'2010-11-03 09:36:02',156844,'2010-11-03 09:36:02',1,0,'0000-00-00 00:00:00',0),(2056,1,10,'2010-11-03 09:35:02',99229,'2010-11-03 09:36:02',156890,'2010-11-03 09:36:02',1,0,'0000-00-00 00:00:00',0),(2058,1,5,'2010-11-03 09:35:02',99262,'2010-11-03 09:35:12',108047,'2010-11-03 09:35:12',1,0,'0000-00-00 00:00:00',0),(2060,1,8,'2010-11-03 09:35:02',99557,'2010-11-03 09:35:12',108104,'2010-11-03 09:35:12',1,0,'0000-00-00 00:00:00',0),(2062,1,5,'2010-11-03 09:35:12',108095,'2010-11-03 09:35:22',116212,'2010-11-03 09:35:22',1,0,'0000-00-00 00:00:00',0),(2064,1,8,'2010-11-03 09:35:12',108783,'2010-11-03 09:35:22',116270,'2010-11-03 09:35:22',1,0,'0000-00-00 00:00:00',0),(2066,1,5,'2010-11-03 09:35:22',116261,'2010-11-03 09:35:32',125336,'2010-11-03 09:35:32',1,0,'0000-00-00 00:00:00',0),(2068,1,8,'2010-11-03 09:35:22',116684,'2010-11-03 09:35:32',125449,'2010-11-03 09:35:32',1,0,'0000-00-00 00:00:00',0),(2070,1,5,'2010-11-03 09:35:32',125428,'2010-11-03 09:35:42',140764,'2010-11-03 09:35:42',1,0,'0000-00-00 00:00:00',0),(2072,1,8,'2010-11-03 09:35:32',126179,'2010-11-03 09:35:42',140821,'2010-11-03 09:35:42',1,0,'0000-00-00 00:00:00',0),(2074,1,5,'2010-11-03 09:35:42',140812,'2010-11-03 09:35:52',148746,'2010-11-03 09:35:52',1,0,'0000-00-00 00:00:00',0),(2076,1,8,'2010-11-03 09:35:42',141336,'2010-11-03 09:35:52',148796,'2010-11-03 09:35:52',1,0,'0000-00-00 00:00:00',0),(2078,1,5,'2010-11-03 09:35:52',148787,'2010-11-03 09:36:02',156904,'2010-11-03 09:36:02',1,0,'0000-00-00 00:00:00',0),(2080,1,8,'2010-11-03 09:35:52',149341,'2010-11-03 09:36:02',156943,'2010-11-03 09:36:02',1,0,'0000-00-00 00:00:00',0),(2082,1,6,'2010-11-03 09:36:02',156867,'2010-11-03 09:37:02',240420,'2010-11-03 09:37:02',1,0,'0000-00-00 00:00:00',0),(2084,1,10,'2010-11-03 09:36:02',156896,'2010-11-03 09:37:02',240486,'2010-11-03 09:37:02',1,0,'0000-00-00 00:00:00',0),(2086,1,5,'2010-11-03 09:36:02',156934,'2010-11-03 09:36:12',183130,'2010-11-03 09:36:12',1,0,'0000-00-00 00:00:00',0),(2088,1,8,'2010-11-03 09:36:02',157863,'2010-11-03 09:36:12',183423,'2010-11-03 09:36:12',1,0,'0000-00-00 00:00:00',0),(2091,1,0,'2010-11-03 09:36:12',183340,'2010-11-03 09:41:05',250053,'2010-11-03 09:41:05',0,8,'0000-00-00 00:00:00',0),(2092,1,5,'2010-11-03 09:36:12',183406,'2010-11-03 09:36:22',194460,'2010-11-03 09:36:22',1,0,'0000-00-00 00:00:00',0),(2094,1,8,'2010-11-03 09:36:12',183708,'2010-11-03 09:36:22',194526,'2010-11-03 09:36:22',1,0,'0000-00-00 00:00:00',0),(2096,1,5,'2010-11-03 09:36:22',194517,'2010-11-03 09:36:32',202967,'2010-11-03 09:36:32',1,0,'0000-00-00 00:00:00',0),(2098,1,8,'2010-11-03 09:36:22',195009,'2010-11-03 09:36:32',203022,'2010-11-03 09:36:32',1,0,'0000-00-00 00:00:00',0),(2100,1,5,'2010-11-03 09:36:32',203006,'2010-11-03 09:36:42',217132,'2010-11-03 09:36:42',1,0,'0000-00-00 00:00:00',0),(2102,1,8,'2010-11-03 09:36:32',203335,'2010-11-03 09:36:42',217416,'2010-11-03 09:36:42',1,0,'0000-00-00 00:00:00',0),(2105,1,12,'2010-11-03 09:36:42',217356,'2010-11-03 09:41:42',36914,'2010-11-03 09:41:42',0,2,'0000-00-00 00:00:00',0),(2106,1,5,'2010-11-03 09:36:42',217408,'2010-11-03 09:36:52',231353,'2010-11-03 09:36:52',1,0,'0000-00-00 00:00:00',0),(2108,1,8,'2010-11-03 09:36:42',217833,'2010-11-03 09:36:52',231663,'2010-11-03 09:36:52',1,0,'0000-00-00 00:00:00',0),(2111,1,0,'2010-11-03 09:36:52',231590,'2010-11-03 09:41:48',49236,'2010-11-03 09:41:48',0,5,'0000-00-00 00:00:00',0),(2112,1,5,'2010-11-03 09:36:52',231653,'2010-11-03 09:37:02',240501,'2010-11-03 09:37:02',1,0,'0000-00-00 00:00:00',0),(2114,1,8,'2010-11-03 09:36:52',232157,'2010-11-03 09:37:02',240558,'2010-11-03 09:37:02',1,0,'0000-00-00 00:00:00',0),(2116,1,6,'2010-11-03 09:37:02',240469,'2010-11-03 09:38:02',71447,'2010-11-03 09:38:02',1,0,'0000-00-00 00:00:00',0),(2118,1,10,'2010-11-03 09:37:02',240493,'2010-11-03 09:38:02',71491,'2010-11-03 09:38:02',1,0,'0000-00-00 00:00:00',0),(2120,1,5,'2010-11-03 09:37:02',240548,'2010-11-03 09:37:12',252183,'2010-11-03 09:37:12',1,0,'0000-00-00 00:00:00',0),(2122,1,8,'2010-11-03 09:37:02',240987,'2010-11-03 09:37:12',252704,'2010-11-03 09:37:12',1,0,'0000-00-00 00:00:00',0),(2124,1,5,'2010-11-03 09:37:12',252694,'2010-11-03 09:37:22',13387,'2010-11-03 09:37:22',1,0,'0000-00-00 00:00:00',0),(2126,1,8,'2010-11-03 09:37:12',253467,'2010-11-03 09:37:22',13981,'2010-11-03 09:37:22',1,0,'0000-00-00 00:00:00',0),(2128,1,5,'2010-11-03 09:37:22',13970,'2010-11-03 09:37:32',40313,'2010-11-03 09:37:32',1,0,'0000-00-00 00:00:00',0),(2130,1,8,'2010-11-03 09:37:22',14843,'2010-11-03 09:37:32',40856,'2010-11-03 09:37:32',1,0,'0000-00-00 00:00:00',0),(2135,1,12,'2010-11-03 09:37:32',40634,'2010-11-03 09:42:32',112736,'2010-11-03 09:42:32',0,1,'0000-00-00 00:00:00',0),(2136,1,0,'2010-11-03 09:37:32',40716,'2010-11-03 09:42:27',98194,'2010-11-03 09:42:27',0,3,'0000-00-00 00:00:00',0),(2137,1,0,'2010-11-03 09:37:32',40795,'2010-11-03 09:42:31',106239,'2010-11-03 09:42:31',0,9,'0000-00-00 00:00:00',0),(2138,1,5,'2010-11-03 09:37:32',40840,'2010-11-03 09:37:42',49625,'2010-11-03 09:37:42',1,0,'0000-00-00 00:00:00',0),(2140,1,8,'2010-11-03 09:37:32',41168,'2010-11-03 09:37:42',49700,'2010-11-03 09:37:42',1,0,'0000-00-00 00:00:00',0),(2142,1,5,'2010-11-03 09:37:42',49691,'2010-11-03 09:37:52',60780,'2010-11-03 09:37:52',1,0,'0000-00-00 00:00:00',0),(2144,1,8,'2010-11-03 09:37:42',50148,'2010-11-03 09:37:52',61156,'2010-11-03 09:37:52',1,0,'0000-00-00 00:00:00',0),(2146,1,5,'2010-11-03 09:37:52',61146,'2010-11-03 09:38:02',71505,'2010-11-03 09:38:02',1,0,'0000-00-00 00:00:00',0),(2148,1,8,'2010-11-03 09:37:52',62649,'2010-11-03 09:38:02',71547,'2010-11-03 09:38:02',1,0,'0000-00-00 00:00:00',0),(2150,1,6,'2010-11-03 09:38:02',71474,'2010-11-03 09:39:02',129655,'2010-11-03 09:39:02',1,0,'0000-00-00 00:00:00',0),(2152,1,10,'2010-11-03 09:38:02',71498,'2010-11-03 09:39:02',129690,'2010-11-03 09:39:02',1,0,'0000-00-00 00:00:00',0),(2154,1,5,'2010-11-03 09:38:02',71538,'2010-11-03 09:38:12',79176,'2010-11-03 09:38:12',1,0,'0000-00-00 00:00:00',0),(2156,1,8,'2010-11-03 09:38:02',72077,'2010-11-03 09:38:12',79244,'2010-11-03 09:38:12',1,0,'0000-00-00 00:00:00',0),(2158,1,5,'2010-11-03 09:38:12',79235,'2010-11-03 09:38:22',93126,'2010-11-03 09:38:22',1,0,'0000-00-00 00:00:00',0),(2160,1,8,'2010-11-03 09:38:12',79680,'2010-11-03 09:38:22',93412,'2010-11-03 09:38:22',1,0,'0000-00-00 00:00:00',0),(2163,1,0,'2010-11-03 09:38:22',93338,'2010-11-03 09:43:14',155734,'2010-11-03 09:43:14',0,6,'0000-00-00 00:00:00',0),(2164,1,5,'2010-11-03 09:38:22',93402,'2010-11-03 09:38:32',101559,'2010-11-03 09:38:32',1,0,'0000-00-00 00:00:00',0),(2166,1,8,'2010-11-03 09:38:22',93706,'2010-11-03 09:38:32',101631,'2010-11-03 09:38:32',1,0,'0000-00-00 00:00:00',0),(2168,1,5,'2010-11-03 09:38:32',101614,'2010-11-03 09:38:42',109303,'2010-11-03 09:38:42',1,0,'0000-00-00 00:00:00',0),(2170,1,8,'2010-11-03 09:38:32',101976,'2010-11-03 09:38:42',109357,'2010-11-03 09:38:42',1,0,'0000-00-00 00:00:00',0),(2172,1,5,'2010-11-03 09:38:42',109348,'2010-11-03 09:38:52',117162,'2010-11-03 09:38:52',1,0,'0000-00-00 00:00:00',0),(2174,1,8,'2010-11-03 09:38:42',109817,'2010-11-03 09:38:52',117220,'2010-11-03 09:38:52',1,0,'0000-00-00 00:00:00',0),(2176,1,5,'2010-11-03 09:38:52',117211,'2010-11-03 09:39:02',129704,'2010-11-03 09:39:02',1,0,'0000-00-00 00:00:00',0),(2178,1,8,'2010-11-03 09:38:52',117658,'2010-11-03 09:39:02',129938,'2010-11-03 09:39:02',1,0,'0000-00-00 00:00:00',0),(2181,1,6,'2010-11-03 09:39:02',129675,'2010-11-03 09:40:02',198357,'2010-11-03 09:40:02',1,0,'0000-00-00 00:00:00',0),(2183,1,10,'2010-11-03 09:39:02',129696,'2010-11-03 09:40:02',198402,'2010-11-03 09:40:02',1,0,'0000-00-00 00:00:00',0),(2185,1,0,'2010-11-03 09:39:02',129867,'2010-11-03 09:43:57',208299,'2010-11-03 09:43:57',0,10,'0000-00-00 00:00:00',0),(2186,1,5,'2010-11-03 09:39:02',129927,'2010-11-03 09:39:12',137219,'2010-11-03 09:39:12',1,0,'0000-00-00 00:00:00',0),(2188,1,8,'2010-11-03 09:39:02',130215,'2010-11-03 09:39:12',137283,'2010-11-03 09:39:12',1,0,'0000-00-00 00:00:00',0),(2190,1,5,'2010-11-03 09:39:12',137273,'2010-11-03 09:39:22',162725,'2010-11-03 09:39:22',1,0,'0000-00-00 00:00:00',0),(2192,1,8,'2010-11-03 09:39:12',137701,'2010-11-03 09:39:22',162799,'2010-11-03 09:39:22',1,0,'0000-00-00 00:00:00',0),(2194,1,5,'2010-11-03 09:39:22',162789,'2010-11-03 09:39:32',170471,'2010-11-03 09:39:32',1,0,'0000-00-00 00:00:00',0),(2196,1,8,'2010-11-03 09:39:22',163238,'2010-11-03 09:39:32',170550,'2010-11-03 09:39:32',1,0,'0000-00-00 00:00:00',0),(2198,1,5,'2010-11-03 09:39:32',170532,'2010-11-03 09:39:42',182868,'2010-11-03 09:39:42',1,0,'0000-00-00 00:00:00',0),(2200,1,8,'2010-11-03 09:39:32',170909,'2010-11-03 09:39:42',183161,'2010-11-03 09:39:42',1,0,'0000-00-00 00:00:00',0),(2203,1,0,'2010-11-03 09:39:42',183076,'2010-11-03 09:44:39',18917,'2010-11-03 09:44:39',0,7,'0000-00-00 00:00:00',0),(2204,1,5,'2010-11-03 09:39:42',183152,'2010-11-03 09:39:52',190583,'2010-11-03 09:39:52',1,0,'0000-00-00 00:00:00',0),(2206,1,8,'2010-11-03 09:39:42',183441,'2010-11-03 09:39:52',190650,'2010-11-03 09:39:52',1,0,'0000-00-00 00:00:00',0),(2208,1,5,'2010-11-03 09:39:52',190641,'2010-11-03 09:40:02',198416,'2010-11-03 09:40:02',1,0,'0000-00-00 00:00:00',0),(2210,1,8,'2010-11-03 09:39:52',191086,'2010-11-03 09:40:02',198468,'2010-11-03 09:40:02',1,0,'0000-00-00 00:00:00',0),(2212,1,6,'2010-11-03 09:40:02',198378,'2010-11-03 09:41:02',247229,'2010-11-03 09:41:02',1,0,'0000-00-00 00:00:00',0),(2214,1,10,'2010-11-03 09:40:02',198409,'2010-11-03 09:41:02',247288,'2010-11-03 09:41:02',1,0,'0000-00-00 00:00:00',0),(2216,1,5,'2010-11-03 09:40:02',198458,'2010-11-03 09:40:12',206195,'2010-11-03 09:40:12',1,0,'0000-00-00 00:00:00',0),(2218,1,8,'2010-11-03 09:40:02',198793,'2010-11-03 09:40:12',206273,'2010-11-03 09:40:12',1,0,'0000-00-00 00:00:00',0),(2220,1,5,'2010-11-03 09:40:12',206263,'2010-11-03 09:40:22',214236,'2010-11-03 09:40:22',1,0,'0000-00-00 00:00:00',0),(2222,1,8,'2010-11-03 09:40:12',206727,'2010-11-03 09:40:22',214306,'2010-11-03 09:40:22',1,0,'0000-00-00 00:00:00',0),(2224,1,5,'2010-11-03 09:40:22',214284,'2010-11-03 09:40:32',222931,'2010-11-03 09:40:32',1,0,'0000-00-00 00:00:00',0),(2226,1,8,'2010-11-03 09:40:22',214907,'2010-11-03 09:40:32',223042,'2010-11-03 09:40:32',1,0,'0000-00-00 00:00:00',0),(2228,1,5,'2010-11-03 09:40:32',223009,'2010-11-03 09:40:42',231098,'2010-11-03 09:40:42',1,0,'0000-00-00 00:00:00',0),(2230,1,8,'2010-11-03 09:40:32',223612,'2010-11-03 09:40:42',231176,'2010-11-03 09:40:42',1,0,'0000-00-00 00:00:00',0),(2232,1,5,'2010-11-03 09:40:42',231165,'2010-11-03 09:40:52',238970,'2010-11-03 09:40:52',1,0,'0000-00-00 00:00:00',0),(2234,1,8,'2010-11-03 09:40:42',231598,'2010-11-03 09:40:52',239028,'2010-11-03 09:40:52',1,0,'0000-00-00 00:00:00',0),(2236,1,5,'2010-11-03 09:40:52',239018,'2010-11-03 09:41:02',247303,'2010-11-03 09:41:02',1,0,'0000-00-00 00:00:00',0),(2238,1,8,'2010-11-03 09:40:52',239454,'2010-11-03 09:41:02',247342,'2010-11-03 09:41:02',1,0,'0000-00-00 00:00:00',0),(2240,1,6,'2010-11-03 09:41:02',247264,'2010-11-03 09:42:02',64843,'2010-11-03 09:42:02',1,0,'0000-00-00 00:00:00',0),(2242,1,10,'2010-11-03 09:41:02',247295,'2010-11-03 09:42:02',64884,'2010-11-03 09:42:02',1,0,'0000-00-00 00:00:00',0),(2244,1,5,'2010-11-03 09:41:02',247333,'2010-11-03 09:41:12',11041,'2010-11-03 09:41:12',1,0,'0000-00-00 00:00:00',0),(2246,1,8,'2010-11-03 09:41:02',247754,'2010-11-03 09:41:12',11329,'2010-11-03 09:41:12',1,0,'0000-00-00 00:00:00',0),(2249,1,0,'2010-11-03 09:41:12',11257,'2010-11-03 09:46:05',120407,'2010-11-03 09:46:05',0,8,'0000-00-00 00:00:00',0),(2250,1,5,'2010-11-03 09:41:12',11319,'2010-11-03 09:41:22',19988,'2010-11-03 09:41:22',1,0,'0000-00-00 00:00:00',0),(2252,1,8,'2010-11-03 09:41:12',11712,'2010-11-03 09:41:22',20094,'2010-11-03 09:41:22',1,0,'0000-00-00 00:00:00',0),(2254,1,5,'2010-11-03 09:41:22',20075,'2010-11-03 09:41:32',28272,'2010-11-03 09:41:32',1,0,'0000-00-00 00:00:00',0),(2256,1,8,'2010-11-03 09:41:22',20564,'2010-11-03 09:41:32',28326,'2010-11-03 09:41:32',1,0,'0000-00-00 00:00:00',0),(2258,1,5,'2010-11-03 09:41:32',28310,'2010-11-03 09:41:42',36395,'2010-11-03 09:41:42',1,0,'0000-00-00 00:00:00',0),(2260,1,8,'2010-11-03 09:41:32',28797,'2010-11-03 09:41:42',36476,'2010-11-03 09:41:42',1,0,'0000-00-00 00:00:00',0),(2262,1,5,'2010-11-03 09:41:42',36467,'2010-11-03 09:41:52',57011,'2010-11-03 09:41:52',1,0,'0000-00-00 00:00:00',0),(2264,1,8,'2010-11-03 09:41:42',36905,'2010-11-03 09:41:52',57409,'2010-11-03 09:41:52',1,0,'0000-00-00 00:00:00',0),(2268,1,12,'2010-11-03 09:41:52',57270,'2010-11-03 09:46:52',194555,'2010-11-03 09:46:52',0,2,'0000-00-00 00:00:00',0),(2269,1,0,'2010-11-03 09:41:52',57351,'2010-11-03 09:46:48',179988,'2010-11-03 09:46:48',0,5,'0000-00-00 00:00:00',0),(2270,1,5,'2010-11-03 09:41:52',57400,'2010-11-03 09:42:02',64898,'2010-11-03 09:42:02',1,0,'0000-00-00 00:00:00',0),(2272,1,8,'2010-11-03 09:41:52',57679,'2010-11-03 09:42:02',64947,'2010-11-03 09:42:02',1,0,'0000-00-00 00:00:00',0),(2274,1,6,'2010-11-03 09:42:02',64869,'2010-11-03 09:43:02',145456,'2010-11-03 09:43:02',1,0,'0000-00-00 00:00:00',0),(2276,1,10,'2010-11-03 09:42:02',64891,'2010-11-03 09:43:02',145491,'2010-11-03 09:43:02',1,0,'0000-00-00 00:00:00',0),(2278,1,5,'2010-11-03 09:42:02',64938,'2010-11-03 09:42:12',73129,'2010-11-03 09:42:12',1,0,'0000-00-00 00:00:00',0),(2280,1,8,'2010-11-03 09:42:02',65311,'2010-11-03 09:42:12',73214,'2010-11-03 09:42:12',1,0,'0000-00-00 00:00:00',0),(2282,1,5,'2010-11-03 09:42:12',73204,'2010-11-03 09:42:22',82760,'2010-11-03 09:42:22',1,0,'0000-00-00 00:00:00',0),(2284,1,8,'2010-11-03 09:42:12',73695,'2010-11-03 09:42:22',82812,'2010-11-03 09:42:22',1,0,'0000-00-00 00:00:00',0),(2286,1,5,'2010-11-03 09:42:22',82803,'2010-11-03 09:42:32',112029,'2010-11-03 09:42:32',1,0,'0000-00-00 00:00:00',0),(2288,1,8,'2010-11-03 09:42:22',83278,'2010-11-03 09:42:32',112434,'2010-11-03 09:42:32',1,0,'0000-00-00 00:00:00',0),(2292,1,0,'2010-11-03 09:42:32',112301,'2010-11-03 09:47:27',241529,'2010-11-03 09:47:27',0,3,'0000-00-00 00:00:00',0),(2293,1,0,'2010-11-03 09:42:32',112373,'2010-11-03 09:47:31',248464,'2010-11-03 09:47:31',0,9,'0000-00-00 00:00:00',0),(2294,1,5,'2010-11-03 09:42:32',112419,'2010-11-03 09:42:42',128095,'2010-11-03 09:42:42',1,0,'0000-00-00 00:00:00',0),(2296,1,8,'2010-11-03 09:42:32',112722,'2010-11-03 09:42:42',128365,'2010-11-03 09:42:42',1,0,'0000-00-00 00:00:00',0),(2299,1,12,'2010-11-03 09:42:42',128299,'2010-11-03 09:47:42',19215,'2010-11-03 09:47:42',0,1,'0000-00-00 00:00:00',0),(2300,1,5,'2010-11-03 09:42:42',128356,'2010-11-03 09:42:52',136120,'2010-11-03 09:42:52',1,0,'0000-00-00 00:00:00',0),(2302,1,8,'2010-11-03 09:42:42',128759,'2010-11-03 09:42:52',136193,'2010-11-03 09:42:52',1,0,'0000-00-00 00:00:00',0),(2304,1,5,'2010-11-03 09:42:52',136183,'2010-11-03 09:43:02',145505,'2010-11-03 09:43:02',1,0,'0000-00-00 00:00:00',0),(2306,1,8,'2010-11-03 09:42:52',136791,'2010-11-03 09:43:02',145541,'2010-11-03 09:43:02',1,0,'0000-00-00 00:00:00',0),(2308,1,6,'2010-11-03 09:43:02',145475,'2010-11-03 09:44:02',219280,'2010-11-03 09:44:02',1,0,'0000-00-00 00:00:00',0),(2310,1,10,'2010-11-03 09:43:02',145498,'2010-11-03 09:44:02',219813,'2010-11-03 09:44:02',1,0,'0000-00-00 00:00:00',0),(2312,1,5,'2010-11-03 09:43:02',145532,'2010-11-03 09:43:12',153581,'2010-11-03 09:43:12',1,0,'0000-00-00 00:00:00',0),(2314,1,8,'2010-11-03 09:43:02',146047,'2010-11-03 09:43:12',153658,'2010-11-03 09:43:12',1,0,'0000-00-00 00:00:00',0),(2316,1,5,'2010-11-03 09:43:12',153648,'2010-11-03 09:43:22',174388,'2010-11-03 09:43:22',1,0,'0000-00-00 00:00:00',0),(2318,1,8,'2010-11-03 09:43:12',154228,'2010-11-03 09:43:22',174721,'2010-11-03 09:43:22',1,0,'0000-00-00 00:00:00',0),(2321,1,0,'2010-11-03 09:43:22',174649,'2010-11-03 09:48:14',60538,'2010-11-03 09:48:14',0,6,'0000-00-00 00:00:00',0),(2322,1,5,'2010-11-03 09:43:22',174711,'2010-11-03 09:43:32',184485,'2010-11-03 09:43:32',1,0,'0000-00-00 00:00:00',0),(2324,1,8,'2010-11-03 09:43:22',175248,'2010-11-03 09:43:32',184574,'2010-11-03 09:43:32',1,0,'0000-00-00 00:00:00',0),(2326,1,5,'2010-11-03 09:43:32',184558,'2010-11-03 09:43:42',192925,'2010-11-03 09:43:42',1,0,'0000-00-00 00:00:00',0),(2328,1,8,'2010-11-03 09:43:32',185102,'2010-11-03 09:43:42',192989,'2010-11-03 09:43:42',1,0,'0000-00-00 00:00:00',0),(2330,1,5,'2010-11-03 09:43:42',192979,'2010-11-03 09:43:52',203364,'2010-11-03 09:43:52',1,0,'0000-00-00 00:00:00',0),(2332,1,8,'2010-11-03 09:43:42',193632,'2010-11-03 09:43:52',203467,'2010-11-03 09:43:52',1,0,'0000-00-00 00:00:00',0),(2334,1,5,'2010-11-03 09:43:52',203454,'2010-11-03 09:44:02',219828,'2010-11-03 09:44:02',1,0,'0000-00-00 00:00:00',0),(2336,1,8,'2010-11-03 09:43:52',204094,'2010-11-03 09:44:02',222325,'2010-11-03 09:44:02',1,0,'0000-00-00 00:00:00',0),(2339,1,6,'2010-11-03 09:44:02',219796,'2010-11-03 09:45:02',51018,'2010-11-03 09:45:02',1,0,'0000-00-00 00:00:00',0),(2341,1,10,'2010-11-03 09:44:02',219820,'2010-11-03 09:45:02',51058,'2010-11-03 09:45:02',1,0,'0000-00-00 00:00:00',0),(2343,1,0,'2010-11-03 09:44:02',222006,'2010-11-03 09:48:57',116642,'2010-11-03 09:48:57',0,10,'0000-00-00 00:00:00',0),(2344,1,5,'2010-11-03 09:44:02',222313,'2010-11-03 09:44:12',237850,'2010-11-03 09:44:12',1,0,'0000-00-00 00:00:00',0),(2346,1,8,'2010-11-03 09:44:02',222769,'2010-11-03 09:44:12',238443,'2010-11-03 09:44:12',1,0,'0000-00-00 00:00:00',0),(2348,1,5,'2010-11-03 09:44:12',238433,'2010-11-03 09:44:22',249674,'2010-11-03 09:44:22',1,0,'0000-00-00 00:00:00',0),(2350,1,8,'2010-11-03 09:44:12',238784,'2010-11-03 09:44:22',250678,'2010-11-03 09:44:22',1,0,'0000-00-00 00:00:00',0),(2352,1,5,'2010-11-03 09:44:22',250668,'2010-11-03 09:44:32',11151,'2010-11-03 09:44:32',1,0,'0000-00-00 00:00:00',0),(2354,1,8,'2010-11-03 09:44:22',251398,'2010-11-03 09:44:32',11236,'2010-11-03 09:44:32',1,0,'0000-00-00 00:00:00',0),(2356,1,5,'2010-11-03 09:44:32',11218,'2010-11-03 09:44:42',26084,'2010-11-03 09:44:42',1,0,'0000-00-00 00:00:00',0),(2358,1,8,'2010-11-03 09:44:32',11588,'2010-11-03 09:44:42',27477,'2010-11-03 09:44:42',1,0,'0000-00-00 00:00:00',0),(2361,1,0,'2010-11-03 09:44:42',27075,'2010-11-03 09:49:39',165063,'2010-11-03 09:49:39',0,7,'0000-00-00 00:00:00',0),(2362,1,5,'2010-11-03 09:44:42',27466,'2010-11-03 09:44:52',40312,'2010-11-03 09:44:52',1,0,'0000-00-00 00:00:00',0),(2364,1,8,'2010-11-03 09:44:42',28551,'2010-11-03 09:44:52',40688,'2010-11-03 09:44:52',1,0,'0000-00-00 00:00:00',0),(2366,1,5,'2010-11-03 09:44:52',40678,'2010-11-03 09:45:02',51072,'2010-11-03 09:45:02',1,0,'0000-00-00 00:00:00',0),(2368,1,8,'2010-11-03 09:44:52',41641,'2010-11-03 09:45:02',51139,'2010-11-03 09:45:02',1,0,'0000-00-00 00:00:00',0),(2370,1,6,'2010-11-03 09:45:02',51042,'2010-11-03 09:46:02',116046,'2010-11-03 09:46:02',1,0,'0000-00-00 00:00:00',0),(2372,1,10,'2010-11-03 09:45:02',51064,'2010-11-03 09:46:02',117043,'2010-11-03 09:46:02',1,0,'0000-00-00 00:00:00',0),(2374,1,5,'2010-11-03 09:45:02',51110,'2010-11-03 09:45:12',61296,'2010-11-03 09:45:12',1,0,'0000-00-00 00:00:00',0),(2376,1,8,'2010-11-03 09:45:02',51502,'2010-11-03 09:45:12',61842,'2010-11-03 09:45:12',1,0,'0000-00-00 00:00:00',0),(2378,1,5,'2010-11-03 09:45:12',61832,'2010-11-03 09:45:22',73173,'2010-11-03 09:45:22',1,0,'0000-00-00 00:00:00',0),(2380,1,8,'2010-11-03 09:45:12',62637,'2010-11-03 09:45:22',73697,'2010-11-03 09:45:22',1,0,'0000-00-00 00:00:00',0),(2382,1,5,'2010-11-03 09:45:22',73687,'2010-11-03 09:45:32',83388,'2010-11-03 09:45:32',1,0,'0000-00-00 00:00:00',0),(2384,1,8,'2010-11-03 09:45:22',74472,'2010-11-03 09:45:32',83480,'2010-11-03 09:45:32',1,0,'0000-00-00 00:00:00',0),(2386,1,5,'2010-11-03 09:45:32',83463,'2010-11-03 09:45:42',94559,'2010-11-03 09:45:42',1,0,'0000-00-00 00:00:00',0),(2388,1,8,'2010-11-03 09:45:32',83912,'2010-11-03 09:45:42',94628,'2010-11-03 09:45:42',1,0,'0000-00-00 00:00:00',0),(2390,1,5,'2010-11-03 09:45:42',94618,'2010-11-03 09:45:52',105210,'2010-11-03 09:45:52',1,0,'0000-00-00 00:00:00',0),(2392,1,8,'2010-11-03 09:45:42',94982,'2010-11-03 09:45:52',105758,'2010-11-03 09:45:52',1,0,'0000-00-00 00:00:00',0),(2394,1,5,'2010-11-03 09:45:52',105748,'2010-11-03 09:46:02',117057,'2010-11-03 09:46:02',1,0,'0000-00-00 00:00:00',0),(2396,1,8,'2010-11-03 09:45:52',106526,'2010-11-03 09:46:02',117098,'2010-11-03 09:46:02',1,0,'0000-00-00 00:00:00',0),(2398,1,6,'2010-11-03 09:46:02',117025,'2010-11-03 09:47:02',210437,'2010-11-03 09:47:02',1,0,'0000-00-00 00:00:00',0),(2400,1,10,'2010-11-03 09:46:02',117050,'2010-11-03 09:47:02',210966,'2010-11-03 09:47:02',1,0,'0000-00-00 00:00:00',0),(2402,1,5,'2010-11-03 09:46:02',117088,'2010-11-03 09:46:12',131744,'2010-11-03 09:46:12',1,0,'0000-00-00 00:00:00',0),(2404,1,8,'2010-11-03 09:46:02',117863,'2010-11-03 09:46:12',133229,'2010-11-03 09:46:12',1,0,'0000-00-00 00:00:00',0),(2407,1,0,'2010-11-03 09:46:12',132896,'2010-11-03 09:51:05',29054,'2010-11-03 09:51:05',0,8,'0000-00-00 00:00:00',0),(2408,1,5,'2010-11-03 09:46:12',133217,'2010-11-03 09:46:22',145255,'2010-11-03 09:46:22',1,0,'0000-00-00 00:00:00',0),(2410,1,8,'2010-11-03 09:46:12',134126,'2010-11-03 09:46:22',145918,'2010-11-03 09:46:22',1,0,'0000-00-00 00:00:00',0),(2412,1,5,'2010-11-03 09:46:22',145855,'2010-11-03 09:46:32',156541,'2010-11-03 09:46:32',1,0,'0000-00-00 00:00:00',0),(2414,1,8,'2010-11-03 09:46:22',147460,'2010-11-03 09:46:32',157203,'2010-11-03 09:46:32',1,0,'0000-00-00 00:00:00',0),(2416,1,5,'2010-11-03 09:46:32',157185,'2010-11-03 09:46:42',172080,'2010-11-03 09:46:42',1,0,'0000-00-00 00:00:00',0),(2418,1,8,'2010-11-03 09:46:32',162939,'2010-11-03 09:46:42',172481,'2010-11-03 09:46:42',1,0,'0000-00-00 00:00:00',0),(2420,1,5,'2010-11-03 09:46:42',172471,'2010-11-03 09:46:52',188781,'2010-11-03 09:46:52',1,0,'0000-00-00 00:00:00',0),(2422,1,8,'2010-11-03 09:46:42',174115,'2010-11-03 09:46:52',190138,'2010-11-03 09:46:52',1,0,'0000-00-00 00:00:00',0),(2425,1,0,'2010-11-03 09:46:52',190058,'2010-11-03 09:51:48',85652,'2010-11-03 09:51:48',0,5,'0000-00-00 00:00:00',0),(2426,1,5,'2010-11-03 09:46:52',190128,'2010-11-03 09:47:02',210980,'2010-11-03 09:47:02',1,0,'0000-00-00 00:00:00',0),(2428,1,8,'2010-11-03 09:46:52',194545,'2010-11-03 09:47:02',211650,'2010-11-03 09:47:02',1,0,'0000-00-00 00:00:00',0),(2431,1,6,'2010-11-03 09:47:02',210949,'2010-11-03 09:48:02',46903,'2010-11-03 09:48:02',1,0,'0000-00-00 00:00:00',0),(2433,1,10,'2010-11-03 09:47:02',210972,'2010-11-03 09:48:02',47367,'2010-11-03 09:48:02',1,0,'0000-00-00 00:00:00',0),(2435,1,12,'2010-11-03 09:47:02',211589,'2010-11-03 09:52:02',107485,'2010-11-03 09:52:02',0,2,'0000-00-00 00:00:00',0),(2436,1,5,'2010-11-03 09:47:02',211641,'2010-11-03 09:47:12',222011,'2010-11-03 09:47:12',1,0,'0000-00-00 00:00:00',0),(2438,1,8,'2010-11-03 09:47:02',212597,'2010-11-03 09:47:12',222579,'2010-11-03 09:47:12',1,0,'0000-00-00 00:00:00',0),(2440,1,5,'2010-11-03 09:47:12',222569,'2010-11-03 09:47:22',234862,'2010-11-03 09:47:22',1,0,'0000-00-00 00:00:00',0),(2442,1,8,'2010-11-03 09:47:12',223034,'2010-11-03 09:47:22',235883,'2010-11-03 09:47:22',1,0,'0000-00-00 00:00:00',0),(2444,1,5,'2010-11-03 09:47:22',235873,'2010-11-03 09:47:32',6776,'2010-11-03 09:47:32',1,0,'0000-00-00 00:00:00',0),(2446,1,8,'2010-11-03 09:47:22',236854,'2010-11-03 09:47:32',7178,'2010-11-03 09:47:32',1,0,'0000-00-00 00:00:00',0),(2450,1,0,'2010-11-03 09:47:32',7038,'2010-11-03 09:52:27',141325,'2010-11-03 09:52:27',0,3,'0000-00-00 00:00:00',0),(2451,1,0,'2010-11-03 09:47:32',7111,'2010-11-03 09:52:31',148992,'2010-11-03 09:52:31',0,9,'0000-00-00 00:00:00',0),(2452,1,5,'2010-11-03 09:47:32',7162,'2010-11-03 09:47:42',17843,'2010-11-03 09:47:42',1,0,'0000-00-00 00:00:00',0),(2454,1,8,'2010-11-03 09:47:32',7470,'2010-11-03 09:47:42',18441,'2010-11-03 09:47:42',1,0,'0000-00-00 00:00:00',0),(2456,1,5,'2010-11-03 09:47:42',18431,'2010-11-03 09:47:52',34774,'2010-11-03 09:47:52',1,0,'0000-00-00 00:00:00',0),(2458,1,8,'2010-11-03 09:47:42',19205,'2010-11-03 09:47:52',35759,'2010-11-03 09:47:52',1,0,'0000-00-00 00:00:00',0),(2461,1,12,'2010-11-03 09:47:52',35696,'2010-11-03 09:52:52',180193,'2010-11-03 09:52:52',0,1,'0000-00-00 00:00:00',0),(2462,1,5,'2010-11-03 09:47:52',35750,'2010-11-03 09:48:02',47381,'2010-11-03 09:48:02',1,0,'0000-00-00 00:00:00',0),(2464,1,8,'2010-11-03 09:47:52',36402,'2010-11-03 09:48:02',47417,'2010-11-03 09:48:02',1,0,'0000-00-00 00:00:00',0),(2466,1,6,'2010-11-03 09:48:02',47350,'2010-11-03 09:49:02',125022,'2010-11-03 09:49:02',1,0,'0000-00-00 00:00:00',0),(2468,1,10,'2010-11-03 09:48:02',47373,'2010-11-03 09:49:02',125603,'2010-11-03 09:49:02',1,0,'0000-00-00 00:00:00',0),(2470,1,5,'2010-11-03 09:48:02',47408,'2010-11-03 09:48:12',57593,'2010-11-03 09:48:12',1,0,'0000-00-00 00:00:00',0),(2472,1,8,'2010-11-03 09:48:02',48119,'2010-11-03 09:48:12',58165,'2010-11-03 09:48:12',1,0,'0000-00-00 00:00:00',0),(2474,1,5,'2010-11-03 09:48:12',58154,'2010-11-03 09:48:22',73365,'2010-11-03 09:48:22',1,0,'0000-00-00 00:00:00',0),(2476,1,8,'2010-11-03 09:48:12',58829,'2010-11-03 09:48:22',74149,'2010-11-03 09:48:22',1,0,'0000-00-00 00:00:00',0),(2479,1,0,'2010-11-03 09:48:22',74076,'2010-11-03 09:53:14',210384,'2010-11-03 09:53:14',0,6,'0000-00-00 00:00:00',0),(2480,1,5,'2010-11-03 09:48:22',74140,'2010-11-03 09:48:32',84506,'2010-11-03 09:48:32',1,0,'0000-00-00 00:00:00',0),(2482,1,8,'2010-11-03 09:48:22',74738,'2010-11-03 09:48:32',85101,'2010-11-03 09:48:32',1,0,'0000-00-00 00:00:00',0),(2484,1,5,'2010-11-03 09:48:32',85084,'2010-11-03 09:48:42',96303,'2010-11-03 09:48:42',1,0,'0000-00-00 00:00:00',0),(2486,1,8,'2010-11-03 09:48:32',85922,'2010-11-03 09:48:42',96689,'2010-11-03 09:48:42',1,0,'0000-00-00 00:00:00',0),(2488,1,5,'2010-11-03 09:48:42',96679,'2010-11-03 09:48:52',109284,'2010-11-03 09:48:52',1,0,'0000-00-00 00:00:00',0),(2490,1,8,'2010-11-03 09:48:42',98531,'2010-11-03 09:48:52',109853,'2010-11-03 09:48:52',1,0,'0000-00-00 00:00:00',0),(2492,1,5,'2010-11-03 09:48:52',109843,'2010-11-03 09:49:02',125618,'2010-11-03 09:49:02',1,0,'0000-00-00 00:00:00',0),(2494,1,8,'2010-11-03 09:48:52',110838,'2010-11-03 09:49:02',126259,'2010-11-03 09:49:02',1,0,'0000-00-00 00:00:00',0),(2497,1,6,'2010-11-03 09:49:02',125585,'2010-11-03 09:50:02',203784,'2010-11-03 09:50:02',1,0,'0000-00-00 00:00:00',0),(2499,1,10,'2010-11-03 09:49:02',125610,'2010-11-03 09:50:02',204228,'2010-11-03 09:50:02',1,0,'0000-00-00 00:00:00',0),(2501,1,0,'2010-11-03 09:49:02',126189,'2010-11-03 09:53:57',16694,'2010-11-03 09:53:57',0,10,'0000-00-00 00:00:00',0),(2502,1,5,'2010-11-03 09:49:02',126250,'2010-11-03 09:49:12',136591,'2010-11-03 09:49:12',1,0,'0000-00-00 00:00:00',0),(2504,1,8,'2010-11-03 09:49:02',127043,'2010-11-03 09:49:12',137165,'2010-11-03 09:49:12',1,0,'0000-00-00 00:00:00',0),(2506,1,5,'2010-11-03 09:49:12',137155,'2010-11-03 09:49:22',148883,'2010-11-03 09:49:22',1,0,'0000-00-00 00:00:00',0),(2508,1,8,'2010-11-03 09:49:12',137972,'2010-11-03 09:49:22',149402,'2010-11-03 09:49:22',1,0,'0000-00-00 00:00:00',0),(2510,1,5,'2010-11-03 09:49:22',149392,'2010-11-03 09:49:32',158203,'2010-11-03 09:49:32',1,0,'0000-00-00 00:00:00',0),(2512,1,8,'2010-11-03 09:49:22',150148,'2010-11-03 09:49:32',158269,'2010-11-03 09:49:32',1,0,'0000-00-00 00:00:00',0),(2514,1,5,'2010-11-03 09:49:32',158252,'2010-11-03 09:49:42',172307,'2010-11-03 09:49:42',1,0,'0000-00-00 00:00:00',0),(2516,1,8,'2010-11-03 09:49:32',158659,'2010-11-03 09:49:42',173485,'2010-11-03 09:49:42',1,0,'0000-00-00 00:00:00',0),(2519,1,0,'2010-11-03 09:49:42',173102,'2010-11-03 09:54:39',76477,'2010-11-03 09:54:39',0,7,'0000-00-00 00:00:00',0),(2520,1,5,'2010-11-03 09:49:42',173474,'2010-11-03 09:49:52',187187,'2010-11-03 09:49:52',1,0,'0000-00-00 00:00:00',0),(2522,1,8,'2010-11-03 09:49:42',174729,'2010-11-03 09:49:52',187610,'2010-11-03 09:49:52',1,0,'0000-00-00 00:00:00',0),(2524,1,5,'2010-11-03 09:49:52',187600,'2010-11-03 09:50:02',204242,'2010-11-03 09:50:02',1,0,'0000-00-00 00:00:00',0),(2526,1,8,'2010-11-03 09:49:52',194567,'2010-11-03 09:50:02',204276,'2010-11-03 09:50:02',1,0,'0000-00-00 00:00:00',0),(2528,1,6,'2010-11-03 09:50:02',204210,'2010-11-03 09:51:02',24347,'2010-11-03 09:51:02',1,0,'0000-00-00 00:00:00',0),(2530,1,10,'2010-11-03 09:50:02',204234,'2010-11-03 09:51:02',24886,'2010-11-03 09:51:02',1,0,'0000-00-00 00:00:00',0),(2532,1,5,'2010-11-03 09:50:02',204267,'2010-11-03 09:50:12',214426,'2010-11-03 09:50:12',1,0,'0000-00-00 00:00:00',0),(2534,1,8,'2010-11-03 09:50:02',205018,'2010-11-03 09:50:12',215304,'2010-11-03 09:50:12',1,0,'0000-00-00 00:00:00',0),(2536,1,5,'2010-11-03 09:50:12',215280,'2010-11-03 09:50:22',226146,'2010-11-03 09:50:22',1,0,'0000-00-00 00:00:00',0),(2538,1,8,'2010-11-03 09:50:12',215633,'2010-11-03 09:50:22',226719,'2010-11-03 09:50:22',1,0,'0000-00-00 00:00:00',0),(2540,1,5,'2010-11-03 09:50:22',226709,'2010-11-03 09:50:32',235478,'2010-11-03 09:50:32',1,0,'0000-00-00 00:00:00',0),(2542,1,8,'2010-11-03 09:50:22',227105,'2010-11-03 09:50:32',236017,'2010-11-03 09:50:32',1,0,'0000-00-00 00:00:00',0),(2544,1,5,'2010-11-03 09:50:32',235999,'2010-11-03 09:50:42',246425,'2010-11-03 09:50:42',1,0,'0000-00-00 00:00:00',0),(2546,1,8,'2010-11-03 09:50:32',237031,'2010-11-03 09:50:42',246966,'2010-11-03 09:50:42',1,0,'0000-00-00 00:00:00',0),(2548,1,5,'2010-11-03 09:50:42',246955,'2010-11-03 09:50:52',7693,'2010-11-03 09:50:52',1,0,'0000-00-00 00:00:00',0),(2550,1,8,'2010-11-03 09:50:42',247987,'2010-11-03 09:50:52',8330,'2010-11-03 09:50:52',1,0,'0000-00-00 00:00:00',0),(2552,1,5,'2010-11-03 09:50:52',8320,'2010-11-03 09:51:02',24900,'2010-11-03 09:51:02',1,0,'0000-00-00 00:00:00',0),(2554,1,8,'2010-11-03 09:50:52',15255,'2010-11-03 09:51:02',24942,'2010-11-03 09:51:02',1,0,'0000-00-00 00:00:00',0),(2556,1,6,'2010-11-03 09:51:02',24868,'2010-11-03 09:52:02',106545,'2010-11-03 09:52:02',1,0,'0000-00-00 00:00:00',0),(2558,1,10,'2010-11-03 09:51:02',24892,'2010-11-03 09:52:02',107099,'2010-11-03 09:52:02',1,0,'0000-00-00 00:00:00',0),(2560,1,5,'2010-11-03 09:51:02',24932,'2010-11-03 09:51:12',42165,'2010-11-03 09:51:12',1,0,'0000-00-00 00:00:00',0),(2562,1,8,'2010-11-03 09:51:02',26490,'2010-11-03 09:51:12',43622,'2010-11-03 09:51:12',1,0,'0000-00-00 00:00:00',0),(2565,1,0,'2010-11-03 09:51:12',43223,'2010-11-03 09:56:05',191614,'2010-11-03 09:56:05',0,8,'0000-00-00 00:00:00',0),(2566,1,5,'2010-11-03 09:51:12',43611,'2010-11-03 09:51:22',54808,'2010-11-03 09:51:22',1,0,'0000-00-00 00:00:00',0),(2568,1,8,'2010-11-03 09:51:12',44711,'2010-11-03 09:51:22',55161,'2010-11-03 09:51:22',1,0,'0000-00-00 00:00:00',0),(2570,1,5,'2010-11-03 09:51:22',55151,'2010-11-03 09:51:32',65563,'2010-11-03 09:51:32',1,0,'0000-00-00 00:00:00',0),(2572,1,8,'2010-11-03 09:51:22',55979,'2010-11-03 09:51:32',65892,'2010-11-03 09:51:32',1,0,'0000-00-00 00:00:00',0),(2574,1,5,'2010-11-03 09:51:32',65875,'2010-11-03 09:51:42',78623,'2010-11-03 09:51:42',1,0,'0000-00-00 00:00:00',0),(2576,1,8,'2010-11-03 09:51:32',67785,'2010-11-03 09:51:42',79181,'2010-11-03 09:51:42',1,0,'0000-00-00 00:00:00',0),(2578,1,5,'2010-11-03 09:51:42',79171,'2010-11-03 09:51:52',95080,'2010-11-03 09:51:52',1,0,'0000-00-00 00:00:00',0),(2580,1,8,'2010-11-03 09:51:42',80132,'2010-11-03 09:51:52',96468,'2010-11-03 09:51:52',1,0,'0000-00-00 00:00:00',0),(2583,1,0,'2010-11-03 09:51:52',96185,'2010-11-03 09:56:48',249672,'2010-11-03 09:56:48',0,5,'0000-00-00 00:00:00',0),(2584,1,5,'2010-11-03 09:51:52',96457,'2010-11-03 09:52:02',107113,'2010-11-03 09:52:02',1,0,'0000-00-00 00:00:00',0),(2586,1,8,'2010-11-03 09:51:52',97396,'2010-11-03 09:52:02',107158,'2010-11-03 09:52:02',1,0,'0000-00-00 00:00:00',0),(2588,1,6,'2010-11-03 09:52:02',107082,'2010-11-03 09:53:02',194690,'2010-11-03 09:53:02',1,0,'0000-00-00 00:00:00',0),(2590,1,10,'2010-11-03 09:52:02',107105,'2010-11-03 09:53:02',195236,'2010-11-03 09:53:02',1,0,'0000-00-00 00:00:00',0),(2592,1,5,'2010-11-03 09:52:02',107148,'2010-11-03 09:52:12',122403,'2010-11-03 09:52:12',1,0,'0000-00-00 00:00:00',0),(2594,1,8,'2010-11-03 09:52:02',107476,'2010-11-03 09:52:12',123425,'2010-11-03 09:52:12',1,0,'0000-00-00 00:00:00',0),(2597,1,12,'2010-11-03 09:52:12',123364,'2010-11-03 09:57:12',39286,'2010-11-03 09:57:12',0,2,'0000-00-00 00:00:00',0),(2598,1,5,'2010-11-03 09:52:12',123416,'2010-11-03 09:52:22',134618,'2010-11-03 09:52:22',1,0,'0000-00-00 00:00:00',0),(2600,1,8,'2010-11-03 09:52:12',124049,'2010-11-03 09:52:22',135086,'2010-11-03 09:52:22',1,0,'0000-00-00 00:00:00',0),(2602,1,5,'2010-11-03 09:52:22',135076,'2010-11-03 09:52:32',157725,'2010-11-03 09:52:32',1,0,'0000-00-00 00:00:00',0),(2604,1,8,'2010-11-03 09:52:22',135879,'2010-11-03 09:52:32',158190,'2010-11-03 09:52:32',1,0,'0000-00-00 00:00:00',0),(2608,1,0,'2010-11-03 09:52:32',158020,'2010-11-03 09:57:27',69023,'2010-11-03 09:57:27',0,3,'0000-00-00 00:00:00',0),(2609,1,0,'2010-11-03 09:52:32',158092,'2010-11-03 09:57:31',77917,'2010-11-03 09:57:31',0,9,'0000-00-00 00:00:00',0),(2610,1,5,'2010-11-03 09:52:32',158138,'2010-11-03 09:52:42',167509,'2010-11-03 09:52:42',1,0,'0000-00-00 00:00:00',0),(2612,1,8,'2010-11-03 09:52:32',158486,'2010-11-03 09:52:42',168027,'2010-11-03 09:52:42',1,0,'0000-00-00 00:00:00',0),(2614,1,5,'2010-11-03 09:52:42',168017,'2010-11-03 09:52:52',178910,'2010-11-03 09:52:52',1,0,'0000-00-00 00:00:00',0),(2616,1,8,'2010-11-03 09:52:42',168853,'2010-11-03 09:52:52',179432,'2010-11-03 09:52:52',1,0,'0000-00-00 00:00:00',0),(2618,1,5,'2010-11-03 09:52:52',179422,'2010-11-03 09:53:02',195251,'2010-11-03 09:53:02',1,0,'0000-00-00 00:00:00',0),(2620,1,8,'2010-11-03 09:52:52',180183,'2010-11-03 09:53:02',195905,'2010-11-03 09:53:02',1,0,'0000-00-00 00:00:00',0),(2623,1,6,'2010-11-03 09:53:02',195197,'2010-11-03 09:54:02',26008,'2010-11-03 09:54:02',1,0,'0000-00-00 00:00:00',0),(2625,1,10,'2010-11-03 09:53:02',195243,'2010-11-03 09:54:02',26556,'2010-11-03 09:54:02',1,0,'0000-00-00 00:00:00',0),(2627,1,12,'2010-11-03 09:53:02',195843,'2010-11-03 09:58:02',122485,'2010-11-03 09:58:02',0,1,'0000-00-00 00:00:00',0),(2628,1,5,'2010-11-03 09:53:02',195897,'2010-11-03 09:53:12',206527,'2010-11-03 09:53:12',1,0,'0000-00-00 00:00:00',0),(2630,1,8,'2010-11-03 09:53:02',196537,'2010-11-03 09:53:12',206904,'2010-11-03 09:53:12',1,0,'0000-00-00 00:00:00',0),(2632,1,5,'2010-11-03 09:53:12',206894,'2010-11-03 09:53:22',221529,'2010-11-03 09:53:22',1,0,'0000-00-00 00:00:00',0),(2634,1,8,'2010-11-03 09:53:12',208660,'2010-11-03 09:53:22',222894,'2010-11-03 09:53:22',1,0,'0000-00-00 00:00:00',0),(2637,1,0,'2010-11-03 09:53:22',222752,'2010-11-03 09:58:14',141926,'2010-11-03 09:58:14',0,6,'0000-00-00 00:00:00',0),(2638,1,5,'2010-11-03 09:53:22',222883,'2010-11-03 09:53:32',236654,'2010-11-03 09:53:32',1,0,'0000-00-00 00:00:00',0),(2640,1,8,'2010-11-03 09:53:22',223532,'2010-11-03 09:53:32',237419,'2010-11-03 09:53:32',1,0,'0000-00-00 00:00:00',0),(2642,1,5,'2010-11-03 09:53:32',237400,'2010-11-03 09:53:42',248801,'2010-11-03 09:53:42',1,0,'0000-00-00 00:00:00',0),(2644,1,8,'2010-11-03 09:53:32',237740,'2010-11-03 09:53:42',249327,'2010-11-03 09:53:42',1,0,'0000-00-00 00:00:00',0),(2646,1,5,'2010-11-03 09:53:42',249317,'2010-11-03 09:53:52',10687,'2010-11-03 09:53:52',1,0,'0000-00-00 00:00:00',0),(2648,1,8,'2010-11-03 09:53:42',250242,'2010-11-03 09:53:52',11210,'2010-11-03 09:53:52',1,0,'0000-00-00 00:00:00',0),(2650,1,5,'2010-11-03 09:53:52',11199,'2010-11-03 09:54:02',26570,'2010-11-03 09:54:02',1,0,'0000-00-00 00:00:00',0),(2652,1,8,'2010-11-03 09:53:52',11730,'2010-11-03 09:54:02',27327,'2010-11-03 09:54:02',1,0,'0000-00-00 00:00:00',0),(2655,1,6,'2010-11-03 09:54:02',26539,'2010-11-03 09:55:02',107730,'2010-11-03 09:55:02',1,0,'0000-00-00 00:00:00',0),(2657,1,10,'2010-11-03 09:54:02',26562,'2010-11-03 09:55:02',108385,'2010-11-03 09:55:02',1,0,'0000-00-00 00:00:00',0),(2659,1,0,'2010-11-03 09:54:02',27164,'2010-11-03 09:58:57',197552,'2010-11-03 09:58:57',0,10,'0000-00-00 00:00:00',0),(2660,1,5,'2010-11-03 09:54:02',27316,'2010-11-03 09:54:12',38005,'2010-11-03 09:54:12',1,0,'0000-00-00 00:00:00',0),(2662,1,8,'2010-11-03 09:54:02',27918,'2010-11-03 09:54:12',38420,'2010-11-03 09:54:12',1,0,'0000-00-00 00:00:00',0),(2664,1,5,'2010-11-03 09:54:12',38410,'2010-11-03 09:54:22',50120,'2010-11-03 09:54:22',1,0,'0000-00-00 00:00:00',0),(2666,1,8,'2010-11-03 09:54:12',40149,'2010-11-03 09:54:22',50673,'2010-11-03 09:54:22',1,0,'0000-00-00 00:00:00',0),(2668,1,5,'2010-11-03 09:54:22',50663,'2010-11-03 09:54:32',68283,'2010-11-03 09:54:32',1,0,'0000-00-00 00:00:00',0),(2670,1,8,'2010-11-03 09:54:22',58538,'2010-11-03 09:54:32',68873,'2010-11-03 09:54:32',1,0,'0000-00-00 00:00:00',0),(2672,1,5,'2010-11-03 09:54:32',68856,'2010-11-03 09:54:42',84313,'2010-11-03 09:54:42',1,0,'0000-00-00 00:00:00',0),(2674,1,8,'2010-11-03 09:54:32',69414,'2010-11-03 09:54:42',85915,'2010-11-03 09:54:42',1,0,'0000-00-00 00:00:00',0),(2677,1,0,'2010-11-03 09:54:42',85596,'2010-11-03 09:59:39',250160,'2010-11-03 09:59:39',0,7,'0000-00-00 00:00:00',0),(2678,1,5,'2010-11-03 09:54:42',85904,'2010-11-03 09:54:52',96336,'2010-11-03 09:54:52',1,0,'0000-00-00 00:00:00',0),(2680,1,8,'2010-11-03 09:54:42',86562,'2010-11-03 09:54:52',96885,'2010-11-03 09:54:52',1,0,'0000-00-00 00:00:00',0),(2682,1,5,'2010-11-03 09:54:52',96875,'2010-11-03 09:55:02',108399,'2010-11-03 09:55:02',1,0,'0000-00-00 00:00:00',0),(2684,1,8,'2010-11-03 09:54:52',97645,'2010-11-03 09:55:02',108434,'2010-11-03 09:55:02',1,0,'0000-00-00 00:00:00',0),(2686,1,6,'2010-11-03 09:55:02',108367,'2010-11-03 09:56:02',186653,'2010-11-03 09:56:02',1,0,'0000-00-00 00:00:00',0),(2688,1,10,'2010-11-03 09:55:02',108392,'2010-11-03 09:56:02',187247,'2010-11-03 09:56:02',1,0,'0000-00-00 00:00:00',0),(2690,1,5,'2010-11-03 09:55:02',108425,'2010-11-03 09:55:12',125289,'2010-11-03 09:55:12',1,0,'0000-00-00 00:00:00',0),(2692,1,8,'2010-11-03 09:55:02',114947,'2010-11-03 09:55:12',125793,'2010-11-03 09:55:12',1,0,'0000-00-00 00:00:00',0),(2694,1,5,'2010-11-03 09:55:12',125782,'2010-11-03 09:55:22',137345,'2010-11-03 09:55:22',1,0,'0000-00-00 00:00:00',0),(2696,1,8,'2010-11-03 09:55:12',126759,'2010-11-03 09:55:22',137860,'2010-11-03 09:55:22',1,0,'0000-00-00 00:00:00',0),(2698,1,5,'2010-11-03 09:55:22',137849,'2010-11-03 09:55:32',152174,'2010-11-03 09:55:32',1,0,'0000-00-00 00:00:00',0),(2700,1,8,'2010-11-03 09:55:22',142563,'2010-11-03 09:55:32',152665,'2010-11-03 09:55:32',1,0,'0000-00-00 00:00:00',0),(2702,1,5,'2010-11-03 09:55:32',152647,'2010-11-03 09:55:42',164220,'2010-11-03 09:55:42',1,0,'0000-00-00 00:00:00',0),(2704,1,8,'2010-11-03 09:55:32',154343,'2010-11-03 09:55:42',164892,'2010-11-03 09:55:42',1,0,'0000-00-00 00:00:00',0),(2706,1,5,'2010-11-03 09:55:42',164882,'2010-11-03 09:55:52',175359,'2010-11-03 09:55:52',1,0,'0000-00-00 00:00:00',0),(2708,1,8,'2010-11-03 09:55:42',165629,'2010-11-03 09:55:52',175940,'2010-11-03 09:55:52',1,0,'0000-00-00 00:00:00',0),(2710,1,5,'2010-11-03 09:55:52',175930,'2010-11-03 09:56:02',187262,'2010-11-03 09:56:02',1,0,'0000-00-00 00:00:00',0),(2712,1,8,'2010-11-03 09:55:52',177013,'2010-11-03 09:56:02',187303,'2010-11-03 09:56:02',1,0,'0000-00-00 00:00:00',0),(2714,1,6,'2010-11-03 09:56:02',187231,'2010-11-03 09:57:02',20666,'2010-11-03 09:57:02',1,0,'0000-00-00 00:00:00',0),(2716,1,10,'2010-11-03 09:56:02',187254,'2010-11-03 09:57:02',21240,'2010-11-03 09:57:02',1,0,'0000-00-00 00:00:00',0),(2718,1,5,'2010-11-03 09:56:02',187294,'2010-11-03 09:56:12',205096,'2010-11-03 09:56:12',1,0,'0000-00-00 00:00:00',0),(2720,1,8,'2010-11-03 09:56:02',188975,'2010-11-03 09:56:12',206532,'2010-11-03 09:56:12',1,0,'0000-00-00 00:00:00',0),(2723,1,0,'2010-11-03 09:56:12',206207,'2010-11-03 10:01:05',111987,'2010-11-03 10:01:05',0,8,'0000-00-00 00:00:00',0),(2724,1,5,'2010-11-03 09:56:12',206521,'2010-11-03 09:56:22',219070,'2010-11-03 09:56:22',1,0,'0000-00-00 00:00:00',0),(2726,1,8,'2010-11-03 09:56:12',207078,'2010-11-03 09:56:22',219606,'2010-11-03 09:56:22',1,0,'0000-00-00 00:00:00',0),(2728,1,5,'2010-11-03 09:56:22',219596,'2010-11-03 09:56:32',230512,'2010-11-03 09:56:32',1,0,'0000-00-00 00:00:00',0),(2730,1,8,'2010-11-03 09:56:22',220406,'2010-11-03 09:56:32',231063,'2010-11-03 09:56:32',1,0,'0000-00-00 00:00:00',0),(2732,1,5,'2010-11-03 09:56:32',231045,'2010-11-03 09:56:42',241625,'2010-11-03 09:56:42',1,0,'0000-00-00 00:00:00',0),(2734,1,8,'2010-11-03 09:56:32',231406,'2010-11-03 09:56:42',241974,'2010-11-03 09:56:42',1,0,'0000-00-00 00:00:00',0),(2736,1,5,'2010-11-03 09:56:42',241964,'2010-11-03 09:56:52',8206,'2010-11-03 09:56:52',1,0,'0000-00-00 00:00:00',0),(2738,1,8,'2010-11-03 09:56:42',243584,'2010-11-03 09:56:52',9619,'2010-11-03 09:56:52',1,0,'0000-00-00 00:00:00',0),(2741,1,0,'2010-11-03 09:56:52',9336,'2010-11-03 10:01:48',181454,'2010-11-03 10:01:48',0,5,'0000-00-00 00:00:00',0),(2742,1,5,'2010-11-03 09:56:52',9608,'2010-11-03 09:57:02',21254,'2010-11-03 09:57:02',1,0,'0000-00-00 00:00:00',0),(2744,1,8,'2010-11-03 09:56:52',11013,'2010-11-03 09:57:02',21298,'2010-11-03 09:57:02',1,0,'0000-00-00 00:00:00',0),(2746,1,6,'2010-11-03 09:57:02',21223,'2010-11-03 09:58:02',120801,'2010-11-03 09:58:02',1,0,'0000-00-00 00:00:00',0),(2748,1,10,'2010-11-03 09:57:02',21247,'2010-11-03 09:58:02',121301,'2010-11-03 09:58:02',1,0,'0000-00-00 00:00:00',0),(2750,1,5,'2010-11-03 09:57:02',21289,'2010-11-03 09:57:12',31416,'2010-11-03 09:57:12',1,0,'0000-00-00 00:00:00',0),(2752,1,8,'2010-11-03 09:57:02',22510,'2010-11-03 09:57:12',32095,'2010-11-03 09:57:12',1,0,'0000-00-00 00:00:00',0),(2754,1,5,'2010-11-03 09:57:12',32084,'2010-11-03 09:57:22',54388,'2010-11-03 09:57:22',1,0,'0000-00-00 00:00:00',0),(2756,1,8,'2010-11-03 09:57:12',39274,'2010-11-03 09:57:22',63040,'2010-11-03 09:57:22',1,0,'0000-00-00 00:00:00',0),(2759,1,12,'2010-11-03 09:57:22',62819,'2010-11-03 10:02:22',226355,'2010-11-03 10:02:22',0,2,'0000-00-00 00:00:00',0),(2760,1,5,'2010-11-03 09:57:22',63031,'2010-11-03 09:57:32',86740,'2010-11-03 09:57:32',1,0,'0000-00-00 00:00:00',0),(2762,1,8,'2010-11-03 09:57:22',64156,'2010-11-03 09:57:32',87162,'2010-11-03 09:57:32',1,0,'0000-00-00 00:00:00',0),(2766,1,0,'2010-11-03 09:57:32',87028,'2010-11-03 10:02:27',238517,'2010-11-03 10:02:27',0,3,'0000-00-00 00:00:00',0),(2767,1,0,'2010-11-03 09:57:32',87102,'2010-11-03 10:02:31',246132,'2010-11-03 10:02:31',0,9,'0000-00-00 00:00:00',0),(2768,1,5,'2010-11-03 09:57:32',87147,'2010-11-03 09:57:42',97450,'2010-11-03 09:57:42',1,0,'0000-00-00 00:00:00',0),(2770,1,8,'2010-11-03 09:57:32',87489,'2010-11-03 09:57:42',97986,'2010-11-03 09:57:42',1,0,'0000-00-00 00:00:00',0),(2772,1,5,'2010-11-03 09:57:42',97975,'2010-11-03 09:57:52',109522,'2010-11-03 09:57:52',1,0,'0000-00-00 00:00:00',0),(2774,1,8,'2010-11-03 09:57:42',98748,'2010-11-03 09:57:52',109905,'2010-11-03 09:57:52',1,0,'0000-00-00 00:00:00',0),(2776,1,5,'2010-11-03 09:57:52',109895,'2010-11-03 09:58:02',121315,'2010-11-03 09:58:02',1,0,'0000-00-00 00:00:00',0),(2778,1,8,'2010-11-03 09:57:52',111478,'2010-11-03 09:58:02',121350,'2010-11-03 09:58:02',1,0,'0000-00-00 00:00:00',0),(2780,1,6,'2010-11-03 09:58:02',121284,'2010-11-03 09:59:02',207255,'2010-11-03 09:59:02',1,0,'0000-00-00 00:00:00',0),(2782,1,10,'2010-11-03 09:58:02',121307,'2010-11-03 09:59:02',207803,'2010-11-03 09:59:02',1,0,'0000-00-00 00:00:00',0),(2784,1,5,'2010-11-03 09:58:02',121341,'2010-11-03 09:58:12',138392,'2010-11-03 09:58:12',1,0,'0000-00-00 00:00:00',0),(2786,1,8,'2010-11-03 09:58:02',122475,'2010-11-03 09:58:12',139283,'2010-11-03 09:58:12',1,0,'0000-00-00 00:00:00',0),(2789,1,12,'2010-11-03 09:58:12',139220,'2010-11-03 10:03:12',55163,'2010-11-03 10:03:12',0,1,'0000-00-00 00:00:00',0),(2790,1,5,'2010-11-03 09:58:12',139275,'2010-11-03 09:58:22',154230,'2010-11-03 09:58:22',1,0,'0000-00-00 00:00:00',0),(2792,1,8,'2010-11-03 09:58:12',140108,'2010-11-03 09:58:22',155659,'2010-11-03 09:58:22',1,0,'0000-00-00 00:00:00',0),(2795,1,0,'2010-11-03 09:58:22',155376,'2010-11-03 10:03:14',62330,'2010-11-03 10:03:14',0,6,'0000-00-00 00:00:00',0),(2796,1,5,'2010-11-03 09:58:22',155648,'2010-11-03 09:58:32',167697,'2010-11-03 09:58:32',1,0,'0000-00-00 00:00:00',0),(2798,1,8,'2010-11-03 09:58:22',157529,'2010-11-03 09:58:32',168299,'2010-11-03 09:58:32',1,0,'0000-00-00 00:00:00',0),(2800,1,5,'2010-11-03 09:58:32',168281,'2010-11-03 09:58:42',179820,'2010-11-03 09:58:42',1,0,'0000-00-00 00:00:00',0),(2802,1,8,'2010-11-03 09:58:32',170153,'2010-11-03 09:58:42',180221,'2010-11-03 09:58:42',1,0,'0000-00-00 00:00:00',0),(2804,1,5,'2010-11-03 09:58:42',180210,'2010-11-03 09:58:52',191848,'2010-11-03 09:58:52',1,0,'0000-00-00 00:00:00',0),(2806,1,8,'2010-11-03 09:58:42',182254,'2010-11-03 09:58:52',192406,'2010-11-03 09:58:52',1,0,'0000-00-00 00:00:00',0),(2808,1,5,'2010-11-03 09:58:52',192396,'2010-11-03 09:59:02',207817,'2010-11-03 09:59:02',1,0,'0000-00-00 00:00:00',0),(2810,1,8,'2010-11-03 09:58:52',192743,'2010-11-03 09:59:02',208507,'2010-11-03 09:59:02',1,0,'0000-00-00 00:00:00',0),(2813,1,6,'2010-11-03 09:59:02',207785,'2010-11-03 10:00:02',30606,'2010-11-03 10:00:02',1,0,'0000-00-00 00:00:00',0),(2815,1,10,'2010-11-03 09:59:02',207809,'2010-11-03 10:00:02',31141,'2010-11-03 10:00:02',1,0,'0000-00-00 00:00:00',0),(2817,1,0,'2010-11-03 09:59:02',208420,'2010-11-03 10:03:57',115639,'2010-11-03 10:03:57',0,10,'0000-00-00 00:00:00',0),(2818,1,5,'2010-11-03 09:59:02',208497,'2010-11-03 09:59:12',218652,'2010-11-03 09:59:12',1,0,'0000-00-00 00:00:00',0),(2820,1,8,'2010-11-03 09:59:02',208772,'2010-11-03 09:59:12',219180,'2010-11-03 09:59:12',1,0,'0000-00-00 00:00:00',0),(2822,1,5,'2010-11-03 09:59:12',219170,'2010-11-03 09:59:22',230012,'2010-11-03 09:59:22',1,0,'0000-00-00 00:00:00',0),(2824,1,8,'2010-11-03 09:59:12',219781,'2010-11-03 09:59:22',230550,'2010-11-03 09:59:22',1,0,'0000-00-00 00:00:00',0),(2826,1,5,'2010-11-03 09:59:22',230540,'2010-11-03 09:59:32',241430,'2010-11-03 09:59:32',1,0,'0000-00-00 00:00:00',0),(2828,1,8,'2010-11-03 09:59:22',231469,'2010-11-03 09:59:32',241998,'2010-11-03 09:59:32',1,0,'0000-00-00 00:00:00',0),(2830,1,5,'2010-11-03 09:59:32',241980,'2010-11-03 09:59:42',7427,'2010-11-03 09:59:42',1,0,'0000-00-00 00:00:00',0),(2832,1,8,'2010-11-03 09:59:32',242922,'2010-11-03 09:59:42',8919,'2010-11-03 09:59:42',1,0,'0000-00-00 00:00:00',0),(2835,1,0,'2010-11-03 09:59:42',8638,'2010-11-03 10:04:39',168306,'2010-11-03 10:04:39',0,7,'0000-00-00 00:00:00',0),(2836,1,5,'2010-11-03 09:59:42',8908,'2010-11-03 09:59:52',19749,'2010-11-03 09:59:52',1,0,'0000-00-00 00:00:00',0),(2838,1,8,'2010-11-03 09:59:42',9825,'2010-11-03 09:59:52',20288,'2010-11-03 09:59:52',1,0,'0000-00-00 00:00:00',0),(2840,1,5,'2010-11-03 09:59:52',20277,'2010-11-03 10:00:02',31155,'2010-11-03 10:00:02',1,0,'0000-00-00 00:00:00',0),(2842,1,8,'2010-11-03 09:59:52',21057,'2010-11-03 10:00:02',31196,'2010-11-03 10:00:02',1,0,'0000-00-00 00:00:00',0),(2844,1,6,'2010-11-03 10:00:02',31124,'2010-11-03 10:01:02',107585,'2010-11-03 10:01:02',1,0,'0000-00-00 00:00:00',0),(2846,1,10,'2010-11-03 10:00:02',31147,'2010-11-03 10:01:02',107954,'2010-11-03 10:01:02',1,0,'0000-00-00 00:00:00',0),(2848,1,5,'2010-11-03 10:00:02',31187,'2010-11-03 10:00:12',41791,'2010-11-03 10:00:12',1,0,'0000-00-00 00:00:00',0),(2850,1,8,'2010-11-03 10:00:02',32095,'2010-11-03 10:00:12',42360,'2010-11-03 10:00:12',1,0,'0000-00-00 00:00:00',0),(2852,1,5,'2010-11-03 10:00:12',42350,'2010-11-03 10:00:22',53491,'2010-11-03 10:00:22',1,0,'0000-00-00 00:00:00',0),(2854,1,8,'2010-11-03 10:00:12',42842,'2010-11-03 10:00:22',54068,'2010-11-03 10:00:22',1,0,'0000-00-00 00:00:00',0),(2856,1,5,'2010-11-03 10:00:22',54057,'2010-11-03 10:00:32',65374,'2010-11-03 10:00:32',1,0,'0000-00-00 00:00:00',0),(2858,1,8,'2010-11-03 10:00:22',55009,'2010-11-03 10:00:32',66014,'2010-11-03 10:00:32',1,0,'0000-00-00 00:00:00',0),(2860,1,5,'2010-11-03 10:00:32',65996,'2010-11-03 10:00:42',76997,'2010-11-03 10:00:42',1,0,'0000-00-00 00:00:00',0),(2862,1,8,'2010-11-03 10:00:32',67242,'2010-11-03 10:00:42',77577,'2010-11-03 10:00:42',1,0,'0000-00-00 00:00:00',0),(2864,1,5,'2010-11-03 10:00:42',77567,'2010-11-03 10:00:52',96615,'2010-11-03 10:00:52',1,0,'0000-00-00 00:00:00',0),(2866,1,8,'2010-11-03 10:00:42',86536,'2010-11-03 10:00:52',96995,'2010-11-03 10:00:52',1,0,'0000-00-00 00:00:00',0),(2868,1,5,'2010-11-03 10:00:52',96985,'2010-11-03 10:01:02',107968,'2010-11-03 10:01:02',1,0,'0000-00-00 00:00:00',0),(2870,1,8,'2010-11-03 10:00:52',98263,'2010-11-03 10:01:02',108003,'2010-11-03 10:01:02',1,0,'0000-00-00 00:00:00',0),(2872,1,6,'2010-11-03 10:01:02',107938,'2010-11-03 10:02:02',203472,'2010-11-03 10:02:02',1,0,'0000-00-00 00:00:00',0),(2874,1,10,'2010-11-03 10:01:02',107961,'2010-11-03 10:02:02',203982,'2010-11-03 10:02:02',1,0,'0000-00-00 00:00:00',0),(2876,1,5,'2010-11-03 10:01:02',107993,'2010-11-03 10:01:12',124978,'2010-11-03 10:01:12',1,0,'0000-00-00 00:00:00',0),(2878,1,8,'2010-11-03 10:01:02',109242,'2010-11-03 10:01:12',126191,'2010-11-03 10:01:12',1,0,'0000-00-00 00:00:00',0),(2881,1,0,'2010-11-03 10:01:12',125917,'2010-11-03 10:06:05',21590,'2010-11-03 10:06:05',0,8,'0000-00-00 00:00:00',0),(2882,1,5,'2010-11-03 10:01:12',126180,'2010-11-03 10:01:22',152942,'2010-11-03 10:01:22',1,0,'0000-00-00 00:00:00',0),(2884,1,8,'2010-11-03 10:01:12',127467,'2010-11-03 10:01:22',153467,'2010-11-03 10:01:22',1,0,'0000-00-00 00:00:00',0),(2886,1,5,'2010-11-03 10:01:22',153455,'2010-11-03 10:01:32',163803,'2010-11-03 10:01:32',1,0,'0000-00-00 00:00:00',0),(2888,1,8,'2010-11-03 10:01:22',154130,'2010-11-03 10:01:32',164201,'2010-11-03 10:01:32',1,0,'0000-00-00 00:00:00',0),(2890,1,5,'2010-11-03 10:01:32',164184,'2010-11-03 10:01:42',174322,'2010-11-03 10:01:42',1,0,'0000-00-00 00:00:00',0),(2892,1,8,'2010-11-03 10:01:32',165152,'2010-11-03 10:01:42',174793,'2010-11-03 10:01:42',1,0,'0000-00-00 00:00:00',0),(2894,1,5,'2010-11-03 10:01:42',174783,'2010-11-03 10:01:52',191820,'2010-11-03 10:01:52',1,0,'0000-00-00 00:00:00',0),(2896,1,8,'2010-11-03 10:01:42',175568,'2010-11-03 10:01:52',193036,'2010-11-03 10:01:52',1,0,'0000-00-00 00:00:00',0),(2899,1,0,'2010-11-03 10:01:52',192769,'2010-11-03 10:06:48',81662,'2010-11-03 10:06:48',0,5,'0000-00-00 00:00:00',0),(2900,1,5,'2010-11-03 10:01:52',193025,'2010-11-03 10:02:02',203996,'2010-11-03 10:02:02',1,0,'0000-00-00 00:00:00',0),(2902,1,8,'2010-11-03 10:01:52',194073,'2010-11-03 10:02:02',204038,'2010-11-03 10:02:02',1,0,'0000-00-00 00:00:00',0),(2904,1,6,'2010-11-03 10:02:02',203955,'2010-11-03 10:03:02',36527,'2010-11-03 10:03:02',1,0,'0000-00-00 00:00:00',0),(2906,1,10,'2010-11-03 10:02:02',203989,'2010-11-03 10:03:02',37068,'2010-11-03 10:03:02',1,0,'0000-00-00 00:00:00',0),(2908,1,5,'2010-11-03 10:02:02',204029,'2010-11-03 10:02:12',214206,'2010-11-03 10:02:12',1,0,'0000-00-00 00:00:00',0),(2910,1,8,'2010-11-03 10:02:02',204762,'2010-11-03 10:02:12',214740,'2010-11-03 10:02:12',1,0,'0000-00-00 00:00:00',0),(2912,1,5,'2010-11-03 10:02:12',214719,'2010-11-03 10:02:22',225184,'2010-11-03 10:02:22',1,0,'0000-00-00 00:00:00',0),(2914,1,8,'2010-11-03 10:02:12',215404,'2010-11-03 10:02:22',225642,'2010-11-03 10:02:22',1,0,'0000-00-00 00:00:00',0),(2916,1,5,'2010-11-03 10:02:22',225632,'2010-11-03 10:02:32',4092,'2010-11-03 10:02:32',1,0,'0000-00-00 00:00:00',0),(2918,1,8,'2010-11-03 10:02:22',226345,'2010-11-03 10:02:32',4661,'2010-11-03 10:02:32',1,0,'0000-00-00 00:00:00',0),(2923,1,12,'2010-11-03 10:02:32',4450,'2010-11-03 10:07:32',149807,'2010-11-03 10:07:32',0,2,'0000-00-00 00:00:00',0),(2924,1,0,'2010-11-03 10:02:32',4528,'2010-11-03 10:07:27',130367,'2010-11-03 10:07:27',0,3,'0000-00-00 00:00:00',0),(2925,1,0,'2010-11-03 10:02:32',4595,'2010-11-03 10:07:31',139295,'2010-11-03 10:07:31',0,9,'0000-00-00 00:00:00',0),(2926,1,5,'2010-11-03 10:02:32',4646,'2010-11-03 10:02:42',14210,'2010-11-03 10:02:42',1,0,'0000-00-00 00:00:00',0),(2928,1,8,'2010-11-03 10:02:32',4971,'2010-11-03 10:02:42',14829,'2010-11-03 10:02:42',1,0,'0000-00-00 00:00:00',0),(2930,1,5,'2010-11-03 10:02:42',14819,'2010-11-03 10:02:52',25651,'2010-11-03 10:02:52',1,0,'0000-00-00 00:00:00',0),(2932,1,8,'2010-11-03 10:02:42',15599,'2010-11-03 10:02:52',26193,'2010-11-03 10:02:52',1,0,'0000-00-00 00:00:00',0),(2934,1,5,'2010-11-03 10:02:52',26183,'2010-11-03 10:03:02',37083,'2010-11-03 10:03:02',1,0,'0000-00-00 00:00:00',0),(2936,1,8,'2010-11-03 10:02:52',26964,'2010-11-03 10:03:02',37239,'2010-11-03 10:03:02',1,0,'0000-00-00 00:00:00',0),(2938,1,6,'2010-11-03 10:03:02',37051,'2010-11-03 10:04:02',125372,'2010-11-03 10:04:02',1,0,'0000-00-00 00:00:00',0),(2940,1,10,'2010-11-03 10:03:02',37075,'2010-11-03 10:04:02',125951,'2010-11-03 10:04:02',1,0,'0000-00-00 00:00:00',0),(2942,1,5,'2010-11-03 10:03:02',37110,'2010-11-03 10:03:12',47446,'2010-11-03 10:03:12',1,0,'0000-00-00 00:00:00',0),(2944,1,8,'2010-11-03 10:03:02',37830,'2010-11-03 10:03:12',48069,'2010-11-03 10:03:12',1,0,'0000-00-00 00:00:00',0),(2946,1,5,'2010-11-03 10:03:12',48059,'2010-11-03 10:03:22',74689,'2010-11-03 10:03:22',1,0,'0000-00-00 00:00:00',0),(2948,1,8,'2010-11-03 10:03:12',55150,'2010-11-03 10:03:22',76256,'2010-11-03 10:03:22',1,0,'0000-00-00 00:00:00',0),(2952,1,12,'2010-11-03 10:03:22',75957,'2010-11-03 10:08:22',227527,'2010-11-03 10:08:22',0,1,'0000-00-00 00:00:00',0),(2953,1,0,'2010-11-03 10:03:22',76199,'2010-11-03 10:08:14',208576,'2010-11-03 10:08:14',0,6,'0000-00-00 00:00:00',0),(2954,1,5,'2010-11-03 10:03:22',76247,'2010-11-03 10:03:32',86121,'2010-11-03 10:03:32',1,0,'0000-00-00 00:00:00',0),(2956,1,8,'2010-11-03 10:03:22',76697,'2010-11-03 10:03:32',87481,'2010-11-03 10:03:32',1,0,'0000-00-00 00:00:00',0),(2958,1,5,'2010-11-03 10:03:32',87463,'2010-11-03 10:03:42',98901,'2010-11-03 10:03:42',1,0,'0000-00-00 00:00:00',0),(2960,1,8,'2010-11-03 10:03:32',88220,'2010-11-03 10:03:42',99162,'2010-11-03 10:03:42',1,0,'0000-00-00 00:00:00',0),(2962,1,5,'2010-11-03 10:03:42',99152,'2010-11-03 10:03:52',109523,'2010-11-03 10:03:52',1,0,'0000-00-00 00:00:00',0),(2964,1,8,'2010-11-03 10:03:42',99472,'2010-11-03 10:03:52',110085,'2010-11-03 10:03:52',1,0,'0000-00-00 00:00:00',0),(2966,1,5,'2010-11-03 10:03:52',110075,'2010-11-03 10:04:02',125965,'2010-11-03 10:04:02',1,0,'0000-00-00 00:00:00',0),(2968,1,8,'2010-11-03 10:03:52',110906,'2010-11-03 10:04:02',126658,'2010-11-03 10:04:02',1,0,'0000-00-00 00:00:00',0),(2971,1,6,'2010-11-03 10:04:02',125933,'2010-11-03 10:05:02',198976,'2010-11-03 10:05:02',1,0,'0000-00-00 00:00:00',0),(2973,1,10,'2010-11-03 10:04:02',125957,'2010-11-03 10:05:02',199554,'2010-11-03 10:05:02',1,0,'0000-00-00 00:00:00',0),(2975,1,0,'2010-11-03 10:04:02',126577,'2010-11-03 10:08:57',27895,'2010-11-03 10:08:57',0,10,'0000-00-00 00:00:00',0),(2976,1,5,'2010-11-03 10:04:02',126649,'2010-11-03 10:04:12',136072,'2010-11-03 10:04:12',1,0,'0000-00-00 00:00:00',0),(2978,1,8,'2010-11-03 10:04:02',126925,'2010-11-03 10:04:12',136650,'2010-11-03 10:04:12',1,0,'0000-00-00 00:00:00',0),(2980,1,5,'2010-11-03 10:04:12',136640,'2010-11-03 10:04:22',148832,'2010-11-03 10:04:22',1,0,'0000-00-00 00:00:00',0),(2982,1,8,'2010-11-03 10:04:12',137413,'2010-11-03 10:04:22',149392,'2010-11-03 10:04:22',1,0,'0000-00-00 00:00:00',0),(2984,1,5,'2010-11-03 10:04:22',149382,'2010-11-03 10:04:32',159927,'2010-11-03 10:04:32',1,0,'0000-00-00 00:00:00',0),(2986,1,8,'2010-11-03 10:04:22',150148,'2010-11-03 10:04:32',160615,'2010-11-03 10:04:32',1,0,'0000-00-00 00:00:00',0),(2988,1,5,'2010-11-03 10:04:32',160597,'2010-11-03 10:04:42',176871,'2010-11-03 10:04:42',1,0,'0000-00-00 00:00:00',0),(2990,1,8,'2010-11-03 10:04:32',160981,'2010-11-03 10:04:42',177791,'2010-11-03 10:04:42',1,0,'0000-00-00 00:00:00',0),(2993,1,0,'2010-11-03 10:04:42',177714,'2010-11-03 10:09:39',81598,'2010-11-03 10:09:39',0,7,'0000-00-00 00:00:00',0),(2994,1,5,'2010-11-03 10:04:42',177782,'2010-11-03 10:04:52',188891,'2010-11-03 10:04:52',1,0,'0000-00-00 00:00:00',0),(2996,1,8,'2010-11-03 10:04:42',178170,'2010-11-03 10:04:52',189426,'2010-11-03 10:04:52',1,0,'0000-00-00 00:00:00',0),(2998,1,5,'2010-11-03 10:04:52',189415,'2010-11-03 10:05:02',199568,'2010-11-03 10:05:02',1,0,'0000-00-00 00:00:00',0),(3000,1,8,'2010-11-03 10:04:52',189986,'2010-11-03 10:05:02',199708,'2010-11-03 10:05:02',1,0,'0000-00-00 00:00:00',0),(3002,1,6,'2010-11-03 10:05:02',199521,'2010-11-03 10:06:02',15888,'2010-11-03 10:06:02',1,0,'0000-00-00 00:00:00',0),(3004,1,10,'2010-11-03 10:05:02',199560,'2010-11-03 10:06:02',16421,'2010-11-03 10:06:02',1,0,'0000-00-00 00:00:00',0),(3006,1,5,'2010-11-03 10:05:02',199595,'2010-11-03 10:05:12',209745,'2010-11-03 10:05:12',1,0,'0000-00-00 00:00:00',0),(3008,1,8,'2010-11-03 10:05:02',200293,'2010-11-03 10:05:12',210329,'2010-11-03 10:05:12',1,0,'0000-00-00 00:00:00',0),(3010,1,5,'2010-11-03 10:05:12',210319,'2010-11-03 10:05:22',221119,'2010-11-03 10:05:22',1,0,'0000-00-00 00:00:00',0),(3012,1,8,'2010-11-03 10:05:12',211260,'2010-11-03 10:05:22',221702,'2010-11-03 10:05:22',1,0,'0000-00-00 00:00:00',0),(3014,1,5,'2010-11-03 10:05:22',221692,'2010-11-03 10:05:32',231677,'2010-11-03 10:05:32',1,0,'0000-00-00 00:00:00',0),(3016,1,8,'2010-11-03 10:05:22',222029,'2010-11-03 10:05:32',232669,'2010-11-03 10:05:32',1,0,'0000-00-00 00:00:00',0),(3018,1,5,'2010-11-03 10:05:32',232651,'2010-11-03 10:05:42',243384,'2010-11-03 10:05:42',1,0,'0000-00-00 00:00:00',0),(3020,1,8,'2010-11-03 10:05:32',233150,'2010-11-03 10:05:42',243824,'2010-11-03 10:05:42',1,0,'0000-00-00 00:00:00',0),(3022,1,5,'2010-11-03 10:05:42',243814,'2010-11-03 10:05:52',5300,'2010-11-03 10:05:52',1,0,'0000-00-00 00:00:00',0),(3024,1,8,'2010-11-03 10:05:42',246267,'2010-11-03 10:05:52',5880,'2010-11-03 10:05:52',1,0,'0000-00-00 00:00:00',0),(3026,1,5,'2010-11-03 10:05:52',5870,'2010-11-03 10:06:02',16435,'2010-11-03 10:06:02',1,0,'0000-00-00 00:00:00',0),(3028,1,8,'2010-11-03 10:05:52',7087,'2010-11-03 10:06:02',16469,'2010-11-03 10:06:02',1,0,'0000-00-00 00:00:00',0),(3030,1,6,'2010-11-03 10:06:02',16403,'2010-11-03 10:07:02',101730,'2010-11-03 10:07:02',1,0,'0000-00-00 00:00:00',0),(3032,1,10,'2010-11-03 10:06:02',16427,'2010-11-03 10:07:02',102357,'2010-11-03 10:07:02',1,0,'0000-00-00 00:00:00',0),(3034,1,5,'2010-11-03 10:06:02',16460,'2010-11-03 10:06:12',34732,'2010-11-03 10:06:12',1,0,'0000-00-00 00:00:00',0),(3036,1,8,'2010-11-03 10:06:02',18967,'2010-11-03 10:06:12',36154,'2010-11-03 10:06:12',1,0,'0000-00-00 00:00:00',0),(3039,1,0,'2010-11-03 10:06:12',35883,'2010-11-03 10:11:05',191413,'2010-11-03 10:11:05',0,8,'0000-00-00 00:00:00',0),(3040,1,5,'2010-11-03 10:06:12',36142,'2010-11-03 10:06:22',51206,'2010-11-03 10:06:22',1,0,'0000-00-00 00:00:00',0),(3042,1,8,'2010-11-03 10:06:12',37145,'2010-11-03 10:06:22',51813,'2010-11-03 10:06:22',1,0,'0000-00-00 00:00:00',0),(3044,1,5,'2010-11-03 10:06:22',51803,'2010-11-03 10:06:32',62317,'2010-11-03 10:06:32',1,0,'0000-00-00 00:00:00',0),(3046,1,8,'2010-11-03 10:06:22',52137,'2010-11-03 10:06:32',62911,'2010-11-03 10:06:32',1,0,'0000-00-00 00:00:00',0),(3048,1,5,'2010-11-03 10:06:32',62893,'2010-11-03 10:06:42',73720,'2010-11-03 10:06:42',1,0,'0000-00-00 00:00:00',0),(3050,1,8,'2010-11-03 10:06:32',63384,'2010-11-03 10:06:42',74085,'2010-11-03 10:06:42',1,0,'0000-00-00 00:00:00',0),(3052,1,5,'2010-11-03 10:06:42',74075,'2010-11-03 10:06:52',90743,'2010-11-03 10:06:52',1,0,'0000-00-00 00:00:00',0),(3054,1,8,'2010-11-03 10:06:42',75980,'2010-11-03 10:06:52',91952,'2010-11-03 10:06:52',1,0,'0000-00-00 00:00:00',0),(3057,1,0,'2010-11-03 10:06:52',91642,'2010-11-03 10:11:48',250607,'2010-11-03 10:11:48',0,5,'0000-00-00 00:00:00',0),(3058,1,5,'2010-11-03 10:06:52',91941,'2010-11-03 10:07:02',102371,'2010-11-03 10:07:02',1,0,'0000-00-00 00:00:00',0),(3060,1,8,'2010-11-03 10:06:52',92658,'2010-11-03 10:07:02',102460,'2010-11-03 10:07:02',1,0,'0000-00-00 00:00:00',0),(3062,1,6,'2010-11-03 10:07:02',102328,'2010-11-03 10:08:02',189606,'2010-11-03 10:08:02',1,0,'0000-00-00 00:00:00',0),(3064,1,10,'2010-11-03 10:07:02',102364,'2010-11-03 10:08:02',190128,'2010-11-03 10:08:02',1,0,'0000-00-00 00:00:00',0),(3066,1,5,'2010-11-03 10:07:02',102449,'2010-11-03 10:07:12',112730,'2010-11-03 10:07:12',1,0,'0000-00-00 00:00:00',0),(3068,1,8,'2010-11-03 10:07:02',102797,'2010-11-03 10:07:12',113256,'2010-11-03 10:07:12',1,0,'0000-00-00 00:00:00',0),(3070,1,5,'2010-11-03 10:07:12',113246,'2010-11-03 10:07:22',124225,'2010-11-03 10:07:22',1,0,'0000-00-00 00:00:00',0),(3072,1,8,'2010-11-03 10:07:12',113970,'2010-11-03 10:07:22',124803,'2010-11-03 10:07:22',1,0,'0000-00-00 00:00:00',0),(3074,1,5,'2010-11-03 10:07:22',124794,'2010-11-03 10:07:32',148278,'2010-11-03 10:07:32',1,0,'0000-00-00 00:00:00',0),(3076,1,8,'2010-11-03 10:07:22',125651,'2010-11-03 10:07:32',149148,'2010-11-03 10:07:32',1,0,'0000-00-00 00:00:00',0),(3080,1,0,'2010-11-03 10:07:32',149005,'2010-11-03 10:12:27',52927,'2010-11-03 10:12:27',0,3,'0000-00-00 00:00:00',0),(3081,1,0,'2010-11-03 10:07:32',149082,'2010-11-03 10:12:31',61978,'2010-11-03 10:12:31',0,9,'0000-00-00 00:00:00',0),(3082,1,5,'2010-11-03 10:07:32',149128,'2010-11-03 10:07:42',165673,'2010-11-03 10:07:42',1,0,'0000-00-00 00:00:00',0),(3084,1,8,'2010-11-03 10:07:32',149796,'2010-11-03 10:07:42',166958,'2010-11-03 10:07:42',1,0,'0000-00-00 00:00:00',0),(3087,1,12,'2010-11-03 10:07:42',166877,'2010-11-03 10:12:42',81374,'2010-11-03 10:12:42',0,2,'0000-00-00 00:00:00',0),(3088,1,5,'2010-11-03 10:07:42',166948,'2010-11-03 10:07:52',177726,'2010-11-03 10:07:52',1,0,'0000-00-00 00:00:00',0),(3090,1,8,'2010-11-03 10:07:42',167689,'2010-11-03 10:07:52',178109,'2010-11-03 10:07:52',1,0,'0000-00-00 00:00:00',0),(3092,1,5,'2010-11-03 10:07:52',178099,'2010-11-03 10:08:02',190142,'2010-11-03 10:08:02',1,0,'0000-00-00 00:00:00',0),(3094,1,8,'2010-11-03 10:07:52',180130,'2010-11-03 10:08:02',190178,'2010-11-03 10:08:02',1,0,'0000-00-00 00:00:00',0),(3096,1,6,'2010-11-03 10:08:02',190111,'2010-11-03 10:09:02',36858,'2010-11-03 10:09:02',1,0,'0000-00-00 00:00:00',0),(3098,1,10,'2010-11-03 10:08:02',190135,'2010-11-03 10:09:02',36918,'2010-11-03 10:09:02',1,0,'0000-00-00 00:00:00',0),(3100,1,5,'2010-11-03 10:08:02',190169,'2010-11-03 10:08:12',200560,'2010-11-03 10:08:12',1,0,'0000-00-00 00:00:00',0),(3102,1,8,'2010-11-03 10:08:02',191095,'2010-11-03 10:08:12',202063,'2010-11-03 10:08:12',1,0,'0000-00-00 00:00:00',0),(3104,1,5,'2010-11-03 10:08:12',202053,'2010-11-03 10:08:22',220743,'2010-11-03 10:08:22',1,0,'0000-00-00 00:00:00',0),(3106,1,8,'2010-11-03 10:08:12',206913,'2010-11-03 10:08:22',226954,'2010-11-03 10:08:22',1,0,'0000-00-00 00:00:00',0),(3109,1,0,'2010-11-03 10:08:22',226867,'2010-11-03 10:13:14',122216,'2010-11-03 10:13:14',0,6,'0000-00-00 00:00:00',0),(3110,1,5,'2010-11-03 10:08:22',226944,'2010-11-03 10:08:32',244113,'2010-11-03 10:08:32',1,0,'0000-00-00 00:00:00',0),(3112,1,8,'2010-11-03 10:08:22',227516,'2010-11-03 10:08:32',245460,'2010-11-03 10:08:32',1,0,'0000-00-00 00:00:00',0),(3115,1,12,'2010-11-03 10:08:32',245192,'2010-11-03 10:13:32',147264,'2010-11-03 10:13:32',0,1,'0000-00-00 00:00:00',0),(3116,1,5,'2010-11-03 10:08:32',245246,'2010-11-03 10:08:42',5959,'2010-11-03 10:08:42',1,0,'0000-00-00 00:00:00',0),(3118,1,8,'2010-11-03 10:08:32',246943,'2010-11-03 10:08:42',6057,'2010-11-03 10:08:42',1,0,'0000-00-00 00:00:00',0),(3120,1,5,'2010-11-03 10:08:42',6047,'2010-11-03 10:08:52',16218,'2010-11-03 10:08:52',1,0,'0000-00-00 00:00:00',0),(3122,1,8,'2010-11-03 10:08:42',6384,'2010-11-03 10:08:52',17006,'2010-11-03 10:08:52',1,0,'0000-00-00 00:00:00',0),(3124,1,5,'2010-11-03 10:08:52',16996,'2010-11-03 10:09:02',36944,'2010-11-03 10:09:02',1,0,'0000-00-00 00:00:00',0),(3126,1,8,'2010-11-03 10:08:52',23135,'2010-11-03 10:09:02',37230,'2010-11-03 10:09:02',1,0,'0000-00-00 00:00:00',0),(3129,1,6,'2010-11-03 10:09:02',36890,'2010-11-03 10:10:02',114957,'2010-11-03 10:10:02',1,0,'0000-00-00 00:00:00',0),(3131,1,10,'2010-11-03 10:09:02',36930,'2010-11-03 10:10:02',115389,'2010-11-03 10:10:02',1,0,'0000-00-00 00:00:00',0),(3133,1,0,'2010-11-03 10:09:02',37159,'2010-11-03 10:13:57',182250,'2010-11-03 10:13:57',0,10,'0000-00-00 00:00:00',0),(3134,1,5,'2010-11-03 10:09:02',37220,'2010-11-03 10:09:12',46760,'2010-11-03 10:09:12',1,0,'0000-00-00 00:00:00',0),(3136,1,8,'2010-11-03 10:09:02',37529,'2010-11-03 10:09:12',47295,'2010-11-03 10:09:12',1,0,'0000-00-00 00:00:00',0),(3138,1,5,'2010-11-03 10:09:12',47284,'2010-11-03 10:09:22',58068,'2010-11-03 10:09:22',1,0,'0000-00-00 00:00:00',0),(3140,1,8,'2010-11-03 10:09:12',48057,'2010-11-03 10:09:22',58666,'2010-11-03 10:09:22',1,0,'0000-00-00 00:00:00',0),(3142,1,5,'2010-11-03 10:09:22',58657,'2010-11-03 10:09:32',69120,'2010-11-03 10:09:32',1,0,'0000-00-00 00:00:00',0),(3144,1,8,'2010-11-03 10:09:22',59032,'2010-11-03 10:09:32',69812,'2010-11-03 10:09:32',1,0,'0000-00-00 00:00:00',0),(3146,1,5,'2010-11-03 10:09:32',69795,'2010-11-03 10:09:42',88897,'2010-11-03 10:09:42',1,0,'0000-00-00 00:00:00',0),(3148,1,8,'2010-11-03 10:09:32',75098,'2010-11-03 10:09:42',90203,'2010-11-03 10:09:42',1,0,'0000-00-00 00:00:00',0),(3151,1,0,'2010-11-03 10:09:42',89745,'2010-11-03 10:14:39',234379,'2010-11-03 10:14:39',0,7,'0000-00-00 00:00:00',0),(3152,1,5,'2010-11-03 10:09:42',90192,'2010-11-03 10:09:52',103869,'2010-11-03 10:09:52',1,0,'0000-00-00 00:00:00',0),(3154,1,8,'2010-11-03 10:09:42',94565,'2010-11-03 10:09:52',104321,'2010-11-03 10:09:52',1,0,'0000-00-00 00:00:00',0),(3156,1,5,'2010-11-03 10:09:52',104311,'2010-11-03 10:10:02',115403,'2010-11-03 10:10:02',1,0,'0000-00-00 00:00:00',0),(3158,1,8,'2010-11-03 10:09:52',105232,'2010-11-03 10:10:02',115437,'2010-11-03 10:10:02',1,0,'0000-00-00 00:00:00',0),(3160,1,6,'2010-11-03 10:10:02',115372,'2010-11-03 10:11:02',186366,'2010-11-03 10:11:02',1,0,'0000-00-00 00:00:00',0),(3162,1,10,'2010-11-03 10:10:02',115395,'2010-11-03 10:11:02',186999,'2010-11-03 10:11:02',1,0,'0000-00-00 00:00:00',0),(3164,1,5,'2010-11-03 10:10:02',115428,'2010-11-03 10:10:12',126624,'2010-11-03 10:10:12',1,0,'0000-00-00 00:00:00',0),(3166,1,8,'2010-11-03 10:10:02',116192,'2010-11-03 10:10:12',127017,'2010-11-03 10:10:12',1,0,'0000-00-00 00:00:00',0),(3168,1,5,'2010-11-03 10:10:12',127008,'2010-11-03 10:10:22',138763,'2010-11-03 10:10:22',1,0,'0000-00-00 00:00:00',0),(3170,1,8,'2010-11-03 10:10:12',128984,'2010-11-03 10:10:22',139289,'2010-11-03 10:10:22',1,0,'0000-00-00 00:00:00',0),(3172,1,5,'2010-11-03 10:10:22',139279,'2010-11-03 10:10:32',150476,'2010-11-03 10:10:32',1,0,'0000-00-00 00:00:00',0),(3174,1,8,'2010-11-03 10:10:22',140180,'2010-11-03 10:10:32',151045,'2010-11-03 10:10:32',1,0,'0000-00-00 00:00:00',0),(3176,1,5,'2010-11-03 10:10:32',151028,'2010-11-03 10:10:42',162072,'2010-11-03 10:10:42',1,0,'0000-00-00 00:00:00',0),(3178,1,8,'2010-11-03 10:10:32',151822,'2010-11-03 10:10:42',162604,'2010-11-03 10:10:42',1,0,'0000-00-00 00:00:00',0),(3180,1,5,'2010-11-03 10:10:42',162594,'2010-11-03 10:10:52',175466,'2010-11-03 10:10:52',1,0,'0000-00-00 00:00:00',0),(3182,1,8,'2010-11-03 10:10:42',164418,'2010-11-03 10:10:52',176018,'2010-11-03 10:10:52',1,0,'0000-00-00 00:00:00',0),(3184,1,5,'2010-11-03 10:10:52',176009,'2010-11-03 10:11:02',187013,'2010-11-03 10:11:02',1,0,'0000-00-00 00:00:00',0),(3186,1,8,'2010-11-03 10:10:52',176760,'2010-11-03 10:11:02',187199,'2010-11-03 10:11:02',1,0,'0000-00-00 00:00:00',0),(3188,1,6,'2010-11-03 10:11:02',186981,'2010-11-03 10:12:02',20577,'2010-11-03 10:12:02',1,0,'0000-00-00 00:00:00',0),(3190,1,10,'2010-11-03 10:11:02',187006,'2010-11-03 10:12:02',21111,'2010-11-03 10:12:02',1,0,'0000-00-00 00:00:00',0),(3192,1,5,'2010-11-03 10:11:02',187188,'2010-11-03 10:11:12',210715,'2010-11-03 10:11:12',1,0,'0000-00-00 00:00:00',0),(3194,1,8,'2010-11-03 10:11:02',188797,'2010-11-03 10:11:12',212095,'2010-11-03 10:11:12',1,0,'0000-00-00 00:00:00',0),(3197,1,0,'2010-11-03 10:11:12',211657,'2010-11-03 10:16:05',102117,'2010-11-03 10:16:05',0,8,'0000-00-00 00:00:00',0),(3198,1,5,'2010-11-03 10:11:12',212084,'2010-11-03 10:11:22',223092,'2010-11-03 10:11:22',1,0,'0000-00-00 00:00:00',0),(3200,1,8,'2010-11-03 10:11:12',213261,'2010-11-03 10:11:22',223501,'2010-11-03 10:11:22',1,0,'0000-00-00 00:00:00',0),(3202,1,5,'2010-11-03 10:11:22',223491,'2010-11-03 10:11:32',233597,'2010-11-03 10:11:32',1,0,'0000-00-00 00:00:00',0),(3204,1,8,'2010-11-03 10:11:22',224310,'2010-11-03 10:11:32',234025,'2010-11-03 10:11:32',1,0,'0000-00-00 00:00:00',0),(3206,1,5,'2010-11-03 10:11:32',234008,'2010-11-03 10:11:42',244018,'2010-11-03 10:11:42',1,0,'0000-00-00 00:00:00',0),(3208,1,8,'2010-11-03 10:11:32',234919,'2010-11-03 10:11:42',244378,'2010-11-03 10:11:42',1,0,'0000-00-00 00:00:00',0),(3210,1,5,'2010-11-03 10:11:42',244368,'2010-11-03 10:11:52',9674,'2010-11-03 10:11:52',1,0,'0000-00-00 00:00:00',0),(3212,1,8,'2010-11-03 10:11:42',245172,'2010-11-03 10:11:52',10936,'2010-11-03 10:11:52',1,0,'0000-00-00 00:00:00',0),(3215,1,0,'2010-11-03 10:11:52',10766,'2010-11-03 10:16:48',159162,'2010-11-03 10:16:48',0,5,'0000-00-00 00:00:00',0),(3216,1,5,'2010-11-03 10:11:52',10925,'2010-11-03 10:12:02',21125,'2010-11-03 10:12:02',1,0,'0000-00-00 00:00:00',0),(3218,1,8,'2010-11-03 10:11:52',11709,'2010-11-03 10:12:02',21164,'2010-11-03 10:12:02',1,0,'0000-00-00 00:00:00',0),(3220,1,6,'2010-11-03 10:12:02',21094,'2010-11-03 10:13:02',108450,'2010-11-03 10:13:02',1,0,'0000-00-00 00:00:00',0),(3222,1,10,'2010-11-03 10:12:02',21118,'2010-11-03 10:13:02',108861,'2010-11-03 10:13:02',1,0,'0000-00-00 00:00:00',0),(3224,1,5,'2010-11-03 10:12:02',21156,'2010-11-03 10:12:12',31811,'2010-11-03 10:12:12',1,0,'0000-00-00 00:00:00',0),(3226,1,8,'2010-11-03 10:12:02',21701,'2010-11-03 10:12:12',32364,'2010-11-03 10:12:12',1,0,'0000-00-00 00:00:00',0),(3228,1,5,'2010-11-03 10:12:12',32354,'2010-11-03 10:12:22',43342,'2010-11-03 10:12:22',1,0,'0000-00-00 00:00:00',0),(3230,1,8,'2010-11-03 10:12:12',32703,'2010-11-03 10:12:22',43876,'2010-11-03 10:12:22',1,0,'0000-00-00 00:00:00',0),(3232,1,5,'2010-11-03 10:12:22',43866,'2010-11-03 10:12:32',69752,'2010-11-03 10:12:32',1,0,'0000-00-00 00:00:00',0),(3234,1,8,'2010-11-03 10:12:22',44644,'2010-11-03 10:12:32',70248,'2010-11-03 10:12:32',1,0,'0000-00-00 00:00:00',0),(3238,1,0,'2010-11-03 10:12:32',70053,'2010-11-03 10:17:27',208602,'2010-11-03 10:17:27',0,3,'0000-00-00 00:00:00',0),(3239,1,0,'2010-11-03 10:12:32',70176,'2010-11-03 10:17:31',216797,'2010-11-03 10:17:31',0,9,'0000-00-00 00:00:00',0),(3240,1,5,'2010-11-03 10:12:32',70234,'2010-11-03 10:12:42',80082,'2010-11-03 10:12:42',1,0,'0000-00-00 00:00:00',0),(3242,1,8,'2010-11-03 10:12:32',70543,'2010-11-03 10:12:42',80630,'2010-11-03 10:12:42',1,0,'0000-00-00 00:00:00',0),(3244,1,5,'2010-11-03 10:12:42',80619,'2010-11-03 10:12:52',96341,'2010-11-03 10:12:52',1,0,'0000-00-00 00:00:00',0),(3246,1,8,'2010-11-03 10:12:42',81365,'2010-11-03 10:12:52',97984,'2010-11-03 10:12:52',1,0,'0000-00-00 00:00:00',0),(3249,1,12,'2010-11-03 10:12:52',97176,'2010-11-03 10:17:52',249143,'2010-11-03 10:17:52',0,2,'0000-00-00 00:00:00',0),(3250,1,5,'2010-11-03 10:12:52',97975,'2010-11-03 10:13:02',108874,'2010-11-03 10:13:02',1,0,'0000-00-00 00:00:00',0),(3252,1,8,'2010-11-03 10:12:52',99354,'2010-11-03 10:13:02',108912,'2010-11-03 10:13:02',1,0,'0000-00-00 00:00:00',0),(3254,1,6,'2010-11-03 10:13:02',108844,'2010-11-03 10:14:02',191273,'2010-11-03 10:14:02',1,0,'0000-00-00 00:00:00',0),(3256,1,10,'2010-11-03 10:13:02',108867,'2010-11-03 10:14:02',191804,'2010-11-03 10:14:02',1,0,'0000-00-00 00:00:00',0),(3258,1,5,'2010-11-03 10:13:02',108902,'2010-11-03 10:13:12',118708,'2010-11-03 10:13:12',1,0,'0000-00-00 00:00:00',0),(3260,1,8,'2010-11-03 10:13:02',109397,'2010-11-03 10:13:12',119233,'2010-11-03 10:13:12',1,0,'0000-00-00 00:00:00',0),(3262,1,5,'2010-11-03 10:13:12',119223,'2010-11-03 10:13:22',134356,'2010-11-03 10:13:22',1,0,'0000-00-00 00:00:00',0),(3264,1,8,'2010-11-03 10:13:12',120274,'2010-11-03 10:13:22',135777,'2010-11-03 10:13:22',1,0,'0000-00-00 00:00:00',0),(3267,1,0,'2010-11-03 10:13:22',135507,'2010-11-03 10:18:14',28147,'2010-11-03 10:18:14',0,6,'0000-00-00 00:00:00',0),(3268,1,5,'2010-11-03 10:13:22',135766,'2010-11-03 10:13:32',145935,'2010-11-03 10:13:32',1,0,'0000-00-00 00:00:00',0),(3270,1,8,'2010-11-03 10:13:22',136689,'2010-11-03 10:13:32',146515,'2010-11-03 10:13:32',1,0,'0000-00-00 00:00:00',0),(3272,1,5,'2010-11-03 10:13:32',146498,'2010-11-03 10:13:42',162540,'2010-11-03 10:13:42',1,0,'0000-00-00 00:00:00',0),(3274,1,8,'2010-11-03 10:13:32',147254,'2010-11-03 10:13:42',164428,'2010-11-03 10:13:42',1,0,'0000-00-00 00:00:00',0),(3277,1,12,'2010-11-03 10:13:42',164158,'2010-11-03 10:18:42',66072,'2010-11-03 10:18:42',0,1,'0000-00-00 00:00:00',0),(3278,1,5,'2010-11-03 10:13:42',164418,'2010-11-03 10:13:52',175858,'2010-11-03 10:13:52',1,0,'0000-00-00 00:00:00',0),(3280,1,8,'2010-11-03 10:13:42',165843,'2010-11-03 10:13:52',176376,'2010-11-03 10:13:52',1,0,'0000-00-00 00:00:00',0),(3282,1,5,'2010-11-03 10:13:52',176367,'2010-11-03 10:14:02',191818,'2010-11-03 10:14:02',1,0,'0000-00-00 00:00:00',0),(3284,1,8,'2010-11-03 10:13:52',177403,'2010-11-03 10:14:02',192647,'2010-11-03 10:14:02',1,0,'0000-00-00 00:00:00',0),(3287,1,6,'2010-11-03 10:14:02',191787,'2010-11-03 10:15:02',22721,'2010-11-03 10:15:02',1,0,'0000-00-00 00:00:00',0),(3289,1,10,'2010-11-03 10:14:02',191810,'2010-11-03 10:15:02',23247,'2010-11-03 10:15:02',1,0,'0000-00-00 00:00:00',0),(3291,1,0,'2010-11-03 10:14:02',192381,'2010-11-03 10:18:57',89352,'2010-11-03 10:18:57',0,10,'0000-00-00 00:00:00',0),(3292,1,5,'2010-11-03 10:14:02',192636,'2010-11-03 10:14:12',203336,'2010-11-03 10:14:12',1,0,'0000-00-00 00:00:00',0),(3294,1,8,'2010-11-03 10:14:02',193400,'2010-11-03 10:14:12',203719,'2010-11-03 10:14:12',1,0,'0000-00-00 00:00:00',0),(3296,1,5,'2010-11-03 10:14:12',203709,'2010-11-03 10:14:22',215798,'2010-11-03 10:14:22',1,0,'0000-00-00 00:00:00',0),(3298,1,8,'2010-11-03 10:14:12',206053,'2010-11-03 10:14:22',216329,'2010-11-03 10:14:22',1,0,'0000-00-00 00:00:00',0),(3300,1,5,'2010-11-03 10:14:22',216319,'2010-11-03 10:14:32',226020,'2010-11-03 10:14:32',1,0,'0000-00-00 00:00:00',0),(3302,1,8,'2010-11-03 10:14:22',217054,'2010-11-03 10:14:32',226583,'2010-11-03 10:14:32',1,0,'0000-00-00 00:00:00',0),(3304,1,5,'2010-11-03 10:14:32',226565,'2010-11-03 10:14:42',242099,'2010-11-03 10:14:42',1,0,'0000-00-00 00:00:00',0),(3306,1,8,'2010-11-03 10:14:32',227372,'2010-11-03 10:14:42',243492,'2010-11-03 10:14:42',1,0,'0000-00-00 00:00:00',0),(3309,1,0,'2010-11-03 10:14:42',243364,'2010-11-03 10:19:39',143519,'2010-11-03 10:19:39',0,7,'0000-00-00 00:00:00',0),(3310,1,5,'2010-11-03 10:14:42',243482,'2010-11-03 10:14:52',11253,'2010-11-03 10:14:52',1,0,'0000-00-00 00:00:00',0),(3312,1,8,'2010-11-03 10:14:42',251393,'2010-11-03 10:14:52',11850,'2010-11-03 10:14:52',1,0,'0000-00-00 00:00:00',0),(3314,1,5,'2010-11-03 10:14:52',11840,'2010-11-03 10:15:02',23260,'2010-11-03 10:15:02',1,0,'0000-00-00 00:00:00',0),(3316,1,8,'2010-11-03 10:14:52',12647,'2010-11-03 10:15:02',23299,'2010-11-03 10:15:02',1,0,'0000-00-00 00:00:00',0),(3318,1,6,'2010-11-03 10:15:02',23230,'2010-11-03 10:16:02',97826,'2010-11-03 10:16:02',1,0,'0000-00-00 00:00:00',0),(3320,1,10,'2010-11-03 10:15:02',23253,'2010-11-03 10:16:02',98410,'2010-11-03 10:16:02',1,0,'0000-00-00 00:00:00',0),(3322,1,5,'2010-11-03 10:15:02',23290,'2010-11-03 10:15:12',34572,'2010-11-03 10:15:12',1,0,'0000-00-00 00:00:00',0),(3324,1,8,'2010-11-03 10:15:02',24237,'2010-11-03 10:15:12',34861,'2010-11-03 10:15:12',1,0,'0000-00-00 00:00:00',0),(3326,1,5,'2010-11-03 10:15:12',34852,'2010-11-03 10:15:22',45216,'2010-11-03 10:15:22',1,0,'0000-00-00 00:00:00',0),(3328,1,8,'2010-11-03 10:15:12',35175,'2010-11-03 10:15:22',45859,'2010-11-03 10:15:22',1,0,'0000-00-00 00:00:00',0),(3330,1,5,'2010-11-03 10:15:22',45849,'2010-11-03 10:15:32',56309,'2010-11-03 10:15:32',1,0,'0000-00-00 00:00:00',0),(3332,1,8,'2010-11-03 10:15:22',46587,'2010-11-03 10:15:32',57147,'2010-11-03 10:15:32',1,0,'0000-00-00 00:00:00',0),(3334,1,5,'2010-11-03 10:15:32',57127,'2010-11-03 10:15:42',72127,'2010-11-03 10:15:42',1,0,'0000-00-00 00:00:00',0),(3336,1,8,'2010-11-03 10:15:32',62523,'2010-11-03 10:15:42',72742,'2010-11-03 10:15:42',1,0,'0000-00-00 00:00:00',0),(3338,1,5,'2010-11-03 10:15:42',72732,'2010-11-03 10:15:52',85758,'2010-11-03 10:15:52',1,0,'0000-00-00 00:00:00',0),(3340,1,8,'2010-11-03 10:15:42',73836,'2010-11-03 10:15:52',86356,'2010-11-03 10:15:52',1,0,'0000-00-00 00:00:00',0),(3342,1,5,'2010-11-03 10:15:52',86345,'2010-11-03 10:16:02',98424,'2010-11-03 10:16:02',1,0,'0000-00-00 00:00:00',0),(3344,1,8,'2010-11-03 10:15:52',88300,'2010-11-03 10:16:02',98630,'2010-11-03 10:16:02',1,0,'0000-00-00 00:00:00',0),(3346,1,6,'2010-11-03 10:16:02',98393,'2010-11-03 10:17:02',180122,'2010-11-03 10:17:02',1,0,'0000-00-00 00:00:00',0),(3348,1,10,'2010-11-03 10:16:02',98417,'2010-11-03 10:17:02',180162,'2010-11-03 10:17:02',1,0,'0000-00-00 00:00:00',0),(3350,1,5,'2010-11-03 10:16:02',98620,'2010-11-03 10:16:12',115340,'2010-11-03 10:16:12',1,0,'0000-00-00 00:00:00',0),(3352,1,8,'2010-11-03 10:16:02',99719,'2010-11-03 10:16:12',116724,'2010-11-03 10:16:12',1,0,'0000-00-00 00:00:00',0),(3355,1,0,'2010-11-03 10:16:12',116255,'2010-11-03 10:21:05',251307,'2010-11-03 10:21:05',0,8,'0000-00-00 00:00:00',0),(3356,1,5,'2010-11-03 10:16:12',116713,'2010-11-03 10:16:22',127405,'2010-11-03 10:16:22',1,0,'0000-00-00 00:00:00',0),(3358,1,8,'2010-11-03 10:16:12',117677,'2010-11-03 10:16:22',127807,'2010-11-03 10:16:22',1,0,'0000-00-00 00:00:00',0),(3360,1,5,'2010-11-03 10:16:22',127797,'2010-11-03 10:16:32',139867,'2010-11-03 10:16:32',1,0,'0000-00-00 00:00:00',0),(3362,1,8,'2010-11-03 10:16:22',129433,'2010-11-03 10:16:32',140232,'2010-11-03 10:16:32',1,0,'0000-00-00 00:00:00',0),(3364,1,5,'2010-11-03 10:16:32',140216,'2010-11-03 10:16:42',151676,'2010-11-03 10:16:42',1,0,'0000-00-00 00:00:00',0),(3366,1,8,'2010-11-03 10:16:32',142391,'2010-11-03 10:16:42',152206,'2010-11-03 10:16:42',1,0,'0000-00-00 00:00:00',0),(3368,1,5,'2010-11-03 10:16:42',152196,'2010-11-03 10:16:52',168309,'2010-11-03 10:16:52',1,0,'0000-00-00 00:00:00',0),(3370,1,8,'2010-11-03 10:16:42',152992,'2010-11-03 10:16:52',169745,'2010-11-03 10:16:52',1,0,'0000-00-00 00:00:00',0),(3373,1,0,'2010-11-03 10:16:52',169461,'2010-11-03 10:21:48',56156,'2010-11-03 10:21:48',0,5,'0000-00-00 00:00:00',0),(3374,1,5,'2010-11-03 10:16:52',169720,'2010-11-03 10:17:02',180176,'2010-11-03 10:17:02',1,0,'0000-00-00 00:00:00',0),(3376,1,8,'2010-11-03 10:16:52',170988,'2010-11-03 10:17:02',180231,'2010-11-03 10:17:02',1,0,'0000-00-00 00:00:00',0),(3378,1,6,'2010-11-03 10:17:02',180147,'2010-11-03 10:18:02',13894,'2010-11-03 10:18:02',1,0,'0000-00-00 00:00:00',0),(3380,1,10,'2010-11-03 10:17:02',180169,'2010-11-03 10:18:02',14427,'2010-11-03 10:18:02',1,0,'0000-00-00 00:00:00',0),(3382,1,5,'2010-11-03 10:17:02',180222,'2010-11-03 10:17:12',190599,'2010-11-03 10:17:12',1,0,'0000-00-00 00:00:00',0),(3384,1,8,'2010-11-03 10:17:02',180566,'2010-11-03 10:17:12',191152,'2010-11-03 10:17:12',1,0,'0000-00-00 00:00:00',0),(3386,1,5,'2010-11-03 10:17:12',191142,'2010-11-03 10:17:22',202435,'2010-11-03 10:17:22',1,0,'0000-00-00 00:00:00',0),(3388,1,8,'2010-11-03 10:17:12',191903,'2010-11-03 10:17:22',203005,'2010-11-03 10:17:22',1,0,'0000-00-00 00:00:00',0),(3390,1,5,'2010-11-03 10:17:22',202995,'2010-11-03 10:17:32',225360,'2010-11-03 10:17:32',1,0,'0000-00-00 00:00:00',0),(3392,1,8,'2010-11-03 10:17:22',203849,'2010-11-03 10:17:32',225805,'2010-11-03 10:17:32',1,0,'0000-00-00 00:00:00',0),(3396,1,0,'2010-11-03 10:17:32',225642,'2010-11-03 10:22:27',106465,'2010-11-03 10:22:27',0,3,'0000-00-00 00:00:00',0),(3397,1,0,'2010-11-03 10:17:32',225717,'2010-11-03 10:22:31',114864,'2010-11-03 10:22:31',0,9,'0000-00-00 00:00:00',0),(3398,1,5,'2010-11-03 10:17:32',225790,'2010-11-03 10:17:42',235094,'2010-11-03 10:17:42',1,0,'0000-00-00 00:00:00',0),(3400,1,8,'2010-11-03 10:17:32',226101,'2010-11-03 10:17:42',235641,'2010-11-03 10:17:42',1,0,'0000-00-00 00:00:00',0),(3402,1,5,'2010-11-03 10:17:42',235631,'2010-11-03 10:17:52',247149,'2010-11-03 10:17:52',1,0,'0000-00-00 00:00:00',0),(3404,1,8,'2010-11-03 10:17:42',236406,'2010-11-03 10:17:52',247543,'2010-11-03 10:17:52',1,0,'0000-00-00 00:00:00',0),(3406,1,5,'2010-11-03 10:17:52',247533,'2010-11-03 10:18:02',14441,'2010-11-03 10:18:02',1,0,'0000-00-00 00:00:00',0),(3408,1,8,'2010-11-03 10:17:52',249130,'2010-11-03 10:18:02',14864,'2010-11-03 10:18:02',1,0,'0000-00-00 00:00:00',0),(3411,1,6,'2010-11-03 10:18:02',14409,'2010-11-03 10:19:02',99549,'2010-11-03 10:19:02',1,0,'0000-00-00 00:00:00',0),(3413,1,10,'2010-11-03 10:18:02',14433,'2010-11-03 10:19:02',100372,'2010-11-03 10:19:02',1,0,'0000-00-00 00:00:00',0),(3415,1,12,'2010-11-03 10:18:02',14805,'2010-11-03 10:23:02',170581,'2010-11-03 10:23:02',0,2,'0000-00-00 00:00:00',0),(3416,1,5,'2010-11-03 10:18:02',14855,'2010-11-03 10:18:12',24893,'2010-11-03 10:18:12',1,0,'0000-00-00 00:00:00',0),(3418,1,8,'2010-11-03 10:18:02',15544,'2010-11-03 10:18:12',25429,'2010-11-03 10:18:12',1,0,'0000-00-00 00:00:00',0),(3420,1,5,'2010-11-03 10:18:12',25419,'2010-11-03 10:18:22',41247,'2010-11-03 10:18:22',1,0,'0000-00-00 00:00:00',0),(3422,1,8,'2010-11-03 10:18:12',26458,'2010-11-03 10:18:22',42858,'2010-11-03 10:18:22',1,0,'0000-00-00 00:00:00',0),(3425,1,0,'2010-11-03 10:18:22',42519,'2010-11-03 10:23:14',193631,'2010-11-03 10:23:14',0,6,'0000-00-00 00:00:00',0),(3426,1,5,'2010-11-03 10:18:22',42847,'2010-11-03 10:18:32',52932,'2010-11-03 10:18:32',1,0,'0000-00-00 00:00:00',0),(3428,1,8,'2010-11-03 10:18:22',43420,'2010-11-03 10:18:32',53616,'2010-11-03 10:18:32',1,0,'0000-00-00 00:00:00',0),(3430,1,5,'2010-11-03 10:18:32',53598,'2010-11-03 10:18:42',64206,'2010-11-03 10:18:42',1,0,'0000-00-00 00:00:00',0),(3432,1,8,'2010-11-03 10:18:32',54014,'2010-11-03 10:18:42',64551,'2010-11-03 10:18:42',1,0,'0000-00-00 00:00:00',0),(3434,1,5,'2010-11-03 10:18:42',64542,'2010-11-03 10:18:52',81197,'2010-11-03 10:18:52',1,0,'0000-00-00 00:00:00',0),(3436,1,8,'2010-11-03 10:18:42',66061,'2010-11-03 10:18:52',83203,'2010-11-03 10:18:52',1,0,'0000-00-00 00:00:00',0),(3439,1,12,'2010-11-03 10:18:52',83138,'2010-11-03 10:23:52',246949,'2010-11-03 10:23:52',0,1,'0000-00-00 00:00:00',0),(3440,1,5,'2010-11-03 10:18:52',83194,'2010-11-03 10:19:02',100386,'2010-11-03 10:19:02',1,0,'0000-00-00 00:00:00',0),(3442,1,8,'2010-11-03 10:18:52',84418,'2010-11-03 10:19:02',102994,'2010-11-03 10:19:02',1,0,'0000-00-00 00:00:00',0),(3445,1,6,'2010-11-03 10:19:02',100354,'2010-11-03 10:20:02',174467,'2010-11-03 10:20:02',1,0,'0000-00-00 00:00:00',0),(3447,1,10,'2010-11-03 10:19:02',100378,'2010-11-03 10:20:02',175004,'2010-11-03 10:20:02',1,0,'0000-00-00 00:00:00',0),(3449,1,0,'2010-11-03 10:19:02',102428,'2010-11-03 10:23:57',8704,'2010-11-03 10:23:57',0,10,'0000-00-00 00:00:00',0),(3450,1,5,'2010-11-03 10:19:02',102981,'2010-11-03 10:19:12',112604,'2010-11-03 10:19:12',1,0,'0000-00-00 00:00:00',0),(3452,1,8,'2010-11-03 10:19:02',103540,'2010-11-03 10:19:12',113136,'2010-11-03 10:19:12',1,0,'0000-00-00 00:00:00',0),(3454,1,5,'2010-11-03 10:19:12',113126,'2010-11-03 10:19:22',123945,'2010-11-03 10:19:22',1,0,'0000-00-00 00:00:00',0),(3456,1,8,'2010-11-03 10:19:12',113897,'2010-11-03 10:19:22',124479,'2010-11-03 10:19:22',1,0,'0000-00-00 00:00:00',0),(3458,1,5,'2010-11-03 10:19:22',124468,'2010-11-03 10:19:32',135023,'2010-11-03 10:19:32',1,0,'0000-00-00 00:00:00',0),(3460,1,8,'2010-11-03 10:19:22',125244,'2010-11-03 10:19:32',135614,'2010-11-03 10:19:32',1,0,'0000-00-00 00:00:00',0),(3462,1,5,'2010-11-03 10:19:32',135597,'2010-11-03 10:19:42',151226,'2010-11-03 10:19:42',1,0,'0000-00-00 00:00:00',0),(3464,1,8,'2010-11-03 10:19:32',137123,'2010-11-03 10:19:42',152498,'2010-11-03 10:19:42',1,0,'0000-00-00 00:00:00',0),(3467,1,0,'2010-11-03 10:19:42',152150,'2010-11-03 10:24:39',62920,'2010-11-03 10:24:39',0,7,'0000-00-00 00:00:00',0),(3468,1,5,'2010-11-03 10:19:42',152487,'2010-11-03 10:19:52',163913,'2010-11-03 10:19:52',1,0,'0000-00-00 00:00:00',0),(3470,1,8,'2010-11-03 10:19:42',152948,'2010-11-03 10:19:52',164349,'2010-11-03 10:19:52',1,0,'0000-00-00 00:00:00',0),(3472,1,5,'2010-11-03 10:19:52',164339,'2010-11-03 10:20:02',175017,'2010-11-03 10:20:02',1,0,'0000-00-00 00:00:00',0),(3474,1,8,'2010-11-03 10:19:52',165077,'2010-11-03 10:20:02',175054,'2010-11-03 10:20:02',1,0,'0000-00-00 00:00:00',0),(3476,1,6,'2010-11-03 10:20:02',174986,'2010-11-03 10:21:02',247786,'2010-11-03 10:21:02',1,0,'0000-00-00 00:00:00',0),(3478,1,10,'2010-11-03 10:20:02',175010,'2010-11-03 10:21:02',248445,'2010-11-03 10:21:02',1,0,'0000-00-00 00:00:00',0),(3480,1,5,'2010-11-03 10:20:02',175045,'2010-11-03 10:20:12',190945,'2010-11-03 10:20:12',1,0,'0000-00-00 00:00:00',0),(3482,1,8,'2010-11-03 10:20:02',175878,'2010-11-03 10:20:12',191477,'2010-11-03 10:20:12',1,0,'0000-00-00 00:00:00',0),(3484,1,5,'2010-11-03 10:20:12',191466,'2010-11-03 10:20:22',202271,'2010-11-03 10:20:22',1,0,'0000-00-00 00:00:00',0),(3486,1,8,'2010-11-03 10:20:12',192432,'2010-11-03 10:20:22',202820,'2010-11-03 10:20:22',1,0,'0000-00-00 00:00:00',0),(3488,1,5,'2010-11-03 10:20:22',202810,'2010-11-03 10:20:32',213413,'2010-11-03 10:20:32',1,0,'0000-00-00 00:00:00',0),(3490,1,8,'2010-11-03 10:20:22',203848,'2010-11-03 10:20:32',213993,'2010-11-03 10:20:32',1,0,'0000-00-00 00:00:00',0),(3492,1,5,'2010-11-03 10:20:32',213976,'2010-11-03 10:20:42',224825,'2010-11-03 10:20:42',1,0,'0000-00-00 00:00:00',0),(3494,1,8,'2010-11-03 10:20:32',215014,'2010-11-03 10:20:42',225173,'2010-11-03 10:20:42',1,0,'0000-00-00 00:00:00',0),(3496,1,5,'2010-11-03 10:20:42',225163,'2010-11-03 10:20:52',236606,'2010-11-03 10:20:52',1,0,'0000-00-00 00:00:00',0),(3498,1,8,'2010-11-03 10:20:42',226650,'2010-11-03 10:20:52',237167,'2010-11-03 10:20:52',1,0,'0000-00-00 00:00:00',0),(3500,1,5,'2010-11-03 10:20:52',237157,'2010-11-03 10:21:02',248459,'2010-11-03 10:21:02',1,0,'0000-00-00 00:00:00',0),(3502,1,8,'2010-11-03 10:20:52',237994,'2010-11-03 10:21:02',248495,'2010-11-03 10:21:02',1,0,'0000-00-00 00:00:00',0),(3504,1,6,'2010-11-03 10:21:02',248426,'2010-11-03 10:22:02',77797,'2010-11-03 10:22:02',1,0,'0000-00-00 00:00:00',0),(3506,1,10,'2010-11-03 10:21:02',248451,'2010-11-03 10:22:02',78339,'2010-11-03 10:22:02',1,0,'0000-00-00 00:00:00',0),(3508,1,5,'2010-11-03 10:21:02',248486,'2010-11-03 10:21:12',12414,'2010-11-03 10:21:12',1,0,'0000-00-00 00:00:00',0),(3510,1,8,'2010-11-03 10:21:02',248827,'2010-11-03 10:21:12',13821,'2010-11-03 10:21:12',1,0,'0000-00-00 00:00:00',0),(3513,1,0,'2010-11-03 10:21:12',13551,'2010-11-03 10:26:05',178325,'2010-11-03 10:26:05',0,8,'0000-00-00 00:00:00',0),(3514,1,5,'2010-11-03 10:21:12',13811,'2010-11-03 10:21:22',25047,'2010-11-03 10:21:22',1,0,'0000-00-00 00:00:00',0),(3516,1,8,'2010-11-03 10:21:12',14752,'2010-11-03 10:21:22',25711,'2010-11-03 10:21:22',1,0,'0000-00-00 00:00:00',0),(3518,1,5,'2010-11-03 10:21:22',25701,'2010-11-03 10:21:32',36376,'2010-11-03 10:21:32',1,0,'0000-00-00 00:00:00',0),(3520,1,8,'2010-11-03 10:21:22',26085,'2010-11-03 10:21:32',36961,'2010-11-03 10:21:32',1,0,'0000-00-00 00:00:00',0),(3522,1,5,'2010-11-03 10:21:32',36944,'2010-11-03 10:21:42',47926,'2010-11-03 10:21:42',1,0,'0000-00-00 00:00:00',0),(3524,1,8,'2010-11-03 10:21:32',37713,'2010-11-03 10:21:42',48319,'2010-11-03 10:21:42',1,0,'0000-00-00 00:00:00',0),(3526,1,5,'2010-11-03 10:21:42',48309,'2010-11-03 10:21:52',65558,'2010-11-03 10:21:52',1,0,'0000-00-00 00:00:00',0),(3528,1,8,'2010-11-03 10:21:42',50434,'2010-11-03 10:21:52',67197,'2010-11-03 10:21:52',1,0,'0000-00-00 00:00:00',0),(3531,1,0,'2010-11-03 10:21:52',67022,'2010-11-03 10:26:48',235328,'2010-11-03 10:26:48',0,5,'0000-00-00 00:00:00',0),(3532,1,5,'2010-11-03 10:21:52',67186,'2010-11-03 10:22:02',78353,'2010-11-03 10:22:02',1,0,'0000-00-00 00:00:00',0),(3534,1,8,'2010-11-03 10:21:52',68530,'2010-11-03 10:22:02',78391,'2010-11-03 10:22:02',1,0,'0000-00-00 00:00:00',0),(3536,1,6,'2010-11-03 10:22:02',78322,'2010-11-03 10:23:02',161670,'2010-11-03 10:23:02',1,0,'0000-00-00 00:00:00',0),(3538,1,10,'2010-11-03 10:22:02',78345,'2010-11-03 10:23:02',162235,'2010-11-03 10:23:02',1,0,'0000-00-00 00:00:00',0),(3540,1,5,'2010-11-03 10:22:02',78382,'2010-11-03 10:22:12',88102,'2010-11-03 10:22:12',1,0,'0000-00-00 00:00:00',0),(3542,1,8,'2010-11-03 10:22:02',78872,'2010-11-03 10:22:12',88716,'2010-11-03 10:22:12',1,0,'0000-00-00 00:00:00',0),(3544,1,5,'2010-11-03 10:22:12',88706,'2010-11-03 10:22:22',99896,'2010-11-03 10:22:22',1,0,'0000-00-00 00:00:00',0),(3546,1,8,'2010-11-03 10:22:12',89719,'2010-11-03 10:22:22',100487,'2010-11-03 10:22:22',1,0,'0000-00-00 00:00:00',0),(3548,1,5,'2010-11-03 10:22:22',100476,'2010-11-03 10:22:32',121613,'2010-11-03 10:22:32',1,0,'0000-00-00 00:00:00',0),(3550,1,8,'2010-11-03 10:22:22',101215,'2010-11-03 10:22:32',122021,'2010-11-03 10:22:32',1,0,'0000-00-00 00:00:00',0),(3554,1,0,'2010-11-03 10:22:32',121882,'2010-11-03 10:27:27',71380,'2010-11-03 10:27:27',0,3,'0000-00-00 00:00:00',0),(3555,1,0,'2010-11-03 10:22:32',121955,'2010-11-03 10:27:31',80502,'2010-11-03 10:27:31',0,9,'0000-00-00 00:00:00',0),(3556,1,5,'2010-11-03 10:22:32',122001,'2010-11-03 10:22:42',131706,'2010-11-03 10:22:42',1,0,'0000-00-00 00:00:00',0),(3558,1,8,'2010-11-03 10:22:32',122429,'2010-11-03 10:22:42',132289,'2010-11-03 10:22:42',1,0,'0000-00-00 00:00:00',0),(3560,1,5,'2010-11-03 10:22:42',132279,'2010-11-03 10:22:52',144335,'2010-11-03 10:22:52',1,0,'0000-00-00 00:00:00',0),(3562,1,8,'2010-11-03 10:22:42',133038,'2010-11-03 10:22:52',144667,'2010-11-03 10:22:52',1,0,'0000-00-00 00:00:00',0),(3564,1,5,'2010-11-03 10:22:52',144657,'2010-11-03 10:23:02',162249,'2010-11-03 10:23:02',1,0,'0000-00-00 00:00:00',0),(3566,1,8,'2010-11-03 10:22:52',152474,'2010-11-03 10:23:02',162401,'2010-11-03 10:23:02',1,0,'0000-00-00 00:00:00',0),(3568,1,6,'2010-11-03 10:23:02',162217,'2010-11-03 10:24:02',17703,'2010-11-03 10:24:02',1,0,'0000-00-00 00:00:00',0),(3570,1,10,'2010-11-03 10:23:02',162241,'2010-11-03 10:24:02',18315,'2010-11-03 10:24:02',1,0,'0000-00-00 00:00:00',0),(3572,1,5,'2010-11-03 10:23:02',162391,'2010-11-03 10:23:12',188772,'2010-11-03 10:23:12',1,0,'0000-00-00 00:00:00',0),(3574,1,8,'2010-11-03 10:23:02',170570,'2010-11-03 10:23:12',189783,'2010-11-03 10:23:12',1,0,'0000-00-00 00:00:00',0),(3577,1,12,'2010-11-03 10:23:12',189723,'2010-11-03 10:28:12',132175,'2010-11-03 10:28:12',0,2,'0000-00-00 00:00:00',0),(3578,1,5,'2010-11-03 10:23:12',189775,'2010-11-03 10:23:22',205684,'2010-11-03 10:23:22',1,0,'0000-00-00 00:00:00',0),(3580,1,8,'2010-11-03 10:23:12',191927,'2010-11-03 10:23:22',206974,'2010-11-03 10:23:22',1,0,'0000-00-00 00:00:00',0),(3583,1,0,'2010-11-03 10:23:22',206668,'2010-11-03 10:28:14',137010,'2010-11-03 10:28:14',0,6,'0000-00-00 00:00:00',0),(3584,1,5,'2010-11-03 10:23:22',206963,'2010-11-03 10:23:32',217332,'2010-11-03 10:23:32',1,0,'0000-00-00 00:00:00',0),(3586,1,8,'2010-11-03 10:23:22',207748,'2010-11-03 10:23:32',217910,'2010-11-03 10:23:32',1,0,'0000-00-00 00:00:00',0),(3588,1,5,'2010-11-03 10:23:32',217893,'2010-11-03 10:23:42',228540,'2010-11-03 10:23:42',1,0,'0000-00-00 00:00:00',0),(3590,1,8,'2010-11-03 10:23:32',218667,'2010-11-03 10:23:42',229095,'2010-11-03 10:23:42',1,0,'0000-00-00 00:00:00',0),(3592,1,5,'2010-11-03 10:23:42',229085,'2010-11-03 10:23:52',240148,'2010-11-03 10:23:52',1,0,'0000-00-00 00:00:00',0),(3594,1,8,'2010-11-03 10:23:42',229832,'2010-11-03 10:23:52',240866,'2010-11-03 10:23:52',1,0,'0000-00-00 00:00:00',0),(3596,1,5,'2010-11-03 10:23:52',240855,'2010-11-03 10:24:02',18329,'2010-11-03 10:24:02',1,0,'0000-00-00 00:00:00',0),(3598,1,8,'2010-11-03 10:23:52',246939,'2010-11-03 10:24:02',19282,'2010-11-03 10:24:02',1,0,'0000-00-00 00:00:00',0),(3602,1,6,'2010-11-03 10:24:02',18297,'2010-11-03 10:25:02',94631,'2010-11-03 10:25:02',1,0,'0000-00-00 00:00:00',0),(3604,1,10,'2010-11-03 10:24:02',18321,'2010-11-03 10:25:02',95175,'2010-11-03 10:25:02',1,0,'0000-00-00 00:00:00',0),(3606,1,12,'2010-11-03 10:24:02',18801,'2010-11-03 10:29:02',208328,'2010-11-03 10:29:02',0,1,'0000-00-00 00:00:00',0),(3607,1,0,'2010-11-03 10:24:02',19210,'2010-11-03 10:28:57',196010,'2010-11-03 10:28:57',0,10,'0000-00-00 00:00:00',0),(3608,1,5,'2010-11-03 10:24:02',19274,'2010-11-03 10:24:12',30171,'2010-11-03 10:24:12',1,0,'0000-00-00 00:00:00',0),(3610,1,8,'2010-11-03 10:24:02',19830,'2010-11-03 10:24:12',30956,'2010-11-03 10:24:12',1,0,'0000-00-00 00:00:00',0),(3612,1,5,'2010-11-03 10:24:12',30946,'2010-11-03 10:24:22',43607,'2010-11-03 10:24:22',1,0,'0000-00-00 00:00:00',0),(3614,1,8,'2010-11-03 10:24:12',33968,'2010-11-03 10:24:22',44195,'2010-11-03 10:24:22',1,0,'0000-00-00 00:00:00',0),(3616,1,5,'2010-11-03 10:24:22',44185,'2010-11-03 10:24:32',54170,'2010-11-03 10:24:32',1,0,'0000-00-00 00:00:00',0),(3618,1,8,'2010-11-03 10:24:22',44956,'2010-11-03 10:24:32',54762,'2010-11-03 10:24:32',1,0,'0000-00-00 00:00:00',0),(3620,1,5,'2010-11-03 10:24:32',54744,'2010-11-03 10:24:42',71185,'2010-11-03 10:24:42',1,0,'0000-00-00 00:00:00',0),(3622,1,8,'2010-11-03 10:24:32',55507,'2010-11-03 10:24:42',72618,'2010-11-03 10:24:42',1,0,'0000-00-00 00:00:00',0),(3625,1,0,'2010-11-03 10:24:42',72348,'2010-11-03 10:29:39',3114,'2010-11-03 10:29:39',0,7,'0000-00-00 00:00:00',0),(3626,1,5,'2010-11-03 10:24:42',72608,'2010-11-03 10:24:52',83056,'2010-11-03 10:24:52',1,0,'0000-00-00 00:00:00',0),(3628,1,8,'2010-11-03 10:24:42',73537,'2010-11-03 10:24:52',83607,'2010-11-03 10:24:52',1,0,'0000-00-00 00:00:00',0),(3630,1,5,'2010-11-03 10:24:52',83597,'2010-11-03 10:25:02',95189,'2010-11-03 10:25:02',1,0,'0000-00-00 00:00:00',0),(3632,1,8,'2010-11-03 10:24:52',84345,'2010-11-03 10:25:02',95225,'2010-11-03 10:25:02',1,0,'0000-00-00 00:00:00',0),(3634,1,6,'2010-11-03 10:25:02',95158,'2010-11-03 10:26:02',162568,'2010-11-03 10:26:02',1,0,'0000-00-00 00:00:00',0),(3636,1,10,'2010-11-03 10:25:02',95182,'2010-11-03 10:26:02',163106,'2010-11-03 10:26:02',1,0,'0000-00-00 00:00:00',0),(3638,1,5,'2010-11-03 10:25:02',95217,'2010-11-03 10:25:12',106115,'2010-11-03 10:25:12',1,0,'0000-00-00 00:00:00',0),(3640,1,8,'2010-11-03 10:25:02',95988,'2010-11-03 10:25:12',106496,'2010-11-03 10:25:12',1,0,'0000-00-00 00:00:00',0),(3642,1,5,'2010-11-03 10:25:12',106487,'2010-11-03 10:25:22',116820,'2010-11-03 10:25:22',1,0,'0000-00-00 00:00:00',0),(3644,1,8,'2010-11-03 10:25:12',106894,'2010-11-03 10:25:22',117381,'2010-11-03 10:25:22',1,0,'0000-00-00 00:00:00',0),(3646,1,5,'2010-11-03 10:25:22',117371,'2010-11-03 10:25:32',127708,'2010-11-03 10:25:32',1,0,'0000-00-00 00:00:00',0),(3648,1,8,'2010-11-03 10:25:22',118226,'2010-11-03 10:25:32',128256,'2010-11-03 10:25:32',1,0,'0000-00-00 00:00:00',0),(3650,1,5,'2010-11-03 10:25:32',128239,'2010-11-03 10:25:42',139054,'2010-11-03 10:25:42',1,0,'0000-00-00 00:00:00',0),(3652,1,8,'2010-11-03 10:25:32',129462,'2010-11-03 10:25:42',139596,'2010-11-03 10:25:42',1,0,'0000-00-00 00:00:00',0),(3654,1,5,'2010-11-03 10:25:42',139585,'2010-11-03 10:25:52',150733,'2010-11-03 10:25:52',1,0,'0000-00-00 00:00:00',0),(3656,1,8,'2010-11-03 10:25:42',141143,'2010-11-03 10:25:52',151281,'2010-11-03 10:25:52',1,0,'0000-00-00 00:00:00',0),(3658,1,5,'2010-11-03 10:25:52',151270,'2010-11-03 10:26:02',163120,'2010-11-03 10:26:02',1,0,'0000-00-00 00:00:00',0),(3660,1,8,'2010-11-03 10:25:52',152904,'2010-11-03 10:26:02',163304,'2010-11-03 10:26:02',1,0,'0000-00-00 00:00:00',0),(3662,1,6,'2010-11-03 10:26:02',163089,'2010-11-03 10:27:02',9925,'2010-11-03 10:27:02',1,0,'0000-00-00 00:00:00',0),(3664,1,10,'2010-11-03 10:26:02',163113,'2010-11-03 10:27:02',10454,'2010-11-03 10:27:02',1,0,'0000-00-00 00:00:00',0),(3666,1,5,'2010-11-03 10:26:02',163148,'2010-11-03 10:26:12',190843,'2010-11-03 10:26:12',1,0,'0000-00-00 00:00:00',0),(3668,1,8,'2010-11-03 10:26:02',165294,'2010-11-03 10:26:12',192123,'2010-11-03 10:26:12',1,0,'0000-00-00 00:00:00',0),(3671,1,0,'2010-11-03 10:26:12',191849,'2010-11-03 10:31:05',113870,'2010-11-03 10:31:05',0,8,'0000-00-00 00:00:00',0),(3672,1,5,'2010-11-03 10:26:12',192113,'2010-11-03 10:26:22',202375,'2010-11-03 10:26:22',1,0,'0000-00-00 00:00:00',0),(3674,1,8,'2010-11-03 10:26:12',193019,'2010-11-03 10:26:22',202828,'2010-11-03 10:26:22',1,0,'0000-00-00 00:00:00',0),(3676,1,5,'2010-11-03 10:26:22',202817,'2010-11-03 10:26:32',212277,'2010-11-03 10:26:32',1,0,'0000-00-00 00:00:00',0),(3678,1,8,'2010-11-03 10:26:22',203279,'2010-11-03 10:26:32',212736,'2010-11-03 10:26:32',1,0,'0000-00-00 00:00:00',0),(3680,1,5,'2010-11-03 10:26:32',212718,'2010-11-03 10:26:42',222115,'2010-11-03 10:26:42',1,0,'0000-00-00 00:00:00',0),(3682,1,8,'2010-11-03 10:26:32',213372,'2010-11-03 10:26:42',222708,'2010-11-03 10:26:42',1,0,'0000-00-00 00:00:00',0),(3684,1,5,'2010-11-03 10:26:42',222697,'2010-11-03 10:26:52',244653,'2010-11-03 10:26:52',1,0,'0000-00-00 00:00:00',0),(3686,1,8,'2010-11-03 10:26:42',223467,'2010-11-03 10:26:52',246279,'2010-11-03 10:26:52',1,0,'0000-00-00 00:00:00',0),(3689,1,0,'2010-11-03 10:26:52',245745,'2010-11-03 10:31:48',167691,'2010-11-03 10:31:48',0,5,'0000-00-00 00:00:00',0),(3690,1,5,'2010-11-03 10:26:52',246268,'2010-11-03 10:27:02',10468,'2010-11-03 10:27:02',1,0,'0000-00-00 00:00:00',0),(3692,1,8,'2010-11-03 10:26:52',250566,'2010-11-03 10:27:02',10507,'2010-11-03 10:27:02',1,0,'0000-00-00 00:00:00',0),(3694,1,6,'2010-11-03 10:27:02',10437,'2010-11-03 10:28:02',120852,'2010-11-03 10:28:02',1,0,'0000-00-00 00:00:00',0),(3696,1,10,'2010-11-03 10:27:02',10461,'2010-11-03 10:28:02',121341,'2010-11-03 10:28:02',1,0,'0000-00-00 00:00:00',0),(3698,1,5,'2010-11-03 10:27:02',10498,'2010-11-03 10:27:12',54810,'2010-11-03 10:27:12',1,0,'0000-00-00 00:00:00',0),(3700,1,8,'2010-11-03 10:27:02',11260,'2010-11-03 10:27:12',55249,'2010-11-03 10:27:12',1,0,'0000-00-00 00:00:00',0),(3702,1,5,'2010-11-03 10:27:12',55239,'2010-11-03 10:27:22',65306,'2010-11-03 10:27:22',1,0,'0000-00-00 00:00:00',0),(3704,1,8,'2010-11-03 10:27:12',55946,'2010-11-03 10:27:22',65799,'2010-11-03 10:27:22',1,0,'0000-00-00 00:00:00',0),(3706,1,5,'2010-11-03 10:27:22',65789,'2010-11-03 10:27:32',89131,'2010-11-03 10:27:32',1,0,'0000-00-00 00:00:00',0),(3708,1,8,'2010-11-03 10:27:22',66550,'2010-11-03 10:27:32',89541,'2010-11-03 10:27:32',1,0,'0000-00-00 00:00:00',0),(3712,1,0,'2010-11-03 10:27:32',89398,'2010-11-03 10:32:27',213885,'2010-11-03 10:32:27',0,3,'0000-00-00 00:00:00',0),(3713,1,0,'2010-11-03 10:27:32',89474,'2010-11-03 10:32:31',221753,'2010-11-03 10:32:31',0,9,'0000-00-00 00:00:00',0),(3714,1,5,'2010-11-03 10:27:32',89525,'2010-11-03 10:27:42',98880,'2010-11-03 10:27:42',1,0,'0000-00-00 00:00:00',0),(3716,1,8,'2010-11-03 10:27:32',89836,'2010-11-03 10:27:42',99368,'2010-11-03 10:27:42',1,0,'0000-00-00 00:00:00',0),(3718,1,5,'2010-11-03 10:27:42',99358,'2010-11-03 10:27:52',109910,'2010-11-03 10:27:52',1,0,'0000-00-00 00:00:00',0),(3720,1,8,'2010-11-03 10:27:42',99808,'2010-11-03 10:27:52',110466,'2010-11-03 10:27:52',1,0,'0000-00-00 00:00:00',0),(3722,1,5,'2010-11-03 10:27:52',110456,'2010-11-03 10:28:02',121355,'2010-11-03 10:28:02',1,0,'0000-00-00 00:00:00',0),(3724,1,8,'2010-11-03 10:27:52',111194,'2010-11-03 10:28:02',121394,'2010-11-03 10:28:02',1,0,'0000-00-00 00:00:00',0),(3726,1,6,'2010-11-03 10:28:02',121324,'2010-11-03 10:29:02',206626,'2010-11-03 10:29:02',1,0,'0000-00-00 00:00:00',0),(3728,1,10,'2010-11-03 10:28:02',121347,'2010-11-03 10:29:02',207058,'2010-11-03 10:29:02',1,0,'0000-00-00 00:00:00',0),(3730,1,5,'2010-11-03 10:28:02',121384,'2010-11-03 10:28:12',130666,'2010-11-03 10:28:12',1,0,'0000-00-00 00:00:00',0),(3732,1,8,'2010-11-03 10:28:02',121724,'2010-11-03 10:28:12',131106,'2010-11-03 10:28:12',1,0,'0000-00-00 00:00:00',0),(3734,1,5,'2010-11-03 10:28:12',131096,'2010-11-03 10:28:22',148773,'2010-11-03 10:28:22',1,0,'0000-00-00 00:00:00',0),(3736,1,8,'2010-11-03 10:28:12',132165,'2010-11-03 10:28:22',150353,'2010-11-03 10:28:22',1,0,'0000-00-00 00:00:00',0),(3740,1,12,'2010-11-03 10:28:22',149999,'2010-11-03 10:33:22',47471,'2010-11-03 10:33:22',0,2,'0000-00-00 00:00:00',0),(3741,1,0,'2010-11-03 10:28:22',150296,'2010-11-03 10:33:14',32966,'2010-11-03 10:33:14',0,6,'0000-00-00 00:00:00',0),(3742,1,5,'2010-11-03 10:28:22',150345,'2010-11-03 10:28:32',160089,'2010-11-03 10:28:32',1,0,'0000-00-00 00:00:00',0),(3744,1,8,'2010-11-03 10:28:22',151040,'2010-11-03 10:28:32',160521,'2010-11-03 10:28:32',1,0,'0000-00-00 00:00:00',0),(3746,1,5,'2010-11-03 10:28:32',160503,'2010-11-03 10:28:42',170482,'2010-11-03 10:28:42',1,0,'0000-00-00 00:00:00',0),(3748,1,8,'2010-11-03 10:28:32',161220,'2010-11-03 10:28:42',171009,'2010-11-03 10:28:42',1,0,'0000-00-00 00:00:00',0),(3750,1,5,'2010-11-03 10:28:42',170999,'2010-11-03 10:28:52',180865,'2010-11-03 10:28:52',1,0,'0000-00-00 00:00:00',0),(3752,1,8,'2010-11-03 10:28:42',171320,'2010-11-03 10:28:52',181308,'2010-11-03 10:28:52',1,0,'0000-00-00 00:00:00',0),(3754,1,5,'2010-11-03 10:28:52',181298,'2010-11-03 10:29:02',207072,'2010-11-03 10:29:02',1,0,'0000-00-00 00:00:00',0),(3756,1,8,'2010-11-03 10:28:52',181625,'2010-11-03 10:29:02',207690,'2010-11-03 10:29:02',1,0,'0000-00-00 00:00:00',0),(3759,1,6,'2010-11-03 10:29:02',207042,'2010-11-03 10:30:02',36117,'2010-11-03 10:30:02',1,0,'0000-00-00 00:00:00',0),(3761,1,10,'2010-11-03 10:29:02',207065,'2010-11-03 10:30:02',36622,'2010-11-03 10:30:02',1,0,'0000-00-00 00:00:00',0),(3763,1,0,'2010-11-03 10:29:02',207406,'0000-00-00 00:00:00',0,'2010-11-03 10:33:57',0,10,'0000-00-00 00:00:00',0),(3764,1,5,'2010-11-03 10:29:02',207679,'2010-11-03 10:29:12',223336,'2010-11-03 10:29:12',1,0,'0000-00-00 00:00:00',0),(3766,1,8,'2010-11-03 10:29:02',208318,'2010-11-03 10:29:12',224503,'2010-11-03 10:29:12',1,0,'0000-00-00 00:00:00',0),(3769,1,12,'2010-11-03 10:29:12',224442,'0000-00-00 00:00:00',0,'2010-11-03 10:34:12',0,1,'0000-00-00 00:00:00',0),(3770,1,5,'2010-11-03 10:29:12',224495,'2010-11-03 10:29:22',234916,'2010-11-03 10:29:22',1,0,'0000-00-00 00:00:00',0),(3772,1,8,'2010-11-03 10:29:12',225718,'2010-11-03 10:29:22',235390,'2010-11-03 10:29:22',1,0,'0000-00-00 00:00:00',0),(3774,1,5,'2010-11-03 10:29:22',235380,'2010-11-03 10:29:32',245479,'2010-11-03 10:29:32',1,0,'0000-00-00 00:00:00',0),(3776,1,8,'2010-11-03 10:29:22',236079,'2010-11-03 10:29:32',245913,'2010-11-03 10:29:32',1,0,'0000-00-00 00:00:00',0),(3778,1,5,'2010-11-03 10:29:32',245895,'2010-11-03 10:29:42',11087,'2010-11-03 10:29:42',1,0,'0000-00-00 00:00:00',0),(3780,1,8,'2010-11-03 10:29:32',246587,'2010-11-03 10:29:42',12518,'2010-11-03 10:29:42',1,0,'0000-00-00 00:00:00',0),(3783,1,0,'2010-11-03 10:29:42',12224,'0000-00-00 00:00:00',0,'2010-11-03 10:34:39',0,7,'0000-00-00 00:00:00',0),(3784,1,5,'2010-11-03 10:29:42',12507,'2010-11-03 10:29:52',23346,'2010-11-03 10:29:52',1,0,'0000-00-00 00:00:00',0),(3786,1,8,'2010-11-03 10:29:42',13778,'2010-11-03 10:29:52',23889,'2010-11-03 10:29:52',1,0,'0000-00-00 00:00:00',0),(3788,1,5,'2010-11-03 10:29:52',23879,'2010-11-03 10:30:02',36636,'2010-11-03 10:30:02',1,0,'0000-00-00 00:00:00',0),(3790,1,8,'2010-11-03 10:29:52',24736,'2010-11-03 10:30:02',36828,'2010-11-03 10:30:02',1,0,'0000-00-00 00:00:00',0),(3792,1,6,'2010-11-03 10:30:02',36605,'2010-11-03 10:31:02',109843,'2010-11-03 10:31:02',1,0,'0000-00-00 00:00:00',0),(3794,1,10,'2010-11-03 10:30:02',36629,'2010-11-03 10:31:02',109858,'2010-11-03 10:31:02',1,0,'0000-00-00 00:00:00',0),(3796,1,5,'2010-11-03 10:30:02',36664,'2010-11-03 10:30:12',47211,'2010-11-03 10:30:12',1,0,'0000-00-00 00:00:00',0),(3798,1,8,'2010-11-03 10:30:02',37412,'2010-11-03 10:30:12',48518,'2010-11-03 10:30:12',1,0,'0000-00-00 00:00:00',0),(3800,1,5,'2010-11-03 10:30:12',48508,'2010-11-03 10:30:22',59924,'2010-11-03 10:30:22',1,0,'0000-00-00 00:00:00',0),(3802,1,8,'2010-11-03 10:30:12',49456,'2010-11-03 10:30:22',60458,'2010-11-03 10:30:22',1,0,'0000-00-00 00:00:00',0),(3804,1,5,'2010-11-03 10:30:22',60448,'2010-11-03 10:30:32',70809,'2010-11-03 10:30:32',1,0,'0000-00-00 00:00:00',0),(3806,1,8,'2010-11-03 10:30:22',61204,'2010-11-03 10:30:32',71417,'2010-11-03 10:30:32',1,0,'0000-00-00 00:00:00',0),(3808,1,5,'2010-11-03 10:30:32',71399,'2010-11-03 10:30:42',82576,'2010-11-03 10:30:42',1,0,'0000-00-00 00:00:00',0),(3810,1,8,'2010-11-03 10:30:32',72850,'2010-11-03 10:30:42',83036,'2010-11-03 10:30:42',1,0,'0000-00-00 00:00:00',0),(3812,1,5,'2010-11-03 10:30:42',83026,'2010-11-03 10:30:52',96186,'2010-11-03 10:30:52',1,0,'0000-00-00 00:00:00',0),(3814,1,8,'2010-11-03 10:30:42',86286,'2010-11-03 10:30:52',96729,'2010-11-03 10:30:52',1,0,'0000-00-00 00:00:00',0),(3816,1,5,'2010-11-03 10:30:52',96719,'2010-11-03 10:31:02',109944,'2010-11-03 10:31:02',1,0,'0000-00-00 00:00:00',0),(3818,1,8,'2010-11-03 10:30:52',98021,'2010-11-03 10:31:02',109971,'2010-11-03 10:31:02',1,0,'0000-00-00 00:00:00',0),(3820,1,7,'2010-11-03 10:31:02',109824,'0000-00-00 00:00:00',0,'2010-11-03 11:31:02',1,0,'0000-00-00 00:00:00',0),(3822,1,6,'2010-11-03 10:31:02',109851,'2010-11-03 10:32:02',187261,'2010-11-03 10:32:02',1,0,'0000-00-00 00:00:00',0),(3824,1,10,'2010-11-03 10:31:02',109935,'2010-11-03 10:32:02',187351,'2010-11-03 10:32:02',1,0,'0000-00-00 00:00:00',0),(3826,1,5,'2010-11-03 10:31:02',109962,'2010-11-03 10:31:12',128088,'2010-11-03 10:31:12',1,0,'0000-00-00 00:00:00',0),(3828,1,8,'2010-11-03 10:31:02',111451,'2010-11-03 10:31:12',128877,'2010-11-03 10:31:12',1,0,'0000-00-00 00:00:00',0),(3831,1,0,'2010-11-03 10:31:12',128790,'0000-00-00 00:00:00',0,'2010-11-03 10:36:05',0,8,'0000-00-00 00:00:00',0),(3832,1,5,'2010-11-03 10:31:12',128867,'2010-11-03 10:31:22',139657,'2010-11-03 10:31:22',1,0,'0000-00-00 00:00:00',0),(3834,1,8,'2010-11-03 10:31:12',129172,'2010-11-03 10:31:22',139732,'2010-11-03 10:31:22',1,0,'0000-00-00 00:00:00',0),(3836,1,5,'2010-11-03 10:31:22',139722,'2010-11-03 10:31:32',149500,'2010-11-03 10:31:32',1,0,'0000-00-00 00:00:00',0),(3838,1,8,'2010-11-03 10:31:22',140188,'2010-11-03 10:31:32',149567,'2010-11-03 10:31:32',1,0,'0000-00-00 00:00:00',0),(3840,1,5,'2010-11-03 10:31:32',149550,'2010-11-03 10:31:42',159740,'2010-11-03 10:31:42',1,0,'0000-00-00 00:00:00',0),(3842,1,8,'2010-11-03 10:31:32',150061,'2010-11-03 10:31:42',160150,'2010-11-03 10:31:42',1,0,'0000-00-00 00:00:00',0),(3844,1,5,'2010-11-03 10:31:42',160141,'2010-11-03 10:31:52',176454,'2010-11-03 10:31:52',1,0,'0000-00-00 00:00:00',0),(3846,1,8,'2010-11-03 10:31:42',161867,'2010-11-03 10:31:52',177341,'2010-11-03 10:31:52',1,0,'0000-00-00 00:00:00',0),(3849,1,0,'2010-11-03 10:31:52',177267,'0000-00-00 00:00:00',0,'2010-11-03 10:36:48',0,5,'0000-00-00 00:00:00',0),(3850,1,5,'2010-11-03 10:31:52',177332,'2010-11-03 10:32:02',187371,'2010-11-03 10:32:02',1,0,'0000-00-00 00:00:00',0),(3852,1,8,'2010-11-03 10:31:52',177949,'2010-11-03 10:32:02',188209,'2010-11-03 10:32:02',1,0,'0000-00-00 00:00:00',0),(3854,1,6,'2010-11-03 10:32:02',187321,'2010-11-03 10:33:02',18089,'2010-11-03 10:33:02',1,0,'0000-00-00 00:00:00',0),(3856,1,10,'2010-11-03 10:32:02',187364,'2010-11-03 10:33:02',18591,'2010-11-03 10:33:02',1,0,'0000-00-00 00:00:00',0),(3858,1,5,'2010-11-03 10:32:02',188196,'2010-11-03 10:32:12',198502,'2010-11-03 10:32:12',1,0,'0000-00-00 00:00:00',0),(3860,1,8,'2010-11-03 10:32:02',188788,'2010-11-03 10:32:12',199040,'2010-11-03 10:32:12',1,0,'0000-00-00 00:00:00',0),(3862,1,5,'2010-11-03 10:32:12',199029,'2010-11-03 10:32:22',209037,'2010-11-03 10:32:22',1,0,'0000-00-00 00:00:00',0),(3864,1,8,'2010-11-03 10:32:12',199830,'2010-11-03 10:32:22',209088,'2010-11-03 10:32:22',1,0,'0000-00-00 00:00:00',0),(3866,1,5,'2010-11-03 10:32:22',209079,'2010-11-03 10:32:32',229877,'2010-11-03 10:32:32',1,0,'0000-00-00 00:00:00',0),(3868,1,8,'2010-11-03 10:32:22',209526,'2010-11-03 10:32:32',230309,'2010-11-03 10:32:32',1,0,'0000-00-00 00:00:00',0),(3872,1,0,'2010-11-03 10:37:10',486642,'2010-11-03 10:37:27',196331,'2010-11-03 10:37:27',0,3,'0000-00-00 00:00:00',0),(3873,1,0,'2010-11-03 10:37:10',486667,'2010-11-03 10:37:31',209112,'2010-11-03 10:37:31',0,9,'0000-00-00 00:00:00',0),(3874,1,5,'2010-11-03 10:32:32',230294,'2010-11-03 10:32:42',239568,'2010-11-03 10:32:42',1,0,'0000-00-00 00:00:00',0),(3876,1,8,'2010-11-03 10:32:32',230664,'2010-11-03 10:32:42',240125,'2010-11-03 10:32:42',1,0,'0000-00-00 00:00:00',0),(3878,1,5,'2010-11-03 10:32:42',240115,'2010-11-03 10:32:52',251615,'2010-11-03 10:32:52',1,0,'0000-00-00 00:00:00',0),(3880,1,8,'2010-11-03 10:32:42',240882,'2010-11-03 10:32:52',251669,'2010-11-03 10:32:52',1,0,'0000-00-00 00:00:00',0),(3882,1,5,'2010-11-03 10:32:52',251659,'2010-11-03 10:33:02',18604,'2010-11-03 10:33:02',1,0,'0000-00-00 00:00:00',0),(3884,1,8,'2010-11-03 10:32:52',252047,'2010-11-03 10:33:02',18755,'2010-11-03 10:33:02',1,0,'0000-00-00 00:00:00',0),(3886,1,6,'2010-11-03 10:33:02',18573,'0000-00-00 00:00:00',0,'2010-11-03 10:34:02',1,0,'0000-00-00 00:00:00',0),(3888,1,10,'2010-11-03 10:33:02',18597,'0000-00-00 00:00:00',0,'2010-11-03 10:34:02',1,0,'0000-00-00 00:00:00',0),(3890,1,5,'2010-11-03 10:33:02',18745,'2010-11-03 10:33:12',31099,'2010-11-03 10:33:12',1,0,'0000-00-00 00:00:00',0),(3892,1,8,'2010-11-03 10:33:02',19420,'2010-11-03 10:33:12',31161,'2010-11-03 10:33:12',1,0,'0000-00-00 00:00:00',0),(3894,1,5,'2010-11-03 10:33:12',31152,'2010-11-03 10:33:22',44444,'2010-11-03 10:33:22',1,0,'0000-00-00 00:00:00',0),(3896,1,8,'2010-11-03 10:33:12',31503,'2010-11-03 10:33:22',46587,'2010-11-03 10:33:22',1,0,'0000-00-00 00:00:00',0),(3899,1,0,'2010-11-03 10:37:10',486656,'2010-11-03 10:38:14',13212,'2010-11-03 10:38:14',0,6,'0000-00-00 00:00:00',0),(3900,1,5,'2010-11-03 10:33:22',46576,'0000-00-00 00:00:00',0,'2010-11-03 10:33:32',1,0,'0000-00-00 00:00:00',0),(3902,1,8,'2010-11-03 10:33:22',47461,'0000-00-00 00:00:00',0,'2010-11-03 10:33:32',1,0,'0000-00-00 00:00:00',0),(3905,1,0,'2010-11-03 10:37:10',486653,'2010-11-03 10:38:35',50338,'2010-11-03 10:38:35',0,5,'0000-00-00 00:00:00',0),(3907,1,0,'2010-11-03 10:37:10',486660,'2010-11-03 10:40:01',155757,'2010-11-03 10:40:01',0,7,'0000-00-00 00:00:00',0),(3908,1,0,'2010-11-03 10:37:10',486663,'2010-11-03 10:41:27',12847,'2010-11-03 10:41:27',0,8,'0000-00-00 00:00:00',0),(3910,1,0,'2010-11-03 10:37:10',486670,'2010-11-03 10:42:52',148501,'2010-11-03 10:42:52',0,10,'0000-00-00 00:00:00',0),(3911,1,12,'2010-11-03 10:37:10',486683,'2010-11-03 10:37:11',788732,'2010-11-03 10:37:10',0,1,'0000-00-00 00:00:00',0),(3912,1,12,'2010-11-03 10:37:10',486687,'2010-11-03 10:39:40',127277,'2010-11-03 10:39:40',0,2,'0000-00-00 00:00:00',0),(3913,1,5,'2010-11-03 10:37:10',486690,'2010-11-03 10:37:20',48220,'2010-11-03 10:37:20',1,0,'0000-00-00 00:00:00',0),(3914,1,6,'2010-11-03 10:37:10',486692,'2010-11-03 10:38:10',9540,'2010-11-03 10:38:10',1,0,'0000-00-00 00:00:00',0),(3915,1,10,'2010-11-03 10:37:10',486695,'2010-11-03 10:38:10',9573,'2010-11-03 10:38:10',1,0,'0000-00-00 00:00:00',0),(3916,1,8,'2010-11-03 10:37:10',486698,'2010-11-03 10:37:20',48673,'2010-11-03 10:37:20',1,0,'0000-00-00 00:00:00',0),(3918,1,7,'2010-11-03 10:37:10',486713,'2010-11-03 11:37:10',219799,'2010-11-03 11:37:10',1,0,'0000-00-00 00:00:00',0),(3919,1,16,'2010-11-03 10:37:11',788345,'0000-00-00 00:00:00',0,'2010-11-04 09:14:58',0,0,'0000-00-00 00:00:00',0),(3922,1,12,'2010-11-03 10:37:20',48622,'2010-11-03 10:42:20',82487,'2010-11-03 10:42:20',0,1,'0000-00-00 00:00:00',0),(3923,1,5,'2010-11-03 10:37:20',48665,'2010-11-03 10:37:30',204600,'2010-11-03 10:37:30',1,0,'0000-00-00 00:00:00',0),(3925,1,8,'2010-11-03 10:37:20',49059,'2010-11-03 10:37:30',205144,'2010-11-03 10:37:30',1,0,'0000-00-00 00:00:00',0),(3928,1,5,'2010-11-03 10:37:30',205133,'2010-11-03 10:37:40',222390,'2010-11-03 10:37:40',1,0,'0000-00-00 00:00:00',0),(3930,1,8,'2010-11-03 10:37:30',205724,'2010-11-03 10:37:40',224113,'2010-11-03 10:37:40',1,0,'0000-00-00 00:00:00',0),(3933,1,0,'2010-11-03 10:37:40',223659,'2010-11-03 10:42:27',95046,'2010-11-03 10:42:27',0,3,'0000-00-00 00:00:00',0),(3934,1,0,'2010-11-03 10:37:40',224055,'2010-11-03 10:42:31',105247,'2010-11-03 10:42:31',0,9,'0000-00-00 00:00:00',0),(3935,1,5,'2010-11-03 10:37:40',224104,'2010-11-03 10:37:50',236806,'2010-11-03 10:37:50',1,0,'0000-00-00 00:00:00',0),(3937,1,8,'2010-11-03 10:37:40',225696,'2010-11-03 10:37:50',237254,'2010-11-03 10:37:50',1,0,'0000-00-00 00:00:00',0),(3939,1,5,'2010-11-03 10:37:50',237244,'2010-11-03 10:38:00',247757,'2010-11-03 10:38:00',1,0,'0000-00-00 00:00:00',0),(3941,1,8,'2010-11-03 10:37:50',237679,'2010-11-03 10:38:00',248281,'2010-11-03 10:38:00',1,0,'0000-00-00 00:00:00',0),(3943,1,5,'2010-11-03 10:38:00',248270,'2010-11-03 10:38:10',9588,'2010-11-03 10:38:10',1,0,'0000-00-00 00:00:00',0),(3945,1,8,'2010-11-03 10:38:00',249024,'2010-11-03 10:38:10',9624,'2010-11-03 10:38:10',1,0,'0000-00-00 00:00:00',0),(3947,1,6,'2010-11-03 10:38:10',9564,'2010-11-03 10:39:10',94693,'2010-11-03 10:39:10',1,0,'0000-00-00 00:00:00',0),(3949,1,10,'2010-11-03 10:38:10',9579,'2010-11-03 10:39:10',95243,'2010-11-03 10:39:10',1,0,'0000-00-00 00:00:00',0),(3951,1,5,'2010-11-03 10:38:10',9615,'2010-11-03 10:38:20',26234,'2010-11-03 10:38:20',1,0,'0000-00-00 00:00:00',0),(3953,1,8,'2010-11-03 10:38:10',9973,'2010-11-03 10:38:20',26553,'2010-11-03 10:38:20',1,0,'0000-00-00 00:00:00',0),(3956,1,0,'2010-11-03 10:38:20',26479,'2010-11-03 10:43:14',182189,'2010-11-03 10:43:14',0,6,'0000-00-00 00:00:00',0),(3957,1,5,'2010-11-03 10:38:20',26543,'2010-11-03 10:38:30',36933,'2010-11-03 10:38:30',1,0,'0000-00-00 00:00:00',0),(3959,1,8,'2010-11-03 10:38:20',26849,'2010-11-03 10:38:30',37512,'2010-11-03 10:38:30',1,0,'0000-00-00 00:00:00',0),(3961,1,5,'2010-11-03 10:38:30',37502,'2010-11-03 10:38:40',60255,'2010-11-03 10:38:40',1,0,'0000-00-00 00:00:00',0),(3963,1,8,'2010-11-03 10:38:30',38314,'2010-11-03 10:38:40',61707,'2010-11-03 10:38:40',1,0,'0000-00-00 00:00:00',0),(3966,1,0,'2010-11-03 10:38:40',61432,'2010-11-03 10:43:35',211231,'2010-11-03 10:43:35',0,5,'0000-00-00 00:00:00',0),(3967,1,5,'2010-11-03 10:38:40',61696,'2010-11-03 10:38:50',72470,'2010-11-03 10:38:50',1,0,'0000-00-00 00:00:00',0),(3969,1,8,'2010-11-03 10:38:40',62720,'2010-11-03 10:38:50',73018,'2010-11-03 10:38:50',1,0,'0000-00-00 00:00:00',0),(3971,1,5,'2010-11-03 10:38:50',73008,'2010-11-03 10:39:00',82484,'2010-11-03 10:39:00',1,0,'0000-00-00 00:00:00',0),(3973,1,8,'2010-11-03 10:38:50',74079,'2010-11-03 10:39:00',83038,'2010-11-03 10:39:00',1,0,'0000-00-00 00:00:00',0),(3975,1,5,'2010-11-03 10:39:00',83027,'2010-11-03 10:39:10',95257,'2010-11-03 10:39:10',1,0,'0000-00-00 00:00:00',0),(3977,1,8,'2010-11-03 10:39:00',84455,'2010-11-03 10:39:10',95294,'2010-11-03 10:39:10',1,0,'0000-00-00 00:00:00',0),(3979,1,6,'2010-11-03 10:39:10',95233,'2010-11-03 10:40:10',168975,'2010-11-03 10:40:10',1,0,'0000-00-00 00:00:00',0),(3981,1,10,'2010-11-03 10:39:10',95250,'2010-11-03 10:40:10',169537,'2010-11-03 10:40:10',1,0,'0000-00-00 00:00:00',0),(3983,1,5,'2010-11-03 10:39:10',95285,'2010-11-03 10:39:20',105108,'2010-11-03 10:39:20',1,0,'0000-00-00 00:00:00',0),(3985,1,8,'2010-11-03 10:39:10',96032,'2010-11-03 10:39:20',105646,'2010-11-03 10:39:20',1,0,'0000-00-00 00:00:00',0),(3987,1,5,'2010-11-03 10:39:20',105636,'2010-11-03 10:39:30',115994,'2010-11-03 10:39:30',1,0,'0000-00-00 00:00:00',0),(3989,1,8,'2010-11-03 10:39:20',106713,'2010-11-03 10:39:30',116054,'2010-11-03 10:39:30',1,0,'0000-00-00 00:00:00',0),(3991,1,5,'2010-11-03 10:39:30',116045,'2010-11-03 10:39:40',125697,'2010-11-03 10:39:40',1,0,'0000-00-00 00:00:00',0),(3993,1,8,'2010-11-03 10:39:30',116498,'2010-11-03 10:39:40',126312,'2010-11-03 10:39:40',1,0,'0000-00-00 00:00:00',0),(3995,1,5,'2010-11-03 10:39:40',126301,'2010-11-03 10:39:50',143054,'2010-11-03 10:39:50',1,0,'0000-00-00 00:00:00',0),(3997,1,8,'2010-11-03 10:39:40',127265,'2010-11-03 10:39:50',143413,'2010-11-03 10:39:50',1,0,'0000-00-00 00:00:00',0),(4000,1,12,'2010-11-03 10:39:50',143352,'2010-11-03 10:44:50',55764,'2010-11-03 10:44:50',0,2,'0000-00-00 00:00:00',0),(4001,1,5,'2010-11-03 10:39:50',143404,'2010-11-03 10:40:00',153618,'2010-11-03 10:40:00',1,0,'0000-00-00 00:00:00',0),(4003,1,8,'2010-11-03 10:39:50',143796,'2010-11-03 10:40:00',154169,'2010-11-03 10:40:00',1,0,'0000-00-00 00:00:00',0),(4005,1,5,'2010-11-03 10:40:00',154159,'2010-11-03 10:40:10',169552,'2010-11-03 10:40:10',1,0,'0000-00-00 00:00:00',0),(4007,1,8,'2010-11-03 10:40:00',154964,'2010-11-03 10:40:10',170424,'2010-11-03 10:40:10',1,0,'0000-00-00 00:00:00',0),(4010,1,6,'2010-11-03 10:40:10',169526,'2010-11-03 10:41:10',239984,'2010-11-03 10:41:10',1,0,'0000-00-00 00:00:00',0),(4012,1,10,'2010-11-03 10:40:10',169544,'2010-11-03 10:41:10',240655,'2010-11-03 10:41:10',1,0,'0000-00-00 00:00:00',0),(4014,1,0,'2010-11-03 10:40:10',170143,'2010-11-03 10:45:01',72989,'2010-11-03 10:45:01',0,7,'0000-00-00 00:00:00',0),(4015,1,5,'2010-11-03 10:40:10',170413,'2010-11-03 10:40:20',180794,'2010-11-03 10:40:20',1,0,'0000-00-00 00:00:00',0),(4017,1,8,'2010-11-03 10:40:10',171130,'2010-11-03 10:40:20',181371,'2010-11-03 10:40:20',1,0,'0000-00-00 00:00:00',0),(4019,1,5,'2010-11-03 10:40:20',181361,'2010-11-03 10:40:30',192961,'2010-11-03 10:40:30',1,0,'0000-00-00 00:00:00',0),(4021,1,8,'2010-11-03 10:40:20',182210,'2010-11-03 10:40:30',193510,'2010-11-03 10:40:30',1,0,'0000-00-00 00:00:00',0),(4023,1,5,'2010-11-03 10:40:30',193500,'2010-11-03 10:40:40',203654,'2010-11-03 10:40:40',1,0,'0000-00-00 00:00:00',0),(4025,1,8,'2010-11-03 10:40:30',194270,'2010-11-03 10:40:40',204212,'2010-11-03 10:40:40',1,0,'0000-00-00 00:00:00',0),(4027,1,5,'2010-11-03 10:40:40',204201,'2010-11-03 10:40:50',215705,'2010-11-03 10:40:50',1,0,'0000-00-00 00:00:00',0),(4029,1,8,'2010-11-03 10:40:40',204974,'2010-11-03 10:40:50',216241,'2010-11-03 10:40:50',1,0,'0000-00-00 00:00:00',0),(4031,1,5,'2010-11-03 10:40:50',216231,'2010-11-03 10:41:00',228453,'2010-11-03 10:41:00',1,0,'0000-00-00 00:00:00',0),(4033,1,8,'2010-11-03 10:40:50',217001,'2010-11-03 10:41:00',229032,'2010-11-03 10:41:00',1,0,'0000-00-00 00:00:00',0),(4035,1,5,'2010-11-03 10:41:00',229021,'2010-11-03 10:41:10',240670,'2010-11-03 10:41:10',1,0,'0000-00-00 00:00:00',0),(4037,1,8,'2010-11-03 10:41:00',229761,'2010-11-03 10:41:10',240706,'2010-11-03 10:41:10',1,0,'0000-00-00 00:00:00',0),(4039,1,6,'2010-11-03 10:41:10',240645,'2010-11-03 10:42:10',69913,'2010-11-03 10:42:10',1,0,'0000-00-00 00:00:00',0),(4041,1,10,'2010-11-03 10:41:10',240662,'2010-11-03 10:42:10',70477,'2010-11-03 10:42:10',1,0,'0000-00-00 00:00:00',0),(4043,1,5,'2010-11-03 10:41:10',240697,'2010-11-03 10:41:20',3813,'2010-11-03 10:41:20',1,0,'0000-00-00 00:00:00',0),(4045,1,8,'2010-11-03 10:41:10',241025,'2010-11-03 10:41:20',4420,'2010-11-03 10:41:20',1,0,'0000-00-00 00:00:00',0),(4047,1,5,'2010-11-03 10:41:20',4410,'2010-11-03 10:41:30',21305,'2010-11-03 10:41:30',1,0,'0000-00-00 00:00:00',0),(4049,1,8,'2010-11-03 10:41:20',5228,'2010-11-03 10:41:30',22541,'2010-11-03 10:41:30',1,0,'0000-00-00 00:00:00',0),(4052,1,0,'2010-11-03 10:41:30',22465,'2010-11-03 10:46:27',174110,'2010-11-03 10:46:27',0,8,'0000-00-00 00:00:00',0),(4053,1,5,'2010-11-03 10:41:30',22531,'2010-11-03 10:41:40',32988,'2010-11-03 10:41:40',1,0,'0000-00-00 00:00:00',0),(4055,1,8,'2010-11-03 10:41:30',22821,'2010-11-03 10:41:40',33557,'2010-11-03 10:41:40',1,0,'0000-00-00 00:00:00',0),(4057,1,5,'2010-11-03 10:41:40',33546,'2010-11-03 10:41:50',44829,'2010-11-03 10:41:50',1,0,'0000-00-00 00:00:00',0),(4059,1,8,'2010-11-03 10:41:40',34230,'2010-11-03 10:41:50',45403,'2010-11-03 10:41:50',1,0,'0000-00-00 00:00:00',0),(4061,1,5,'2010-11-03 10:41:50',45393,'2010-11-03 10:42:00',58736,'2010-11-03 10:42:00',1,0,'0000-00-00 00:00:00',0),(4063,1,8,'2010-11-03 10:41:50',46283,'2010-11-03 10:42:00',59293,'2010-11-03 10:42:00',1,0,'0000-00-00 00:00:00',0),(4065,1,5,'2010-11-03 10:42:00',59281,'2010-11-03 10:42:10',70493,'2010-11-03 10:42:10',1,0,'0000-00-00 00:00:00',0),(4067,1,8,'2010-11-03 10:42:00',60066,'2010-11-03 10:42:10',70531,'2010-11-03 10:42:10',1,0,'0000-00-00 00:00:00',0),(4069,1,6,'2010-11-03 10:42:10',70466,'2010-11-03 10:43:10',176790,'2010-11-03 10:43:10',1,0,'0000-00-00 00:00:00',0),(4071,1,10,'2010-11-03 10:42:10',70484,'2010-11-03 10:43:10',177324,'2010-11-03 10:43:10',1,0,'0000-00-00 00:00:00',0),(4073,1,5,'2010-11-03 10:42:10',70522,'2010-11-03 10:42:20',81125,'2010-11-03 10:42:20',1,0,'0000-00-00 00:00:00',0),(4075,1,8,'2010-11-03 10:42:10',71281,'2010-11-03 10:42:20',81695,'2010-11-03 10:42:20',1,0,'0000-00-00 00:00:00',0),(4077,1,5,'2010-11-03 10:42:20',81685,'2010-11-03 10:42:30',102206,'2010-11-03 10:42:30',1,0,'0000-00-00 00:00:00',0),(4079,1,8,'2010-11-03 10:42:20',82477,'2010-11-03 10:42:30',102994,'2010-11-03 10:42:30',1,0,'0000-00-00 00:00:00',0),(4083,1,12,'2010-11-03 10:42:30',102934,'2010-11-03 10:47:30',11071,'2010-11-03 10:47:30',0,1,'0000-00-00 00:00:00',0),(4084,1,5,'2010-11-03 10:42:30',102985,'2010-11-03 10:42:40',120730,'2010-11-03 10:42:40',1,0,'0000-00-00 00:00:00',0),(4086,1,8,'2010-11-03 10:42:30',103309,'2010-11-03 10:42:40',123342,'2010-11-03 10:42:40',1,0,'0000-00-00 00:00:00',0),(4089,1,0,'2010-11-03 10:42:40',121997,'2010-11-03 10:47:27',1541,'2010-11-03 10:47:27',0,3,'0000-00-00 00:00:00',0),(4090,1,0,'2010-11-03 10:42:40',123283,'2010-11-03 10:47:31',18554,'2010-11-03 10:47:31',0,9,'0000-00-00 00:00:00',0),(4091,1,5,'2010-11-03 10:42:40',123332,'2010-11-03 10:42:50',141193,'2010-11-03 10:42:50',1,0,'0000-00-00 00:00:00',0),(4093,1,8,'2010-11-03 10:42:40',131461,'2010-11-03 10:42:50',141918,'2010-11-03 10:42:50',1,0,'0000-00-00 00:00:00',0),(4095,1,5,'2010-11-03 10:42:50',141907,'2010-11-03 10:43:00',161510,'2010-11-03 10:43:00',1,0,'0000-00-00 00:00:00',0),(4097,1,8,'2010-11-03 10:42:50',146933,'2010-11-03 10:43:00',162599,'2010-11-03 10:43:00',1,0,'0000-00-00 00:00:00',0),(4100,1,0,'2010-11-03 10:43:00',162448,'2010-11-03 10:47:52',48493,'2010-11-03 10:47:52',0,10,'0000-00-00 00:00:00',0),(4101,1,5,'2010-11-03 10:43:00',162588,'2010-11-03 10:43:10',177339,'2010-11-03 10:43:10',1,0,'0000-00-00 00:00:00',0),(4103,1,8,'2010-11-03 10:43:00',167273,'2010-11-03 10:43:10',177379,'2010-11-03 10:43:10',1,0,'0000-00-00 00:00:00',0),(4105,1,6,'2010-11-03 10:43:10',177314,'2010-11-03 10:44:10',9059,'2010-11-03 10:44:10',1,0,'0000-00-00 00:00:00',0),(4107,1,10,'2010-11-03 10:43:10',177331,'2010-11-03 10:44:10',9610,'2010-11-03 10:44:10',1,0,'0000-00-00 00:00:00',0),(4109,1,5,'2010-11-03 10:43:10',177370,'2010-11-03 10:43:20',192930,'2010-11-03 10:43:20',1,0,'0000-00-00 00:00:00',0),(4111,1,8,'2010-11-03 10:43:10',178244,'2010-11-03 10:43:20',194564,'2010-11-03 10:43:20',1,0,'0000-00-00 00:00:00',0),(4114,1,0,'2010-11-03 10:43:20',194107,'2010-11-03 10:48:14',82247,'2010-11-03 10:48:14',0,6,'0000-00-00 00:00:00',0),(4115,1,5,'2010-11-03 10:43:20',194553,'2010-11-03 10:43:30',205698,'2010-11-03 10:43:30',1,0,'0000-00-00 00:00:00',0),(4117,1,8,'2010-11-03 10:43:20',195678,'2010-11-03 10:43:30',206307,'2010-11-03 10:43:30',1,0,'0000-00-00 00:00:00',0),(4119,1,5,'2010-11-03 10:43:30',206296,'2010-11-03 10:43:40',219818,'2010-11-03 10:43:40',1,0,'0000-00-00 00:00:00',0),(4121,1,8,'2010-11-03 10:43:30',206623,'2010-11-03 10:43:40',221301,'2010-11-03 10:43:40',1,0,'0000-00-00 00:00:00',0),(4124,1,0,'2010-11-03 10:43:40',221016,'2010-11-03 10:48:35',111150,'2010-11-03 10:48:35',0,5,'0000-00-00 00:00:00',0),(4125,1,5,'2010-11-03 10:43:40',221290,'2010-11-03 10:43:50',231711,'2010-11-03 10:43:50',1,0,'0000-00-00 00:00:00',0),(4127,1,8,'2010-11-03 10:43:40',222212,'2010-11-03 10:43:50',232387,'2010-11-03 10:43:50',1,0,'0000-00-00 00:00:00',0),(4129,1,5,'2010-11-03 10:43:50',232377,'2010-11-03 10:44:00',248459,'2010-11-03 10:44:00',1,0,'0000-00-00 00:00:00',0),(4131,1,8,'2010-11-03 10:43:50',238902,'2010-11-03 10:44:00',249124,'2010-11-03 10:44:00',1,0,'0000-00-00 00:00:00',0),(4133,1,5,'2010-11-03 10:44:00',249114,'2010-11-03 10:44:10',9625,'2010-11-03 10:44:10',1,0,'0000-00-00 00:00:00',0),(4135,1,8,'2010-11-03 10:44:00',249895,'2010-11-03 10:44:10',9663,'2010-11-03 10:44:10',1,0,'0000-00-00 00:00:00',0),(4137,1,6,'2010-11-03 10:44:10',9600,'2010-11-03 10:45:10',86613,'2010-11-03 10:45:10',1,0,'0000-00-00 00:00:00',0),(4139,1,10,'2010-11-03 10:44:10',9617,'2010-11-03 10:45:10',87258,'2010-11-03 10:45:10',1,0,'0000-00-00 00:00:00',0),(4141,1,5,'2010-11-03 10:44:10',9654,'2010-11-03 10:44:20',20437,'2010-11-03 10:44:20',1,0,'0000-00-00 00:00:00',0),(4143,1,8,'2010-11-03 10:44:10',10456,'2010-11-03 10:44:20',21015,'2010-11-03 10:44:20',1,0,'0000-00-00 00:00:00',0),(4145,1,5,'2010-11-03 10:44:20',21005,'2010-11-03 10:44:30',31315,'2010-11-03 10:44:30',1,0,'0000-00-00 00:00:00',0),(4147,1,8,'2010-11-03 10:44:20',21769,'2010-11-03 10:44:30',31866,'2010-11-03 10:44:30',1,0,'0000-00-00 00:00:00',0),(4149,1,5,'2010-11-03 10:44:30',31839,'2010-11-03 10:44:40',42780,'2010-11-03 10:44:40',1,0,'0000-00-00 00:00:00',0),(4151,1,8,'2010-11-03 10:44:30',32969,'2010-11-03 10:44:40',43318,'2010-11-03 10:44:40',1,0,'0000-00-00 00:00:00',0),(4153,1,5,'2010-11-03 10:44:40',43308,'2010-11-03 10:44:50',54059,'2010-11-03 10:44:50',1,0,'0000-00-00 00:00:00',0),(4155,1,8,'2010-11-03 10:44:40',44290,'2010-11-03 10:44:50',54674,'2010-11-03 10:44:50',1,0,'0000-00-00 00:00:00',0),(4157,1,5,'2010-11-03 10:44:50',54663,'2010-11-03 10:45:00',70896,'2010-11-03 10:45:00',1,0,'0000-00-00 00:00:00',0),(4159,1,8,'2010-11-03 10:44:50',55753,'2010-11-03 10:45:00',71633,'2010-11-03 10:45:00',1,0,'0000-00-00 00:00:00',0),(4162,1,12,'2010-11-03 10:45:00',71571,'2010-11-03 10:50:00',216423,'2010-11-03 10:50:00',0,2,'0000-00-00 00:00:00',0),(4163,1,5,'2010-11-03 10:45:00',71624,'2010-11-03 10:45:10',87273,'2010-11-03 10:45:10',1,0,'0000-00-00 00:00:00',0),(4165,1,8,'2010-11-03 10:45:00',72219,'2010-11-03 10:45:10',88158,'2010-11-03 10:45:10',1,0,'0000-00-00 00:00:00',0),(4168,1,6,'2010-11-03 10:45:10',87245,'2010-11-03 10:46:10',154505,'2010-11-03 10:46:10',1,0,'0000-00-00 00:00:00',0),(4170,1,10,'2010-11-03 10:45:10',87265,'2010-11-03 10:46:10',155072,'2010-11-03 10:46:10',1,0,'0000-00-00 00:00:00',0),(4172,1,0,'2010-11-03 10:45:10',87806,'2010-11-03 10:50:01',222187,'2010-11-03 10:50:01',0,7,'0000-00-00 00:00:00',0),(4173,1,5,'2010-11-03 10:45:10',88146,'2010-11-03 10:45:20',98365,'2010-11-03 10:45:20',1,0,'0000-00-00 00:00:00',0),(4175,1,8,'2010-11-03 10:45:10',88618,'2010-11-03 10:45:20',99794,'2010-11-03 10:45:20',1,0,'0000-00-00 00:00:00',0),(4177,1,5,'2010-11-03 10:45:20',99783,'2010-11-03 10:45:30',110043,'2010-11-03 10:45:30',1,0,'0000-00-00 00:00:00',0),(4179,1,8,'2010-11-03 10:45:20',100306,'2010-11-03 10:45:30',110592,'2010-11-03 10:45:30',1,0,'0000-00-00 00:00:00',0),(4181,1,5,'2010-11-03 10:45:30',110582,'2010-11-03 10:45:40',121320,'2010-11-03 10:45:40',1,0,'0000-00-00 00:00:00',0),(4183,1,8,'2010-11-03 10:45:30',111357,'2010-11-03 10:45:40',121837,'2010-11-03 10:45:40',1,0,'0000-00-00 00:00:00',0),(4185,1,5,'2010-11-03 10:45:40',121827,'2010-11-03 10:45:50',132636,'2010-11-03 10:45:50',1,0,'0000-00-00 00:00:00',0),(4187,1,8,'2010-11-03 10:45:40',122802,'2010-11-03 10:45:50',133176,'2010-11-03 10:45:50',1,0,'0000-00-00 00:00:00',0),(4189,1,5,'2010-11-03 10:45:50',133166,'2010-11-03 10:46:00',144117,'2010-11-03 10:46:00',1,0,'0000-00-00 00:00:00',0),(4191,1,8,'2010-11-03 10:45:50',134170,'2010-11-03 10:46:00',144656,'2010-11-03 10:46:00',1,0,'0000-00-00 00:00:00',0),(4193,1,5,'2010-11-03 10:46:00',144646,'2010-11-03 10:46:10',155086,'2010-11-03 10:46:10',1,0,'0000-00-00 00:00:00',0),(4195,1,8,'2010-11-03 10:46:00',145326,'2010-11-03 10:46:10',155129,'2010-11-03 10:46:10',1,0,'0000-00-00 00:00:00',0),(4197,1,6,'2010-11-03 10:46:10',155062,'2010-11-03 10:47:10',233075,'2010-11-03 10:47:10',1,0,'0000-00-00 00:00:00',0),(4199,1,10,'2010-11-03 10:46:10',155079,'2010-11-03 10:47:10',233628,'2010-11-03 10:47:10',1,0,'0000-00-00 00:00:00',0),(4201,1,5,'2010-11-03 10:46:10',155120,'2010-11-03 10:46:20',165810,'2010-11-03 10:46:20',1,0,'0000-00-00 00:00:00',0),(4203,1,8,'2010-11-03 10:46:10',155816,'2010-11-03 10:46:20',166350,'2010-11-03 10:46:20',1,0,'0000-00-00 00:00:00',0),(4205,1,5,'2010-11-03 10:46:20',166339,'2010-11-03 10:46:30',182521,'2010-11-03 10:46:30',1,0,'0000-00-00 00:00:00',0),(4207,1,8,'2010-11-03 10:46:20',167287,'2010-11-03 10:46:30',184202,'2010-11-03 10:46:30',1,0,'0000-00-00 00:00:00',0),(4210,1,0,'2010-11-03 10:46:30',183746,'2010-11-03 10:51:27',79079,'2010-11-03 10:51:27',0,8,'0000-00-00 00:00:00',0),(4211,1,5,'2010-11-03 10:46:30',184190,'2010-11-03 10:46:40',195812,'2010-11-03 10:46:40',1,0,'0000-00-00 00:00:00',0),(4213,1,8,'2010-11-03 10:46:30',186083,'2010-11-03 10:46:40',196356,'2010-11-03 10:46:40',1,0,'0000-00-00 00:00:00',0),(4215,1,5,'2010-11-03 10:46:40',196346,'2010-11-03 10:46:50',206779,'2010-11-03 10:46:50',1,0,'0000-00-00 00:00:00',0),(4217,1,8,'2010-11-03 10:46:40',197084,'2010-11-03 10:46:50',207316,'2010-11-03 10:46:50',1,0,'0000-00-00 00:00:00',0),(4219,1,5,'2010-11-03 10:46:50',207306,'2010-11-03 10:47:00',218101,'2010-11-03 10:47:00',1,0,'0000-00-00 00:00:00',0),(4221,1,8,'2010-11-03 10:46:50',208064,'2010-11-03 10:47:00',218682,'2010-11-03 10:47:00',1,0,'0000-00-00 00:00:00',0),(4223,1,5,'2010-11-03 10:47:00',218672,'2010-11-03 10:47:10',233644,'2010-11-03 10:47:10',1,0,'0000-00-00 00:00:00',0),(4225,1,8,'2010-11-03 10:47:00',219631,'2010-11-03 10:47:10',233680,'2010-11-03 10:47:10',1,0,'0000-00-00 00:00:00',0),(4227,1,6,'2010-11-03 10:47:10',233618,'2010-11-03 10:48:10',76934,'2010-11-03 10:48:10',1,0,'0000-00-00 00:00:00',0),(4229,1,10,'2010-11-03 10:47:10',233635,'2010-11-03 10:48:10',77471,'2010-11-03 10:48:10',1,0,'0000-00-00 00:00:00',0),(4231,1,5,'2010-11-03 10:47:10',233670,'2010-11-03 10:47:20',244069,'2010-11-03 10:47:20',1,0,'0000-00-00 00:00:00',0),(4233,1,8,'2010-11-03 10:47:10',234236,'2010-11-03 10:47:20',244567,'2010-11-03 10:47:20',1,0,'0000-00-00 00:00:00',0),(4235,1,5,'2010-11-03 10:47:20',244557,'2010-11-03 10:47:30',9298,'2010-11-03 10:47:30',1,0,'0000-00-00 00:00:00',0),(4237,1,8,'2010-11-03 10:47:20',245318,'2010-11-03 10:47:30',9829,'2010-11-03 10:47:30',1,0,'0000-00-00 00:00:00',0),(4240,1,5,'2010-11-03 10:47:30',9818,'2010-11-03 10:47:40',30809,'2010-11-03 10:47:40',1,0,'0000-00-00 00:00:00',0),(4242,1,8,'2010-11-03 10:47:30',11060,'2010-11-03 10:47:40',31521,'2010-11-03 10:47:40',1,0,'0000-00-00 00:00:00',0),(4246,1,12,'2010-11-03 10:47:40',31316,'2010-11-03 10:52:40',197203,'2010-11-03 10:52:40',0,1,'0000-00-00 00:00:00',0),(4247,1,0,'2010-11-03 10:47:40',31392,'2010-11-03 10:52:27',165438,'2010-11-03 10:52:27',0,3,'0000-00-00 00:00:00',0),(4248,1,0,'2010-11-03 10:47:40',31460,'2010-11-03 10:52:31',181721,'2010-11-03 10:52:31',0,9,'0000-00-00 00:00:00',0),(4249,1,5,'2010-11-03 10:47:40',31512,'2010-11-03 10:47:50',41144,'2010-11-03 10:47:50',1,0,'0000-00-00 00:00:00',0),(4251,1,8,'2010-11-03 10:47:40',31898,'2010-11-03 10:47:50',41757,'2010-11-03 10:47:50',1,0,'0000-00-00 00:00:00',0),(4253,1,5,'2010-11-03 10:47:50',41747,'2010-11-03 10:48:00',61314,'2010-11-03 10:48:00',1,0,'0000-00-00 00:00:00',0),(4255,1,8,'2010-11-03 10:47:50',46944,'2010-11-03 10:48:00',66983,'2010-11-03 10:48:00',1,0,'0000-00-00 00:00:00',0),(4258,1,0,'2010-11-03 10:48:00',66799,'2010-11-03 10:52:52',229202,'2010-11-03 10:52:52',0,10,'0000-00-00 00:00:00',0),(4259,1,5,'2010-11-03 10:48:00',66972,'2010-11-03 10:48:10',77486,'2010-11-03 10:48:10',1,0,'0000-00-00 00:00:00',0),(4261,1,8,'2010-11-03 10:48:00',67540,'2010-11-03 10:48:10',77526,'2010-11-03 10:48:10',1,0,'0000-00-00 00:00:00',0),(4263,1,6,'2010-11-03 10:48:10',77461,'2010-11-03 10:49:10',159991,'2010-11-03 10:49:10',1,0,'0000-00-00 00:00:00',0),(4265,1,10,'2010-11-03 10:48:10',77478,'2010-11-03 10:49:10',160513,'2010-11-03 10:49:10',1,0,'0000-00-00 00:00:00',0),(4267,1,5,'2010-11-03 10:48:10',77517,'2010-11-03 10:48:20',92007,'2010-11-03 10:48:20',1,0,'0000-00-00 00:00:00',0),(4269,1,8,'2010-11-03 10:48:10',78291,'2010-11-03 10:48:20',92308,'2010-11-03 10:48:20',1,0,'0000-00-00 00:00:00',0),(4272,1,0,'2010-11-03 10:48:20',92227,'2010-11-03 10:53:14',16359,'2010-11-03 10:53:14',0,6,'0000-00-00 00:00:00',0),(4273,1,5,'2010-11-03 10:48:20',92298,'2010-11-03 10:48:30',105088,'2010-11-03 10:48:30',1,0,'0000-00-00 00:00:00',0),(4275,1,8,'2010-11-03 10:48:20',92707,'2010-11-03 10:48:30',105623,'2010-11-03 10:48:30',1,0,'0000-00-00 00:00:00',0),(4277,1,5,'2010-11-03 10:48:30',105612,'2010-11-03 10:48:40',120208,'2010-11-03 10:48:40',1,0,'0000-00-00 00:00:00',0),(4279,1,8,'2010-11-03 10:48:30',106792,'2010-11-03 10:48:40',120495,'2010-11-03 10:48:40',1,0,'0000-00-00 00:00:00',0),(4282,1,0,'2010-11-03 10:48:40',120416,'2010-11-03 10:53:35',66176,'2010-11-03 10:53:35',0,5,'0000-00-00 00:00:00',0),(4283,1,5,'2010-11-03 10:48:40',120484,'2010-11-03 10:48:50',131451,'2010-11-03 10:48:50',1,0,'0000-00-00 00:00:00',0),(4285,1,8,'2010-11-03 10:48:40',120869,'2010-11-03 10:48:50',132089,'2010-11-03 10:48:50',1,0,'0000-00-00 00:00:00',0),(4287,1,5,'2010-11-03 10:48:50',132078,'2010-11-03 10:49:00',148281,'2010-11-03 10:49:00',1,0,'0000-00-00 00:00:00',0),(4289,1,8,'2010-11-03 10:48:50',138980,'2010-11-03 10:49:00',148910,'2010-11-03 10:49:00',1,0,'0000-00-00 00:00:00',0),(4291,1,5,'2010-11-03 10:49:00',148899,'2010-11-03 10:49:10',160529,'2010-11-03 10:49:10',1,0,'0000-00-00 00:00:00',0),(4293,1,8,'2010-11-03 10:49:00',149746,'2010-11-03 10:49:10',160566,'2010-11-03 10:49:10',1,0,'0000-00-00 00:00:00',0),(4295,1,6,'2010-11-03 10:49:10',160503,'2010-11-03 10:50:10',239054,'2010-11-03 10:50:10',1,0,'0000-00-00 00:00:00',0),(4297,1,10,'2010-11-03 10:49:10',160521,'2010-11-03 10:50:10',239623,'2010-11-03 10:50:10',1,0,'0000-00-00 00:00:00',0),(4299,1,5,'2010-11-03 10:49:10',160557,'2010-11-03 10:49:20',170739,'2010-11-03 10:49:20',1,0,'0000-00-00 00:00:00',0),(4301,1,8,'2010-11-03 10:49:10',161040,'2010-11-03 10:49:20',171321,'2010-11-03 10:49:20',1,0,'0000-00-00 00:00:00',0),(4303,1,5,'2010-11-03 10:49:20',171310,'2010-11-03 10:49:30',181625,'2010-11-03 10:49:30',1,0,'0000-00-00 00:00:00',0),(4305,1,8,'2010-11-03 10:49:20',171871,'2010-11-03 10:49:30',182162,'2010-11-03 10:49:30',1,0,'0000-00-00 00:00:00',0),(4307,1,5,'2010-11-03 10:49:30',182151,'2010-11-03 10:49:40',192481,'2010-11-03 10:49:40',1,0,'0000-00-00 00:00:00',0),(4309,1,8,'2010-11-03 10:49:30',182941,'2010-11-03 10:49:40',193008,'2010-11-03 10:49:40',1,0,'0000-00-00 00:00:00',0),(4311,1,5,'2010-11-03 10:49:40',192998,'2010-11-03 10:49:50',203771,'2010-11-03 10:49:50',1,0,'0000-00-00 00:00:00',0),(4313,1,8,'2010-11-03 10:49:40',193786,'2010-11-03 10:49:50',204310,'2010-11-03 10:49:50',1,0,'0000-00-00 00:00:00',0),(4315,1,5,'2010-11-03 10:49:50',204299,'2010-11-03 10:50:00',215083,'2010-11-03 10:50:00',1,0,'0000-00-00 00:00:00',0),(4317,1,8,'2010-11-03 10:49:50',205076,'2010-11-03 10:50:00',215656,'2010-11-03 10:50:00',1,0,'0000-00-00 00:00:00',0),(4319,1,5,'2010-11-03 10:50:00',215646,'2010-11-03 10:50:10',239638,'2010-11-03 10:50:10',1,0,'0000-00-00 00:00:00',0),(4321,1,8,'2010-11-03 10:50:00',216412,'2010-11-03 10:50:10',240796,'2010-11-03 10:50:10',1,0,'0000-00-00 00:00:00',0),(4325,1,6,'2010-11-03 10:50:10',239611,'2010-11-03 10:51:10',60108,'2010-11-03 10:51:10',1,0,'0000-00-00 00:00:00',0),(4327,1,10,'2010-11-03 10:50:10',239630,'2010-11-03 10:51:10',60631,'2010-11-03 10:51:10',1,0,'0000-00-00 00:00:00',0),(4329,1,12,'2010-11-03 10:50:10',240484,'2010-11-03 10:55:10',201649,'2010-11-03 10:55:10',0,2,'0000-00-00 00:00:00',0),(4330,1,0,'2010-11-03 10:50:10',240735,'2010-11-03 10:55:01',180771,'2010-11-03 10:55:01',0,7,'0000-00-00 00:00:00',0),(4331,1,5,'2010-11-03 10:50:10',240787,'2010-11-03 10:50:20',387,'2010-11-03 10:50:20',1,0,'0000-00-00 00:00:00',0),(4333,1,8,'2010-11-03 10:50:10',241493,'2010-11-03 10:50:20',918,'2010-11-03 10:50:20',1,0,'0000-00-00 00:00:00',0),(4335,1,5,'2010-11-03 10:50:20',908,'2010-11-03 10:50:30',11435,'2010-11-03 10:50:30',1,0,'0000-00-00 00:00:00',0),(4337,1,8,'2010-11-03 10:50:20',1398,'2010-11-03 10:50:30',11956,'2010-11-03 10:50:30',1,0,'0000-00-00 00:00:00',0),(4339,1,5,'2010-11-03 10:50:30',11945,'2010-11-03 10:50:40',22615,'2010-11-03 10:50:40',1,0,'0000-00-00 00:00:00',0),(4341,1,8,'2010-11-03 10:50:30',12444,'2010-11-03 10:50:40',23154,'2010-11-03 10:50:40',1,0,'0000-00-00 00:00:00',0),(4343,1,5,'2010-11-03 10:50:40',23143,'2010-11-03 10:50:50',33227,'2010-11-03 10:50:50',1,0,'0000-00-00 00:00:00',0),(4345,1,8,'2010-11-03 10:50:40',23516,'2010-11-03 10:50:50',33880,'2010-11-03 10:50:50',1,0,'0000-00-00 00:00:00',0),(4347,1,5,'2010-11-03 10:50:50',33869,'2010-11-03 10:51:00',48930,'2010-11-03 10:51:00',1,0,'0000-00-00 00:00:00',0),(4349,1,8,'2010-11-03 10:50:50',39119,'2010-11-03 10:51:00',49469,'2010-11-03 10:51:00',1,0,'0000-00-00 00:00:00',0),(4351,1,5,'2010-11-03 10:51:00',49459,'2010-11-03 10:51:10',60646,'2010-11-03 10:51:10',1,0,'0000-00-00 00:00:00',0),(4353,1,8,'2010-11-03 10:51:00',50445,'2010-11-03 10:51:10',60683,'2010-11-03 10:51:10',1,0,'0000-00-00 00:00:00',0),(4355,1,6,'2010-11-03 10:51:10',60620,'2010-11-03 10:52:10',143198,'2010-11-03 10:52:10',1,0,'0000-00-00 00:00:00',0),(4357,1,10,'2010-11-03 10:51:10',60638,'2010-11-03 10:52:10',143828,'2010-11-03 10:52:10',1,0,'0000-00-00 00:00:00',0),(4359,1,5,'2010-11-03 10:51:10',60674,'2010-11-03 10:51:20',71186,'2010-11-03 10:51:20',1,0,'0000-00-00 00:00:00',0),(4361,1,8,'2010-11-03 10:51:10',61464,'2010-11-03 10:51:20',71717,'2010-11-03 10:51:20',1,0,'0000-00-00 00:00:00',0),(4363,1,5,'2010-11-03 10:51:20',71707,'2010-11-03 10:51:30',87449,'2010-11-03 10:51:30',1,0,'0000-00-00 00:00:00',0),(4365,1,8,'2010-11-03 10:51:20',72478,'2010-11-03 10:51:30',88493,'2010-11-03 10:51:30',1,0,'0000-00-00 00:00:00',0),(4368,1,0,'2010-11-03 10:51:30',88405,'2010-11-03 10:56:27',69770,'2010-11-03 10:56:27',0,8,'0000-00-00 00:00:00',0),(4369,1,5,'2010-11-03 10:51:30',88483,'2010-11-03 10:51:40',99267,'2010-11-03 10:51:40',1,0,'0000-00-00 00:00:00',0),(4371,1,8,'2010-11-03 10:51:30',88805,'2010-11-03 10:51:40',99998,'2010-11-03 10:51:40',1,0,'0000-00-00 00:00:00',0),(4373,1,5,'2010-11-03 10:51:40',99986,'2010-11-03 10:51:50',114031,'2010-11-03 10:51:50',1,0,'0000-00-00 00:00:00',0),(4375,1,8,'2010-11-03 10:51:40',100401,'2010-11-03 10:51:50',114678,'2010-11-03 10:51:50',1,0,'0000-00-00 00:00:00',0),(4377,1,5,'2010-11-03 10:51:50',114667,'2010-11-03 10:52:00',131292,'2010-11-03 10:52:00',1,0,'0000-00-00 00:00:00',0),(4379,1,8,'2010-11-03 10:51:50',114991,'2010-11-03 10:52:00',131895,'2010-11-03 10:52:00',1,0,'0000-00-00 00:00:00',0),(4381,1,5,'2010-11-03 10:52:00',131884,'2010-11-03 10:52:10',143843,'2010-11-03 10:52:10',1,0,'0000-00-00 00:00:00',0),(4383,1,8,'2010-11-03 10:52:00',132501,'2010-11-03 10:52:10',143880,'2010-11-03 10:52:10',1,0,'0000-00-00 00:00:00',0),(4385,1,6,'2010-11-03 10:52:10',143816,'2010-11-03 10:53:10',10466,'2010-11-03 10:53:10',1,0,'0000-00-00 00:00:00',0),(4387,1,10,'2010-11-03 10:52:10',143835,'2010-11-03 10:53:10',10992,'2010-11-03 10:53:10',1,0,'0000-00-00 00:00:00',0),(4389,1,5,'2010-11-03 10:52:10',143871,'2010-11-03 10:52:20',157590,'2010-11-03 10:52:20',1,0,'0000-00-00 00:00:00',0),(4391,1,8,'2010-11-03 10:52:10',144205,'2010-11-03 10:52:20',158337,'2010-11-03 10:52:20',1,0,'0000-00-00 00:00:00',0),(4393,1,5,'2010-11-03 10:52:20',158325,'2010-11-03 10:52:30',179525,'2010-11-03 10:52:30',1,0,'0000-00-00 00:00:00',0),(4395,1,8,'2010-11-03 10:52:20',158800,'2010-11-03 10:52:30',179611,'2010-11-03 10:52:30',1,0,'0000-00-00 00:00:00',0),(4398,1,5,'2010-11-03 10:52:30',179601,'2010-11-03 10:52:40',195963,'2010-11-03 10:52:40',1,0,'0000-00-00 00:00:00',0),(4400,1,8,'2010-11-03 10:52:30',180053,'2010-11-03 10:52:40',196913,'2010-11-03 10:52:40',1,0,'0000-00-00 00:00:00',0),(4403,1,0,'2010-11-03 10:52:40',196761,'2010-11-03 10:57:27',153653,'2010-11-03 10:57:27',0,3,'0000-00-00 00:00:00',0),(4404,1,0,'2010-11-03 10:52:40',196851,'2010-11-03 10:57:31',162602,'2010-11-03 10:57:31',0,9,'0000-00-00 00:00:00',0),(4405,1,5,'2010-11-03 10:52:40',196904,'2010-11-03 10:52:50',226464,'2010-11-03 10:52:50',1,0,'0000-00-00 00:00:00',0),(4407,1,8,'2010-11-03 10:52:40',197193,'2010-11-03 10:52:50',227384,'2010-11-03 10:52:50',1,0,'0000-00-00 00:00:00',0),(4410,1,12,'2010-11-03 10:52:50',227304,'2010-11-03 10:57:50',197031,'2010-11-03 10:57:50',0,1,'0000-00-00 00:00:00',0),(4411,1,5,'2010-11-03 10:52:50',227374,'2010-11-03 10:53:00',243827,'2010-11-03 10:53:00',1,0,'0000-00-00 00:00:00',0),(4413,1,8,'2010-11-03 10:52:50',227673,'2010-11-03 10:53:00',244699,'2010-11-03 10:53:00',1,0,'0000-00-00 00:00:00',0),(4416,1,0,'2010-11-03 10:53:00',244616,'2010-11-03 10:57:52',204002,'2010-11-03 10:57:52',0,10,'0000-00-00 00:00:00',0),(4417,1,5,'2010-11-03 10:53:00',244689,'2010-11-03 10:53:10',11007,'2010-11-03 10:53:10',1,0,'0000-00-00 00:00:00',0),(4419,1,8,'2010-11-03 10:53:00',244982,'2010-11-03 10:53:10',11053,'2010-11-03 10:53:10',1,0,'0000-00-00 00:00:00',0),(4421,1,6,'2010-11-03 10:53:10',10982,'2010-11-03 10:54:10',116240,'2010-11-03 10:54:10',1,0,'0000-00-00 00:00:00',0),(4423,1,10,'2010-11-03 10:53:10',10999,'2010-11-03 10:54:10',116762,'2010-11-03 10:54:10',1,0,'0000-00-00 00:00:00',0),(4425,1,5,'2010-11-03 10:53:10',11043,'2010-11-03 10:53:20',39852,'2010-11-03 10:53:20',1,0,'0000-00-00 00:00:00',0),(4427,1,8,'2010-11-03 10:53:10',11374,'2010-11-03 10:53:20',40665,'2010-11-03 10:53:20',1,0,'0000-00-00 00:00:00',0),(4430,1,0,'2010-11-03 10:53:20',40591,'2010-11-03 10:58:14',241164,'2010-11-03 10:58:14',0,6,'0000-00-00 00:00:00',0),(4431,1,5,'2010-11-03 10:53:20',40654,'2010-11-03 10:53:30',60626,'2010-11-03 10:53:30',1,0,'0000-00-00 00:00:00',0),(4433,1,8,'2010-11-03 10:53:20',40940,'2010-11-03 10:53:30',61175,'2010-11-03 10:53:30',1,0,'0000-00-00 00:00:00',0),(4435,1,5,'2010-11-03 10:53:30',61165,'2010-11-03 10:53:40',74884,'2010-11-03 10:53:40',1,0,'0000-00-00 00:00:00',0),(4437,1,8,'2010-11-03 10:53:30',61973,'2010-11-03 10:53:40',82727,'2010-11-03 10:53:40',1,0,'0000-00-00 00:00:00',0),(4440,1,0,'2010-11-03 10:53:40',82651,'2010-11-03 10:58:35',19210,'2010-11-03 10:58:35',0,5,'0000-00-00 00:00:00',0),(4441,1,5,'2010-11-03 10:53:40',82717,'2010-11-03 10:53:50',93897,'2010-11-03 10:53:50',1,0,'0000-00-00 00:00:00',0),(4443,1,8,'2010-11-03 10:53:40',83004,'2010-11-03 10:53:50',94474,'2010-11-03 10:53:50',1,0,'0000-00-00 00:00:00',0),(4445,1,5,'2010-11-03 10:53:50',94463,'2010-11-03 10:54:00',105741,'2010-11-03 10:54:00',1,0,'0000-00-00 00:00:00',0),(4447,1,8,'2010-11-03 10:53:50',95290,'2010-11-03 10:54:00',106409,'2010-11-03 10:54:00',1,0,'0000-00-00 00:00:00',0),(4449,1,5,'2010-11-03 10:54:00',106397,'2010-11-03 10:54:10',116777,'2010-11-03 10:54:10',1,0,'0000-00-00 00:00:00',0),(4451,1,8,'2010-11-03 10:54:00',106995,'2010-11-03 10:54:10',116814,'2010-11-03 10:54:10',1,0,'0000-00-00 00:00:00',0),(4453,1,6,'2010-11-03 10:54:10',116751,'2010-11-03 10:55:10',199473,'2010-11-03 10:55:10',1,0,'0000-00-00 00:00:00',0),(4455,1,10,'2010-11-03 10:54:10',116769,'2010-11-03 10:55:10',200017,'2010-11-03 10:55:10',1,0,'0000-00-00 00:00:00',0),(4457,1,5,'2010-11-03 10:54:10',116805,'2010-11-03 10:54:20',128086,'2010-11-03 10:54:20',1,0,'0000-00-00 00:00:00',0),(4459,1,8,'2010-11-03 10:54:10',117577,'2010-11-03 10:54:20',128629,'2010-11-03 10:54:20',1,0,'0000-00-00 00:00:00',0),(4461,1,5,'2010-11-03 10:54:20',128619,'2010-11-03 10:54:30',139740,'2010-11-03 10:54:30',1,0,'0000-00-00 00:00:00',0),(4463,1,8,'2010-11-03 10:54:20',129465,'2010-11-03 10:54:30',140322,'2010-11-03 10:54:30',1,0,'0000-00-00 00:00:00',0),(4465,1,5,'2010-11-03 10:54:30',140312,'2010-11-03 10:54:40',150662,'2010-11-03 10:54:40',1,0,'0000-00-00 00:00:00',0),(4467,1,8,'2010-11-03 10:54:30',141286,'2010-11-03 10:54:40',151214,'2010-11-03 10:54:40',1,0,'0000-00-00 00:00:00',0),(4469,1,5,'2010-11-03 10:54:40',151204,'2010-11-03 10:54:50',164479,'2010-11-03 10:54:50',1,0,'0000-00-00 00:00:00',0),(4471,1,8,'2010-11-03 10:54:40',152270,'2010-11-03 10:54:50',165001,'2010-11-03 10:54:50',1,0,'0000-00-00 00:00:00',0),(4473,1,5,'2010-11-03 10:54:50',164990,'2010-11-03 10:55:00',178884,'2010-11-03 10:55:00',1,0,'0000-00-00 00:00:00',0),(4475,1,8,'2010-11-03 10:54:50',165810,'2010-11-03 10:55:00',179509,'2010-11-03 10:55:00',1,0,'0000-00-00 00:00:00',0),(4477,1,5,'2010-11-03 10:55:00',179498,'2010-11-03 10:55:10',200032,'2010-11-03 10:55:10',1,0,'0000-00-00 00:00:00',0),(4479,1,8,'2010-11-03 10:55:00',179846,'2010-11-03 10:55:10',200910,'2010-11-03 10:55:10',1,0,'0000-00-00 00:00:00',0),(4482,1,6,'2010-11-03 10:55:10',200006,'2010-11-03 10:56:10',42664,'2010-11-03 10:56:10',1,0,'0000-00-00 00:00:00',0),(4484,1,10,'2010-11-03 10:55:10',200025,'2010-11-03 10:56:10',43229,'2010-11-03 10:56:10',1,0,'0000-00-00 00:00:00',0),(4486,1,0,'2010-11-03 10:55:10',200632,'2010-11-03 11:00:01',122686,'2010-11-03 11:00:01',0,7,'0000-00-00 00:00:00',0),(4487,1,5,'2010-11-03 10:55:10',200899,'2010-11-03 10:55:20',216837,'2010-11-03 10:55:20',1,0,'0000-00-00 00:00:00',0),(4489,1,8,'2010-11-03 10:55:10',201639,'2010-11-03 10:55:20',217853,'2010-11-03 10:55:20',1,0,'0000-00-00 00:00:00',0),(4492,1,12,'2010-11-03 10:55:20',217784,'2010-11-03 11:00:20',150345,'2010-11-03 11:00:20',0,2,'0000-00-00 00:00:00',0),(4493,1,5,'2010-11-03 10:55:20',217844,'2010-11-03 10:55:30',237528,'2010-11-03 10:55:30',1,0,'0000-00-00 00:00:00',0),(4495,1,8,'2010-11-03 10:55:20',218122,'2010-11-03 10:55:30',238078,'2010-11-03 10:55:30',1,0,'0000-00-00 00:00:00',0),(4497,1,5,'2010-11-03 10:55:30',238067,'2010-11-03 10:55:40',249611,'2010-11-03 10:55:40',1,0,'0000-00-00 00:00:00',0),(4499,1,8,'2010-11-03 10:55:30',238724,'2010-11-03 10:55:40',250296,'2010-11-03 10:55:40',1,0,'0000-00-00 00:00:00',0),(4501,1,5,'2010-11-03 10:55:40',250154,'2010-11-03 10:55:50',12092,'2010-11-03 10:55:50',1,0,'0000-00-00 00:00:00',0),(4503,1,8,'2010-11-03 10:55:40',251138,'2010-11-03 10:55:50',12707,'2010-11-03 10:55:50',1,0,'0000-00-00 00:00:00',0),(4505,1,5,'2010-11-03 10:55:50',12696,'2010-11-03 10:56:00',24061,'2010-11-03 10:56:00',1,0,'0000-00-00 00:00:00',0),(4507,1,8,'2010-11-03 10:55:50',13485,'2010-11-03 10:56:00',24698,'2010-11-03 10:56:00',1,0,'0000-00-00 00:00:00',0),(4509,1,5,'2010-11-03 10:56:00',24688,'2010-11-03 10:56:10',43243,'2010-11-03 10:56:10',1,0,'0000-00-00 00:00:00',0),(4511,1,8,'2010-11-03 10:56:00',30967,'2010-11-03 10:56:10',43286,'2010-11-03 10:56:10',1,0,'0000-00-00 00:00:00',0),(4513,1,6,'2010-11-03 10:56:10',43218,'2010-11-03 10:57:10',127230,'2010-11-03 10:57:10',1,0,'0000-00-00 00:00:00',0),(4515,1,10,'2010-11-03 10:56:10',43236,'2010-11-03 10:57:10',127789,'2010-11-03 10:57:10',1,0,'0000-00-00 00:00:00',0),(4517,1,5,'2010-11-03 10:56:10',43276,'2010-11-03 10:56:20',55227,'2010-11-03 10:56:20',1,0,'0000-00-00 00:00:00',0),(4519,1,8,'2010-11-03 10:56:10',43891,'2010-11-03 10:56:20',55895,'2010-11-03 10:56:20',1,0,'0000-00-00 00:00:00',0),(4521,1,5,'2010-11-03 10:56:20',55885,'2010-11-03 10:56:30',78238,'2010-11-03 10:56:30',1,0,'0000-00-00 00:00:00',0),(4523,1,8,'2010-11-03 10:56:20',63030,'2010-11-03 10:56:30',79732,'2010-11-03 10:56:30',1,0,'0000-00-00 00:00:00',0),(4526,1,0,'2010-11-03 10:56:30',79433,'2010-11-03 11:01:27',245792,'2010-11-03 11:01:27',0,8,'0000-00-00 00:00:00',0),(4527,1,5,'2010-11-03 10:56:30',79721,'2010-11-03 10:56:40',91077,'2010-11-03 10:56:40',1,0,'0000-00-00 00:00:00',0),(4529,1,8,'2010-11-03 10:56:30',80662,'2010-11-03 10:56:40',91644,'2010-11-03 10:56:40',1,0,'0000-00-00 00:00:00',0),(4531,1,5,'2010-11-03 10:56:40',91633,'2010-11-03 10:56:50',105249,'2010-11-03 10:56:50',1,0,'0000-00-00 00:00:00',0),(4533,1,8,'2010-11-03 10:56:40',92432,'2010-11-03 10:56:50',105803,'2010-11-03 10:56:50',1,0,'0000-00-00 00:00:00',0),(4535,1,5,'2010-11-03 10:56:50',105793,'2010-11-03 10:57:00',116601,'2010-11-03 10:57:00',1,0,'0000-00-00 00:00:00',0),(4537,1,8,'2010-11-03 10:56:50',106567,'2010-11-03 10:57:00',117172,'2010-11-03 10:57:00',1,0,'0000-00-00 00:00:00',0),(4539,1,5,'2010-11-03 10:57:00',117161,'2010-11-03 10:57:10',127804,'2010-11-03 10:57:10',1,0,'0000-00-00 00:00:00',0),(4541,1,8,'2010-11-03 10:57:00',117911,'2010-11-03 10:57:10',127841,'2010-11-03 10:57:10',1,0,'0000-00-00 00:00:00',0),(4543,1,6,'2010-11-03 10:57:10',127778,'2010-11-03 10:58:10',237481,'2010-11-03 10:58:10',1,0,'0000-00-00 00:00:00',0),(4545,1,10,'2010-11-03 10:57:10',127796,'2010-11-03 10:58:10',237514,'2010-11-03 10:58:10',1,0,'0000-00-00 00:00:00',0),(4547,1,5,'2010-11-03 10:57:10',127832,'2010-11-03 10:57:20',139922,'2010-11-03 10:57:20',1,0,'0000-00-00 00:00:00',0),(4549,1,8,'2010-11-03 10:57:10',128588,'2010-11-03 10:57:20',140637,'2010-11-03 10:57:20',1,0,'0000-00-00 00:00:00',0),(4551,1,5,'2010-11-03 10:57:20',140627,'2010-11-03 10:57:30',161233,'2010-11-03 10:57:30',1,0,'0000-00-00 00:00:00',0),(4553,1,8,'2010-11-03 10:57:20',146904,'2010-11-03 10:57:30',161317,'2010-11-03 10:57:30',1,0,'0000-00-00 00:00:00',0),(4556,1,5,'2010-11-03 10:57:30',161307,'2010-11-03 10:57:40',178211,'2010-11-03 10:57:40',1,0,'0000-00-00 00:00:00',0),(4558,1,8,'2010-11-03 10:57:30',161734,'2010-11-03 10:57:40',180473,'2010-11-03 10:57:40',1,0,'0000-00-00 00:00:00',0),(4561,1,0,'2010-11-03 10:57:40',179523,'2010-11-03 11:02:27',71515,'2010-11-03 11:02:27',0,3,'0000-00-00 00:00:00',0),(4562,1,0,'2010-11-03 10:57:40',179922,'2010-11-03 11:02:31',81201,'2010-11-03 11:02:31',0,9,'0000-00-00 00:00:00',0),(4563,1,5,'2010-11-03 10:57:40',180462,'2010-11-03 10:57:50',196091,'2010-11-03 10:57:50',1,0,'0000-00-00 00:00:00',0),(4565,1,8,'2010-11-03 10:57:40',181642,'2010-11-03 10:57:50',196682,'2010-11-03 10:57:50',1,0,'0000-00-00 00:00:00',0),(4567,1,5,'2010-11-03 10:57:50',196671,'2010-11-03 10:58:00',218314,'2010-11-03 10:58:00',1,0,'0000-00-00 00:00:00',0),(4569,1,8,'2010-11-03 10:57:50',197021,'2010-11-03 10:58:00',227165,'2010-11-03 10:58:00',1,0,'0000-00-00 00:00:00',0),(4573,1,12,'2010-11-03 10:58:00',226991,'2010-11-03 11:03:00',124760,'2010-11-03 11:03:00',0,1,'0000-00-00 00:00:00',0),(4574,1,0,'2010-11-03 10:58:00',227079,'2010-11-03 11:02:52',110278,'2010-11-03 11:02:52',0,10,'0000-00-00 00:00:00',0),(4575,1,5,'2010-11-03 10:58:00',227155,'2010-11-03 10:58:10',237529,'2010-11-03 10:58:10',1,0,'0000-00-00 00:00:00',0),(4577,1,8,'2010-11-03 10:58:00',227981,'2010-11-03 10:58:10',237631,'2010-11-03 10:58:10',1,0,'0000-00-00 00:00:00',0),(4579,1,6,'2010-11-03 10:58:10',237506,'2010-11-03 10:59:10',62784,'2010-11-03 10:59:10',1,0,'0000-00-00 00:00:00',0),(4581,1,10,'2010-11-03 10:58:10',237521,'2010-11-03 10:59:10',63326,'2010-11-03 10:59:10',1,0,'0000-00-00 00:00:00',0),(4583,1,5,'2010-11-03 10:58:10',237621,'2010-11-03 10:58:20',812,'2010-11-03 10:58:20',1,0,'0000-00-00 00:00:00',0),(4585,1,8,'2010-11-03 10:58:10',238076,'2010-11-03 10:58:20',2468,'2010-11-03 10:58:20',1,0,'0000-00-00 00:00:00',0),(4588,1,0,'2010-11-03 10:58:20',1990,'2010-11-03 11:03:14',143299,'2010-11-03 11:03:14',0,6,'0000-00-00 00:00:00',0),(4589,1,5,'2010-11-03 10:58:20',2457,'2010-11-03 10:58:30',13405,'2010-11-03 10:58:30',1,0,'0000-00-00 00:00:00',0),(4591,1,8,'2010-11-03 10:58:20',2998,'2010-11-03 10:58:30',13981,'2010-11-03 10:58:30',1,0,'0000-00-00 00:00:00',0),(4593,1,5,'2010-11-03 10:58:30',13970,'2010-11-03 10:58:40',29449,'2010-11-03 10:58:40',1,0,'0000-00-00 00:00:00',0),(4595,1,8,'2010-11-03 10:58:30',14729,'2010-11-03 10:58:40',30383,'2010-11-03 10:58:40',1,0,'0000-00-00 00:00:00',0),(4598,1,0,'2010-11-03 10:58:40',30177,'2010-11-03 11:03:35',179364,'2010-11-03 11:03:35',0,5,'0000-00-00 00:00:00',0),(4599,1,5,'2010-11-03 10:58:40',30371,'2010-11-03 10:58:50',41431,'2010-11-03 10:58:50',1,0,'0000-00-00 00:00:00',0),(4601,1,8,'2010-11-03 10:58:40',31071,'2010-11-03 10:58:50',41979,'2010-11-03 10:58:50',1,0,'0000-00-00 00:00:00',0),(4603,1,5,'2010-11-03 10:58:50',41968,'2010-11-03 10:59:00',52480,'2010-11-03 10:59:00',1,0,'0000-00-00 00:00:00',0),(4605,1,8,'2010-11-03 10:58:50',42932,'2010-11-03 10:59:00',53007,'2010-11-03 10:59:00',1,0,'0000-00-00 00:00:00',0),(4607,1,5,'2010-11-03 10:59:00',52997,'2010-11-03 10:59:10',63342,'2010-11-03 10:59:10',1,0,'0000-00-00 00:00:00',0),(4609,1,8,'2010-11-03 10:59:00',53784,'2010-11-03 10:59:10',63379,'2010-11-03 10:59:10',1,0,'0000-00-00 00:00:00',0),(4611,1,6,'2010-11-03 10:59:10',63304,'2010-11-03 11:00:10',136316,'2010-11-03 11:00:10',1,0,'0000-00-00 00:00:00',0),(4613,1,10,'2010-11-03 10:59:10',63334,'2010-11-03 11:00:10',136848,'2010-11-03 11:00:10',1,0,'0000-00-00 00:00:00',0),(4615,1,5,'2010-11-03 10:59:10',63370,'2010-11-03 10:59:20',74006,'2010-11-03 10:59:20',1,0,'0000-00-00 00:00:00',0),(4617,1,8,'2010-11-03 10:59:10',64521,'2010-11-03 10:59:20',74627,'2010-11-03 10:59:20',1,0,'0000-00-00 00:00:00',0),(4619,1,5,'2010-11-03 10:59:20',74616,'2010-11-03 10:59:30',85479,'2010-11-03 10:59:30',1,0,'0000-00-00 00:00:00',0),(4621,1,8,'2010-11-03 10:59:20',75399,'2010-11-03 10:59:30',86020,'2010-11-03 10:59:30',1,0,'0000-00-00 00:00:00',0),(4623,1,5,'2010-11-03 10:59:30',86010,'2010-11-03 10:59:40',97128,'2010-11-03 10:59:40',1,0,'0000-00-00 00:00:00',0),(4625,1,8,'2010-11-03 10:59:30',86994,'2010-11-03 10:59:40',97694,'2010-11-03 10:59:40',1,0,'0000-00-00 00:00:00',0),(4627,1,5,'2010-11-03 10:59:40',97684,'2010-11-03 10:59:50',108617,'2010-11-03 10:59:50',1,0,'0000-00-00 00:00:00',0),(4629,1,8,'2010-11-03 10:59:40',98017,'2010-11-03 10:59:50',109166,'2010-11-03 10:59:50',1,0,'0000-00-00 00:00:00',0),(4631,1,5,'2010-11-03 10:59:50',109156,'2010-11-03 11:00:00',120141,'2010-11-03 11:00:00',1,0,'0000-00-00 00:00:00',0),(4633,1,8,'2010-11-03 10:59:50',109934,'2010-11-03 11:00:00',120662,'2010-11-03 11:00:00',1,0,'0000-00-00 00:00:00',0),(4635,1,5,'2010-11-03 11:00:00',120652,'2010-11-03 11:00:10',136864,'2010-11-03 11:00:10',1,0,'0000-00-00 00:00:00',0),(4637,1,8,'2010-11-03 11:00:00',121836,'2010-11-03 11:00:10',137922,'2010-11-03 11:00:10',1,0,'0000-00-00 00:00:00',0),(4640,1,6,'2010-11-03 11:00:10',136837,'2010-11-03 11:01:10',226673,'2010-11-03 11:01:10',1,0,'0000-00-00 00:00:00',0),(4642,1,10,'2010-11-03 11:00:10',136856,'2010-11-03 11:01:10',227201,'2010-11-03 11:01:10',1,0,'0000-00-00 00:00:00',0),(4644,1,0,'2010-11-03 11:00:10',137461,'2010-11-03 11:05:01',36073,'2010-11-03 11:05:01',0,7,'0000-00-00 00:00:00',0),(4645,1,5,'2010-11-03 11:00:10',137911,'2010-11-03 11:00:20',148892,'2010-11-03 11:00:20',1,0,'0000-00-00 00:00:00',0),(4647,1,8,'2010-11-03 11:00:10',138945,'2010-11-03 11:00:20',149450,'2010-11-03 11:00:20',1,0,'0000-00-00 00:00:00',0),(4649,1,5,'2010-11-03 11:00:20',149440,'2010-11-03 11:00:30',165792,'2010-11-03 11:00:30',1,0,'0000-00-00 00:00:00',0),(4651,1,8,'2010-11-03 11:00:20',150334,'2010-11-03 11:00:30',166079,'2010-11-03 11:00:30',1,0,'0000-00-00 00:00:00',0),(4654,1,12,'2010-11-03 11:00:30',166016,'2010-11-03 11:05:30',86950,'2010-11-03 11:05:30',0,2,'0000-00-00 00:00:00',0),(4655,1,5,'2010-11-03 11:00:30',166069,'2010-11-03 11:00:40',175547,'2010-11-03 11:00:40',1,0,'0000-00-00 00:00:00',0),(4657,1,8,'2010-11-03 11:00:30',166509,'2010-11-03 11:00:40',176144,'2010-11-03 11:00:40',1,0,'0000-00-00 00:00:00',0),(4659,1,5,'2010-11-03 11:00:40',176134,'2010-11-03 11:00:50',193228,'2010-11-03 11:00:50',1,0,'0000-00-00 00:00:00',0),(4661,1,8,'2010-11-03 11:00:40',182946,'2010-11-03 11:00:50',193748,'2010-11-03 11:00:50',1,0,'0000-00-00 00:00:00',0),(4663,1,5,'2010-11-03 11:00:50',193738,'2010-11-03 11:01:00',215717,'2010-11-03 11:01:00',1,0,'0000-00-00 00:00:00',0),(4665,1,8,'2010-11-03 11:00:50',194062,'2010-11-03 11:01:00',216276,'2010-11-03 11:01:00',1,0,'0000-00-00 00:00:00',0),(4667,1,5,'2010-11-03 11:01:00',216265,'2010-11-03 11:01:10',227215,'2010-11-03 11:01:10',1,0,'0000-00-00 00:00:00',0),(4669,1,8,'2010-11-03 11:01:00',217031,'2010-11-03 11:01:10',227253,'2010-11-03 11:01:10',1,0,'0000-00-00 00:00:00',0),(4671,1,6,'2010-11-03 11:01:10',227190,'2010-11-03 11:02:10',53017,'2010-11-03 11:02:10',1,0,'0000-00-00 00:00:00',0),(4673,1,10,'2010-11-03 11:01:10',227208,'2010-11-03 11:02:10',53543,'2010-11-03 11:02:10',1,0,'0000-00-00 00:00:00',0),(4675,1,5,'2010-11-03 11:01:10',227244,'2010-11-03 11:01:20',238589,'2010-11-03 11:01:20',1,0,'0000-00-00 00:00:00',0),(4677,1,8,'2010-11-03 11:01:10',228360,'2010-11-03 11:01:20',239288,'2010-11-03 11:01:20',1,0,'0000-00-00 00:00:00',0),(4679,1,5,'2010-11-03 11:01:20',239276,'2010-11-03 11:01:30',3826,'2010-11-03 11:01:30',1,0,'0000-00-00 00:00:00',0),(4681,1,8,'2010-11-03 11:01:20',239921,'2010-11-03 11:01:30',5207,'2010-11-03 11:01:30',1,0,'0000-00-00 00:00:00',0),(4684,1,0,'2010-11-03 11:01:30',4705,'2010-11-03 11:06:27',154978,'2010-11-03 11:06:27',0,8,'0000-00-00 00:00:00',0),(4685,1,5,'2010-11-03 11:01:30',5195,'2010-11-03 11:01:40',14873,'2010-11-03 11:01:40',1,0,'0000-00-00 00:00:00',0),(4687,1,8,'2010-11-03 11:01:30',6203,'2010-11-03 11:01:40',15386,'2010-11-03 11:01:40',1,0,'0000-00-00 00:00:00',0),(4689,1,5,'2010-11-03 11:01:40',15375,'2010-11-03 11:01:50',26279,'2010-11-03 11:01:50',1,0,'0000-00-00 00:00:00',0),(4691,1,8,'2010-11-03 11:01:40',16138,'2010-11-03 11:01:50',26750,'2010-11-03 11:01:50',1,0,'0000-00-00 00:00:00',0),(4693,1,5,'2010-11-03 11:01:50',26740,'2010-11-03 11:02:00',36713,'2010-11-03 11:02:00',1,0,'0000-00-00 00:00:00',0),(4695,1,8,'2010-11-03 11:01:50',27565,'2010-11-03 11:02:00',37209,'2010-11-03 11:02:00',1,0,'0000-00-00 00:00:00',0),(4697,1,5,'2010-11-03 11:02:00',37199,'2010-11-03 11:02:10',53558,'2010-11-03 11:02:10',1,0,'0000-00-00 00:00:00',0),(4699,1,8,'2010-11-03 11:02:00',37978,'2010-11-03 11:02:10',53595,'2010-11-03 11:02:10',1,0,'0000-00-00 00:00:00',0),(4701,1,6,'2010-11-03 11:02:10',53532,'2010-11-03 11:03:10',137471,'2010-11-03 11:03:10',1,0,'0000-00-00 00:00:00',0),(4703,1,10,'2010-11-03 11:02:10',53550,'2010-11-03 11:03:10',137988,'2010-11-03 11:03:10',1,0,'0000-00-00 00:00:00',0),(4705,1,5,'2010-11-03 11:02:10',53586,'2010-11-03 11:02:20',63667,'2010-11-03 11:02:20',1,0,'0000-00-00 00:00:00',0),(4707,1,8,'2010-11-03 11:02:10',54371,'2010-11-03 11:02:20',64181,'2010-11-03 11:02:20',1,0,'0000-00-00 00:00:00',0),(4709,1,5,'2010-11-03 11:02:20',64171,'2010-11-03 11:02:30',79050,'2010-11-03 11:02:30',1,0,'0000-00-00 00:00:00',0),(4711,1,8,'2010-11-03 11:02:20',64741,'2010-11-03 11:02:30',79570,'2010-11-03 11:02:30',1,0,'0000-00-00 00:00:00',0),(4714,1,5,'2010-11-03 11:02:30',79559,'2010-11-03 11:02:40',96416,'2010-11-03 11:02:40',1,0,'0000-00-00 00:00:00',0),(4716,1,8,'2010-11-03 11:02:30',80294,'2010-11-03 11:02:40',96857,'2010-11-03 11:02:40',1,0,'0000-00-00 00:00:00',0),(4719,1,0,'2010-11-03 11:02:40',96722,'2010-11-03 11:07:27',248424,'2010-11-03 11:07:27',0,3,'0000-00-00 00:00:00',0),(4720,1,0,'2010-11-03 11:02:40',96796,'2010-11-03 11:07:31',7734,'2010-11-03 11:07:31',0,9,'0000-00-00 00:00:00',0),(4721,1,5,'2010-11-03 11:02:40',96848,'2010-11-03 11:02:50',106307,'2010-11-03 11:02:50',1,0,'0000-00-00 00:00:00',0),(4723,1,8,'2010-11-03 11:02:40',97231,'2010-11-03 11:02:50',106830,'2010-11-03 11:02:50',1,0,'0000-00-00 00:00:00',0),(4725,1,5,'2010-11-03 11:02:50',106820,'2010-11-03 11:03:00',123288,'2010-11-03 11:03:00',1,0,'0000-00-00 00:00:00',0),(4727,1,8,'2010-11-03 11:02:50',107741,'2010-11-03 11:03:00',124481,'2010-11-03 11:03:00',1,0,'0000-00-00 00:00:00',0),(4730,1,0,'2010-11-03 11:03:00',124408,'2010-11-03 11:07:52',38661,'2010-11-03 11:07:52',0,10,'0000-00-00 00:00:00',0),(4731,1,5,'2010-11-03 11:03:00',124471,'2010-11-03 11:03:10',138003,'2010-11-03 11:03:10',1,0,'0000-00-00 00:00:00',0),(4733,1,8,'2010-11-03 11:03:00',124750,'2010-11-03 11:03:10',138428,'2010-11-03 11:03:10',1,0,'0000-00-00 00:00:00',0),(4736,1,6,'2010-11-03 11:03:10',137977,'2010-11-03 11:04:10',222737,'2010-11-03 11:04:10',1,0,'0000-00-00 00:00:00',0),(4738,1,10,'2010-11-03 11:03:10',137995,'2010-11-03 11:04:10',223277,'2010-11-03 11:04:10',1,0,'0000-00-00 00:00:00',0),(4740,1,12,'2010-11-03 11:03:10',138361,'2010-11-03 11:08:10',65697,'2010-11-03 11:08:10',0,1,'0000-00-00 00:00:00',0),(4741,1,5,'2010-11-03 11:03:10',138419,'2010-11-03 11:03:20',153810,'2010-11-03 11:03:20',1,0,'0000-00-00 00:00:00',0),(4743,1,8,'2010-11-03 11:03:10',139233,'2010-11-03 11:03:20',162978,'2010-11-03 11:03:20',1,0,'0000-00-00 00:00:00',0),(4746,1,0,'2010-11-03 11:03:20',162801,'2010-11-03 11:08:14',77294,'2010-11-03 11:08:14',0,6,'0000-00-00 00:00:00',0),(4747,1,5,'2010-11-03 11:03:20',162966,'2010-11-03 11:03:30',173772,'2010-11-03 11:03:30',1,0,'0000-00-00 00:00:00',0),(4749,1,8,'2010-11-03 11:03:20',163580,'2010-11-03 11:03:30',174383,'2010-11-03 11:03:30',1,0,'0000-00-00 00:00:00',0),(4751,1,5,'2010-11-03 11:03:30',174372,'2010-11-03 11:03:40',189715,'2010-11-03 11:03:40',1,0,'0000-00-00 00:00:00',0),(4753,1,8,'2010-11-03 11:03:30',175171,'2010-11-03 11:03:40',190973,'2010-11-03 11:03:40',1,0,'0000-00-00 00:00:00',0),(4756,1,0,'2010-11-03 11:03:40',190806,'2010-11-03 11:08:35',108668,'2010-11-03 11:08:35',0,5,'0000-00-00 00:00:00',0),(4757,1,5,'2010-11-03 11:03:40',190962,'2010-11-03 11:03:50',201171,'2010-11-03 11:03:50',1,0,'0000-00-00 00:00:00',0),(4759,1,8,'2010-11-03 11:03:40',191576,'2010-11-03 11:03:50',201725,'2010-11-03 11:03:50',1,0,'0000-00-00 00:00:00',0),(4761,1,5,'2010-11-03 11:03:50',201714,'2010-11-03 11:04:00',213096,'2010-11-03 11:04:00',1,0,'0000-00-00 00:00:00',0),(4763,1,8,'2010-11-03 11:03:50',202314,'2010-11-03 11:04:00',213156,'2010-11-03 11:04:00',1,0,'0000-00-00 00:00:00',0),(4765,1,5,'2010-11-03 11:04:00',213146,'2010-11-03 11:04:10',223292,'2010-11-03 11:04:10',1,0,'0000-00-00 00:00:00',0),(4767,1,8,'2010-11-03 11:04:00',213718,'2010-11-03 11:04:10',223329,'2010-11-03 11:04:10',1,0,'0000-00-00 00:00:00',0),(4769,1,6,'2010-11-03 11:04:10',223256,'2010-11-03 11:05:10',52335,'2010-11-03 11:05:10',1,0,'0000-00-00 00:00:00',0),(4771,1,10,'2010-11-03 11:04:10',223284,'2010-11-03 11:05:10',52909,'2010-11-03 11:05:10',1,0,'0000-00-00 00:00:00',0),(4773,1,5,'2010-11-03 11:04:10',223320,'2010-11-03 11:04:20',234239,'2010-11-03 11:04:20',1,0,'0000-00-00 00:00:00',0),(4775,1,8,'2010-11-03 11:04:10',224085,'2010-11-03 11:04:20',234810,'2010-11-03 11:04:20',1,0,'0000-00-00 00:00:00',0),(4777,1,5,'2010-11-03 11:04:20',234799,'2010-11-03 11:04:30',245158,'2010-11-03 11:04:30',1,0,'0000-00-00 00:00:00',0),(4779,1,8,'2010-11-03 11:04:20',235367,'2010-11-03 11:04:30',245685,'2010-11-03 11:04:30',1,0,'0000-00-00 00:00:00',0),(4781,1,5,'2010-11-03 11:04:30',245675,'2010-11-03 11:04:40',5583,'2010-11-03 11:04:40',1,0,'0000-00-00 00:00:00',0),(4783,1,8,'2010-11-03 11:04:30',246491,'2010-11-03 11:04:40',6080,'2010-11-03 11:04:40',1,0,'0000-00-00 00:00:00',0),(4785,1,5,'2010-11-03 11:04:40',6070,'2010-11-03 11:04:50',17082,'2010-11-03 11:04:50',1,0,'0000-00-00 00:00:00',0),(4787,1,8,'2010-11-03 11:04:40',6829,'2010-11-03 11:04:50',17601,'2010-11-03 11:04:50',1,0,'0000-00-00 00:00:00',0),(4789,1,5,'2010-11-03 11:04:50',17590,'2010-11-03 11:05:00',29586,'2010-11-03 11:05:00',1,0,'0000-00-00 00:00:00',0),(4791,1,8,'2010-11-03 11:04:50',18358,'2010-11-03 11:05:00',30202,'2010-11-03 11:05:00',1,0,'0000-00-00 00:00:00',0),(4793,1,5,'2010-11-03 11:05:00',30192,'2010-11-03 11:05:10',52924,'2010-11-03 11:05:10',1,0,'0000-00-00 00:00:00',0),(4795,1,8,'2010-11-03 11:05:00',35198,'2010-11-03 11:05:10',53585,'2010-11-03 11:05:10',1,0,'0000-00-00 00:00:00',0),(4798,1,6,'2010-11-03 11:05:10',52897,'2010-11-03 11:06:10',135018,'2010-11-03 11:06:10',1,0,'0000-00-00 00:00:00',0),(4800,1,10,'2010-11-03 11:05:10',52916,'2010-11-03 11:06:10',135580,'2010-11-03 11:06:10',1,0,'0000-00-00 00:00:00',0),(4802,1,0,'2010-11-03 11:05:10',53488,'2010-11-03 11:10:01',227186,'2010-11-03 11:10:01',0,7,'0000-00-00 00:00:00',0),(4803,1,5,'2010-11-03 11:05:10',53575,'2010-11-03 11:05:20',64861,'2010-11-03 11:05:20',1,0,'0000-00-00 00:00:00',0),(4805,1,8,'2010-11-03 11:05:10',54349,'2010-11-03 11:05:20',65536,'2010-11-03 11:05:20',1,0,'0000-00-00 00:00:00',0),(4807,1,5,'2010-11-03 11:05:20',65511,'2010-11-03 11:05:30',81079,'2010-11-03 11:05:30',1,0,'0000-00-00 00:00:00',0),(4809,1,8,'2010-11-03 11:05:20',71139,'2010-11-03 11:05:30',81777,'2010-11-03 11:05:30',1,0,'0000-00-00 00:00:00',0),(4811,1,5,'2010-11-03 11:05:30',81766,'2010-11-03 11:05:40',102593,'2010-11-03 11:05:40',1,0,'0000-00-00 00:00:00',0),(4813,1,8,'2010-11-03 11:05:30',86939,'2010-11-03 11:05:40',103404,'2010-11-03 11:05:40',1,0,'0000-00-00 00:00:00',0),(4816,1,12,'2010-11-03 11:05:40',103341,'2010-11-03 11:10:40',26567,'2010-11-03 11:10:40',0,2,'0000-00-00 00:00:00',0),(4817,1,5,'2010-11-03 11:05:40',103395,'2010-11-03 11:05:50',113938,'2010-11-03 11:05:50',1,0,'0000-00-00 00:00:00',0),(4819,1,8,'2010-11-03 11:05:40',103753,'2010-11-03 11:05:50',114483,'2010-11-03 11:05:50',1,0,'0000-00-00 00:00:00',0),(4821,1,5,'2010-11-03 11:05:50',114473,'2010-11-03 11:06:00',125175,'2010-11-03 11:06:00',1,0,'0000-00-00 00:00:00',0),(4823,1,8,'2010-11-03 11:05:50',114964,'2010-11-03 11:06:00',125703,'2010-11-03 11:06:00',1,0,'0000-00-00 00:00:00',0),(4825,1,5,'2010-11-03 11:06:00',125693,'2010-11-03 11:06:10',135594,'2010-11-03 11:06:10',1,0,'0000-00-00 00:00:00',0),(4827,1,8,'2010-11-03 11:06:00',126552,'2010-11-03 11:06:10',135632,'2010-11-03 11:06:10',1,0,'0000-00-00 00:00:00',0),(4829,1,6,'2010-11-03 11:06:10',135569,'2010-11-03 11:07:10',229172,'2010-11-03 11:07:10',1,0,'0000-00-00 00:00:00',0),(4831,1,10,'2010-11-03 11:06:10',135587,'2010-11-03 11:07:10',229729,'2010-11-03 11:07:10',1,0,'0000-00-00 00:00:00',0),(4833,1,5,'2010-11-03 11:06:10',135623,'2010-11-03 11:06:20',146626,'2010-11-03 11:06:20',1,0,'0000-00-00 00:00:00',0),(4835,1,8,'2010-11-03 11:06:10',136395,'2010-11-03 11:06:20',147187,'2010-11-03 11:06:20',1,0,'0000-00-00 00:00:00',0),(4837,1,5,'2010-11-03 11:06:20',147176,'2010-11-03 11:06:30',164408,'2010-11-03 11:06:30',1,0,'0000-00-00 00:00:00',0),(4839,1,8,'2010-11-03 11:06:20',147998,'2010-11-03 11:06:30',165981,'2010-11-03 11:06:30',1,0,'0000-00-00 00:00:00',0),(4842,1,0,'2010-11-03 11:06:30',165508,'2010-11-03 11:11:27',88067,'2010-11-03 11:11:27',0,8,'0000-00-00 00:00:00',0),(4843,1,5,'2010-11-03 11:06:30',165970,'2010-11-03 11:06:40',188813,'2010-11-03 11:06:40',1,0,'0000-00-00 00:00:00',0),(4845,1,8,'2010-11-03 11:06:30',174619,'2010-11-03 11:06:40',189399,'2010-11-03 11:06:40',1,0,'0000-00-00 00:00:00',0),(4847,1,5,'2010-11-03 11:06:40',189388,'2010-11-03 11:06:50',205534,'2010-11-03 11:06:50',1,0,'0000-00-00 00:00:00',0),(4849,1,8,'2010-11-03 11:06:40',189747,'2010-11-03 11:06:50',206590,'2010-11-03 11:06:50',1,0,'0000-00-00 00:00:00',0),(4851,1,5,'2010-11-03 11:06:50',206579,'2010-11-03 11:07:00',218382,'2010-11-03 11:07:00',1,0,'0000-00-00 00:00:00',0),(4853,1,8,'2010-11-03 11:06:50',207444,'2010-11-03 11:07:00',218922,'2010-11-03 11:07:00',1,0,'0000-00-00 00:00:00',0),(4855,1,5,'2010-11-03 11:07:00',218911,'2010-11-03 11:07:10',229744,'2010-11-03 11:07:10',1,0,'0000-00-00 00:00:00',0),(4857,1,8,'2010-11-03 11:07:00',219663,'2010-11-03 11:07:10',229794,'2010-11-03 11:07:10',1,0,'0000-00-00 00:00:00',0),(4859,1,6,'2010-11-03 11:07:10',229718,'2010-11-03 11:08:10',64353,'2010-11-03 11:08:10',1,0,'0000-00-00 00:00:00',0),(4861,1,10,'2010-11-03 11:07:10',229736,'2010-11-03 11:08:10',64892,'2010-11-03 11:08:10',1,0,'0000-00-00 00:00:00',0),(4863,1,5,'2010-11-03 11:07:10',229784,'2010-11-03 11:07:20',240541,'2010-11-03 11:07:20',1,0,'0000-00-00 00:00:00',0),(4865,1,8,'2010-11-03 11:07:10',230287,'2010-11-03 11:07:20',241110,'2010-11-03 11:07:20',1,0,'0000-00-00 00:00:00',0),(4867,1,5,'2010-11-03 11:07:20',241100,'2010-11-03 11:07:30',5974,'2010-11-03 11:07:30',1,0,'0000-00-00 00:00:00',0),(4869,1,8,'2010-11-03 11:07:20',241849,'2010-11-03 11:07:30',6057,'2010-11-03 11:07:30',1,0,'0000-00-00 00:00:00',0),(4872,1,5,'2010-11-03 11:07:30',6047,'2010-11-03 11:07:40',22632,'2010-11-03 11:07:40',1,0,'0000-00-00 00:00:00',0),(4874,1,8,'2010-11-03 11:07:30',6916,'2010-11-03 11:07:40',24331,'2010-11-03 11:07:40',1,0,'0000-00-00 00:00:00',0),(4877,1,0,'2010-11-03 11:07:40',23835,'2010-11-03 11:12:31',171146,'2010-11-03 11:12:31',0,9,'0000-00-00 00:00:00',0),(4878,1,0,'2010-11-03 11:07:40',24272,'2010-11-03 11:12:27',160794,'2010-11-03 11:12:27',0,3,'0000-00-00 00:00:00',0),(4879,1,5,'2010-11-03 11:07:40',24322,'2010-11-03 11:07:50',35752,'2010-11-03 11:07:50',1,0,'0000-00-00 00:00:00',0),(4881,1,8,'2010-11-03 11:07:40',25499,'2010-11-03 11:07:50',36370,'2010-11-03 11:07:50',1,0,'0000-00-00 00:00:00',0),(4883,1,5,'2010-11-03 11:07:50',36359,'2010-11-03 11:08:00',52558,'2010-11-03 11:08:00',1,0,'0000-00-00 00:00:00',0),(4885,1,8,'2010-11-03 11:07:50',36713,'2010-11-03 11:08:00',53745,'2010-11-03 11:08:00',1,0,'0000-00-00 00:00:00',0),(4888,1,0,'2010-11-03 11:08:00',53665,'2010-11-03 11:12:52',199069,'2010-11-03 11:12:52',0,10,'0000-00-00 00:00:00',0),(4889,1,5,'2010-11-03 11:08:00',53735,'2010-11-03 11:08:10',64907,'2010-11-03 11:08:10',1,0,'0000-00-00 00:00:00',0),(4891,1,8,'2010-11-03 11:08:00',54390,'2010-11-03 11:08:10',64953,'2010-11-03 11:08:10',1,0,'0000-00-00 00:00:00',0),(4893,1,6,'2010-11-03 11:08:10',64882,'2010-11-03 11:09:10',154448,'2010-11-03 11:09:10',1,0,'0000-00-00 00:00:00',0),(4895,1,10,'2010-11-03 11:08:10',64899,'2010-11-03 11:09:10',155068,'2010-11-03 11:09:10',1,0,'0000-00-00 00:00:00',0),(4897,1,5,'2010-11-03 11:08:10',64943,'2010-11-03 11:08:20',87484,'2010-11-03 11:08:20',1,0,'0000-00-00 00:00:00',0),(4899,1,8,'2010-11-03 11:08:10',65686,'2010-11-03 11:08:20',89786,'2010-11-03 11:08:20',1,0,'0000-00-00 00:00:00',0),(4903,1,12,'2010-11-03 11:08:20',88763,'2010-11-03 11:13:20',247023,'2010-11-03 11:13:20',0,1,'0000-00-00 00:00:00',0),(4904,1,0,'2010-11-03 11:08:20',89165,'2010-11-03 11:13:14',233418,'2010-11-03 11:13:14',0,6,'0000-00-00 00:00:00',0),(4905,1,5,'2010-11-03 11:08:20',89775,'2010-11-03 11:08:30',102972,'2010-11-03 11:08:30',1,0,'0000-00-00 00:00:00',0),(4907,1,8,'2010-11-03 11:08:20',90835,'2010-11-03 11:08:30',103533,'2010-11-03 11:08:30',1,0,'0000-00-00 00:00:00',0),(4909,1,5,'2010-11-03 11:08:30',103523,'2010-11-03 11:08:40',119261,'2010-11-03 11:08:40',1,0,'0000-00-00 00:00:00',0),(4911,1,8,'2010-11-03 11:08:30',104320,'2010-11-03 11:08:40',120728,'2010-11-03 11:08:40',1,0,'0000-00-00 00:00:00',0),(4914,1,0,'2010-11-03 11:08:40',120382,'2010-11-03 11:13:35',27556,'2010-11-03 11:13:35',0,5,'0000-00-00 00:00:00',0),(4915,1,5,'2010-11-03 11:08:40',120716,'2010-11-03 11:08:50',131720,'2010-11-03 11:08:50',1,0,'0000-00-00 00:00:00',0),(4917,1,8,'2010-11-03 11:08:40',121213,'2010-11-03 11:08:50',132261,'2010-11-03 11:08:50',1,0,'0000-00-00 00:00:00',0),(4919,1,5,'2010-11-03 11:08:50',132251,'2010-11-03 11:09:00',144695,'2010-11-03 11:09:00',1,0,'0000-00-00 00:00:00',0),(4921,1,8,'2010-11-03 11:08:50',133551,'2010-11-03 11:09:00',145214,'2010-11-03 11:09:00',1,0,'0000-00-00 00:00:00',0),(4923,1,5,'2010-11-03 11:09:00',145203,'2010-11-03 11:09:10',155083,'2010-11-03 11:09:10',1,0,'0000-00-00 00:00:00',0),(4925,1,8,'2010-11-03 11:09:00',146051,'2010-11-03 11:09:10',155119,'2010-11-03 11:09:10',1,0,'0000-00-00 00:00:00',0),(4927,1,6,'2010-11-03 11:09:10',155056,'2010-11-03 11:10:10',240465,'2010-11-03 11:10:10',1,0,'0000-00-00 00:00:00',0),(4929,1,10,'2010-11-03 11:09:10',155075,'2010-11-03 11:10:10',241035,'2010-11-03 11:10:10',1,0,'0000-00-00 00:00:00',0),(4931,1,5,'2010-11-03 11:09:10',155110,'2010-11-03 11:09:20',172874,'2010-11-03 11:09:20',1,0,'0000-00-00 00:00:00',0),(4933,1,8,'2010-11-03 11:09:10',163001,'2010-11-03 11:09:20',173441,'2010-11-03 11:09:20',1,0,'0000-00-00 00:00:00',0),(4935,1,5,'2010-11-03 11:09:20',173431,'2010-11-03 11:09:30',184656,'2010-11-03 11:09:30',1,0,'0000-00-00 00:00:00',0),(4937,1,8,'2010-11-03 11:09:20',174896,'2010-11-03 11:09:30',185347,'2010-11-03 11:09:30',1,0,'0000-00-00 00:00:00',0),(4939,1,5,'2010-11-03 11:09:30',185336,'2010-11-03 11:09:40',200807,'2010-11-03 11:09:40',1,0,'0000-00-00 00:00:00',0),(4941,1,8,'2010-11-03 11:09:30',191385,'2010-11-03 11:09:40',201380,'2010-11-03 11:09:40',1,0,'0000-00-00 00:00:00',0),(4943,1,5,'2010-11-03 11:09:40',201370,'2010-11-03 11:09:50',212460,'2010-11-03 11:09:50',1,0,'0000-00-00 00:00:00',0),(4945,1,8,'2010-11-03 11:09:40',202527,'2010-11-03 11:09:50',213044,'2010-11-03 11:09:50',1,0,'0000-00-00 00:00:00',0),(4947,1,5,'2010-11-03 11:09:50',213034,'2010-11-03 11:10:00',224813,'2010-11-03 11:10:00',1,0,'0000-00-00 00:00:00',0),(4949,1,8,'2010-11-03 11:09:50',214320,'2010-11-03 11:10:00',225344,'2010-11-03 11:10:00',1,0,'0000-00-00 00:00:00',0),(4951,1,5,'2010-11-03 11:10:00',225334,'2010-11-03 11:10:10',241050,'2010-11-03 11:10:10',1,0,'0000-00-00 00:00:00',0),(4953,1,8,'2010-11-03 11:10:00',226340,'2010-11-03 11:10:10',242085,'2010-11-03 11:10:10',1,0,'0000-00-00 00:00:00',0),(4956,1,6,'2010-11-03 11:10:10',241024,'2010-11-03 11:11:10',68958,'2010-11-03 11:11:10',1,0,'0000-00-00 00:00:00',0),(4958,1,10,'2010-11-03 11:10:10',241042,'2010-11-03 11:11:10',69610,'2010-11-03 11:11:10',1,0,'0000-00-00 00:00:00',0),(4960,1,0,'2010-11-03 11:10:10',241843,'2010-11-03 11:15:01',130903,'2010-11-03 11:15:01',0,7,'0000-00-00 00:00:00',0),(4961,1,5,'2010-11-03 11:10:10',242074,'2010-11-03 11:10:20',2949,'2010-11-03 11:10:20',1,0,'0000-00-00 00:00:00',0),(4963,1,8,'2010-11-03 11:10:10',243083,'2010-11-03 11:10:20',3507,'2010-11-03 11:10:20',1,0,'0000-00-00 00:00:00',0),(4965,1,5,'2010-11-03 11:10:20',3496,'2010-11-03 11:10:30',14260,'2010-11-03 11:10:30',1,0,'0000-00-00 00:00:00',0),(4967,1,8,'2010-11-03 11:10:20',4109,'2010-11-03 11:10:30',14807,'2010-11-03 11:10:30',1,0,'0000-00-00 00:00:00',0),(4969,1,5,'2010-11-03 11:10:30',14796,'2010-11-03 11:10:40',25055,'2010-11-03 11:10:40',1,0,'0000-00-00 00:00:00',0),(4971,1,8,'2010-11-03 11:10:30',15591,'2010-11-03 11:10:40',25582,'2010-11-03 11:10:40',1,0,'0000-00-00 00:00:00',0),(4973,1,5,'2010-11-03 11:10:40',25572,'2010-11-03 11:10:50',43519,'2010-11-03 11:10:50',1,0,'0000-00-00 00:00:00',0),(4975,1,8,'2010-11-03 11:10:40',26557,'2010-11-03 11:10:50',44293,'2010-11-03 11:10:50',1,0,'0000-00-00 00:00:00',0),(4978,1,12,'2010-11-03 11:10:50',44231,'2010-11-03 11:15:50',194508,'2010-11-03 11:15:50',0,2,'0000-00-00 00:00:00',0),(4979,1,5,'2010-11-03 11:10:50',44284,'2010-11-03 11:11:00',54333,'2010-11-03 11:11:00',1,0,'0000-00-00 00:00:00',0),(4981,1,8,'2010-11-03 11:10:50',44566,'2010-11-03 11:11:00',54863,'2010-11-03 11:11:00',1,0,'0000-00-00 00:00:00',0),(4983,1,5,'2010-11-03 11:11:00',54853,'2010-11-03 11:11:10',69641,'2010-11-03 11:11:10',1,0,'0000-00-00 00:00:00',0),(4985,1,8,'2010-11-03 11:11:00',55340,'2010-11-03 11:11:10',69676,'2010-11-03 11:11:10',1,0,'0000-00-00 00:00:00',0),(4987,1,6,'2010-11-03 11:11:10',69600,'2010-11-03 11:12:10',141034,'2010-11-03 11:12:10',1,0,'0000-00-00 00:00:00',0),(4989,1,10,'2010-11-03 11:11:10',69632,'2010-11-03 11:12:10',141542,'2010-11-03 11:12:10',1,0,'0000-00-00 00:00:00',0),(4991,1,5,'2010-11-03 11:11:10',69667,'2010-11-03 11:11:20',80136,'2010-11-03 11:11:20',1,0,'0000-00-00 00:00:00',0),(4993,1,8,'2010-11-03 11:11:10',70027,'2010-11-03 11:11:20',80666,'2010-11-03 11:11:20',1,0,'0000-00-00 00:00:00',0),(4995,1,5,'2010-11-03 11:11:20',80656,'2010-11-03 11:11:30',95486,'2010-11-03 11:11:30',1,0,'0000-00-00 00:00:00',0),(4997,1,8,'2010-11-03 11:11:20',81420,'2010-11-03 11:11:30',97091,'2010-11-03 11:11:30',1,0,'0000-00-00 00:00:00',0),(5000,1,0,'2010-11-03 11:11:30',96642,'2010-11-03 11:16:27',241906,'2010-11-03 11:16:27',0,8,'0000-00-00 00:00:00',0),(5001,1,5,'2010-11-03 11:11:30',97079,'2010-11-03 11:11:40',107401,'2010-11-03 11:11:40',1,0,'0000-00-00 00:00:00',0),(5003,1,8,'2010-11-03 11:11:30',98051,'2010-11-03 11:11:40',107929,'2010-11-03 11:11:40',1,0,'0000-00-00 00:00:00',0),(5005,1,5,'2010-11-03 11:11:40',107919,'2010-11-03 11:11:50',118454,'2010-11-03 11:11:50',1,0,'0000-00-00 00:00:00',0),(5007,1,8,'2010-11-03 11:11:40',108806,'2010-11-03 11:11:50',119029,'2010-11-03 11:11:50',1,0,'0000-00-00 00:00:00',0),(5009,1,5,'2010-11-03 11:11:50',119019,'2010-11-03 11:12:00',129733,'2010-11-03 11:12:00',1,0,'0000-00-00 00:00:00',0),(5011,1,8,'2010-11-03 11:11:50',119788,'2010-11-03 11:12:00',130186,'2010-11-03 11:12:00',1,0,'0000-00-00 00:00:00',0),(5013,1,5,'2010-11-03 11:12:00',130176,'2010-11-03 11:12:10',141557,'2010-11-03 11:12:10',1,0,'0000-00-00 00:00:00',0),(5015,1,8,'2010-11-03 11:12:00',131241,'2010-11-03 11:12:10',141594,'2010-11-03 11:12:10',1,0,'0000-00-00 00:00:00',0),(5017,1,6,'2010-11-03 11:12:10',141531,'2010-11-03 11:13:10',228397,'2010-11-03 11:13:10',1,0,'0000-00-00 00:00:00',0),(5019,1,10,'2010-11-03 11:12:10',141549,'2010-11-03 11:13:10',228996,'2010-11-03 11:13:10',1,0,'0000-00-00 00:00:00',0),(5021,1,5,'2010-11-03 11:12:10',141585,'2010-11-03 11:12:20',152283,'2010-11-03 11:12:20',1,0,'0000-00-00 00:00:00',0),(5023,1,8,'2010-11-03 11:12:10',142366,'2010-11-03 11:12:20',152893,'2010-11-03 11:12:20',1,0,'0000-00-00 00:00:00',0),(5025,1,5,'2010-11-03 11:12:20',152873,'2010-11-03 11:12:30',168357,'2010-11-03 11:12:30',1,0,'0000-00-00 00:00:00',0),(5027,1,8,'2010-11-03 11:12:20',153694,'2010-11-03 11:12:30',169099,'2010-11-03 11:12:30',1,0,'0000-00-00 00:00:00',0),(5030,1,5,'2010-11-03 11:12:30',169075,'2010-11-03 11:12:40',183739,'2010-11-03 11:12:40',1,0,'0000-00-00 00:00:00',0),(5032,1,8,'2010-11-03 11:12:30',170274,'2010-11-03 11:12:40',185463,'2010-11-03 11:12:40',1,0,'0000-00-00 00:00:00',0),(5035,1,0,'2010-11-03 11:12:40',184961,'2010-11-03 11:17:27',66037,'2010-11-03 11:17:27',0,3,'0000-00-00 00:00:00',0),(5036,1,0,'2010-11-03 11:12:40',185405,'2010-11-03 11:17:31',77498,'2010-11-03 11:17:31',0,9,'0000-00-00 00:00:00',0),(5037,1,5,'2010-11-03 11:12:40',185453,'2010-11-03 11:12:50',196838,'2010-11-03 11:12:50',1,0,'0000-00-00 00:00:00',0),(5039,1,8,'2010-11-03 11:12:40',187119,'2010-11-03 11:12:50',196914,'2010-11-03 11:12:50',1,0,'0000-00-00 00:00:00',0),(5041,1,5,'2010-11-03 11:12:50',196904,'2010-11-03 11:13:00',211999,'2010-11-03 11:13:00',1,0,'0000-00-00 00:00:00',0),(5043,1,8,'2010-11-03 11:12:50',197325,'2010-11-03 11:13:00',213462,'2010-11-03 11:13:00',1,0,'0000-00-00 00:00:00',0),(5046,1,0,'2010-11-03 11:13:00',213171,'2010-11-03 11:17:52',108674,'2010-11-03 11:17:52',0,10,'0000-00-00 00:00:00',0),(5047,1,5,'2010-11-03 11:13:00',213451,'2010-11-03 11:13:10',229011,'2010-11-03 11:13:10',1,0,'0000-00-00 00:00:00',0),(5049,1,8,'2010-11-03 11:13:00',218582,'2010-11-03 11:13:10',229051,'2010-11-03 11:13:10',1,0,'0000-00-00 00:00:00',0),(5051,1,6,'2010-11-03 11:13:10',228985,'2010-11-03 11:14:10',72464,'2010-11-03 11:14:10',1,0,'0000-00-00 00:00:00',0),(5053,1,10,'2010-11-03 11:13:10',229003,'2010-11-03 11:14:10',72986,'2010-11-03 11:14:10',1,0,'0000-00-00 00:00:00',0),(5055,1,5,'2010-11-03 11:13:10',229042,'2010-11-03 11:13:20',244535,'2010-11-03 11:13:20',1,0,'0000-00-00 00:00:00',0),(5057,1,8,'2010-11-03 11:13:10',229409,'2010-11-03 11:13:20',245927,'2010-11-03 11:13:20',1,0,'0000-00-00 00:00:00',0),(5060,1,0,'2010-11-03 11:13:20',245650,'2010-11-03 11:18:14',142415,'2010-11-03 11:18:14',0,6,'0000-00-00 00:00:00',0),(5061,1,5,'2010-11-03 11:13:20',245916,'2010-11-03 11:13:30',21079,'2010-11-03 11:13:30',1,0,'0000-00-00 00:00:00',0),(5063,1,8,'2010-11-03 11:13:20',246933,'2010-11-03 11:13:30',22233,'2010-11-03 11:13:30',1,0,'0000-00-00 00:00:00',0),(5066,1,12,'2010-11-03 11:13:30',22171,'2010-11-03 11:18:30',169809,'2010-11-03 11:18:30',0,1,'0000-00-00 00:00:00',0),(5067,1,5,'2010-11-03 11:13:30',22223,'2010-11-03 11:13:40',36927,'2010-11-03 11:13:40',1,0,'0000-00-00 00:00:00',0),(5069,1,8,'2010-11-03 11:13:30',23011,'2010-11-03 11:13:40',38178,'2010-11-03 11:13:40',1,0,'0000-00-00 00:00:00',0),(5072,1,0,'2010-11-03 11:13:40',38104,'2010-11-03 11:18:35',180256,'2010-11-03 11:18:35',0,5,'0000-00-00 00:00:00',0),(5073,1,5,'2010-11-03 11:13:40',38168,'2010-11-03 11:13:50',48872,'2010-11-03 11:13:50',1,0,'0000-00-00 00:00:00',0),(5075,1,8,'2010-11-03 11:13:40',38446,'2010-11-03 11:13:50',49428,'2010-11-03 11:13:50',1,0,'0000-00-00 00:00:00',0),(5077,1,5,'2010-11-03 11:13:50',49417,'2010-11-03 11:14:00',60845,'2010-11-03 11:14:00',1,0,'0000-00-00 00:00:00',0),(5079,1,8,'2010-11-03 11:13:50',50366,'2010-11-03 11:14:00',61356,'2010-11-03 11:14:00',1,0,'0000-00-00 00:00:00',0),(5081,1,5,'2010-11-03 11:14:00',61346,'2010-11-03 11:14:10',73001,'2010-11-03 11:14:10',1,0,'0000-00-00 00:00:00',0),(5083,1,8,'2010-11-03 11:14:00',61728,'2010-11-03 11:14:10',73038,'2010-11-03 11:14:10',1,0,'0000-00-00 00:00:00',0),(5085,1,6,'2010-11-03 11:14:10',72975,'2010-11-03 11:15:10',144819,'2010-11-03 11:15:10',1,0,'0000-00-00 00:00:00',0),(5087,1,10,'2010-11-03 11:14:10',72993,'2010-11-03 11:15:10',145325,'2010-11-03 11:15:10',1,0,'0000-00-00 00:00:00',0),(5089,1,5,'2010-11-03 11:14:10',73029,'2010-11-03 11:14:20',83483,'2010-11-03 11:14:20',1,0,'0000-00-00 00:00:00',0),(5091,1,8,'2010-11-03 11:14:10',73784,'2010-11-03 11:14:20',84020,'2010-11-03 11:14:20',1,0,'0000-00-00 00:00:00',0),(5093,1,5,'2010-11-03 11:14:20',84010,'2010-11-03 11:14:30',94968,'2010-11-03 11:14:30',1,0,'0000-00-00 00:00:00',0),(5095,1,8,'2010-11-03 11:14:20',84875,'2010-11-03 11:14:30',95515,'2010-11-03 11:14:30',1,0,'0000-00-00 00:00:00',0),(5097,1,5,'2010-11-03 11:14:30',95504,'2010-11-03 11:14:40',105478,'2010-11-03 11:14:40',1,0,'0000-00-00 00:00:00',0),(5099,1,8,'2010-11-03 11:14:30',96282,'2010-11-03 11:14:40',106026,'2010-11-03 11:14:40',1,0,'0000-00-00 00:00:00',0),(5101,1,5,'2010-11-03 11:14:40',106015,'2010-11-03 11:14:50',116785,'2010-11-03 11:14:50',1,0,'0000-00-00 00:00:00',0),(5103,1,8,'2010-11-03 11:14:40',106768,'2010-11-03 11:14:50',117297,'2010-11-03 11:14:50',1,0,'0000-00-00 00:00:00',0),(5105,1,5,'2010-11-03 11:14:50',117287,'2010-11-03 11:15:00',128475,'2010-11-03 11:15:00',1,0,'0000-00-00 00:00:00',0),(5107,1,8,'2010-11-03 11:14:50',118428,'2010-11-03 11:15:00',129012,'2010-11-03 11:15:00',1,0,'0000-00-00 00:00:00',0),(5109,1,5,'2010-11-03 11:15:00',129001,'2010-11-03 11:15:10',145341,'2010-11-03 11:15:10',1,0,'0000-00-00 00:00:00',0),(5111,1,8,'2010-11-03 11:15:00',130059,'2010-11-03 11:15:10',146234,'2010-11-03 11:15:10',1,0,'0000-00-00 00:00:00',0),(5114,1,6,'2010-11-03 11:15:10',145314,'2010-11-03 11:16:10',222182,'2010-11-03 11:16:10',1,0,'0000-00-00 00:00:00',0),(5116,1,10,'2010-11-03 11:15:10',145333,'2010-11-03 11:16:10',222709,'2010-11-03 11:16:10',1,0,'0000-00-00 00:00:00',0),(5118,1,0,'2010-11-03 11:15:10',145958,'2010-11-03 11:20:01',40275,'2010-11-03 11:20:01',0,7,'0000-00-00 00:00:00',0),(5119,1,5,'2010-11-03 11:15:10',146223,'2010-11-03 11:15:20',156301,'2010-11-03 11:15:20',1,0,'0000-00-00 00:00:00',0),(5121,1,8,'2010-11-03 11:15:10',146531,'2010-11-03 11:15:20',156829,'2010-11-03 11:15:20',1,0,'0000-00-00 00:00:00',0),(5123,1,5,'2010-11-03 11:15:20',156819,'2010-11-03 11:15:30',167467,'2010-11-03 11:15:30',1,0,'0000-00-00 00:00:00',0),(5125,1,8,'2010-11-03 11:15:20',157615,'2010-11-03 11:15:30',168119,'2010-11-03 11:15:30',1,0,'0000-00-00 00:00:00',0),(5127,1,5,'2010-11-03 11:15:30',168108,'2010-11-03 11:15:40',177534,'2010-11-03 11:15:40',1,0,'0000-00-00 00:00:00',0),(5129,1,8,'2010-11-03 11:15:30',168454,'2010-11-03 11:15:40',178152,'2010-11-03 11:15:40',1,0,'0000-00-00 00:00:00',0),(5131,1,5,'2010-11-03 11:15:40',178142,'2010-11-03 11:15:50',192757,'2010-11-03 11:15:50',1,0,'0000-00-00 00:00:00',0),(5133,1,8,'2010-11-03 11:15:40',182972,'2010-11-03 11:15:50',193283,'2010-11-03 11:15:50',1,0,'0000-00-00 00:00:00',0),(5135,1,5,'2010-11-03 11:15:50',193273,'2010-11-03 11:16:00',210462,'2010-11-03 11:16:00',1,0,'0000-00-00 00:00:00',0),(5137,1,8,'2010-11-03 11:15:50',194497,'2010-11-03 11:16:00',211628,'2010-11-03 11:16:00',1,0,'0000-00-00 00:00:00',0),(5140,1,12,'2010-11-03 11:16:00',211567,'2010-11-03 11:21:00',119174,'2010-11-03 11:21:00',0,2,'0000-00-00 00:00:00',0),(5141,1,5,'2010-11-03 11:16:00',211619,'2010-11-03 11:16:10',222726,'2010-11-03 11:16:10',1,0,'0000-00-00 00:00:00',0),(5143,1,8,'2010-11-03 11:16:00',212250,'2010-11-03 11:16:10',222766,'2010-11-03 11:16:10',1,0,'0000-00-00 00:00:00',0),(5145,1,6,'2010-11-03 11:16:10',222690,'2010-11-03 11:17:10',46868,'2010-11-03 11:17:10',1,0,'0000-00-00 00:00:00',0),(5147,1,10,'2010-11-03 11:16:10',222718,'2010-11-03 11:17:10',47535,'2010-11-03 11:17:10',1,0,'0000-00-00 00:00:00',0),(5149,1,5,'2010-11-03 11:16:10',222757,'2010-11-03 11:16:20',233845,'2010-11-03 11:16:20',1,0,'0000-00-00 00:00:00',0),(5151,1,8,'2010-11-03 11:16:10',223624,'2010-11-03 11:16:20',234496,'2010-11-03 11:16:20',1,0,'0000-00-00 00:00:00',0),(5153,1,5,'2010-11-03 11:16:20',234484,'2010-11-03 11:16:30',865,'2010-11-03 11:16:30',1,0,'0000-00-00 00:00:00',0),(5155,1,8,'2010-11-03 11:16:20',235098,'2010-11-03 11:16:30',2426,'2010-11-03 11:16:30',1,0,'0000-00-00 00:00:00',0),(5158,1,0,'2010-11-03 11:16:30',1961,'2010-11-03 11:21:27',154776,'2010-11-03 11:21:27',0,8,'0000-00-00 00:00:00',0),(5159,1,5,'2010-11-03 11:16:30',2414,'2010-11-03 11:16:40',13435,'2010-11-03 11:16:40',1,0,'0000-00-00 00:00:00',0),(5161,1,8,'2010-11-03 11:16:30',3584,'2010-11-03 11:16:40',13959,'2010-11-03 11:16:40',1,0,'0000-00-00 00:00:00',0),(5163,1,5,'2010-11-03 11:16:40',13949,'2010-11-03 11:16:50',24982,'2010-11-03 11:16:50',1,0,'0000-00-00 00:00:00',0),(5165,1,8,'2010-11-03 11:16:40',15008,'2010-11-03 11:16:50',25502,'2010-11-03 11:16:50',1,0,'0000-00-00 00:00:00',0),(5167,1,5,'2010-11-03 11:16:50',25492,'2010-11-03 11:17:00',36461,'2010-11-03 11:17:00',1,0,'0000-00-00 00:00:00',0),(5169,1,8,'2010-11-03 11:16:50',26544,'2010-11-03 11:17:00',36993,'2010-11-03 11:17:00',1,0,'0000-00-00 00:00:00',0),(5171,1,5,'2010-11-03 11:17:00',36983,'2010-11-03 11:17:10',47555,'2010-11-03 11:17:10',1,0,'0000-00-00 00:00:00',0),(5173,1,8,'2010-11-03 11:17:00',37784,'2010-11-03 11:17:10',47591,'2010-11-03 11:17:10',1,0,'0000-00-00 00:00:00',0),(5175,1,6,'2010-11-03 11:17:10',47361,'2010-11-03 11:18:10',137217,'2010-11-03 11:18:10',1,0,'0000-00-00 00:00:00',0),(5177,1,10,'2010-11-03 11:17:10',47547,'2010-11-03 11:18:10',137719,'2010-11-03 11:18:10',1,0,'0000-00-00 00:00:00',0),(5179,1,5,'2010-11-03 11:17:10',47582,'2010-11-03 11:17:20',58014,'2010-11-03 11:17:20',1,0,'0000-00-00 00:00:00',0),(5181,1,8,'2010-11-03 11:17:10',48388,'2010-11-03 11:17:20',58555,'2010-11-03 11:17:20',1,0,'0000-00-00 00:00:00',0),(5183,1,5,'2010-11-03 11:17:20',58545,'2010-11-03 11:17:30',74406,'2010-11-03 11:17:30',1,0,'0000-00-00 00:00:00',0),(5185,1,8,'2010-11-03 11:17:20',59381,'2010-11-03 11:17:30',75181,'2010-11-03 11:17:30',1,0,'0000-00-00 00:00:00',0),(5188,1,5,'2010-11-03 11:17:30',75169,'2010-11-03 11:17:40',93524,'2010-11-03 11:17:40',1,0,'0000-00-00 00:00:00',0),(5190,1,8,'2010-11-03 11:17:30',76633,'2010-11-03 11:17:40',94959,'2010-11-03 11:17:40',1,0,'0000-00-00 00:00:00',0),(5193,1,0,'2010-11-03 11:17:40',94810,'2010-11-03 11:22:27',224340,'2010-11-03 11:22:27',0,3,'0000-00-00 00:00:00',0),(5194,1,0,'2010-11-03 11:17:40',94903,'2010-11-03 11:22:31',235882,'2010-11-03 11:22:31',0,9,'0000-00-00 00:00:00',0),(5195,1,5,'2010-11-03 11:17:40',94949,'2010-11-03 11:17:50',105311,'2010-11-03 11:17:50',1,0,'0000-00-00 00:00:00',0),(5197,1,8,'2010-11-03 11:17:40',95507,'2010-11-03 11:17:50',105820,'2010-11-03 11:17:50',1,0,'0000-00-00 00:00:00',0),(5199,1,5,'2010-11-03 11:17:50',105809,'2010-11-03 11:18:00',121451,'2010-11-03 11:18:00',1,0,'0000-00-00 00:00:00',0),(5201,1,8,'2010-11-03 11:17:50',106698,'2010-11-03 11:18:00',126999,'2010-11-03 11:18:00',1,0,'0000-00-00 00:00:00',0),(5204,1,0,'2010-11-03 11:18:00',126808,'2010-11-03 11:22:52',16802,'2010-11-03 11:22:52',0,10,'0000-00-00 00:00:00',0),(5205,1,5,'2010-11-03 11:18:00',126989,'2010-11-03 11:18:10',137748,'2010-11-03 11:18:10',1,0,'0000-00-00 00:00:00',0),(5207,1,8,'2010-11-03 11:18:00',127649,'2010-11-03 11:18:10',137791,'2010-11-03 11:18:10',1,0,'0000-00-00 00:00:00',0),(5209,1,6,'2010-11-03 11:18:10',137709,'2010-11-03 11:19:10',225357,'2010-11-03 11:19:10',1,0,'0000-00-00 00:00:00',0),(5211,1,10,'2010-11-03 11:18:10',137726,'2010-11-03 11:19:10',225982,'2010-11-03 11:19:10',1,0,'0000-00-00 00:00:00',0),(5213,1,5,'2010-11-03 11:18:10',137781,'2010-11-03 11:18:20',153379,'2010-11-03 11:18:20',1,0,'0000-00-00 00:00:00',0),(5215,1,8,'2010-11-03 11:18:10',138554,'2010-11-03 11:18:20',154249,'2010-11-03 11:18:20',1,0,'0000-00-00 00:00:00',0),(5218,1,0,'2010-11-03 11:18:20',154167,'2010-11-03 11:23:14',45664,'2010-11-03 11:23:14',0,6,'0000-00-00 00:00:00',0),(5219,1,5,'2010-11-03 11:18:20',154239,'2010-11-03 11:18:30',168797,'2010-11-03 11:18:30',1,0,'0000-00-00 00:00:00',0),(5221,1,8,'2010-11-03 11:18:20',158950,'2010-11-03 11:18:30',169301,'2010-11-03 11:18:30',1,0,'0000-00-00 00:00:00',0),(5223,1,5,'2010-11-03 11:18:30',169291,'2010-11-03 11:18:40',189796,'2010-11-03 11:18:40',1,0,'0000-00-00 00:00:00',0),(5225,1,8,'2010-11-03 11:18:30',169799,'2010-11-03 11:18:40',191481,'2010-11-03 11:18:40',1,0,'0000-00-00 00:00:00',0),(5229,1,12,'2010-11-03 11:18:40',191054,'2010-11-03 11:23:40',84057,'2010-11-03 11:23:40',0,1,'0000-00-00 00:00:00',0),(5230,1,0,'2010-11-03 11:18:40',191208,'2010-11-03 11:23:35',73581,'2010-11-03 11:23:35',0,5,'0000-00-00 00:00:00',0),(5231,1,5,'2010-11-03 11:18:40',191471,'2010-11-03 11:18:50',202518,'2010-11-03 11:18:50',1,0,'0000-00-00 00:00:00',0),(5233,1,8,'2010-11-03 11:18:40',192870,'2010-11-03 11:18:50',203081,'2010-11-03 11:18:50',1,0,'0000-00-00 00:00:00',0),(5235,1,5,'2010-11-03 11:18:50',203071,'2010-11-03 11:19:00',213935,'2010-11-03 11:19:00',1,0,'0000-00-00 00:00:00',0),(5237,1,8,'2010-11-03 11:18:50',203850,'2010-11-03 11:19:00',214710,'2010-11-03 11:19:00',1,0,'0000-00-00 00:00:00',0),(5239,1,5,'2010-11-03 11:19:00',214699,'2010-11-03 11:19:10',225997,'2010-11-03 11:19:10',1,0,'0000-00-00 00:00:00',0),(5241,1,8,'2010-11-03 11:19:00',215113,'2010-11-03 11:19:10',226040,'2010-11-03 11:19:10',1,0,'0000-00-00 00:00:00',0),(5243,1,6,'2010-11-03 11:19:10',225970,'2010-11-03 11:20:10',57909,'2010-11-03 11:20:10',1,0,'0000-00-00 00:00:00',0),(5245,1,10,'2010-11-03 11:19:10',225989,'2010-11-03 11:20:10',58529,'2010-11-03 11:20:10',1,0,'0000-00-00 00:00:00',0),(5247,1,5,'2010-11-03 11:19:10',226030,'2010-11-03 11:19:20',236568,'2010-11-03 11:19:20',1,0,'0000-00-00 00:00:00',0),(5249,1,8,'2010-11-03 11:19:10',226400,'2010-11-03 11:19:20',237128,'2010-11-03 11:19:20',1,0,'0000-00-00 00:00:00',0),(5251,1,5,'2010-11-03 11:19:20',237117,'2010-11-03 11:19:30',247517,'2010-11-03 11:19:30',1,0,'0000-00-00 00:00:00',0),(5253,1,8,'2010-11-03 11:19:20',237629,'2010-11-03 11:19:30',248101,'2010-11-03 11:19:30',1,0,'0000-00-00 00:00:00',0),(5255,1,5,'2010-11-03 11:19:30',248091,'2010-11-03 11:19:40',8940,'2010-11-03 11:19:40',1,0,'0000-00-00 00:00:00',0),(5257,1,8,'2010-11-03 11:19:30',249844,'2010-11-03 11:19:40',9461,'2010-11-03 11:19:40',1,0,'0000-00-00 00:00:00',0),(5259,1,5,'2010-11-03 11:19:40',9450,'2010-11-03 11:19:50',20414,'2010-11-03 11:19:50',1,0,'0000-00-00 00:00:00',0),(5261,1,8,'2010-11-03 11:19:40',10883,'2010-11-03 11:19:50',20916,'2010-11-03 11:19:50',1,0,'0000-00-00 00:00:00',0),(5263,1,5,'2010-11-03 11:19:50',20906,'2010-11-03 11:20:00',31974,'2010-11-03 11:20:00',1,0,'0000-00-00 00:00:00',0),(5265,1,8,'2010-11-03 11:19:50',22535,'2010-11-03 11:20:00',32712,'2010-11-03 11:20:00',1,0,'0000-00-00 00:00:00',0),(5267,1,5,'2010-11-03 11:20:00',32701,'2010-11-03 11:20:10',58545,'2010-11-03 11:20:10',1,0,'0000-00-00 00:00:00',0),(5269,1,8,'2010-11-03 11:20:00',39406,'2010-11-03 11:20:10',58848,'2010-11-03 11:20:10',1,0,'0000-00-00 00:00:00',0),(5272,1,6,'2010-11-03 11:20:10',58518,'2010-11-03 11:21:10',135813,'2010-11-03 11:21:10',1,0,'0000-00-00 00:00:00',0),(5274,1,10,'2010-11-03 11:20:10',58537,'2010-11-03 11:21:10',136361,'2010-11-03 11:21:10',1,0,'0000-00-00 00:00:00',0),(5276,1,0,'2010-11-03 11:20:10',58774,'2010-11-03 11:25:01',191862,'2010-11-03 11:25:01',0,7,'0000-00-00 00:00:00',0),(5277,1,5,'2010-11-03 11:20:10',58838,'2010-11-03 11:20:20',68832,'2010-11-03 11:20:20',1,0,'0000-00-00 00:00:00',0),(5279,1,8,'2010-11-03 11:20:10',59115,'2010-11-03 11:20:20',69466,'2010-11-03 11:20:20',1,0,'0000-00-00 00:00:00',0),(5281,1,5,'2010-11-03 11:20:20',69455,'2010-11-03 11:20:30',84609,'2010-11-03 11:20:30',1,0,'0000-00-00 00:00:00',0),(5283,1,8,'2010-11-03 11:20:20',74970,'2010-11-03 11:20:30',85120,'2010-11-03 11:20:30',1,0,'0000-00-00 00:00:00',0),(5285,1,5,'2010-11-03 11:20:30',85110,'2010-11-03 11:20:40',94836,'2010-11-03 11:20:40',1,0,'0000-00-00 00:00:00',0),(5287,1,8,'2010-11-03 11:20:30',85930,'2010-11-03 11:20:40',95419,'2010-11-03 11:20:40',1,0,'0000-00-00 00:00:00',0),(5289,1,5,'2010-11-03 11:20:40',95371,'2010-11-03 11:20:50',106261,'2010-11-03 11:20:50',1,0,'0000-00-00 00:00:00',0),(5291,1,8,'2010-11-03 11:20:40',96201,'2010-11-03 11:20:50',106810,'2010-11-03 11:20:50',1,0,'0000-00-00 00:00:00',0),(5293,1,5,'2010-11-03 11:20:50',106799,'2010-11-03 11:21:00',116986,'2010-11-03 11:21:00',1,0,'0000-00-00 00:00:00',0),(5295,1,8,'2010-11-03 11:20:50',107193,'2010-11-03 11:21:00',117538,'2010-11-03 11:21:00',1,0,'0000-00-00 00:00:00',0),(5297,1,5,'2010-11-03 11:21:00',117528,'2010-11-03 11:21:10',136376,'2010-11-03 11:21:10',1,0,'0000-00-00 00:00:00',0),(5299,1,8,'2010-11-03 11:21:00',119161,'2010-11-03 11:21:10',137030,'2010-11-03 11:21:10',1,0,'0000-00-00 00:00:00',0),(5302,1,6,'2010-11-03 11:21:10',136349,'2010-11-03 11:22:10',206631,'2010-11-03 11:22:10',1,0,'0000-00-00 00:00:00',0),(5304,1,10,'2010-11-03 11:21:10',136368,'2010-11-03 11:22:10',207091,'2010-11-03 11:22:10',1,0,'0000-00-00 00:00:00',0),(5306,1,12,'2010-11-03 11:21:10',136968,'2010-11-03 11:26:10',25956,'2010-11-03 11:26:10',0,2,'0000-00-00 00:00:00',0),(5307,1,5,'2010-11-03 11:21:10',137021,'2010-11-03 11:21:20',147072,'2010-11-03 11:21:20',1,0,'0000-00-00 00:00:00',0),(5309,1,8,'2010-11-03 11:21:10',137654,'2010-11-03 11:21:20',147614,'2010-11-03 11:21:20',1,0,'0000-00-00 00:00:00',0),(5311,1,5,'2010-11-03 11:21:20',147604,'2010-11-03 11:21:30',162807,'2010-11-03 11:21:30',1,0,'0000-00-00 00:00:00',0),(5313,1,8,'2010-11-03 11:21:20',148357,'2010-11-03 11:21:30',164379,'2010-11-03 11:21:30',1,0,'0000-00-00 00:00:00',0),(5316,1,0,'2010-11-03 11:21:30',163921,'2010-11-03 11:26:27',52066,'2010-11-03 11:26:27',0,8,'0000-00-00 00:00:00',0),(5317,1,5,'2010-11-03 11:21:30',164367,'2010-11-03 11:21:40',174502,'2010-11-03 11:21:40',1,0,'0000-00-00 00:00:00',0),(5319,1,8,'2010-11-03 11:21:30',165437,'2010-11-03 11:21:40',175024,'2010-11-03 11:21:40',1,0,'0000-00-00 00:00:00',0),(5321,1,5,'2010-11-03 11:21:40',175014,'2010-11-03 11:21:50',185021,'2010-11-03 11:21:50',1,0,'0000-00-00 00:00:00',0),(5323,1,8,'2010-11-03 11:21:40',175508,'2010-11-03 11:21:50',185567,'2010-11-03 11:21:50',1,0,'0000-00-00 00:00:00',0),(5325,1,5,'2010-11-03 11:21:50',185557,'2010-11-03 11:22:00',195979,'2010-11-03 11:22:00',1,0,'0000-00-00 00:00:00',0),(5327,1,8,'2010-11-03 11:21:50',186322,'2010-11-03 11:22:00',196515,'2010-11-03 11:22:00',1,0,'0000-00-00 00:00:00',0),(5329,1,5,'2010-11-03 11:22:00',196504,'2010-11-03 11:22:10',207106,'2010-11-03 11:22:10',1,0,'0000-00-00 00:00:00',0),(5331,1,8,'2010-11-03 11:22:00',197261,'2010-11-03 11:22:10',207143,'2010-11-03 11:22:10',1,0,'0000-00-00 00:00:00',0),(5333,1,6,'2010-11-03 11:22:10',207081,'2010-11-03 11:23:10',40581,'2010-11-03 11:23:10',1,0,'0000-00-00 00:00:00',0),(5335,1,10,'2010-11-03 11:22:10',207098,'2010-11-03 11:23:10',41109,'2010-11-03 11:23:10',1,0,'0000-00-00 00:00:00',0),(5337,1,5,'2010-11-03 11:22:10',207134,'2010-11-03 11:22:20',216336,'2010-11-03 11:22:20',1,0,'0000-00-00 00:00:00',0),(5339,1,8,'2010-11-03 11:22:10',207611,'2010-11-03 11:22:20',216911,'2010-11-03 11:22:20',1,0,'0000-00-00 00:00:00',0),(5341,1,5,'2010-11-03 11:22:20',216900,'2010-11-03 11:22:30',232985,'2010-11-03 11:22:30',1,0,'0000-00-00 00:00:00',0),(5343,1,8,'2010-11-03 11:22:20',217749,'2010-11-03 11:22:30',233737,'2010-11-03 11:22:30',1,0,'0000-00-00 00:00:00',0),(5346,1,5,'2010-11-03 11:22:30',233724,'2010-11-03 11:22:40',515,'2010-11-03 11:22:40',1,0,'0000-00-00 00:00:00',0),(5348,1,8,'2010-11-03 11:22:30',234960,'2010-11-03 11:22:40',2220,'2010-11-03 11:22:40',1,0,'0000-00-00 00:00:00',0),(5351,1,0,'2010-11-03 11:22:40',1744,'2010-11-03 11:27:27',134271,'2010-11-03 11:27:27',0,3,'0000-00-00 00:00:00',0),(5352,1,0,'2010-11-03 11:22:40',2161,'2010-11-03 11:27:31',149153,'2010-11-03 11:27:31',0,9,'0000-00-00 00:00:00',0),(5353,1,5,'2010-11-03 11:22:40',2210,'2010-11-03 11:22:50',13817,'2010-11-03 11:22:50',1,0,'0000-00-00 00:00:00',0),(5355,1,8,'2010-11-03 11:22:40',3337,'2010-11-03 11:22:50',14361,'2010-11-03 11:22:50',1,0,'0000-00-00 00:00:00',0),(5357,1,5,'2010-11-03 11:22:50',14351,'2010-11-03 11:23:00',29041,'2010-11-03 11:23:00',1,0,'0000-00-00 00:00:00',0),(5359,1,8,'2010-11-03 11:22:50',15138,'2010-11-03 11:23:00',30531,'2010-11-03 11:23:00',1,0,'0000-00-00 00:00:00',0),(5362,1,0,'2010-11-03 11:23:00',30193,'2010-11-03 11:27:52',178303,'2010-11-03 11:27:52',0,10,'0000-00-00 00:00:00',0),(5363,1,5,'2010-11-03 11:23:00',30519,'2010-11-03 11:23:10',41125,'2010-11-03 11:23:10',1,0,'0000-00-00 00:00:00',0),(5365,1,8,'2010-11-03 11:23:00',31193,'2010-11-03 11:23:10',41165,'2010-11-03 11:23:10',1,0,'0000-00-00 00:00:00',0),(5367,1,6,'2010-11-03 11:23:10',41099,'2010-11-03 11:24:10',131469,'2010-11-03 11:24:10',1,0,'0000-00-00 00:00:00',0),(5369,1,10,'2010-11-03 11:23:10',41116,'2010-11-03 11:24:10',132090,'2010-11-03 11:24:10',1,0,'0000-00-00 00:00:00',0),(5371,1,5,'2010-11-03 11:23:10',41156,'2010-11-03 11:23:20',56318,'2010-11-03 11:23:20',1,0,'0000-00-00 00:00:00',0),(5373,1,8,'2010-11-03 11:23:10',41883,'2010-11-03 11:23:20',57289,'2010-11-03 11:23:20',1,0,'0000-00-00 00:00:00',0),(5376,1,0,'2010-11-03 11:23:20',57089,'2010-11-03 11:28:14',208092,'2010-11-03 11:28:14',0,6,'0000-00-00 00:00:00',0),(5377,1,5,'2010-11-03 11:23:20',57277,'2010-11-03 11:23:30',67940,'2010-11-03 11:23:30',1,0,'0000-00-00 00:00:00',0),(5379,1,8,'2010-11-03 11:23:20',57720,'2010-11-03 11:23:30',68490,'2010-11-03 11:23:30',1,0,'0000-00-00 00:00:00',0),(5381,1,5,'2010-11-03 11:23:30',68479,'2010-11-03 11:23:40',82080,'2010-11-03 11:23:40',1,0,'0000-00-00 00:00:00',0),(5383,1,8,'2010-11-03 11:23:30',69228,'2010-11-03 11:23:40',83299,'2010-11-03 11:23:40',1,0,'0000-00-00 00:00:00',0),(5386,1,0,'2010-11-03 11:23:40',83010,'2010-11-03 11:28:35',236493,'2010-11-03 11:28:35',0,5,'0000-00-00 00:00:00',0),(5387,1,5,'2010-11-03 11:23:40',83287,'2010-11-03 11:23:50',108886,'2010-11-03 11:23:50',1,0,'0000-00-00 00:00:00',0),(5389,1,8,'2010-11-03 11:23:40',84047,'2010-11-03 11:23:50',110050,'2010-11-03 11:23:50',1,0,'0000-00-00 00:00:00',0),(5392,1,12,'2010-11-03 11:23:50',109989,'2010-11-03 11:28:50',15185,'2010-11-03 11:28:50',0,1,'0000-00-00 00:00:00',0),(5393,1,5,'2010-11-03 11:23:50',110041,'2010-11-03 11:24:00',120793,'2010-11-03 11:24:00',1,0,'0000-00-00 00:00:00',0),(5395,1,8,'2010-11-03 11:23:50',110690,'2010-11-03 11:24:00',121342,'2010-11-03 11:24:00',1,0,'0000-00-00 00:00:00',0),(5397,1,5,'2010-11-03 11:24:00',121331,'2010-11-03 11:24:10',132105,'2010-11-03 11:24:10',1,0,'0000-00-00 00:00:00',0),(5399,1,8,'2010-11-03 11:24:00',121816,'2010-11-03 11:24:10',132142,'2010-11-03 11:24:10',1,0,'0000-00-00 00:00:00',0),(5401,1,6,'2010-11-03 11:24:10',132080,'2010-11-03 11:25:10',206973,'2010-11-03 11:25:10',1,0,'0000-00-00 00:00:00',0),(5403,1,10,'2010-11-03 11:24:10',132097,'2010-11-03 11:25:10',207509,'2010-11-03 11:25:10',1,0,'0000-00-00 00:00:00',0),(5405,1,5,'2010-11-03 11:24:10',132133,'2010-11-03 11:24:20',142921,'2010-11-03 11:24:20',1,0,'0000-00-00 00:00:00',0),(5407,1,8,'2010-11-03 11:24:10',132510,'2010-11-03 11:24:20',143457,'2010-11-03 11:24:20',1,0,'0000-00-00 00:00:00',0),(5409,1,5,'2010-11-03 11:24:20',143447,'2010-11-03 11:24:30',154718,'2010-11-03 11:24:30',1,0,'0000-00-00 00:00:00',0),(5411,1,8,'2010-11-03 11:24:20',144247,'2010-11-03 11:24:30',155316,'2010-11-03 11:24:30',1,0,'0000-00-00 00:00:00',0),(5413,1,5,'2010-11-03 11:24:30',155305,'2010-11-03 11:24:40',165545,'2010-11-03 11:24:40',1,0,'0000-00-00 00:00:00',0),(5415,1,8,'2010-11-03 11:24:30',156089,'2010-11-03 11:24:40',166098,'2010-11-03 11:24:40',1,0,'0000-00-00 00:00:00',0),(5417,1,5,'2010-11-03 11:24:40',166087,'2010-11-03 11:24:50',176487,'2010-11-03 11:24:50',1,0,'0000-00-00 00:00:00',0),(5419,1,8,'2010-11-03 11:24:40',166884,'2010-11-03 11:24:50',177059,'2010-11-03 11:24:50',1,0,'0000-00-00 00:00:00',0),(5421,1,5,'2010-11-03 11:24:50',177048,'2010-11-03 11:25:00',188851,'2010-11-03 11:25:00',1,0,'0000-00-00 00:00:00',0),(5423,1,8,'2010-11-03 11:24:50',178340,'2010-11-03 11:25:00',189386,'2010-11-03 11:25:00',1,0,'0000-00-00 00:00:00',0),(5425,1,5,'2010-11-03 11:25:00',189376,'2010-11-03 11:25:10',207524,'2010-11-03 11:25:10',1,0,'0000-00-00 00:00:00',0),(5427,1,8,'2010-11-03 11:25:00',191027,'2010-11-03 11:25:10',208413,'2010-11-03 11:25:10',1,0,'0000-00-00 00:00:00',0),(5430,1,6,'2010-11-03 11:25:10',207498,'2010-11-03 11:26:10',24634,'2010-11-03 11:26:10',1,0,'0000-00-00 00:00:00',0),(5432,1,10,'2010-11-03 11:25:10',207517,'2010-11-03 11:26:10',25148,'2010-11-03 11:26:10',1,0,'0000-00-00 00:00:00',0),(5434,1,0,'2010-11-03 11:25:10',208109,'2010-11-03 11:30:01',107018,'2010-11-03 11:30:01',0,7,'0000-00-00 00:00:00',0),(5435,1,5,'2010-11-03 11:25:10',208402,'2010-11-03 11:25:20',219717,'2010-11-03 11:25:20',1,0,'0000-00-00 00:00:00',0),(5437,1,8,'2010-11-03 11:25:10',209093,'2010-11-03 11:25:20',220264,'2010-11-03 11:25:20',1,0,'0000-00-00 00:00:00',0),(5439,1,5,'2010-11-03 11:25:20',220254,'2010-11-03 11:25:30',230908,'2010-11-03 11:25:30',1,0,'0000-00-00 00:00:00',0),(5441,1,8,'2010-11-03 11:25:20',221085,'2010-11-03 11:25:30',231443,'2010-11-03 11:25:30',1,0,'0000-00-00 00:00:00',0),(5443,1,5,'2010-11-03 11:25:30',231433,'2010-11-03 11:25:40',241914,'2010-11-03 11:25:40',1,0,'0000-00-00 00:00:00',0),(5445,1,8,'2010-11-03 11:25:30',232431,'2010-11-03 11:25:40',242778,'2010-11-03 11:25:40',1,0,'0000-00-00 00:00:00',0),(5447,1,5,'2010-11-03 11:25:40',242767,'2010-11-03 11:25:50',3095,'2010-11-03 11:25:50',1,0,'0000-00-00 00:00:00',0),(5449,1,8,'2010-11-03 11:25:40',243374,'2010-11-03 11:25:50',3666,'2010-11-03 11:25:50',1,0,'0000-00-00 00:00:00',0),(5451,1,5,'2010-11-03 11:25:50',3655,'2010-11-03 11:26:00',14039,'2010-11-03 11:26:00',1,0,'0000-00-00 00:00:00',0),(5453,1,8,'2010-11-03 11:25:50',4403,'2010-11-03 11:26:00',14566,'2010-11-03 11:26:00',1,0,'0000-00-00 00:00:00',0),(5455,1,5,'2010-11-03 11:26:00',14556,'2010-11-03 11:26:10',25163,'2010-11-03 11:26:10',1,0,'0000-00-00 00:00:00',0),(5457,1,8,'2010-11-03 11:26:00',15973,'2010-11-03 11:26:10',25200,'2010-11-03 11:26:10',1,0,'0000-00-00 00:00:00',0),(5459,1,6,'2010-11-03 11:26:10',25138,'2010-11-03 11:27:10',114637,'2010-11-03 11:27:10',1,0,'0000-00-00 00:00:00',0),(5461,1,10,'2010-11-03 11:26:10',25155,'2010-11-03 11:27:10',115165,'2010-11-03 11:27:10',1,0,'0000-00-00 00:00:00',0),(5463,1,5,'2010-11-03 11:26:10',25191,'2010-11-03 11:26:20',43429,'2010-11-03 11:26:20',1,0,'0000-00-00 00:00:00',0),(5465,1,8,'2010-11-03 11:26:10',25945,'2010-11-03 11:26:20',44574,'2010-11-03 11:26:20',1,0,'0000-00-00 00:00:00',0),(5468,1,12,'2010-11-03 11:26:20',44513,'2010-11-03 11:31:20',219296,'2010-11-03 11:31:20',0,2,'0000-00-00 00:00:00',0),(5469,1,5,'2010-11-03 11:26:20',44565,'2010-11-03 11:26:30',65839,'2010-11-03 11:26:30',1,0,'0000-00-00 00:00:00',0),(5471,1,8,'2010-11-03 11:26:20',45258,'2010-11-03 11:26:30',67047,'2010-11-03 11:26:30',1,0,'0000-00-00 00:00:00',0),(5474,1,0,'2010-11-03 11:26:30',66958,'2010-11-03 11:31:27',232825,'2010-11-03 11:31:27',0,8,'0000-00-00 00:00:00',0),(5475,1,5,'2010-11-03 11:26:30',67036,'2010-11-03 11:26:40',76769,'2010-11-03 11:26:40',1,0,'0000-00-00 00:00:00',0),(5477,1,8,'2010-11-03 11:26:30',67314,'2010-11-03 11:26:40',77391,'2010-11-03 11:26:40',1,0,'0000-00-00 00:00:00',0),(5479,1,5,'2010-11-03 11:26:40',77381,'2010-11-03 11:26:50',93272,'2010-11-03 11:26:50',1,0,'0000-00-00 00:00:00',0),(5481,1,8,'2010-11-03 11:26:40',82949,'2010-11-03 11:26:50',93828,'2010-11-03 11:26:50',1,0,'0000-00-00 00:00:00',0),(5483,1,5,'2010-11-03 11:26:50',93818,'2010-11-03 11:27:00',103856,'2010-11-03 11:27:00',1,0,'0000-00-00 00:00:00',0),(5485,1,8,'2010-11-03 11:26:50',94140,'2010-11-03 11:27:00',104371,'2010-11-03 11:27:00',1,0,'0000-00-00 00:00:00',0),(5487,1,5,'2010-11-03 11:27:00',104360,'2010-11-03 11:27:10',115180,'2010-11-03 11:27:10',1,0,'0000-00-00 00:00:00',0),(5489,1,8,'2010-11-03 11:27:00',105110,'2010-11-03 11:27:10',115217,'2010-11-03 11:27:10',1,0,'0000-00-00 00:00:00',0),(5491,1,6,'2010-11-03 11:27:10',115155,'2010-11-03 11:28:10',202683,'2010-11-03 11:28:10',1,0,'0000-00-00 00:00:00',0),(5493,1,10,'2010-11-03 11:27:10',115172,'2010-11-03 11:28:10',203186,'2010-11-03 11:28:10',1,0,'0000-00-00 00:00:00',0),(5495,1,5,'2010-11-03 11:27:10',115207,'2010-11-03 11:27:20',126224,'2010-11-03 11:27:20',1,0,'0000-00-00 00:00:00',0),(5497,1,8,'2010-11-03 11:27:10',115948,'2010-11-03 11:27:20',126800,'2010-11-03 11:27:20',1,0,'0000-00-00 00:00:00',0),(5499,1,5,'2010-11-03 11:27:20',126789,'2010-11-03 11:27:30',143814,'2010-11-03 11:27:30',1,0,'0000-00-00 00:00:00',0),(5501,1,8,'2010-11-03 11:27:20',127547,'2010-11-03 11:27:30',144561,'2010-11-03 11:27:30',1,0,'0000-00-00 00:00:00',0),(5504,1,5,'2010-11-03 11:27:30',144549,'2010-11-03 11:27:40',162379,'2010-11-03 11:27:40',1,0,'0000-00-00 00:00:00',0),(5506,1,8,'2010-11-03 11:27:30',145904,'2010-11-03 11:27:40',164101,'2010-11-03 11:27:40',1,0,'0000-00-00 00:00:00',0),(5509,1,0,'2010-11-03 11:27:40',163636,'2010-11-03 11:32:27',84644,'2010-11-03 11:32:27',0,3,'0000-00-00 00:00:00',0),(5510,1,0,'2010-11-03 11:27:40',164043,'2010-11-03 11:32:31',97078,'2010-11-03 11:32:31',0,9,'0000-00-00 00:00:00',0),(5511,1,5,'2010-11-03 11:27:40',164092,'2010-11-03 11:27:50',175190,'2010-11-03 11:27:50',1,0,'0000-00-00 00:00:00',0),(5513,1,8,'2010-11-03 11:27:40',165406,'2010-11-03 11:27:50',175764,'2010-11-03 11:27:50',1,0,'0000-00-00 00:00:00',0),(5515,1,5,'2010-11-03 11:27:50',175753,'2010-11-03 11:28:00',191233,'2010-11-03 11:28:00',1,0,'0000-00-00 00:00:00',0),(5517,1,8,'2010-11-03 11:27:50',176567,'2010-11-03 11:28:00',192701,'2010-11-03 11:28:00',1,0,'0000-00-00 00:00:00',0),(5520,1,0,'2010-11-03 11:28:00',192423,'2010-11-03 11:32:52',130985,'2010-11-03 11:32:52',0,10,'0000-00-00 00:00:00',0),(5521,1,5,'2010-11-03 11:28:00',192690,'2010-11-03 11:28:10',203201,'2010-11-03 11:28:10',1,0,'0000-00-00 00:00:00',0),(5523,1,8,'2010-11-03 11:28:00',193591,'2010-11-03 11:28:10',203242,'2010-11-03 11:28:10',1,0,'0000-00-00 00:00:00',0),(5525,1,6,'2010-11-03 11:28:10',203176,'2010-11-03 11:29:10',42912,'2010-11-03 11:29:10',1,0,'0000-00-00 00:00:00',0),(5527,1,10,'2010-11-03 11:28:10',203193,'2010-11-03 11:29:10',43420,'2010-11-03 11:29:10',1,0,'0000-00-00 00:00:00',0),(5529,1,5,'2010-11-03 11:28:10',203233,'2010-11-03 11:28:20',219343,'2010-11-03 11:28:20',1,0,'0000-00-00 00:00:00',0),(5531,1,8,'2010-11-03 11:28:10',204029,'2010-11-03 11:28:20',220114,'2010-11-03 11:28:20',1,0,'0000-00-00 00:00:00',0),(5534,1,0,'2010-11-03 11:28:20',220032,'2010-11-03 11:33:14',160145,'2010-11-03 11:33:14',0,6,'0000-00-00 00:00:00',0),(5535,1,5,'2010-11-03 11:28:20',220103,'2010-11-03 11:28:30',230395,'2010-11-03 11:28:30',1,0,'0000-00-00 00:00:00',0),(5537,1,8,'2010-11-03 11:28:20',220701,'2010-11-03 11:28:30',230898,'2010-11-03 11:28:30',1,0,'0000-00-00 00:00:00',0),(5539,1,5,'2010-11-03 11:28:30',230888,'2010-11-03 11:28:40',247114,'2010-11-03 11:28:40',1,0,'0000-00-00 00:00:00',0),(5541,1,8,'2010-11-03 11:28:30',231772,'2010-11-03 11:28:40',248528,'2010-11-03 11:28:40',1,0,'0000-00-00 00:00:00',0),(5544,1,0,'2010-11-03 11:28:40',248255,'2010-11-03 11:33:35',189178,'2010-11-03 11:33:35',0,5,'0000-00-00 00:00:00',0),(5545,1,5,'2010-11-03 11:28:40',248517,'2010-11-03 11:28:50',8879,'2010-11-03 11:28:50',1,0,'0000-00-00 00:00:00',0),(5547,1,8,'2010-11-03 11:28:40',248971,'2010-11-03 11:28:50',9514,'2010-11-03 11:28:50',1,0,'0000-00-00 00:00:00',0),(5549,1,5,'2010-11-03 11:28:50',9504,'2010-11-03 11:29:00',31407,'2010-11-03 11:29:00',1,0,'0000-00-00 00:00:00',0),(5551,1,8,'2010-11-03 11:28:50',15171,'2010-11-03 11:29:00',32874,'2010-11-03 11:29:00',1,0,'0000-00-00 00:00:00',0),(5554,1,12,'2010-11-03 11:29:00',32630,'2010-11-03 11:34:00',223985,'2010-11-03 11:34:00',0,1,'0000-00-00 00:00:00',0),(5555,1,5,'2010-11-03 11:29:00',32864,'2010-11-03 11:29:10',43435,'2010-11-03 11:29:10',1,0,'0000-00-00 00:00:00',0),(5557,1,8,'2010-11-03 11:29:00',33803,'2010-11-03 11:29:10',43485,'2010-11-03 11:29:10',1,0,'0000-00-00 00:00:00',0),(5559,1,6,'2010-11-03 11:29:10',43410,'2010-11-03 11:30:10',122528,'2010-11-03 11:30:10',1,0,'0000-00-00 00:00:00',0),(5561,1,10,'2010-11-03 11:29:10',43427,'2010-11-03 11:30:10',123107,'2010-11-03 11:30:10',1,0,'0000-00-00 00:00:00',0),(5563,1,5,'2010-11-03 11:29:10',43475,'2010-11-03 11:29:20',54194,'2010-11-03 11:29:20',1,0,'0000-00-00 00:00:00',0),(5565,1,8,'2010-11-03 11:29:10',44234,'2010-11-03 11:29:20',54776,'2010-11-03 11:29:20',1,0,'0000-00-00 00:00:00',0),(5567,1,5,'2010-11-03 11:29:20',54766,'2010-11-03 11:29:30',65648,'2010-11-03 11:29:30',1,0,'0000-00-00 00:00:00',0),(5569,1,8,'2010-11-03 11:29:20',55695,'2010-11-03 11:29:30',66170,'2010-11-03 11:29:30',1,0,'0000-00-00 00:00:00',0),(5571,1,5,'2010-11-03 11:29:30',66159,'2010-11-03 11:29:40',76571,'2010-11-03 11:29:40',1,0,'0000-00-00 00:00:00',0),(5573,1,8,'2010-11-03 11:29:30',67135,'2010-11-03 11:29:40',77095,'2010-11-03 11:29:40',1,0,'0000-00-00 00:00:00',0),(5575,1,5,'2010-11-03 11:29:40',77085,'2010-11-03 11:29:50',87885,'2010-11-03 11:29:50',1,0,'0000-00-00 00:00:00',0),(5577,1,8,'2010-11-03 11:29:40',77834,'2010-11-03 11:29:50',88490,'2010-11-03 11:29:50',1,0,'0000-00-00 00:00:00',0),(5579,1,5,'2010-11-03 11:29:50',88480,'2010-11-03 11:30:00',104537,'2010-11-03 11:30:00',1,0,'0000-00-00 00:00:00',0),(5581,1,8,'2010-11-03 11:29:50',94563,'2010-11-03 11:30:00',105057,'2010-11-03 11:30:00',1,0,'0000-00-00 00:00:00',0),(5583,1,5,'2010-11-03 11:30:00',105046,'2010-11-03 11:30:10',123122,'2010-11-03 11:30:10',1,0,'0000-00-00 00:00:00',0),(5585,1,8,'2010-11-03 11:30:00',106225,'2010-11-03 11:30:10',123510,'2010-11-03 11:30:10',1,0,'0000-00-00 00:00:00',0),(5588,1,6,'2010-11-03 11:30:10',123095,'2010-11-03 11:31:10',205137,'2010-11-03 11:31:10',1,0,'0000-00-00 00:00:00',0),(5590,1,10,'2010-11-03 11:30:10',123114,'2010-11-03 11:31:10',206526,'2010-11-03 11:31:10',1,0,'0000-00-00 00:00:00',0),(5592,1,0,'2010-11-03 11:30:10',123317,'2010-11-03 11:35:01',49129,'2010-11-03 11:35:01',0,7,'0000-00-00 00:00:00',0),(5593,1,5,'2010-11-03 11:30:10',123499,'2010-11-03 11:30:20',134496,'2010-11-03 11:30:20',1,0,'0000-00-00 00:00:00',0),(5595,1,8,'2010-11-03 11:30:10',124248,'2010-11-03 11:30:20',135107,'2010-11-03 11:30:20',1,0,'0000-00-00 00:00:00',0),(5597,1,5,'2010-11-03 11:30:20',135097,'2010-11-03 11:30:30',153218,'2010-11-03 11:30:30',1,0,'0000-00-00 00:00:00',0),(5599,1,8,'2010-11-03 11:30:20',143328,'2010-11-03 11:30:30',153763,'2010-11-03 11:30:30',1,0,'0000-00-00 00:00:00',0),(5601,1,5,'2010-11-03 11:30:30',153753,'2010-11-03 11:30:40',164325,'2010-11-03 11:30:40',1,0,'0000-00-00 00:00:00',0),(5603,1,8,'2010-11-03 11:30:30',154739,'2010-11-03 11:30:40',164859,'2010-11-03 11:30:40',1,0,'0000-00-00 00:00:00',0),(5605,1,5,'2010-11-03 11:30:40',164849,'2010-11-03 11:30:50',175734,'2010-11-03 11:30:50',1,0,'0000-00-00 00:00:00',0),(5607,1,8,'2010-11-03 11:30:40',165600,'2010-11-03 11:30:50',176278,'2010-11-03 11:30:50',1,0,'0000-00-00 00:00:00',0),(5609,1,5,'2010-11-03 11:30:50',176268,'2010-11-03 11:31:00',187895,'2010-11-03 11:31:00',1,0,'0000-00-00 00:00:00',0),(5611,1,8,'2010-11-03 11:30:50',177601,'2010-11-03 11:31:00',188547,'2010-11-03 11:31:00',1,0,'0000-00-00 00:00:00',0),(5613,1,5,'2010-11-03 11:31:00',188537,'2010-11-03 11:31:10',206542,'2010-11-03 11:31:10',1,0,'0000-00-00 00:00:00',0),(5615,1,8,'2010-11-03 11:31:00',195328,'2010-11-03 11:31:10',206579,'2010-11-03 11:31:10',1,0,'0000-00-00 00:00:00',0),(5617,1,6,'2010-11-03 11:31:10',206515,'2010-11-03 11:32:10',59665,'2010-11-03 11:32:10',1,0,'0000-00-00 00:00:00',0),(5619,1,10,'2010-11-03 11:31:10',206534,'2010-11-03 11:32:10',60474,'2010-11-03 11:32:10',1,0,'0000-00-00 00:00:00',0),(5621,1,5,'2010-11-03 11:31:10',206570,'2010-11-03 11:31:20',217288,'2010-11-03 11:31:20',1,0,'0000-00-00 00:00:00',0),(5623,1,8,'2010-11-03 11:31:10',207058,'2010-11-03 11:31:20',217818,'2010-11-03 11:31:20',1,0,'0000-00-00 00:00:00',0),(5625,1,5,'2010-11-03 11:31:20',217807,'2010-11-03 11:31:30',240101,'2010-11-03 11:31:30',1,0,'0000-00-00 00:00:00',0),(5627,1,8,'2010-11-03 11:31:20',219285,'2010-11-03 11:31:30',241756,'2010-11-03 11:31:30',1,0,'0000-00-00 00:00:00',0),(5631,1,12,'2010-11-03 11:31:30',241290,'2010-11-03 11:36:30',166664,'2010-11-03 11:36:30',0,2,'0000-00-00 00:00:00',0),(5632,1,0,'2010-11-03 11:31:30',241687,'2010-11-03 11:36:27',153653,'2010-11-03 11:36:27',0,8,'0000-00-00 00:00:00',0),(5633,1,5,'2010-11-03 11:31:30',241746,'2010-11-03 11:31:40',10310,'2010-11-03 11:31:40',1,0,'0000-00-00 00:00:00',0),(5635,1,8,'2010-11-03 11:31:30',250675,'2010-11-03 11:31:40',10858,'2010-11-03 11:31:40',1,0,'0000-00-00 00:00:00',0),(5637,1,5,'2010-11-03 11:31:40',10848,'2010-11-03 11:31:50',21611,'2010-11-03 11:31:50',1,0,'0000-00-00 00:00:00',0),(5639,1,8,'2010-11-03 11:31:40',11660,'2010-11-03 11:31:50',22700,'2010-11-03 11:31:50',1,0,'0000-00-00 00:00:00',0),(5641,1,5,'2010-11-03 11:31:50',22689,'2010-11-03 11:32:00',34287,'2010-11-03 11:32:00',1,0,'0000-00-00 00:00:00',0),(5643,1,8,'2010-11-03 11:31:50',23479,'2010-11-03 11:32:00',34909,'2010-11-03 11:32:00',1,0,'0000-00-00 00:00:00',0),(5645,1,5,'2010-11-03 11:32:00',34898,'2010-11-03 11:32:10',60489,'2010-11-03 11:32:10',1,0,'0000-00-00 00:00:00',0),(5647,1,8,'2010-11-03 11:32:00',35502,'2010-11-03 11:32:10',60529,'2010-11-03 11:32:10',1,0,'0000-00-00 00:00:00',0),(5649,1,6,'2010-11-03 11:32:10',60462,'2010-11-03 11:33:10',154760,'2010-11-03 11:33:10',1,0,'0000-00-00 00:00:00',0),(5651,1,10,'2010-11-03 11:32:10',60481,'2010-11-03 11:33:10',155299,'2010-11-03 11:33:10',1,0,'0000-00-00 00:00:00',0),(5653,1,5,'2010-11-03 11:32:10',60520,'2010-11-03 11:32:20',76738,'2010-11-03 11:32:20',1,0,'0000-00-00 00:00:00',0),(5655,1,8,'2010-11-03 11:32:10',66559,'2010-11-03 11:32:20',77236,'2010-11-03 11:32:20',1,0,'0000-00-00 00:00:00',0),(5657,1,5,'2010-11-03 11:32:20',77226,'2010-11-03 11:32:30',94118,'2010-11-03 11:32:30',1,0,'0000-00-00 00:00:00',0),(5659,1,8,'2010-11-03 11:32:20',78109,'2010-11-03 11:32:30',94847,'2010-11-03 11:32:30',1,0,'0000-00-00 00:00:00',0),(5662,1,5,'2010-11-03 11:32:30',94835,'2010-11-03 11:32:40',114819,'2010-11-03 11:32:40',1,0,'0000-00-00 00:00:00',0),(5664,1,8,'2010-11-03 11:32:30',96243,'2010-11-03 11:32:40',116629,'2010-11-03 11:32:40',1,0,'0000-00-00 00:00:00',0),(5667,1,0,'2010-11-03 11:32:40',116017,'2010-11-03 11:37:27',240923,'2010-11-03 11:37:27',0,3,'0000-00-00 00:00:00',0),(5668,1,0,'2010-11-03 11:32:40',116572,'2010-11-03 11:37:31',5652,'2010-11-03 11:37:31',0,9,'0000-00-00 00:00:00',0),(5669,1,5,'2010-11-03 11:32:40',116620,'2010-11-03 11:32:50',127780,'2010-11-03 11:32:50',1,0,'0000-00-00 00:00:00',0),(5671,1,8,'2010-11-03 11:32:40',117715,'2010-11-03 11:32:50',128343,'2010-11-03 11:32:50',1,0,'0000-00-00 00:00:00',0),(5673,1,5,'2010-11-03 11:32:50',128333,'2010-11-03 11:33:00',143051,'2010-11-03 11:33:00',1,0,'0000-00-00 00:00:00',0),(5675,1,8,'2010-11-03 11:32:50',129198,'2010-11-03 11:33:00',144455,'2010-11-03 11:33:00',1,0,'0000-00-00 00:00:00',0),(5678,1,0,'2010-11-03 11:33:00',144185,'2010-11-03 11:37:52',44446,'2010-11-03 11:37:52',0,10,'0000-00-00 00:00:00',0),(5679,1,5,'2010-11-03 11:33:00',144443,'2010-11-03 11:33:10',155314,'2010-11-03 11:33:10',1,0,'0000-00-00 00:00:00',0),(5681,1,8,'2010-11-03 11:33:00',145366,'2010-11-03 11:33:10',155466,'2010-11-03 11:33:10',1,0,'0000-00-00 00:00:00',0),(5683,1,6,'2010-11-03 11:33:10',155289,'2010-11-03 11:34:10',239992,'2010-11-03 11:34:10',1,0,'0000-00-00 00:00:00',0),(5685,1,10,'2010-11-03 11:33:10',155306,'2010-11-03 11:34:10',240569,'2010-11-03 11:34:10',1,0,'0000-00-00 00:00:00',0),(5687,1,5,'2010-11-03 11:33:10',155455,'2010-11-03 11:33:20',171291,'2010-11-03 11:33:20',1,0,'0000-00-00 00:00:00',0),(5689,1,8,'2010-11-03 11:33:10',156159,'2010-11-03 11:33:20',172667,'2010-11-03 11:33:20',1,0,'0000-00-00 00:00:00',0),(5692,1,0,'2010-11-03 11:33:20',172396,'2010-11-03 11:38:14',74500,'2010-11-03 11:38:14',0,6,'0000-00-00 00:00:00',0),(5693,1,5,'2010-11-03 11:33:20',172655,'2010-11-03 11:33:30',183580,'2010-11-03 11:33:30',1,0,'0000-00-00 00:00:00',0),(5695,1,8,'2010-11-03 11:33:20',173558,'2010-11-03 11:33:30',184098,'2010-11-03 11:33:30',1,0,'0000-00-00 00:00:00',0),(5697,1,5,'2010-11-03 11:33:30',184088,'2010-11-03 11:33:40',199622,'2010-11-03 11:33:40',1,0,'0000-00-00 00:00:00',0),(5699,1,8,'2010-11-03 11:33:30',184950,'2010-11-03 11:33:40',200541,'2010-11-03 11:33:40',1,0,'0000-00-00 00:00:00',0),(5702,1,0,'2010-11-03 11:33:40',200465,'2010-11-03 11:38:35',103511,'2010-11-03 11:38:35',0,5,'0000-00-00 00:00:00',0),(5703,1,5,'2010-11-03 11:33:40',200530,'2010-11-03 11:33:50',211329,'2010-11-03 11:33:50',1,0,'0000-00-00 00:00:00',0),(5705,1,8,'2010-11-03 11:33:40',201149,'2010-11-03 11:33:50',211895,'2010-11-03 11:33:50',1,0,'0000-00-00 00:00:00',0),(5707,1,5,'2010-11-03 11:33:50',211884,'2010-11-03 11:34:00',222613,'2010-11-03 11:34:00',1,0,'0000-00-00 00:00:00',0),(5709,1,8,'2010-11-03 11:33:50',212734,'2010-11-03 11:34:00',223157,'2010-11-03 11:34:00',1,0,'0000-00-00 00:00:00',0),(5711,1,5,'2010-11-03 11:34:00',223146,'2010-11-03 11:34:10',240585,'2010-11-03 11:34:10',1,0,'0000-00-00 00:00:00',0),(5713,1,8,'2010-11-03 11:34:00',223975,'2010-11-03 11:34:10',241247,'2010-11-03 11:34:10',1,0,'0000-00-00 00:00:00',0),(5716,1,6,'2010-11-03 11:34:10',240558,'2010-11-03 11:35:10',64185,'2010-11-03 11:35:10',1,0,'0000-00-00 00:00:00',0),(5718,1,10,'2010-11-03 11:34:10',240576,'2010-11-03 11:35:10',64688,'2010-11-03 11:35:10',1,0,'0000-00-00 00:00:00',0),(5720,1,12,'2010-11-03 11:34:10',241185,'2010-11-03 11:39:10',157354,'2010-11-03 11:39:10',0,1,'0000-00-00 00:00:00',0),(5721,1,5,'2010-11-03 11:34:10',241237,'2010-11-03 11:34:20',1685,'2010-11-03 11:34:20',1,0,'0000-00-00 00:00:00',0),(5723,1,8,'2010-11-03 11:34:10',241868,'2010-11-03 11:34:20',2248,'2010-11-03 11:34:20',1,0,'0000-00-00 00:00:00',0),(5725,1,5,'2010-11-03 11:34:20',2237,'2010-11-03 11:34:30',13438,'2010-11-03 11:34:30',1,0,'0000-00-00 00:00:00',0),(5727,1,8,'2010-11-03 11:34:20',2567,'2010-11-03 11:34:30',14078,'2010-11-03 11:34:30',1,0,'0000-00-00 00:00:00',0),(5729,1,5,'2010-11-03 11:34:30',14067,'2010-11-03 11:34:40',24378,'2010-11-03 11:34:40',1,0,'0000-00-00 00:00:00',0),(5731,1,8,'2010-11-03 11:34:30',14459,'2010-11-03 11:34:40',24911,'2010-11-03 11:34:40',1,0,'0000-00-00 00:00:00',0),(5733,1,5,'2010-11-03 11:34:40',24901,'2010-11-03 11:34:50',35941,'2010-11-03 11:34:50',1,0,'0000-00-00 00:00:00',0),(5735,1,8,'2010-11-03 11:34:40',25909,'2010-11-03 11:34:50',36500,'2010-11-03 11:34:50',1,0,'0000-00-00 00:00:00',0),(5737,1,5,'2010-11-03 11:34:50',36490,'2010-11-03 11:35:00',46800,'2010-11-03 11:35:00',1,0,'0000-00-00 00:00:00',0),(5739,1,8,'2010-11-03 11:34:50',36830,'2010-11-03 11:35:00',47334,'2010-11-03 11:35:00',1,0,'0000-00-00 00:00:00',0),(5741,1,5,'2010-11-03 11:35:00',47324,'2010-11-03 11:35:10',64703,'2010-11-03 11:35:10',1,0,'0000-00-00 00:00:00',0),(5743,1,8,'2010-11-03 11:35:00',48285,'2010-11-03 11:35:10',65095,'2010-11-03 11:35:10',1,0,'0000-00-00 00:00:00',0),(5746,1,6,'2010-11-03 11:35:10',64677,'2010-11-03 11:36:10',132455,'2010-11-03 11:36:10',1,0,'0000-00-00 00:00:00',0),(5748,1,10,'2010-11-03 11:35:10',64695,'2010-11-03 11:36:10',132979,'2010-11-03 11:36:10',1,0,'0000-00-00 00:00:00',0),(5750,1,0,'2010-11-03 11:35:10',64996,'2010-11-03 11:40:01',227837,'2010-11-03 11:40:01',0,7,'0000-00-00 00:00:00',0),(5751,1,5,'2010-11-03 11:35:10',65084,'2010-11-03 11:35:20',75195,'2010-11-03 11:35:20',1,0,'0000-00-00 00:00:00',0),(5753,1,8,'2010-11-03 11:35:10',65365,'2010-11-03 11:35:20',75732,'2010-11-03 11:35:20',1,0,'0000-00-00 00:00:00',0),(5755,1,5,'2010-11-03 11:35:20',75722,'2010-11-03 11:35:30',86581,'2010-11-03 11:35:30',1,0,'0000-00-00 00:00:00',0),(5757,1,8,'2010-11-03 11:35:20',76484,'2010-11-03 11:35:30',87151,'2010-11-03 11:35:30',1,0,'0000-00-00 00:00:00',0),(5759,1,5,'2010-11-03 11:35:30',87141,'2010-11-03 11:35:40',97647,'2010-11-03 11:35:40',1,0,'0000-00-00 00:00:00',0),(5761,1,8,'2010-11-03 11:35:30',87915,'2010-11-03 11:35:40',98200,'2010-11-03 11:35:40',1,0,'0000-00-00 00:00:00',0),(5763,1,5,'2010-11-03 11:35:40',98189,'2010-11-03 11:35:50',108799,'2010-11-03 11:35:50',1,0,'0000-00-00 00:00:00',0),(5765,1,8,'2010-11-03 11:35:40',98990,'2010-11-03 11:35:50',109341,'2010-11-03 11:35:50',1,0,'0000-00-00 00:00:00',0),(5767,1,5,'2010-11-03 11:35:50',109331,'2010-11-03 11:36:00',120854,'2010-11-03 11:36:00',1,0,'0000-00-00 00:00:00',0),(5769,1,8,'2010-11-03 11:35:50',110605,'2010-11-03 11:36:00',121397,'2010-11-03 11:36:00',1,0,'0000-00-00 00:00:00',0),(5771,1,5,'2010-11-03 11:36:00',121387,'2010-11-03 11:36:10',132994,'2010-11-03 11:36:10',1,0,'0000-00-00 00:00:00',0),(5773,1,8,'2010-11-03 11:36:00',122795,'2010-11-03 11:36:10',133030,'2010-11-03 11:36:10',1,0,'0000-00-00 00:00:00',0),(5775,1,6,'2010-11-03 11:36:10',132969,'2010-11-03 11:37:10',221816,'2010-11-03 11:37:10',1,0,'0000-00-00 00:00:00',0),(5777,1,10,'2010-11-03 11:36:10',132986,'2010-11-03 11:37:10',221831,'2010-11-03 11:37:10',1,0,'0000-00-00 00:00:00',0),(5779,1,5,'2010-11-03 11:36:10',133022,'2010-11-03 11:36:20',144626,'2010-11-03 11:36:20',1,0,'0000-00-00 00:00:00',0),(5781,1,8,'2010-11-03 11:36:10',134367,'2010-11-03 11:36:20',145173,'2010-11-03 11:36:20',1,0,'0000-00-00 00:00:00',0),(5783,1,5,'2010-11-03 11:36:20',145163,'2010-11-03 11:36:30',163859,'2010-11-03 11:36:30',1,0,'0000-00-00 00:00:00',0),(5785,1,8,'2010-11-03 11:36:20',146608,'2010-11-03 11:36:30',165470,'2010-11-03 11:36:30',1,0,'0000-00-00 00:00:00',0),(5788,1,0,'2010-11-03 11:36:30',165018,'2010-11-03 11:41:27',100938,'2010-11-03 11:41:27',0,8,'0000-00-00 00:00:00',0),(5789,1,5,'2010-11-03 11:36:30',165458,'2010-11-03 11:36:40',186348,'2010-11-03 11:36:40',1,0,'0000-00-00 00:00:00',0),(5791,1,8,'2010-11-03 11:36:30',166653,'2010-11-03 11:36:40',187559,'2010-11-03 11:36:40',1,0,'0000-00-00 00:00:00',0),(5794,1,12,'2010-11-03 11:36:40',187497,'2010-11-03 11:41:40',126818,'2010-11-03 11:41:40',0,2,'0000-00-00 00:00:00',0),(5795,1,5,'2010-11-03 11:36:40',187550,'2010-11-03 11:36:50',198031,'2010-11-03 11:36:50',1,0,'0000-00-00 00:00:00',0),(5797,1,8,'2010-11-03 11:36:40',188181,'2010-11-03 11:36:50',198583,'2010-11-03 11:36:50',1,0,'0000-00-00 00:00:00',0),(5799,1,5,'2010-11-03 11:36:50',198573,'2010-11-03 11:37:00',209044,'2010-11-03 11:37:00',1,0,'0000-00-00 00:00:00',0),(5801,1,8,'2010-11-03 11:36:50',199195,'2010-11-03 11:37:00',209579,'2010-11-03 11:37:00',1,0,'0000-00-00 00:00:00',0),(5803,1,5,'2010-11-03 11:37:00',209569,'2010-11-03 11:37:10',221845,'2010-11-03 11:37:10',1,0,'0000-00-00 00:00:00',0),(5805,1,8,'2010-11-03 11:37:00',210359,'2010-11-03 11:37:10',221873,'2010-11-03 11:37:10',1,0,'0000-00-00 00:00:00',0),(5807,1,7,'2010-11-03 11:37:10',221802,'2010-11-03 12:37:10',148347,'2010-11-03 12:37:10',1,0,'0000-00-00 00:00:00',0),(5809,1,6,'2010-11-03 11:37:10',221823,'2010-11-03 11:38:10',69165,'2010-11-03 11:38:10',1,0,'0000-00-00 00:00:00',0),(5811,1,10,'2010-11-03 11:37:10',221837,'2010-11-03 11:38:10',69661,'2010-11-03 11:38:10',1,0,'0000-00-00 00:00:00',0),(5813,1,5,'2010-11-03 11:37:10',221864,'2010-11-03 11:37:20',232513,'2010-11-03 11:37:20',1,0,'0000-00-00 00:00:00',0),(5815,1,8,'2010-11-03 11:37:10',222731,'2010-11-03 11:37:20',233084,'2010-11-03 11:37:20',1,0,'0000-00-00 00:00:00',0),(5817,1,5,'2010-11-03 11:37:20',233073,'2010-11-03 11:37:30',248929,'2010-11-03 11:37:30',1,0,'0000-00-00 00:00:00',0),(5819,1,8,'2010-11-03 11:37:20',233916,'2010-11-03 11:37:30',249617,'2010-11-03 11:37:30',1,0,'0000-00-00 00:00:00',0),(5822,1,5,'2010-11-03 11:37:30',249606,'2010-11-03 11:37:40',21440,'2010-11-03 11:37:40',1,0,'0000-00-00 00:00:00',0),(5824,1,8,'2010-11-03 11:37:30',255046,'2010-11-03 11:37:40',22972,'2010-11-03 11:37:40',1,0,'0000-00-00 00:00:00',0),(5827,1,0,'2010-11-03 11:37:40',22826,'2010-11-03 11:42:31',196993,'2010-11-03 11:42:31',0,9,'0000-00-00 00:00:00',0),(5828,1,0,'2010-11-03 11:37:40',22915,'2010-11-03 11:42:27',182621,'2010-11-03 11:42:27',0,3,'0000-00-00 00:00:00',0),(5829,1,5,'2010-11-03 11:37:40',22963,'2010-11-03 11:37:50',41496,'2010-11-03 11:37:50',1,0,'0000-00-00 00:00:00',0),(5831,1,8,'2010-11-03 11:37:40',31038,'2010-11-03 11:37:50',42068,'2010-11-03 11:37:50',1,0,'0000-00-00 00:00:00',0),(5833,1,5,'2010-11-03 11:37:50',42057,'2010-11-03 11:38:00',57513,'2010-11-03 11:38:00',1,0,'0000-00-00 00:00:00',0),(5835,1,8,'2010-11-03 11:37:50',42822,'2010-11-03 11:38:00',58835,'2010-11-03 11:38:00',1,0,'0000-00-00 00:00:00',0),(5838,1,0,'2010-11-03 11:38:00',58651,'2010-11-03 11:42:52',227633,'2010-11-03 11:42:52',0,10,'0000-00-00 00:00:00',0),(5839,1,5,'2010-11-03 11:38:00',58824,'2010-11-03 11:38:10',69676,'2010-11-03 11:38:10',1,0,'0000-00-00 00:00:00',0),(5841,1,8,'2010-11-03 11:38:00',59629,'2010-11-03 11:38:10',69716,'2010-11-03 11:38:10',1,0,'0000-00-00 00:00:00',0),(5843,1,6,'2010-11-03 11:38:10',69651,'2010-11-03 11:39:10',156141,'2010-11-03 11:39:10',1,0,'0000-00-00 00:00:00',0),(5845,1,10,'2010-11-03 11:38:10',69668,'2010-11-03 11:39:10',156653,'2010-11-03 11:39:10',1,0,'0000-00-00 00:00:00',0),(5847,1,5,'2010-11-03 11:38:10',69707,'2010-11-03 11:38:20',85208,'2010-11-03 11:38:20',1,0,'0000-00-00 00:00:00',0),(5849,1,8,'2010-11-03 11:38:10',70482,'2010-11-03 11:38:20',86314,'2010-11-03 11:38:20',1,0,'0000-00-00 00:00:00',0),(5852,1,0,'2010-11-03 11:38:20',86239,'2010-11-03 11:43:14',15107,'2010-11-03 11:43:14',0,6,'0000-00-00 00:00:00',0),(5853,1,5,'2010-11-03 11:38:20',86304,'2010-11-03 11:38:30',97259,'2010-11-03 11:38:30',1,0,'0000-00-00 00:00:00',0),(5855,1,8,'2010-11-03 11:38:20',87170,'2010-11-03 11:38:30',97772,'2010-11-03 11:38:30',1,0,'0000-00-00 00:00:00',0),(5857,1,5,'2010-11-03 11:38:30',97762,'2010-11-03 11:38:40',113197,'2010-11-03 11:38:40',1,0,'0000-00-00 00:00:00',0),(5859,1,8,'2010-11-03 11:38:30',98550,'2010-11-03 11:38:40',114769,'2010-11-03 11:38:40',1,0,'0000-00-00 00:00:00',0),(5862,1,0,'2010-11-03 11:38:40',114394,'2010-11-03 11:43:35',43584,'2010-11-03 11:43:35',0,5,'0000-00-00 00:00:00',0),(5863,1,5,'2010-11-03 11:38:40',114757,'2010-11-03 11:38:50',125797,'2010-11-03 11:38:50',1,0,'0000-00-00 00:00:00',0),(5865,1,8,'2010-11-03 11:38:40',115815,'2010-11-03 11:38:50',126512,'2010-11-03 11:38:50',1,0,'0000-00-00 00:00:00',0),(5867,1,5,'2010-11-03 11:38:50',126502,'2010-11-03 11:39:00',144666,'2010-11-03 11:39:00',1,0,'0000-00-00 00:00:00',0),(5869,1,8,'2010-11-03 11:38:50',134744,'2010-11-03 11:39:00',145196,'2010-11-03 11:39:00',1,0,'0000-00-00 00:00:00',0),(5871,1,5,'2010-11-03 11:39:00',145186,'2010-11-03 11:39:10',156668,'2010-11-03 11:39:10',1,0,'0000-00-00 00:00:00',0),(5873,1,8,'2010-11-03 11:39:00',145940,'2010-11-03 11:39:10',156705,'2010-11-03 11:39:10',1,0,'0000-00-00 00:00:00',0),(5875,1,6,'2010-11-03 11:39:10',156643,'2010-11-03 11:40:10',241309,'2010-11-03 11:40:10',1,0,'0000-00-00 00:00:00',0),(5877,1,10,'2010-11-03 11:39:10',156660,'2010-11-03 11:40:10',241819,'2010-11-03 11:40:10',1,0,'0000-00-00 00:00:00',0),(5879,1,5,'2010-11-03 11:39:10',156695,'2010-11-03 11:39:20',174310,'2010-11-03 11:39:20',1,0,'0000-00-00 00:00:00',0),(5881,1,8,'2010-11-03 11:39:10',157343,'2010-11-03 11:39:20',175042,'2010-11-03 11:39:20',1,0,'0000-00-00 00:00:00',0),(5884,1,12,'2010-11-03 11:39:20',174980,'2010-11-03 11:44:20',114267,'2010-11-03 11:44:20',0,1,'0000-00-00 00:00:00',0),(5885,1,5,'2010-11-03 11:39:20',175033,'2010-11-03 11:39:30',185620,'2010-11-03 11:39:30',1,0,'0000-00-00 00:00:00',0),(5887,1,8,'2010-11-03 11:39:20',175845,'2010-11-03 11:39:30',186157,'2010-11-03 11:39:30',1,0,'0000-00-00 00:00:00',0),(5889,1,5,'2010-11-03 11:39:30',186147,'2010-11-03 11:39:40',196116,'2010-11-03 11:39:40',1,0,'0000-00-00 00:00:00',0),(5891,1,8,'2010-11-03 11:39:30',186944,'2010-11-03 11:39:40',196675,'2010-11-03 11:39:40',1,0,'0000-00-00 00:00:00',0),(5893,1,5,'2010-11-03 11:39:40',196665,'2010-11-03 11:39:50',207934,'2010-11-03 11:39:50',1,0,'0000-00-00 00:00:00',0),(5895,1,8,'2010-11-03 11:39:40',197417,'2010-11-03 11:39:50',208554,'2010-11-03 11:39:50',1,0,'0000-00-00 00:00:00',0),(5897,1,5,'2010-11-03 11:39:50',208543,'2010-11-03 11:40:00',218929,'2010-11-03 11:40:00',1,0,'0000-00-00 00:00:00',0),(5899,1,8,'2010-11-03 11:39:50',208881,'2010-11-03 11:40:00',219538,'2010-11-03 11:40:00',1,0,'0000-00-00 00:00:00',0),(5901,1,5,'2010-11-03 11:40:00',219528,'2010-11-03 11:40:10',241834,'2010-11-03 11:40:10',1,0,'0000-00-00 00:00:00',0),(5903,1,8,'2010-11-03 11:40:00',227016,'2010-11-03 11:40:10',242982,'2010-11-03 11:40:10',1,0,'0000-00-00 00:00:00',0),(5906,1,6,'2010-11-03 11:40:10',241808,'2010-11-03 11:41:10',78270,'2010-11-03 11:41:10',1,0,'0000-00-00 00:00:00',0),(5908,1,10,'2010-11-03 11:40:10',241826,'2010-11-03 11:41:10',78765,'2010-11-03 11:41:10',1,0,'0000-00-00 00:00:00',0),(5910,1,0,'2010-11-03 11:40:10',242849,'2010-11-03 11:45:01',169499,'2010-11-03 11:45:01',0,7,'0000-00-00 00:00:00',0),(5911,1,5,'2010-11-03 11:40:10',242971,'2010-11-03 11:40:20',10848,'2010-11-03 11:40:20',1,0,'0000-00-00 00:00:00',0),(5913,1,8,'2010-11-03 11:40:10',251162,'2010-11-03 11:40:20',11530,'2010-11-03 11:40:20',1,0,'0000-00-00 00:00:00',0),(5915,1,5,'2010-11-03 11:40:20',11520,'2010-11-03 11:40:30',29269,'2010-11-03 11:40:30',1,0,'0000-00-00 00:00:00',0),(5917,1,8,'2010-11-03 11:40:20',18986,'2010-11-03 11:40:30',29883,'2010-11-03 11:40:30',1,0,'0000-00-00 00:00:00',0),(5919,1,5,'2010-11-03 11:40:30',29872,'2010-11-03 11:40:40',44468,'2010-11-03 11:40:40',1,0,'0000-00-00 00:00:00',0),(5921,1,8,'2010-11-03 11:40:30',35153,'2010-11-03 11:40:40',45036,'2010-11-03 11:40:40',1,0,'0000-00-00 00:00:00',0),(5923,1,5,'2010-11-03 11:40:40',45025,'2010-11-03 11:40:50',55453,'2010-11-03 11:40:50',1,0,'0000-00-00 00:00:00',0),(5925,1,8,'2010-11-03 11:40:40',45792,'2010-11-03 11:40:50',55977,'2010-11-03 11:40:50',1,0,'0000-00-00 00:00:00',0),(5927,1,5,'2010-11-03 11:40:50',55966,'2010-11-03 11:41:00',67085,'2010-11-03 11:41:00',1,0,'0000-00-00 00:00:00',0),(5929,1,8,'2010-11-03 11:40:50',56760,'2010-11-03 11:41:00',67595,'2010-11-03 11:41:00',1,0,'0000-00-00 00:00:00',0),(5931,1,5,'2010-11-03 11:41:00',67585,'2010-11-03 11:41:10',78780,'2010-11-03 11:41:10',1,0,'0000-00-00 00:00:00',0),(5933,1,8,'2010-11-03 11:41:00',68355,'2010-11-03 11:41:10',78813,'2010-11-03 11:41:10',1,0,'0000-00-00 00:00:00',0),(5935,1,6,'2010-11-03 11:41:10',78754,'2010-11-03 11:42:10',164503,'2010-11-03 11:42:10',1,0,'0000-00-00 00:00:00',0),(5937,1,10,'2010-11-03 11:41:10',78772,'2010-11-03 11:42:10',165081,'2010-11-03 11:42:10',1,0,'0000-00-00 00:00:00',0),(5939,1,5,'2010-11-03 11:41:10',78804,'2010-11-03 11:41:20',89025,'2010-11-03 11:41:20',1,0,'0000-00-00 00:00:00',0),(5941,1,8,'2010-11-03 11:41:10',79495,'2010-11-03 11:41:20',89775,'2010-11-03 11:41:20',1,0,'0000-00-00 00:00:00',0),(5943,1,5,'2010-11-03 11:41:20',89765,'2010-11-03 11:41:30',110003,'2010-11-03 11:41:30',1,0,'0000-00-00 00:00:00',0),(5945,1,8,'2010-11-03 11:41:20',94549,'2010-11-03 11:41:30',110334,'2010-11-03 11:41:30',1,0,'0000-00-00 00:00:00',0),(5948,1,0,'2010-11-03 11:41:30',110251,'2010-11-03 11:46:27',39194,'2010-11-03 11:46:27',0,8,'0000-00-00 00:00:00',0),(5949,1,5,'2010-11-03 11:41:30',110324,'2010-11-03 11:41:40',125508,'2010-11-03 11:41:40',1,0,'0000-00-00 00:00:00',0),(5951,1,8,'2010-11-03 11:41:30',110826,'2010-11-03 11:41:40',126045,'2010-11-03 11:41:40',1,0,'0000-00-00 00:00:00',0),(5953,1,5,'2010-11-03 11:41:40',126034,'2010-11-03 11:41:50',142243,'2010-11-03 11:41:50',1,0,'0000-00-00 00:00:00',0),(5955,1,8,'2010-11-03 11:41:40',126807,'2010-11-03 11:41:50',143083,'2010-11-03 11:41:50',1,0,'0000-00-00 00:00:00',0),(5958,1,12,'2010-11-03 11:41:50',143021,'2010-11-03 11:46:50',73687,'2010-11-03 11:46:50',0,2,'0000-00-00 00:00:00',0),(5959,1,5,'2010-11-03 11:41:50',143074,'2010-11-03 11:42:00',153058,'2010-11-03 11:42:00',1,0,'0000-00-00 00:00:00',0),(5961,1,8,'2010-11-03 11:41:50',143679,'2010-11-03 11:42:00',153621,'2010-11-03 11:42:00',1,0,'0000-00-00 00:00:00',0),(5963,1,5,'2010-11-03 11:42:00',153610,'2010-11-03 11:42:10',165096,'2010-11-03 11:42:10',1,0,'0000-00-00 00:00:00',0),(5965,1,8,'2010-11-03 11:42:00',154410,'2010-11-03 11:42:10',165190,'2010-11-03 11:42:10',1,0,'0000-00-00 00:00:00',0),(5967,1,6,'2010-11-03 11:42:10',165071,'2010-11-03 11:43:10',9863,'2010-11-03 11:43:10',1,0,'0000-00-00 00:00:00',0),(5969,1,10,'2010-11-03 11:42:10',165088,'2010-11-03 11:43:10',10388,'2010-11-03 11:43:10',1,0,'0000-00-00 00:00:00',0),(5971,1,5,'2010-11-03 11:42:10',165121,'2010-11-03 11:42:20',175090,'2010-11-03 11:42:20',1,0,'0000-00-00 00:00:00',0),(5973,1,8,'2010-11-03 11:42:10',165503,'2010-11-03 11:42:20',175649,'2010-11-03 11:42:20',1,0,'0000-00-00 00:00:00',0),(5975,1,5,'2010-11-03 11:42:20',175638,'2010-11-03 11:42:30',190697,'2010-11-03 11:42:30',1,0,'0000-00-00 00:00:00',0),(5977,1,8,'2010-11-03 11:42:20',175977,'2010-11-03 11:42:30',191357,'2010-11-03 11:42:30',1,0,'0000-00-00 00:00:00',0),(5980,1,5,'2010-11-03 11:42:30',191345,'2010-11-03 11:42:40',210997,'2010-11-03 11:42:40',1,0,'0000-00-00 00:00:00',0),(5982,1,8,'2010-11-03 11:42:30',195213,'2010-11-03 11:42:40',212767,'2010-11-03 11:42:40',1,0,'0000-00-00 00:00:00',0),(5985,1,0,'2010-11-03 11:42:40',212312,'2010-11-03 11:47:27',127153,'2010-11-03 11:47:27',0,3,'0000-00-00 00:00:00',0),(5986,1,0,'2010-11-03 11:42:40',212708,'2010-11-03 11:47:31',138009,'2010-11-03 11:47:31',0,9,'0000-00-00 00:00:00',0),(5987,1,5,'2010-11-03 11:42:40',212758,'2010-11-03 11:42:50',224546,'2010-11-03 11:42:50',1,0,'0000-00-00 00:00:00',0),(5989,1,8,'2010-11-03 11:42:40',213994,'2010-11-03 11:42:50',225072,'2010-11-03 11:42:50',1,0,'0000-00-00 00:00:00',0),(5991,1,5,'2010-11-03 11:42:50',225062,'2010-11-03 11:43:00',240494,'2010-11-03 11:43:00',1,0,'0000-00-00 00:00:00',0),(5993,1,8,'2010-11-03 11:42:50',225910,'2010-11-03 11:43:00',242049,'2010-11-03 11:43:00',1,0,'0000-00-00 00:00:00',0),(5996,1,0,'2010-11-03 11:43:00',241611,'2010-11-03 11:47:52',167254,'2010-11-03 11:47:52',0,10,'0000-00-00 00:00:00',0),(5997,1,5,'2010-11-03 11:43:00',242037,'2010-11-03 11:43:10',10403,'2010-11-03 11:43:10',1,0,'0000-00-00 00:00:00',0),(5999,1,8,'2010-11-03 11:43:00',250582,'2010-11-03 11:43:10',10443,'2010-11-03 11:43:10',1,0,'0000-00-00 00:00:00',0),(6001,1,6,'2010-11-03 11:43:10',10378,'2010-11-03 11:44:10',94125,'2010-11-03 11:44:10',1,0,'0000-00-00 00:00:00',0),(6003,1,10,'2010-11-03 11:43:10',10395,'2010-11-03 11:44:10',94768,'2010-11-03 11:44:10',1,0,'0000-00-00 00:00:00',0),(6005,1,5,'2010-11-03 11:43:10',10434,'2010-11-03 11:43:20',24763,'2010-11-03 11:43:20',1,0,'0000-00-00 00:00:00',0),(6007,1,8,'2010-11-03 11:43:10',10763,'2010-11-03 11:43:20',26759,'2010-11-03 11:43:20',1,0,'0000-00-00 00:00:00',0),(6010,1,0,'2010-11-03 11:43:20',25844,'2010-11-03 11:48:14',196930,'2010-11-03 11:48:14',0,6,'0000-00-00 00:00:00',0),(6011,1,5,'2010-11-03 11:43:20',26746,'2010-11-03 11:43:30',37439,'2010-11-03 11:43:30',1,0,'0000-00-00 00:00:00',0),(6013,1,8,'2010-11-03 11:43:20',27615,'2010-11-03 11:43:30',37993,'2010-11-03 11:43:30',1,0,'0000-00-00 00:00:00',0),(6015,1,5,'2010-11-03 11:43:30',37982,'2010-11-03 11:43:40',52608,'2010-11-03 11:43:40',1,0,'0000-00-00 00:00:00',0),(6017,1,8,'2010-11-03 11:43:30',38844,'2010-11-03 11:43:40',53998,'2010-11-03 11:43:40',1,0,'0000-00-00 00:00:00',0),(6020,1,0,'2010-11-03 11:43:40',53726,'2010-11-03 11:48:35',227030,'2010-11-03 11:48:35',0,5,'0000-00-00 00:00:00',0),(6021,1,5,'2010-11-03 11:43:40',53986,'2010-11-03 11:43:50',72329,'2010-11-03 11:43:50',1,0,'0000-00-00 00:00:00',0),(6023,1,8,'2010-11-03 11:43:40',62536,'2010-11-03 11:43:50',72898,'2010-11-03 11:43:50',1,0,'0000-00-00 00:00:00',0),(6025,1,5,'2010-11-03 11:43:50',72888,'2010-11-03 11:44:00',83552,'2010-11-03 11:44:00',1,0,'0000-00-00 00:00:00',0),(6027,1,8,'2010-11-03 11:43:50',73704,'2010-11-03 11:44:00',84084,'2010-11-03 11:44:00',1,0,'0000-00-00 00:00:00',0),(6029,1,5,'2010-11-03 11:44:00',84074,'2010-11-03 11:44:10',94783,'2010-11-03 11:44:10',1,0,'0000-00-00 00:00:00',0),(6031,1,8,'2010-11-03 11:44:00',84896,'2010-11-03 11:44:10',94818,'2010-11-03 11:44:10',1,0,'0000-00-00 00:00:00',0),(6033,1,6,'2010-11-03 11:44:10',94757,'2010-11-03 11:45:10',188430,'2010-11-03 11:45:10',1,0,'0000-00-00 00:00:00',0),(6035,1,10,'2010-11-03 11:44:10',94775,'2010-11-03 11:45:10',188993,'2010-11-03 11:45:10',1,0,'0000-00-00 00:00:00',0),(6037,1,5,'2010-11-03 11:44:10',94809,'2010-11-03 11:44:20',112962,'2010-11-03 11:44:20',1,0,'0000-00-00 00:00:00',0),(6039,1,8,'2010-11-03 11:44:10',102987,'2010-11-03 11:44:20',113481,'2010-11-03 11:44:20',1,0,'0000-00-00 00:00:00',0),(6041,1,5,'2010-11-03 11:44:20',113471,'2010-11-03 11:44:30',131141,'2010-11-03 11:44:30',1,0,'0000-00-00 00:00:00',0),(6043,1,8,'2010-11-03 11:44:20',114257,'2010-11-03 11:44:30',131923,'2010-11-03 11:44:30',1,0,'0000-00-00 00:00:00',0),(6046,1,12,'2010-11-03 11:44:30',131861,'2010-11-03 11:49:30',54930,'2010-11-03 11:49:30',0,1,'0000-00-00 00:00:00',0),(6047,1,5,'2010-11-03 11:44:30',131914,'2010-11-03 11:44:40',144641,'2010-11-03 11:44:40',1,0,'0000-00-00 00:00:00',0),(6049,1,8,'2010-11-03 11:44:30',132199,'2010-11-03 11:44:40',145202,'2010-11-03 11:44:40',1,0,'0000-00-00 00:00:00',0),(6051,1,5,'2010-11-03 11:44:40',145191,'2010-11-03 11:44:50',156086,'2010-11-03 11:44:50',1,0,'0000-00-00 00:00:00',0),(6053,1,8,'2010-11-03 11:44:40',145932,'2010-11-03 11:44:50',156660,'2010-11-03 11:44:50',1,0,'0000-00-00 00:00:00',0),(6055,1,5,'2010-11-03 11:44:50',156650,'2010-11-03 11:45:00',167369,'2010-11-03 11:45:00',1,0,'0000-00-00 00:00:00',0),(6057,1,8,'2010-11-03 11:44:50',157413,'2010-11-03 11:45:00',167908,'2010-11-03 11:45:00',1,0,'0000-00-00 00:00:00',0),(6059,1,5,'2010-11-03 11:45:00',167897,'2010-11-03 11:45:10',189008,'2010-11-03 11:45:10',1,0,'0000-00-00 00:00:00',0),(6061,1,8,'2010-11-03 11:45:00',168664,'2010-11-03 11:45:10',189453,'2010-11-03 11:45:10',1,0,'0000-00-00 00:00:00',0),(6064,1,6,'2010-11-03 11:45:10',188982,'2010-11-03 11:46:10',14166,'2010-11-03 11:46:10',1,0,'0000-00-00 00:00:00',0),(6066,1,10,'2010-11-03 11:45:10',189000,'2010-11-03 11:46:10',14706,'2010-11-03 11:46:10',1,0,'0000-00-00 00:00:00',0),(6068,1,0,'2010-11-03 11:45:10',189379,'2010-11-03 11:50:01',102143,'2010-11-03 11:50:01',0,7,'0000-00-00 00:00:00',0),(6069,1,5,'2010-11-03 11:45:10',189443,'2010-11-03 11:45:20',201167,'2010-11-03 11:45:20',1,0,'0000-00-00 00:00:00',0),(6071,1,8,'2010-11-03 11:45:10',190162,'2010-11-03 11:45:20',201706,'2010-11-03 11:45:20',1,0,'0000-00-00 00:00:00',0),(6073,1,5,'2010-11-03 11:45:20',201696,'2010-11-03 11:45:30',212365,'2010-11-03 11:45:30',1,0,'0000-00-00 00:00:00',0),(6075,1,8,'2010-11-03 11:45:20',202563,'2010-11-03 11:45:30',213028,'2010-11-03 11:45:30',1,0,'0000-00-00 00:00:00',0),(6077,1,5,'2010-11-03 11:45:30',213017,'2010-11-03 11:45:40',223453,'2010-11-03 11:45:40',1,0,'0000-00-00 00:00:00',0),(6079,1,8,'2010-11-03 11:45:30',213777,'2010-11-03 11:45:40',224136,'2010-11-03 11:45:40',1,0,'0000-00-00 00:00:00',0),(6081,1,5,'2010-11-03 11:45:40',224125,'2010-11-03 11:45:50',240975,'2010-11-03 11:45:50',1,0,'0000-00-00 00:00:00',0),(6083,1,8,'2010-11-03 11:45:40',230933,'2010-11-03 11:45:50',241812,'2010-11-03 11:45:50',1,0,'0000-00-00 00:00:00',0),(6085,1,5,'2010-11-03 11:45:50',241802,'2010-11-03 11:46:00',1707,'2010-11-03 11:46:00',1,0,'0000-00-00 00:00:00',0),(6087,1,8,'2010-11-03 11:45:50',242131,'2010-11-03 11:46:00',2290,'2010-11-03 11:46:00',1,0,'0000-00-00 00:00:00',0),(6089,1,5,'2010-11-03 11:46:00',2280,'2010-11-03 11:46:10',14721,'2010-11-03 11:46:10',1,0,'0000-00-00 00:00:00',0),(6091,1,8,'2010-11-03 11:46:00',3030,'2010-11-03 11:46:10',14761,'2010-11-03 11:46:10',1,0,'0000-00-00 00:00:00',0),(6093,1,6,'2010-11-03 11:46:10',14696,'2010-11-03 11:47:10',101774,'2010-11-03 11:47:10',1,0,'0000-00-00 00:00:00',0),(6095,1,10,'2010-11-03 11:46:10',14713,'2010-11-03 11:47:10',102276,'2010-11-03 11:47:10',1,0,'0000-00-00 00:00:00',0),(6097,1,5,'2010-11-03 11:46:10',14752,'2010-11-03 11:46:20',30720,'2010-11-03 11:46:20',1,0,'0000-00-00 00:00:00',0),(6099,1,8,'2010-11-03 11:46:10',15939,'2010-11-03 11:46:20',31307,'2010-11-03 11:46:20',1,0,'0000-00-00 00:00:00',0),(6101,1,5,'2010-11-03 11:46:20',31297,'2010-11-03 11:46:30',49360,'2010-11-03 11:46:30',1,0,'0000-00-00 00:00:00',0),(6103,1,8,'2010-11-03 11:46:20',32615,'2010-11-03 11:46:30',50690,'2010-11-03 11:46:30',1,0,'0000-00-00 00:00:00',0),(6106,1,0,'2010-11-03 11:46:30',50515,'2010-11-03 11:51:27',211618,'2010-11-03 11:51:27',0,8,'0000-00-00 00:00:00',0),(6107,1,5,'2010-11-03 11:46:30',50679,'2010-11-03 11:46:40',61231,'2010-11-03 11:46:40',1,0,'0000-00-00 00:00:00',0),(6109,1,8,'2010-11-03 11:46:30',51254,'2010-11-03 11:46:40',61760,'2010-11-03 11:46:40',1,0,'0000-00-00 00:00:00',0),(6111,1,5,'2010-11-03 11:46:40',61749,'2010-11-03 11:46:50',72403,'2010-11-03 11:46:50',1,0,'0000-00-00 00:00:00',0),(6113,1,8,'2010-11-03 11:46:40',62572,'2010-11-03 11:46:50',72952,'2010-11-03 11:46:50',1,0,'0000-00-00 00:00:00',0),(6115,1,5,'2010-11-03 11:46:50',72942,'2010-11-03 11:47:00',89450,'2010-11-03 11:47:00',1,0,'0000-00-00 00:00:00',0),(6117,1,8,'2010-11-03 11:46:50',73676,'2010-11-03 11:47:00',90631,'2010-11-03 11:47:00',1,0,'0000-00-00 00:00:00',0),(6120,1,12,'2010-11-03 11:47:00',90569,'2010-11-03 11:52:00',6167,'2010-11-03 11:52:00',0,2,'0000-00-00 00:00:00',0),(6121,1,5,'2010-11-03 11:47:00',90622,'2010-11-03 11:47:10',102291,'2010-11-03 11:47:10',1,0,'0000-00-00 00:00:00',0),(6123,1,8,'2010-11-03 11:47:00',91349,'2010-11-03 11:47:10',102331,'2010-11-03 11:47:10',1,0,'0000-00-00 00:00:00',0),(6125,1,6,'2010-11-03 11:47:10',102266,'2010-11-03 11:48:10',191916,'2010-11-03 11:48:10',1,0,'0000-00-00 00:00:00',0),(6127,1,10,'2010-11-03 11:47:10',102283,'2010-11-03 11:48:10',192620,'2010-11-03 11:48:10',1,0,'0000-00-00 00:00:00',0),(6129,1,5,'2010-11-03 11:47:10',102322,'2010-11-03 11:47:20',114454,'2010-11-03 11:47:20',1,0,'0000-00-00 00:00:00',0),(6131,1,8,'2010-11-03 11:47:10',103167,'2010-11-03 11:47:20',115151,'2010-11-03 11:47:20',1,0,'0000-00-00 00:00:00',0),(6133,1,5,'2010-11-03 11:47:20',115139,'2010-11-03 11:47:30',136334,'2010-11-03 11:47:30',1,0,'0000-00-00 00:00:00',0),(6135,1,8,'2010-11-03 11:47:20',115484,'2010-11-03 11:47:30',136446,'2010-11-03 11:47:30',1,0,'0000-00-00 00:00:00',0),(6138,1,5,'2010-11-03 11:47:30',136435,'2010-11-03 11:47:40',153653,'2010-11-03 11:47:40',1,0,'0000-00-00 00:00:00',0),(6140,1,8,'2010-11-03 11:47:30',137079,'2010-11-03 11:47:40',154580,'2010-11-03 11:47:40',1,0,'0000-00-00 00:00:00',0),(6143,1,0,'2010-11-03 11:47:40',154430,'2010-11-03 11:52:27',49879,'2010-11-03 11:52:27',0,3,'0000-00-00 00:00:00',0),(6144,1,0,'2010-11-03 11:47:40',154518,'2010-11-03 11:52:31',61105,'2010-11-03 11:52:31',0,9,'0000-00-00 00:00:00',0),(6145,1,5,'2010-11-03 11:47:40',154570,'2010-11-03 11:47:50',164111,'2010-11-03 11:47:50',1,0,'0000-00-00 00:00:00',0),(6147,1,8,'2010-11-03 11:47:40',154857,'2010-11-03 11:47:50',164673,'2010-11-03 11:47:50',1,0,'0000-00-00 00:00:00',0),(6149,1,5,'2010-11-03 11:47:50',164663,'2010-11-03 11:48:00',180155,'2010-11-03 11:48:00',1,0,'0000-00-00 00:00:00',0),(6151,1,8,'2010-11-03 11:47:50',165504,'2010-11-03 11:48:00',181535,'2010-11-03 11:48:00',1,0,'0000-00-00 00:00:00',0),(6154,1,0,'2010-11-03 11:48:00',181259,'2010-11-03 11:52:52',92505,'2010-11-03 11:52:52',0,10,'0000-00-00 00:00:00',0),(6155,1,5,'2010-11-03 11:48:00',181523,'2010-11-03 11:48:10',192635,'2010-11-03 11:48:10',1,0,'0000-00-00 00:00:00',0),(6157,1,8,'2010-11-03 11:48:00',182584,'2010-11-03 11:48:10',192678,'2010-11-03 11:48:10',1,0,'0000-00-00 00:00:00',0),(6159,1,6,'2010-11-03 11:48:10',192609,'2010-11-03 11:49:10',26546,'2010-11-03 11:49:10',1,0,'0000-00-00 00:00:00',0),(6161,1,10,'2010-11-03 11:48:10',192628,'2010-11-03 11:49:10',27152,'2010-11-03 11:49:10',1,0,'0000-00-00 00:00:00',0),(6163,1,5,'2010-11-03 11:48:10',192668,'2010-11-03 11:48:20',208718,'2010-11-03 11:48:20',1,0,'0000-00-00 00:00:00',0),(6165,1,8,'2010-11-03 11:48:10',193043,'2010-11-03 11:48:20',210199,'2010-11-03 11:48:20',1,0,'0000-00-00 00:00:00',0),(6168,1,0,'2010-11-03 11:48:20',209918,'2010-11-03 11:53:14',126032,'2010-11-03 11:53:14',0,6,'0000-00-00 00:00:00',0),(6169,1,5,'2010-11-03 11:48:20',210187,'2010-11-03 11:48:30',221146,'2010-11-03 11:48:30',1,0,'0000-00-00 00:00:00',0),(6171,1,8,'2010-11-03 11:48:20',210929,'2010-11-03 11:48:30',221686,'2010-11-03 11:48:30',1,0,'0000-00-00 00:00:00',0),(6173,1,5,'2010-11-03 11:48:30',221676,'2010-11-03 11:48:40',236338,'2010-11-03 11:48:40',1,0,'0000-00-00 00:00:00',0),(6175,1,8,'2010-11-03 11:48:30',222494,'2010-11-03 11:48:40',237732,'2010-11-03 11:48:40',1,0,'0000-00-00 00:00:00',0),(6178,1,0,'2010-11-03 11:48:40',237462,'2010-11-03 11:53:35',153927,'2010-11-03 11:53:35',0,5,'0000-00-00 00:00:00',0),(6179,1,5,'2010-11-03 11:48:40',237720,'2010-11-03 11:48:50',249120,'2010-11-03 11:48:50',1,0,'0000-00-00 00:00:00',0),(6181,1,8,'2010-11-03 11:48:40',238658,'2010-11-03 11:48:50',249999,'2010-11-03 11:48:50',1,0,'0000-00-00 00:00:00',0),(6183,1,5,'2010-11-03 11:48:50',249988,'2010-11-03 11:49:00',15581,'2010-11-03 11:49:00',1,0,'0000-00-00 00:00:00',0),(6185,1,8,'2010-11-03 11:48:50',250339,'2010-11-03 11:49:00',16134,'2010-11-03 11:49:00',1,0,'0000-00-00 00:00:00',0),(6187,1,5,'2010-11-03 11:49:00',16124,'2010-11-03 11:49:10',27190,'2010-11-03 11:49:10',1,0,'0000-00-00 00:00:00',0),(6189,1,8,'2010-11-03 11:49:00',16892,'2010-11-03 11:49:10',27226,'2010-11-03 11:49:10',1,0,'0000-00-00 00:00:00',0),(6191,1,6,'2010-11-03 11:49:10',27141,'2010-11-03 11:50:10',117493,'2010-11-03 11:50:10',1,0,'0000-00-00 00:00:00',0),(6193,1,10,'2010-11-03 11:49:10',27181,'2010-11-03 11:50:10',118079,'2010-11-03 11:50:10',1,0,'0000-00-00 00:00:00',0),(6195,1,5,'2010-11-03 11:49:10',27217,'2010-11-03 11:49:20',37873,'2010-11-03 11:49:20',1,0,'0000-00-00 00:00:00',0),(6197,1,8,'2010-11-03 11:49:10',27590,'2010-11-03 11:49:20',38418,'2010-11-03 11:49:20',1,0,'0000-00-00 00:00:00',0),(6199,1,5,'2010-11-03 11:49:20',38407,'2010-11-03 11:49:30',49592,'2010-11-03 11:49:30',1,0,'0000-00-00 00:00:00',0),(6201,1,8,'2010-11-03 11:49:20',39162,'2010-11-03 11:49:30',50215,'2010-11-03 11:49:30',1,0,'0000-00-00 00:00:00',0),(6203,1,5,'2010-11-03 11:49:30',50205,'2010-11-03 11:49:40',71093,'2010-11-03 11:49:40',1,0,'0000-00-00 00:00:00',0),(6205,1,8,'2010-11-03 11:49:30',54920,'2010-11-03 11:49:40',71971,'2010-11-03 11:49:40',1,0,'0000-00-00 00:00:00',0),(6208,1,12,'2010-11-03 11:49:40',71908,'2010-11-03 11:54:40',237103,'2010-11-03 11:54:40',0,1,'0000-00-00 00:00:00',0),(6209,1,5,'2010-11-03 11:49:40',71961,'2010-11-03 11:49:50',88901,'2010-11-03 11:49:50',1,0,'0000-00-00 00:00:00',0),(6211,1,8,'2010-11-03 11:49:40',79057,'2010-11-03 11:49:50',89423,'2010-11-03 11:49:50',1,0,'0000-00-00 00:00:00',0),(6213,1,5,'2010-11-03 11:49:50',89413,'2010-11-03 11:50:00',100079,'2010-11-03 11:50:00',1,0,'0000-00-00 00:00:00',0),(6215,1,8,'2010-11-03 11:49:50',90173,'2010-11-03 11:50:00',100588,'2010-11-03 11:50:00',1,0,'0000-00-00 00:00:00',0),(6217,1,5,'2010-11-03 11:50:00',100578,'2010-11-03 11:50:10',118094,'2010-11-03 11:50:10',1,0,'0000-00-00 00:00:00',0),(6219,1,8,'2010-11-03 11:50:00',101354,'2010-11-03 11:50:10',118396,'2010-11-03 11:50:10',1,0,'0000-00-00 00:00:00',0),(6222,1,6,'2010-11-03 11:50:10',118067,'2010-11-03 11:51:10',191218,'2010-11-03 11:51:10',1,0,'0000-00-00 00:00:00',0),(6224,1,10,'2010-11-03 11:50:10',118086,'2010-11-03 11:51:10',191715,'2010-11-03 11:51:10',1,0,'0000-00-00 00:00:00',0),(6226,1,0,'2010-11-03 11:50:10',118322,'2010-11-03 11:55:01',18950,'2010-11-03 11:55:01',0,7,'0000-00-00 00:00:00',0),(6227,1,5,'2010-11-03 11:50:10',118386,'2010-11-03 11:50:20',129036,'2010-11-03 11:50:20',1,0,'0000-00-00 00:00:00',0),(6229,1,8,'2010-11-03 11:50:10',118976,'2010-11-03 11:50:20',129137,'2010-11-03 11:50:20',1,0,'0000-00-00 00:00:00',0),(6231,1,5,'2010-11-03 11:50:20',129116,'2010-11-03 11:50:30',139095,'2010-11-03 11:50:30',1,0,'0000-00-00 00:00:00',0),(6233,1,8,'2010-11-03 11:50:20',129580,'2010-11-03 11:50:30',139630,'2010-11-03 11:50:30',1,0,'0000-00-00 00:00:00',0),(6235,1,5,'2010-11-03 11:50:30',139620,'2010-11-03 11:50:40',150417,'2010-11-03 11:50:40',1,0,'0000-00-00 00:00:00',0),(6237,1,8,'2010-11-03 11:50:30',140402,'2010-11-03 11:50:40',151061,'2010-11-03 11:50:40',1,0,'0000-00-00 00:00:00',0),(6239,1,5,'2010-11-03 11:50:40',151050,'2010-11-03 11:50:50',169181,'2010-11-03 11:50:50',1,0,'0000-00-00 00:00:00',0),(6241,1,8,'2010-11-03 11:50:40',158974,'2010-11-03 11:50:50',169704,'2010-11-03 11:50:50',1,0,'0000-00-00 00:00:00',0),(6243,1,5,'2010-11-03 11:50:50',169694,'2010-11-03 11:51:00',180489,'2010-11-03 11:51:00',1,0,'0000-00-00 00:00:00',0),(6245,1,8,'2010-11-03 11:50:50',170450,'2010-11-03 11:51:00',181023,'2010-11-03 11:51:00',1,0,'0000-00-00 00:00:00',0),(6247,1,5,'2010-11-03 11:51:00',181012,'2010-11-03 11:51:10',191730,'2010-11-03 11:51:10',1,0,'0000-00-00 00:00:00',0),(6249,1,8,'2010-11-03 11:51:00',181833,'2010-11-03 11:51:10',191767,'2010-11-03 11:51:10',1,0,'0000-00-00 00:00:00',0),(6251,1,6,'2010-11-03 11:51:10',191705,'2010-11-03 11:52:10',23122,'2010-11-03 11:52:10',1,0,'0000-00-00 00:00:00',0),(6253,1,10,'2010-11-03 11:51:10',191722,'2010-11-03 11:52:10',23645,'2010-11-03 11:52:10',1,0,'0000-00-00 00:00:00',0),(6255,1,5,'2010-11-03 11:51:10',191758,'2010-11-03 11:51:20',202939,'2010-11-03 11:51:20',1,0,'0000-00-00 00:00:00',0),(6257,1,8,'2010-11-03 11:51:10',192510,'2010-11-03 11:51:20',203466,'2010-11-03 11:51:20',1,0,'0000-00-00 00:00:00',0),(6259,1,5,'2010-11-03 11:51:20',203456,'2010-11-03 11:51:30',221337,'2010-11-03 11:51:30',1,0,'0000-00-00 00:00:00',0),(6261,1,8,'2010-11-03 11:51:20',204512,'2010-11-03 11:51:30',222612,'2010-11-03 11:51:30',1,0,'0000-00-00 00:00:00',0),(6264,1,0,'2010-11-03 11:51:30',222439,'2010-11-03 11:56:27',131210,'2010-11-03 11:56:27',0,8,'0000-00-00 00:00:00',0),(6265,1,5,'2010-11-03 11:51:30',222601,'2010-11-03 11:51:40',233340,'2010-11-03 11:51:40',1,0,'0000-00-00 00:00:00',0),(6267,1,8,'2010-11-03 11:51:30',223156,'2010-11-03 11:51:40',233481,'2010-11-03 11:51:40',1,0,'0000-00-00 00:00:00',0),(6269,1,5,'2010-11-03 11:51:40',233471,'2010-11-03 11:51:50',243994,'2010-11-03 11:51:50',1,0,'0000-00-00 00:00:00',0),(6271,1,8,'2010-11-03 11:51:40',233902,'2010-11-03 11:51:50',244527,'2010-11-03 11:51:50',1,0,'0000-00-00 00:00:00',0),(6273,1,5,'2010-11-03 11:51:50',244517,'2010-11-03 11:52:00',4595,'2010-11-03 11:52:00',1,0,'0000-00-00 00:00:00',0),(6275,1,8,'2010-11-03 11:51:50',244855,'2010-11-03 11:52:00',5136,'2010-11-03 11:52:00',1,0,'0000-00-00 00:00:00',0),(6277,1,5,'2010-11-03 11:52:00',5126,'2010-11-03 11:52:10',23660,'2010-11-03 11:52:10',1,0,'0000-00-00 00:00:00',0),(6279,1,8,'2010-11-03 11:52:00',6157,'2010-11-03 11:52:10',24298,'2010-11-03 11:52:10',1,0,'0000-00-00 00:00:00',0),(6282,1,6,'2010-11-03 11:52:10',23634,'2010-11-03 11:53:10',118821,'2010-11-03 11:53:10',1,0,'0000-00-00 00:00:00',0),(6284,1,10,'2010-11-03 11:52:10',23652,'2010-11-03 11:53:10',119489,'2010-11-03 11:53:10',1,0,'0000-00-00 00:00:00',0),(6286,1,12,'2010-11-03 11:52:10',24237,'2010-11-03 11:57:10',191000,'2010-11-03 11:57:10',0,2,'0000-00-00 00:00:00',0),(6287,1,5,'2010-11-03 11:52:10',24289,'2010-11-03 11:52:20',35255,'2010-11-03 11:52:20',1,0,'0000-00-00 00:00:00',0),(6289,1,8,'2010-11-03 11:52:10',24931,'2010-11-03 11:52:20',35924,'2010-11-03 11:52:20',1,0,'0000-00-00 00:00:00',0),(6291,1,5,'2010-11-03 11:52:20',35914,'2010-11-03 11:52:30',57194,'2010-11-03 11:52:30',1,0,'0000-00-00 00:00:00',0),(6293,1,8,'2010-11-03 11:52:20',42967,'2010-11-03 11:52:30',57865,'2010-11-03 11:52:30',1,0,'0000-00-00 00:00:00',0),(6296,1,5,'2010-11-03 11:52:30',57853,'2010-11-03 11:52:40',75142,'2010-11-03 11:52:40',1,0,'0000-00-00 00:00:00',0),(6298,1,8,'2010-11-03 11:52:30',59522,'2010-11-03 11:52:40',79868,'2010-11-03 11:52:40',1,0,'0000-00-00 00:00:00',0),(6301,1,0,'2010-11-03 11:52:40',76636,'2010-11-03 11:57:27',217454,'2010-11-03 11:57:27',0,3,'0000-00-00 00:00:00',0),(6302,1,0,'2010-11-03 11:52:40',79811,'2010-11-03 11:57:31',225831,'2010-11-03 11:57:31',0,9,'0000-00-00 00:00:00',0),(6303,1,5,'2010-11-03 11:52:40',79859,'2010-11-03 11:52:50',89349,'2010-11-03 11:52:50',1,0,'0000-00-00 00:00:00',0),(6305,1,8,'2010-11-03 11:52:40',80143,'2010-11-03 11:52:50',89905,'2010-11-03 11:52:50',1,0,'0000-00-00 00:00:00',0),(6307,1,5,'2010-11-03 11:52:50',89895,'2010-11-03 11:53:00',106169,'2010-11-03 11:53:00',1,0,'0000-00-00 00:00:00',0),(6309,1,8,'2010-11-03 11:52:50',90743,'2010-11-03 11:53:00',107629,'2010-11-03 11:53:00',1,0,'0000-00-00 00:00:00',0),(6312,1,0,'2010-11-03 11:53:00',107357,'2010-11-03 11:57:52',7611,'2010-11-03 11:57:52',0,10,'0000-00-00 00:00:00',0),(6313,1,5,'2010-11-03 11:53:00',107617,'2010-11-03 11:53:10',119512,'2010-11-03 11:53:10',1,0,'0000-00-00 00:00:00',0),(6315,1,8,'2010-11-03 11:53:00',108542,'2010-11-03 11:53:10',119553,'2010-11-03 11:53:10',1,0,'0000-00-00 00:00:00',0),(6317,1,6,'2010-11-03 11:53:10',119479,'2010-11-03 11:54:10',197575,'2010-11-03 11:54:10',1,0,'0000-00-00 00:00:00',0),(6319,1,10,'2010-11-03 11:53:10',119496,'2010-11-03 11:54:10',198127,'2010-11-03 11:54:10',1,0,'0000-00-00 00:00:00',0),(6321,1,5,'2010-11-03 11:53:10',119543,'2010-11-03 11:53:20',136507,'2010-11-03 11:53:20',1,0,'0000-00-00 00:00:00',0),(6323,1,8,'2010-11-03 11:53:10',120129,'2010-11-03 11:53:20',137306,'2010-11-03 11:53:20',1,0,'0000-00-00 00:00:00',0),(6326,1,0,'2010-11-03 11:53:20',137224,'2010-11-03 11:58:14',43620,'2010-11-03 11:58:14',0,6,'0000-00-00 00:00:00',0),(6327,1,5,'2010-11-03 11:53:20',137296,'2010-11-03 11:53:30',148154,'2010-11-03 11:53:30',1,0,'0000-00-00 00:00:00',0),(6329,1,8,'2010-11-03 11:53:20',137903,'2010-11-03 11:53:30',148693,'2010-11-03 11:53:30',1,0,'0000-00-00 00:00:00',0),(6331,1,5,'2010-11-03 11:53:30',148683,'2010-11-03 11:53:40',163459,'2010-11-03 11:53:40',1,0,'0000-00-00 00:00:00',0),(6333,1,8,'2010-11-03 11:53:30',149467,'2010-11-03 11:53:40',164887,'2010-11-03 11:53:40',1,0,'0000-00-00 00:00:00',0),(6336,1,0,'2010-11-03 11:53:40',164615,'2010-11-03 11:58:35',77996,'2010-11-03 11:58:35',0,5,'0000-00-00 00:00:00',0),(6337,1,5,'2010-11-03 11:53:40',164876,'2010-11-03 11:53:50',176041,'2010-11-03 11:53:50',1,0,'0000-00-00 00:00:00',0),(6339,1,8,'2010-11-03 11:53:40',165900,'2010-11-03 11:53:50',176608,'2010-11-03 11:53:50',1,0,'0000-00-00 00:00:00',0),(6341,1,5,'2010-11-03 11:53:50',176597,'2010-11-03 11:54:00',187079,'2010-11-03 11:54:00',1,0,'0000-00-00 00:00:00',0),(6343,1,8,'2010-11-03 11:53:50',177157,'2010-11-03 11:54:00',187770,'2010-11-03 11:54:00',1,0,'0000-00-00 00:00:00',0),(6345,1,5,'2010-11-03 11:54:00',187759,'2010-11-03 11:54:10',198142,'2010-11-03 11:54:10',1,0,'0000-00-00 00:00:00',0),(6347,1,8,'2010-11-03 11:54:00',188096,'2010-11-03 11:54:10',198180,'2010-11-03 11:54:10',1,0,'0000-00-00 00:00:00',0),(6349,1,6,'2010-11-03 11:54:10',198117,'2010-11-03 11:55:10',32379,'2010-11-03 11:55:10',1,0,'0000-00-00 00:00:00',0),(6351,1,10,'2010-11-03 11:54:10',198134,'2010-11-03 11:55:10',33031,'2010-11-03 11:55:10',1,0,'0000-00-00 00:00:00',0),(6353,1,5,'2010-11-03 11:54:10',198171,'2010-11-03 11:54:20',209023,'2010-11-03 11:54:20',1,0,'0000-00-00 00:00:00',0),(6355,1,8,'2010-11-03 11:54:10',198967,'2010-11-03 11:54:20',209676,'2010-11-03 11:54:20',1,0,'0000-00-00 00:00:00',0),(6357,1,5,'2010-11-03 11:54:20',209665,'2010-11-03 11:54:30',225074,'2010-11-03 11:54:30',1,0,'0000-00-00 00:00:00',0),(6359,1,8,'2010-11-03 11:54:20',214935,'2010-11-03 11:54:30',225614,'2010-11-03 11:54:30',1,0,'0000-00-00 00:00:00',0),(6361,1,5,'2010-11-03 11:54:30',225604,'2010-11-03 11:54:40',235757,'2010-11-03 11:54:40',1,0,'0000-00-00 00:00:00',0),(6363,1,8,'2010-11-03 11:54:30',226670,'2010-11-03 11:54:40',236340,'2010-11-03 11:54:40',1,0,'0000-00-00 00:00:00',0),(6365,1,5,'2010-11-03 11:54:40',236330,'2010-11-03 11:54:50',4199,'2010-11-03 11:54:50',1,0,'0000-00-00 00:00:00',0),(6367,1,8,'2010-11-03 11:54:40',237093,'2010-11-03 11:54:50',5329,'2010-11-03 11:54:50',1,0,'0000-00-00 00:00:00',0),(6370,1,12,'2010-11-03 11:54:50',5268,'2010-11-03 11:59:50',199087,'2010-11-03 11:59:50',0,1,'0000-00-00 00:00:00',0),(6371,1,5,'2010-11-03 11:54:50',5320,'2010-11-03 11:55:00',16760,'2010-11-03 11:55:00',1,0,'0000-00-00 00:00:00',0),(6373,1,8,'2010-11-03 11:54:50',5964,'2010-11-03 11:55:00',17304,'2010-11-03 11:55:00',1,0,'0000-00-00 00:00:00',0),(6375,1,5,'2010-11-03 11:55:00',17293,'2010-11-03 11:55:10',33046,'2010-11-03 11:55:10',1,0,'0000-00-00 00:00:00',0),(6377,1,8,'2010-11-03 11:55:00',18071,'2010-11-03 11:55:10',39083,'2010-11-03 11:55:10',1,0,'0000-00-00 00:00:00',0),(6380,1,6,'2010-11-03 11:55:10',33009,'2010-11-03 11:56:10',109200,'2010-11-03 11:56:10',1,0,'0000-00-00 00:00:00',0),(6382,1,10,'2010-11-03 11:55:10',33038,'2010-11-03 11:56:10',109787,'2010-11-03 11:56:10',1,0,'0000-00-00 00:00:00',0),(6384,1,0,'2010-11-03 11:55:10',38912,'2010-11-03 12:00:01',222445,'2010-11-03 12:00:01',0,7,'0000-00-00 00:00:00',0),(6385,1,5,'2010-11-03 11:55:10',39071,'2010-11-03 11:55:20',49523,'2010-11-03 11:55:20',1,0,'0000-00-00 00:00:00',0),(6387,1,8,'2010-11-03 11:55:10',39854,'2010-11-03 11:55:20',50136,'2010-11-03 11:55:20',1,0,'0000-00-00 00:00:00',0),(6389,1,5,'2010-11-03 11:55:20',50126,'2010-11-03 11:55:30',64790,'2010-11-03 11:55:30',1,0,'0000-00-00 00:00:00',0),(6391,1,8,'2010-11-03 11:55:20',54948,'2010-11-03 11:55:30',65439,'2010-11-03 11:55:30',1,0,'0000-00-00 00:00:00',0),(6393,1,5,'2010-11-03 11:55:30',65429,'2010-11-03 11:55:40',75848,'2010-11-03 11:55:40',1,0,'0000-00-00 00:00:00',0),(6395,1,8,'2010-11-03 11:55:30',66189,'2010-11-03 11:55:40',76373,'2010-11-03 11:55:40',1,0,'0000-00-00 00:00:00',0),(6397,1,5,'2010-11-03 11:55:40',76363,'2010-11-03 11:55:50',88107,'2010-11-03 11:55:50',1,0,'0000-00-00 00:00:00',0),(6399,1,8,'2010-11-03 11:55:40',77279,'2010-11-03 11:55:50',88649,'2010-11-03 11:55:50',1,0,'0000-00-00 00:00:00',0),(6401,1,5,'2010-11-03 11:55:50',88638,'2010-11-03 11:56:00',99206,'2010-11-03 11:56:00',1,0,'0000-00-00 00:00:00',0),(6403,1,8,'2010-11-03 11:55:50',89265,'2010-11-03 11:56:00',99282,'2010-11-03 11:56:00',1,0,'0000-00-00 00:00:00',0),(6405,1,5,'2010-11-03 11:56:00',99272,'2010-11-03 11:56:10',109803,'2010-11-03 11:56:10',1,0,'0000-00-00 00:00:00',0),(6407,1,8,'2010-11-03 11:56:00',99734,'2010-11-03 11:56:10',109841,'2010-11-03 11:56:10',1,0,'0000-00-00 00:00:00',0),(6409,1,6,'2010-11-03 11:56:10',109777,'2010-11-03 11:57:10',185232,'2010-11-03 11:57:10',1,0,'0000-00-00 00:00:00',0),(6411,1,10,'2010-11-03 11:56:10',109795,'2010-11-03 11:57:10',185855,'2010-11-03 11:57:10',1,0,'0000-00-00 00:00:00',0),(6413,1,5,'2010-11-03 11:56:10',109832,'2010-11-03 11:56:20',122970,'2010-11-03 11:56:20',1,0,'0000-00-00 00:00:00',0),(6415,1,8,'2010-11-03 11:56:10',110211,'2010-11-03 11:56:20',123493,'2010-11-03 11:56:20',1,0,'0000-00-00 00:00:00',0),(6417,1,5,'2010-11-03 11:56:20',123483,'2010-11-03 11:56:30',139562,'2010-11-03 11:56:30',1,0,'0000-00-00 00:00:00',0),(6419,1,8,'2010-11-03 11:56:20',124230,'2010-11-03 11:56:30',140806,'2010-11-03 11:56:30',1,0,'0000-00-00 00:00:00',0),(6422,1,0,'2010-11-03 11:56:30',140702,'2010-11-03 12:01:27',84856,'2010-11-03 12:01:27',0,8,'0000-00-00 00:00:00',0),(6423,1,5,'2010-11-03 11:56:30',140796,'2010-11-03 11:56:40',151222,'2010-11-03 11:56:40',1,0,'0000-00-00 00:00:00',0),(6425,1,8,'2010-11-03 11:56:30',141193,'2010-11-03 11:56:40',151763,'2010-11-03 11:56:40',1,0,'0000-00-00 00:00:00',0),(6427,1,5,'2010-11-03 11:56:40',151753,'2010-11-03 11:56:50',163217,'2010-11-03 11:56:50',1,0,'0000-00-00 00:00:00',0),(6429,1,8,'2010-11-03 11:56:40',152530,'2010-11-03 11:56:50',163772,'2010-11-03 11:56:50',1,0,'0000-00-00 00:00:00',0),(6431,1,5,'2010-11-03 11:56:50',163762,'2010-11-03 11:57:00',174568,'2010-11-03 11:57:00',1,0,'0000-00-00 00:00:00',0),(6433,1,8,'2010-11-03 11:56:50',164557,'2010-11-03 11:57:00',175125,'2010-11-03 11:57:00',1,0,'0000-00-00 00:00:00',0),(6435,1,5,'2010-11-03 11:57:00',175114,'2010-11-03 11:57:10',185870,'2010-11-03 11:57:10',1,0,'0000-00-00 00:00:00',0),(6437,1,8,'2010-11-03 11:57:00',175922,'2010-11-03 11:57:10',185911,'2010-11-03 11:57:10',1,0,'0000-00-00 00:00:00',0),(6439,1,6,'2010-11-03 11:57:10',185844,'2010-11-03 11:58:10',32950,'2010-11-03 11:58:10',1,0,'0000-00-00 00:00:00',0),(6441,1,10,'2010-11-03 11:57:10',185862,'2010-11-03 11:58:10',33604,'2010-11-03 11:58:10',1,0,'0000-00-00 00:00:00',0),(6443,1,5,'2010-11-03 11:57:10',185901,'2010-11-03 11:57:20',208727,'2010-11-03 11:57:20',1,0,'0000-00-00 00:00:00',0),(6445,1,8,'2010-11-03 11:57:10',190990,'2010-11-03 11:57:20',209973,'2010-11-03 11:57:20',1,0,'0000-00-00 00:00:00',0),(6448,1,12,'2010-11-03 11:57:20',209647,'2010-11-03 12:02:20',162875,'2010-11-03 12:02:20',0,2,'0000-00-00 00:00:00',0),(6449,1,5,'2010-11-03 11:57:20',209962,'2010-11-03 11:57:30',224475,'2010-11-03 11:57:30',1,0,'0000-00-00 00:00:00',0),(6451,1,8,'2010-11-03 11:57:20',210638,'2010-11-03 11:57:30',224559,'2010-11-03 11:57:30',1,0,'0000-00-00 00:00:00',0),(6454,1,5,'2010-11-03 11:57:30',224548,'2010-11-03 11:57:40',242160,'2010-11-03 11:57:40',1,0,'0000-00-00 00:00:00',0),(6456,1,8,'2010-11-03 11:57:30',224984,'2010-11-03 11:57:40',243825,'2010-11-03 11:57:40',1,0,'0000-00-00 00:00:00',0),(6459,1,0,'2010-11-03 11:57:40',243513,'2010-11-03 12:02:27',175477,'2010-11-03 12:02:27',0,3,'0000-00-00 00:00:00',0),(6460,1,0,'2010-11-03 11:57:40',243769,'2010-11-03 12:02:31',185829,'2010-11-03 12:02:31',0,9,'0000-00-00 00:00:00',0),(6461,1,5,'2010-11-03 11:57:40',243816,'2010-11-03 11:57:50',4437,'2010-11-03 11:57:50',1,0,'0000-00-00 00:00:00',0),(6463,1,8,'2010-11-03 11:57:40',244261,'2010-11-03 11:57:50',4966,'2010-11-03 11:57:50',1,0,'0000-00-00 00:00:00',0),(6465,1,5,'2010-11-03 11:57:50',4955,'2010-11-03 11:58:00',20489,'2010-11-03 11:58:00',1,0,'0000-00-00 00:00:00',0),(6467,1,8,'2010-11-03 11:57:50',5933,'2010-11-03 11:58:00',21938,'2010-11-03 11:58:00',1,0,'0000-00-00 00:00:00',0),(6470,1,0,'2010-11-03 11:58:00',21668,'2010-11-03 12:02:52',232354,'2010-11-03 12:02:52',0,10,'0000-00-00 00:00:00',0),(6471,1,5,'2010-11-03 11:58:00',21927,'2010-11-03 11:58:10',33619,'2010-11-03 11:58:10',1,0,'0000-00-00 00:00:00',0),(6473,1,8,'2010-11-03 11:58:00',22983,'2010-11-03 11:58:10',33663,'2010-11-03 11:58:10',1,0,'0000-00-00 00:00:00',0),(6475,1,6,'2010-11-03 11:58:10',33593,'2010-11-03 11:59:10',133183,'2010-11-03 11:59:10',1,0,'0000-00-00 00:00:00',0),(6477,1,10,'2010-11-03 11:58:10',33611,'2010-11-03 11:59:10',133756,'2010-11-03 11:59:10',1,0,'0000-00-00 00:00:00',0),(6479,1,5,'2010-11-03 11:58:10',33654,'2010-11-03 11:58:20',54536,'2010-11-03 11:58:20',1,0,'0000-00-00 00:00:00',0),(6481,1,8,'2010-11-03 11:58:10',39294,'2010-11-03 11:58:20',55925,'2010-11-03 11:58:20',1,0,'0000-00-00 00:00:00',0),(6484,1,0,'2010-11-03 11:58:20',55652,'2010-11-03 12:03:14',13154,'2010-11-03 12:03:14',0,6,'0000-00-00 00:00:00',0),(6485,1,5,'2010-11-03 11:58:20',55913,'2010-11-03 11:58:30',66745,'2010-11-03 11:58:30',1,0,'0000-00-00 00:00:00',0),(6487,1,8,'2010-11-03 11:58:20',56835,'2010-11-03 11:58:30',66789,'2010-11-03 11:58:30',1,0,'0000-00-00 00:00:00',0),(6489,1,5,'2010-11-03 11:58:30',66781,'2010-11-03 11:58:40',85808,'2010-11-03 11:58:40',1,0,'0000-00-00 00:00:00',0),(6491,1,8,'2010-11-03 11:58:30',67141,'2010-11-03 11:58:40',86573,'2010-11-03 11:58:40',1,0,'0000-00-00 00:00:00',0),(6494,1,0,'2010-11-03 11:58:40',86502,'2010-11-03 12:03:35',44338,'2010-11-03 12:03:35',0,5,'0000-00-00 00:00:00',0),(6495,1,5,'2010-11-03 11:58:40',86564,'2010-11-03 11:58:50',107176,'2010-11-03 11:58:50',1,0,'0000-00-00 00:00:00',0),(6497,1,8,'2010-11-03 11:58:40',86847,'2010-11-03 11:58:50',107862,'2010-11-03 11:58:50',1,0,'0000-00-00 00:00:00',0),(6499,1,5,'2010-11-03 11:58:50',107851,'2010-11-03 11:59:00',119613,'2010-11-03 11:59:00',1,0,'0000-00-00 00:00:00',0),(6501,1,8,'2010-11-03 11:58:50',108178,'2010-11-03 11:59:00',120154,'2010-11-03 11:59:00',1,0,'0000-00-00 00:00:00',0),(6503,1,5,'2010-11-03 11:59:00',120144,'2010-11-03 11:59:10',133771,'2010-11-03 11:59:10',1,0,'0000-00-00 00:00:00',0),(6505,1,8,'2010-11-03 11:59:00',121001,'2010-11-03 11:59:10',133807,'2010-11-03 11:59:10',1,0,'0000-00-00 00:00:00',0),(6507,1,6,'2010-11-03 11:59:10',133746,'2010-11-03 12:00:10',236138,'2010-11-03 12:00:10',1,0,'0000-00-00 00:00:00',0),(6509,1,10,'2010-11-03 11:59:10',133763,'2010-11-03 12:00:10',236196,'2010-11-03 12:00:10',1,0,'0000-00-00 00:00:00',0),(6511,1,5,'2010-11-03 11:59:10',133798,'2010-11-03 11:59:20',144654,'2010-11-03 11:59:20',1,0,'0000-00-00 00:00:00',0),(6513,1,8,'2010-11-03 11:59:10',134114,'2010-11-03 11:59:20',145294,'2010-11-03 11:59:20',1,0,'0000-00-00 00:00:00',0),(6515,1,5,'2010-11-03 11:59:20',145284,'2010-11-03 11:59:30',155968,'2010-11-03 11:59:30',1,0,'0000-00-00 00:00:00',0),(6517,1,8,'2010-11-03 11:59:20',145634,'2010-11-03 11:59:30',156722,'2010-11-03 11:59:30',1,0,'0000-00-00 00:00:00',0),(6519,1,5,'2010-11-03 11:59:30',156711,'2010-11-03 11:59:40',172836,'2010-11-03 11:59:40',1,0,'0000-00-00 00:00:00',0),(6521,1,8,'2010-11-03 11:59:30',157052,'2010-11-03 11:59:40',173397,'2010-11-03 11:59:40',1,0,'0000-00-00 00:00:00',0),(6523,1,5,'2010-11-03 11:59:40',173386,'2010-11-03 11:59:50',198124,'2010-11-03 11:59:50',1,0,'0000-00-00 00:00:00',0),(6525,1,8,'2010-11-03 11:59:40',174146,'2010-11-03 11:59:50',198696,'2010-11-03 11:59:50',1,0,'0000-00-00 00:00:00',0),(6527,1,5,'2010-11-03 11:59:50',198685,'2010-11-03 12:00:00',220646,'2010-11-03 12:00:00',1,0,'0000-00-00 00:00:00',0),(6529,1,8,'2010-11-03 11:59:50',199076,'2010-11-03 12:00:00',221376,'2010-11-03 12:00:00',1,0,'0000-00-00 00:00:00',0),(6532,1,12,'2010-11-03 12:00:00',221315,'2010-11-03 12:05:00',147067,'2010-11-03 12:05:00',0,1,'0000-00-00 00:00:00',0),(6533,1,5,'2010-11-03 12:00:00',221367,'2010-11-03 12:00:10',236211,'2010-11-03 12:00:10',1,0,'0000-00-00 00:00:00',0),(6535,1,8,'2010-11-03 12:00:00',221671,'2010-11-03 12:00:10',236512,'2010-11-03 12:00:10',1,0,'0000-00-00 00:00:00',0),(6538,1,6,'2010-11-03 12:00:10',236185,'2010-11-03 12:01:10',62864,'2010-11-03 12:01:10',1,0,'0000-00-00 00:00:00',0),(6540,1,10,'2010-11-03 12:00:10',236203,'2010-11-03 12:01:10',63417,'2010-11-03 12:01:10',1,0,'0000-00-00 00:00:00',0),(6542,1,0,'2010-11-03 12:00:10',236427,'2010-11-03 12:05:01',154124,'2010-11-03 12:05:01',0,7,'0000-00-00 00:00:00',0),(6543,1,5,'2010-11-03 12:00:10',236502,'2010-11-03 12:00:20',248377,'2010-11-03 12:00:20',1,0,'0000-00-00 00:00:00',0),(6545,1,8,'2010-11-03 12:00:10',236956,'2010-11-03 12:00:20',248461,'2010-11-03 12:00:20',1,0,'0000-00-00 00:00:00',0),(6547,1,5,'2010-11-03 12:00:20',248451,'2010-11-03 12:00:30',11322,'2010-11-03 12:00:30',1,0,'0000-00-00 00:00:00',0),(6549,1,8,'2010-11-03 12:00:20',248905,'2010-11-03 12:00:30',11908,'2010-11-03 12:00:30',1,0,'0000-00-00 00:00:00',0),(6551,1,5,'2010-11-03 12:00:30',11898,'2010-11-03 12:00:40',23818,'2010-11-03 12:00:40',1,0,'0000-00-00 00:00:00',0),(6553,1,8,'2010-11-03 12:00:30',12228,'2010-11-03 12:00:40',24352,'2010-11-03 12:00:40',1,0,'0000-00-00 00:00:00',0),(6555,1,5,'2010-11-03 12:00:40',24341,'2010-11-03 12:00:50',38233,'2010-11-03 12:00:50',1,0,'0000-00-00 00:00:00',0),(6557,1,8,'2010-11-03 12:00:40',25306,'2010-11-03 12:00:50',38773,'2010-11-03 12:00:50',1,0,'0000-00-00 00:00:00',0),(6559,1,5,'2010-11-03 12:00:50',38763,'2010-11-03 12:01:00',50199,'2010-11-03 12:01:00',1,0,'0000-00-00 00:00:00',0),(6561,1,8,'2010-11-03 12:00:50',39756,'2010-11-03 12:01:00',50746,'2010-11-03 12:01:00',1,0,'0000-00-00 00:00:00',0),(6563,1,5,'2010-11-03 12:01:00',50736,'2010-11-03 12:01:10',63433,'2010-11-03 12:01:10',1,0,'0000-00-00 00:00:00',0),(6565,1,8,'2010-11-03 12:01:00',51814,'2010-11-03 12:01:10',63485,'2010-11-03 12:01:10',1,0,'0000-00-00 00:00:00',0),(6567,1,6,'2010-11-03 12:01:10',63407,'2010-11-03 12:02:10',149741,'2010-11-03 12:02:10',1,0,'0000-00-00 00:00:00',0),(6569,1,10,'2010-11-03 12:01:10',63424,'2010-11-03 12:02:10',150318,'2010-11-03 12:02:10',1,0,'0000-00-00 00:00:00',0),(6571,1,5,'2010-11-03 12:01:10',63475,'2010-11-03 12:01:20',74608,'2010-11-03 12:01:20',1,0,'0000-00-00 00:00:00',0),(6573,1,8,'2010-11-03 12:01:10',64457,'2010-11-03 12:01:20',75117,'2010-11-03 12:01:20',1,0,'0000-00-00 00:00:00',0),(6575,1,5,'2010-11-03 12:01:20',75106,'2010-11-03 12:01:30',95627,'2010-11-03 12:01:30',1,0,'0000-00-00 00:00:00',0),(6577,1,8,'2010-11-03 12:01:20',76381,'2010-11-03 12:01:30',97160,'2010-11-03 12:01:30',1,0,'0000-00-00 00:00:00',0),(6580,1,0,'2010-11-03 12:01:30',96728,'2010-11-03 12:06:27',252474,'2010-11-03 12:06:27',0,8,'0000-00-00 00:00:00',0),(6581,1,5,'2010-11-03 12:01:30',97148,'2010-11-03 12:01:40',108469,'2010-11-03 12:01:40',1,0,'0000-00-00 00:00:00',0),(6583,1,8,'2010-11-03 12:01:30',98254,'2010-11-03 12:01:40',109344,'2010-11-03 12:01:40',1,0,'0000-00-00 00:00:00',0),(6585,1,5,'2010-11-03 12:01:40',109333,'2010-11-03 12:01:50',126790,'2010-11-03 12:01:50',1,0,'0000-00-00 00:00:00',0),(6587,1,8,'2010-11-03 12:01:40',109673,'2010-11-03 12:01:50',127345,'2010-11-03 12:01:50',1,0,'0000-00-00 00:00:00',0),(6589,1,5,'2010-11-03 12:01:50',127335,'2010-11-03 12:02:00',138634,'2010-11-03 12:02:00',1,0,'0000-00-00 00:00:00',0),(6591,1,8,'2010-11-03 12:01:50',128121,'2010-11-03 12:02:00',139144,'2010-11-03 12:02:00',1,0,'0000-00-00 00:00:00',0),(6593,1,5,'2010-11-03 12:02:00',139133,'2010-11-03 12:02:10',150333,'2010-11-03 12:02:10',1,0,'0000-00-00 00:00:00',0),(6595,1,8,'2010-11-03 12:02:00',139907,'2010-11-03 12:02:10',150371,'2010-11-03 12:02:10',1,0,'0000-00-00 00:00:00',0),(6597,1,6,'2010-11-03 12:02:10',150308,'2010-11-03 12:03:10',7109,'2010-11-03 12:03:10',1,0,'0000-00-00 00:00:00',0),(6599,1,10,'2010-11-03 12:02:10',150325,'2010-11-03 12:03:10',7645,'2010-11-03 12:03:10',1,0,'0000-00-00 00:00:00',0),(6601,1,5,'2010-11-03 12:02:10',150362,'2010-11-03 12:02:20',161979,'2010-11-03 12:02:20',1,0,'0000-00-00 00:00:00',0),(6603,1,8,'2010-11-03 12:02:10',151322,'2010-11-03 12:02:20',162539,'2010-11-03 12:02:20',1,0,'0000-00-00 00:00:00',0),(6605,1,5,'2010-11-03 12:02:20',162529,'2010-11-03 12:02:30',183098,'2010-11-03 12:02:30',1,0,'0000-00-00 00:00:00',0),(6607,1,8,'2010-11-03 12:02:20',162865,'2010-11-03 12:02:30',184050,'2010-11-03 12:02:30',1,0,'0000-00-00 00:00:00',0),(6611,1,12,'2010-11-03 12:02:30',183989,'2010-11-03 12:07:30',85772,'2010-11-03 12:07:30',0,2,'0000-00-00 00:00:00',0),(6612,1,5,'2010-11-03 12:02:30',184040,'2010-11-03 12:02:40',215484,'2010-11-03 12:02:40',1,0,'0000-00-00 00:00:00',0),(6614,1,8,'2010-11-03 12:02:30',184878,'2010-11-03 12:02:40',217004,'2010-11-03 12:02:40',1,0,'0000-00-00 00:00:00',0),(6617,1,0,'2010-11-03 12:02:40',216588,'2010-11-03 12:07:27',75450,'2010-11-03 12:07:27',0,3,'0000-00-00 00:00:00',0),(6618,1,0,'2010-11-03 12:02:40',216945,'2010-11-03 12:07:31',95015,'2010-11-03 12:07:31',0,9,'0000-00-00 00:00:00',0),(6619,1,5,'2010-11-03 12:02:40',216994,'2010-11-03 12:02:50',230043,'2010-11-03 12:02:50',1,0,'0000-00-00 00:00:00',0),(6621,1,8,'2010-11-03 12:02:40',217670,'2010-11-03 12:02:50',230167,'2010-11-03 12:02:50',1,0,'0000-00-00 00:00:00',0),(6623,1,5,'2010-11-03 12:02:50',230157,'2010-11-03 12:03:00',245707,'2010-11-03 12:03:00',1,0,'0000-00-00 00:00:00',0),(6625,1,8,'2010-11-03 12:02:50',230622,'2010-11-03 12:03:00',247030,'2010-11-03 12:03:00',1,0,'0000-00-00 00:00:00',0),(6628,1,0,'2010-11-03 12:03:00',246857,'2010-11-03 12:07:52',123858,'2010-11-03 12:07:52',0,10,'0000-00-00 00:00:00',0),(6629,1,5,'2010-11-03 12:03:00',247019,'2010-11-03 12:03:10',7659,'2010-11-03 12:03:10',1,0,'0000-00-00 00:00:00',0),(6631,1,8,'2010-11-03 12:03:00',247662,'2010-11-03 12:03:10',7700,'2010-11-03 12:03:10',1,0,'0000-00-00 00:00:00',0),(6633,1,6,'2010-11-03 12:03:10',7635,'2010-11-03 12:04:10',91379,'2010-11-03 12:04:10',1,0,'0000-00-00 00:00:00',0),(6635,1,10,'2010-11-03 12:03:10',7652,'2010-11-03 12:04:10',91877,'2010-11-03 12:04:10',1,0,'0000-00-00 00:00:00',0),(6637,1,5,'2010-11-03 12:03:10',7691,'2010-11-03 12:03:20',24724,'2010-11-03 12:03:20',1,0,'0000-00-00 00:00:00',0),(6639,1,8,'2010-11-03 12:03:10',9083,'2010-11-03 12:03:20',26162,'2010-11-03 12:03:20',1,0,'0000-00-00 00:00:00',0),(6642,1,0,'2010-11-03 12:03:20',25875,'2010-11-03 12:08:14',154288,'2010-11-03 12:08:14',0,6,'0000-00-00 00:00:00',0),(6643,1,5,'2010-11-03 12:03:20',26150,'2010-11-03 12:03:30',38930,'2010-11-03 12:03:30',1,0,'0000-00-00 00:00:00',0),(6645,1,8,'2010-11-03 12:03:20',27863,'2010-11-03 12:03:30',39440,'2010-11-03 12:03:30',1,0,'0000-00-00 00:00:00',0),(6647,1,5,'2010-11-03 12:03:30',39429,'2010-11-03 12:03:40',54605,'2010-11-03 12:03:40',1,0,'0000-00-00 00:00:00',0),(6649,1,8,'2010-11-03 12:03:30',40195,'2010-11-03 12:03:40',56018,'2010-11-03 12:03:40',1,0,'0000-00-00 00:00:00',0),(6652,1,0,'2010-11-03 12:03:40',55745,'2010-11-03 12:08:35',187721,'2010-11-03 12:08:35',0,5,'0000-00-00 00:00:00',0),(6653,1,5,'2010-11-03 12:03:40',56006,'2010-11-03 12:03:50',69657,'2010-11-03 12:03:50',1,0,'0000-00-00 00:00:00',0),(6655,1,8,'2010-11-03 12:03:40',56924,'2010-11-03 12:03:50',70125,'2010-11-03 12:03:50',1,0,'0000-00-00 00:00:00',0),(6657,1,5,'2010-11-03 12:03:50',70115,'2010-11-03 12:04:00',80823,'2010-11-03 12:04:00',1,0,'0000-00-00 00:00:00',0),(6659,1,8,'2010-11-03 12:03:50',70957,'2010-11-03 12:04:00',81326,'2010-11-03 12:04:00',1,0,'0000-00-00 00:00:00',0),(6661,1,5,'2010-11-03 12:04:00',81316,'2010-11-03 12:04:10',91892,'2010-11-03 12:04:10',1,0,'0000-00-00 00:00:00',0),(6663,1,8,'2010-11-03 12:04:00',82080,'2010-11-03 12:04:10',91929,'2010-11-03 12:04:10',1,0,'0000-00-00 00:00:00',0),(6665,1,6,'2010-11-03 12:04:10',91866,'2010-11-03 12:05:10',167548,'2010-11-03 12:05:10',1,0,'0000-00-00 00:00:00',0),(6667,1,10,'2010-11-03 12:04:10',91884,'2010-11-03 12:05:10',168124,'2010-11-03 12:05:10',1,0,'0000-00-00 00:00:00',0),(6669,1,5,'2010-11-03 12:04:10',91920,'2010-11-03 12:04:20',102297,'2010-11-03 12:04:20',1,0,'0000-00-00 00:00:00',0),(6671,1,8,'2010-11-03 12:04:10',92687,'2010-11-03 12:04:20',102829,'2010-11-03 12:04:20',1,0,'0000-00-00 00:00:00',0),(6673,1,5,'2010-11-03 12:04:20',102818,'2010-11-03 12:04:30',113438,'2010-11-03 12:04:30',1,0,'0000-00-00 00:00:00',0),(6675,1,8,'2010-11-03 12:04:20',103301,'2010-11-03 12:04:30',114008,'2010-11-03 12:04:30',1,0,'0000-00-00 00:00:00',0),(6677,1,5,'2010-11-03 12:04:30',113998,'2010-11-03 12:04:40',123811,'2010-11-03 12:04:40',1,0,'0000-00-00 00:00:00',0),(6679,1,8,'2010-11-03 12:04:30',114788,'2010-11-03 12:04:40',124386,'2010-11-03 12:04:40',1,0,'0000-00-00 00:00:00',0),(6681,1,5,'2010-11-03 12:04:40',124375,'2010-11-03 12:04:50',134675,'2010-11-03 12:04:50',1,0,'0000-00-00 00:00:00',0),(6683,1,8,'2010-11-03 12:04:40',125156,'2010-11-03 12:04:50',135190,'2010-11-03 12:04:50',1,0,'0000-00-00 00:00:00',0),(6685,1,5,'2010-11-03 12:04:50',135179,'2010-11-03 12:05:00',145727,'2010-11-03 12:05:00',1,0,'0000-00-00 00:00:00',0),(6687,1,8,'2010-11-03 12:04:50',135666,'2010-11-03 12:05:00',146259,'2010-11-03 12:05:00',1,0,'0000-00-00 00:00:00',0),(6689,1,5,'2010-11-03 12:05:00',146249,'2010-11-03 12:05:10',168139,'2010-11-03 12:05:10',1,0,'0000-00-00 00:00:00',0),(6691,1,8,'2010-11-03 12:05:00',147056,'2010-11-03 12:05:10',168549,'2010-11-03 12:05:10',1,0,'0000-00-00 00:00:00',0),(6695,1,6,'2010-11-03 12:05:10',168112,'2010-11-03 12:06:10',233415,'2010-11-03 12:06:10',1,0,'0000-00-00 00:00:00',0),(6697,1,10,'2010-11-03 12:05:10',168131,'2010-11-03 12:06:10',234234,'2010-11-03 12:06:10',1,0,'0000-00-00 00:00:00',0),(6699,1,12,'2010-11-03 12:05:10',168384,'2010-11-03 12:10:10',78769,'2010-11-03 12:10:10',0,1,'0000-00-00 00:00:00',0),(6700,1,0,'2010-11-03 12:05:10',168469,'2010-11-03 12:10:01',62808,'2010-11-03 12:10:01',0,7,'0000-00-00 00:00:00',0),(6701,1,5,'2010-11-03 12:05:10',168540,'2010-11-03 12:05:20',177761,'2010-11-03 12:05:20',1,0,'0000-00-00 00:00:00',0),(6703,1,8,'2010-11-03 12:05:10',168835,'2010-11-03 12:05:20',178315,'2010-11-03 12:05:20',1,0,'0000-00-00 00:00:00',0),(6705,1,5,'2010-11-03 12:05:20',178304,'2010-11-03 12:05:30',189554,'2010-11-03 12:05:30',1,0,'0000-00-00 00:00:00',0),(6707,1,8,'2010-11-03 12:05:20',179389,'2010-11-03 12:05:30',190074,'2010-11-03 12:05:30',1,0,'0000-00-00 00:00:00',0),(6709,1,5,'2010-11-03 12:05:30',190064,'2010-11-03 12:05:40',200206,'2010-11-03 12:05:40',1,0,'0000-00-00 00:00:00',0),(6711,1,8,'2010-11-03 12:05:30',190651,'2010-11-03 12:05:40',200796,'2010-11-03 12:05:40',1,0,'0000-00-00 00:00:00',0),(6713,1,5,'2010-11-03 12:05:40',200785,'2010-11-03 12:05:50',211534,'2010-11-03 12:05:50',1,0,'0000-00-00 00:00:00',0),(6715,1,8,'2010-11-03 12:05:40',201576,'2010-11-03 12:05:50',212113,'2010-11-03 12:05:50',1,0,'0000-00-00 00:00:00',0),(6717,1,5,'2010-11-03 12:05:50',212102,'2010-11-03 12:06:00',223150,'2010-11-03 12:06:00',1,0,'0000-00-00 00:00:00',0),(6719,1,8,'2010-11-03 12:05:50',213446,'2010-11-03 12:06:00',223746,'2010-11-03 12:06:00',1,0,'0000-00-00 00:00:00',0),(6721,1,5,'2010-11-03 12:06:00',223735,'2010-11-03 12:06:10',234249,'2010-11-03 12:06:10',1,0,'0000-00-00 00:00:00',0),(6723,1,8,'2010-11-03 12:06:00',224326,'2010-11-03 12:06:10',234284,'2010-11-03 12:06:10',1,0,'0000-00-00 00:00:00',0),(6725,1,6,'2010-11-03 12:06:10',234223,'2010-11-03 12:07:10',56222,'2010-11-03 12:07:10',1,0,'0000-00-00 00:00:00',0),(6727,1,10,'2010-11-03 12:06:10',234241,'2010-11-03 12:07:10',56761,'2010-11-03 12:07:10',1,0,'0000-00-00 00:00:00',0),(6729,1,5,'2010-11-03 12:06:10',234275,'2010-11-03 12:06:20',244509,'2010-11-03 12:06:20',1,0,'0000-00-00 00:00:00',0),(6731,1,8,'2010-11-03 12:06:10',234898,'2010-11-03 12:06:20',245096,'2010-11-03 12:06:20',1,0,'0000-00-00 00:00:00',0),(6733,1,5,'2010-11-03 12:06:20',245086,'2010-11-03 12:06:30',10615,'2010-11-03 12:06:30',1,0,'0000-00-00 00:00:00',0),(6735,1,8,'2010-11-03 12:06:20',245831,'2010-11-03 12:06:30',11584,'2010-11-03 12:06:30',1,0,'0000-00-00 00:00:00',0),(6738,1,0,'2010-11-03 12:06:30',11405,'2010-11-03 12:11:27',174091,'2010-11-03 12:11:27',0,8,'0000-00-00 00:00:00',0),(6739,1,5,'2010-11-03 12:06:30',11573,'2010-11-03 12:06:40',22493,'2010-11-03 12:06:40',1,0,'0000-00-00 00:00:00',0),(6741,1,8,'2010-11-03 12:06:30',12624,'2010-11-03 12:06:40',23051,'2010-11-03 12:06:40',1,0,'0000-00-00 00:00:00',0),(6743,1,5,'2010-11-03 12:06:40',23040,'2010-11-03 12:06:50',33458,'2010-11-03 12:06:50',1,0,'0000-00-00 00:00:00',0),(6745,1,8,'2010-11-03 12:06:40',23848,'2010-11-03 12:06:50',34007,'2010-11-03 12:06:50',1,0,'0000-00-00 00:00:00',0),(6747,1,5,'2010-11-03 12:06:50',33997,'2010-11-03 12:07:00',44853,'2010-11-03 12:07:00',1,0,'0000-00-00 00:00:00',0),(6749,1,8,'2010-11-03 12:06:50',34791,'2010-11-03 12:07:00',45392,'2010-11-03 12:07:00',1,0,'0000-00-00 00:00:00',0),(6751,1,5,'2010-11-03 12:07:00',45381,'2010-11-03 12:07:10',56776,'2010-11-03 12:07:10',1,0,'0000-00-00 00:00:00',0),(6753,1,8,'2010-11-03 12:07:00',46159,'2010-11-03 12:07:10',56811,'2010-11-03 12:07:10',1,0,'0000-00-00 00:00:00',0),(6755,1,6,'2010-11-03 12:07:10',56750,'2010-11-03 12:08:10',148826,'2010-11-03 12:08:10',1,0,'0000-00-00 00:00:00',0),(6757,1,10,'2010-11-03 12:07:10',56768,'2010-11-03 12:08:10',149352,'2010-11-03 12:08:10',1,0,'0000-00-00 00:00:00',0),(6759,1,5,'2010-11-03 12:07:10',56802,'2010-11-03 12:07:20',67581,'2010-11-03 12:07:20',1,0,'0000-00-00 00:00:00',0),(6761,1,8,'2010-11-03 12:07:10',57516,'2010-11-03 12:07:20',68072,'2010-11-03 12:07:20',1,0,'0000-00-00 00:00:00',0),(6763,1,5,'2010-11-03 12:07:20',68062,'2010-11-03 12:07:30',83668,'2010-11-03 12:07:30',1,0,'0000-00-00 00:00:00',0),(6765,1,8,'2010-11-03 12:07:20',68877,'2010-11-03 12:07:30',84388,'2010-11-03 12:07:30',1,0,'0000-00-00 00:00:00',0),(6768,1,5,'2010-11-03 12:07:30',84376,'2010-11-03 12:07:40',108423,'2010-11-03 12:07:40',1,0,'0000-00-00 00:00:00',0),(6770,1,8,'2010-11-03 12:07:30',85761,'2010-11-03 12:07:40',110860,'2010-11-03 12:07:40',1,0,'0000-00-00 00:00:00',0),(6774,1,12,'2010-11-03 12:07:40',109695,'2010-11-03 12:12:40',22854,'2010-11-03 12:12:40',0,2,'0000-00-00 00:00:00',0),(6775,1,0,'2010-11-03 12:07:40',110091,'2010-11-03 12:12:27',248524,'2010-11-03 12:12:27',0,3,'0000-00-00 00:00:00',0),(6776,1,0,'2010-11-03 12:07:40',110682,'2010-11-03 12:12:31',7745,'2010-11-03 12:12:31',0,9,'0000-00-00 00:00:00',0),(6777,1,5,'2010-11-03 12:07:40',110849,'2010-11-03 12:07:50',120915,'2010-11-03 12:07:50',1,0,'0000-00-00 00:00:00',0),(6779,1,8,'2010-11-03 12:07:40',111727,'2010-11-03 12:07:50',121430,'2010-11-03 12:07:50',1,0,'0000-00-00 00:00:00',0),(6781,1,5,'2010-11-03 12:07:50',121419,'2010-11-03 12:08:00',136929,'2010-11-03 12:08:00',1,0,'0000-00-00 00:00:00',0),(6783,1,8,'2010-11-03 12:07:50',122203,'2010-11-03 12:08:00',138331,'2010-11-03 12:08:00',1,0,'0000-00-00 00:00:00',0),(6786,1,0,'2010-11-03 12:08:00',138044,'2010-11-03 12:12:52',42507,'2010-11-03 12:12:52',0,10,'0000-00-00 00:00:00',0),(6787,1,5,'2010-11-03 12:08:00',138319,'2010-11-03 12:08:10',149366,'2010-11-03 12:08:10',1,0,'0000-00-00 00:00:00',0),(6789,1,8,'2010-11-03 12:08:00',138766,'2010-11-03 12:08:10',149406,'2010-11-03 12:08:10',1,0,'0000-00-00 00:00:00',0),(6791,1,6,'2010-11-03 12:08:10',149341,'2010-11-03 12:09:10',2239,'2010-11-03 12:09:10',1,0,'0000-00-00 00:00:00',0),(6793,1,10,'2010-11-03 12:08:10',149359,'2010-11-03 12:09:10',2759,'2010-11-03 12:09:10',1,0,'0000-00-00 00:00:00',0),(6795,1,5,'2010-11-03 12:08:10',149396,'2010-11-03 12:08:20',164916,'2010-11-03 12:08:20',1,0,'0000-00-00 00:00:00',0),(6797,1,8,'2010-11-03 12:08:10',149907,'2010-11-03 12:08:20',170998,'2010-11-03 12:08:20',1,0,'0000-00-00 00:00:00',0),(6800,1,0,'2010-11-03 12:08:20',170827,'2010-11-03 12:13:14',72756,'2010-11-03 12:13:14',0,6,'0000-00-00 00:00:00',0),(6801,1,5,'2010-11-03 12:08:20',170986,'2010-11-03 12:08:30',182072,'2010-11-03 12:08:30',1,0,'0000-00-00 00:00:00',0),(6803,1,8,'2010-11-03 12:08:20',171673,'2010-11-03 12:08:30',182612,'2010-11-03 12:08:30',1,0,'0000-00-00 00:00:00',0),(6805,1,5,'2010-11-03 12:08:30',182601,'2010-11-03 12:08:40',217673,'2010-11-03 12:08:40',1,0,'0000-00-00 00:00:00',0),(6807,1,8,'2010-11-03 12:08:30',183383,'2010-11-03 12:08:40',218473,'2010-11-03 12:08:40',1,0,'0000-00-00 00:00:00',0),(6810,1,0,'2010-11-03 12:08:40',218399,'2010-11-03 12:13:35',102506,'2010-11-03 12:13:35',0,5,'0000-00-00 00:00:00',0),(6811,1,5,'2010-11-03 12:08:40',218463,'2010-11-03 12:08:50',229847,'2010-11-03 12:08:50',1,0,'0000-00-00 00:00:00',0),(6813,1,8,'2010-11-03 12:08:40',219356,'2010-11-03 12:08:50',230425,'2010-11-03 12:08:50',1,0,'0000-00-00 00:00:00',0),(6815,1,5,'2010-11-03 12:08:50',230415,'2010-11-03 12:09:00',241425,'2010-11-03 12:09:00',1,0,'0000-00-00 00:00:00',0),(6817,1,8,'2010-11-03 12:08:50',231271,'2010-11-03 12:09:00',241939,'2010-11-03 12:09:00',1,0,'0000-00-00 00:00:00',0),(6819,1,5,'2010-11-03 12:09:00',241928,'2010-11-03 12:09:10',2792,'2010-11-03 12:09:10',1,0,'0000-00-00 00:00:00',0),(6821,1,8,'2010-11-03 12:09:00',242702,'2010-11-03 12:09:10',2829,'2010-11-03 12:09:10',1,0,'0000-00-00 00:00:00',0),(6823,1,6,'2010-11-03 12:09:10',2748,'2010-11-03 12:10:10',76443,'2010-11-03 12:10:10',1,0,'0000-00-00 00:00:00',0),(6825,1,10,'2010-11-03 12:09:10',2766,'2010-11-03 12:10:10',77027,'2010-11-03 12:10:10',1,0,'0000-00-00 00:00:00',0),(6827,1,5,'2010-11-03 12:09:10',2820,'2010-11-03 12:09:20',13696,'2010-11-03 12:09:20',1,0,'0000-00-00 00:00:00',0),(6829,1,8,'2010-11-03 12:09:10',3651,'2010-11-03 12:09:20',14193,'2010-11-03 12:09:20',1,0,'0000-00-00 00:00:00',0),(6831,1,5,'2010-11-03 12:09:20',14183,'2010-11-03 12:09:30',25844,'2010-11-03 12:09:30',1,0,'0000-00-00 00:00:00',0),(6833,1,8,'2010-11-03 12:09:20',14995,'2010-11-03 12:09:30',26389,'2010-11-03 12:09:30',1,0,'0000-00-00 00:00:00',0),(6835,1,5,'2010-11-03 12:09:30',26379,'2010-11-03 12:09:40',36690,'2010-11-03 12:09:40',1,0,'0000-00-00 00:00:00',0),(6837,1,8,'2010-11-03 12:09:30',27208,'2010-11-03 12:09:40',37193,'2010-11-03 12:09:40',1,0,'0000-00-00 00:00:00',0),(6839,1,5,'2010-11-03 12:09:40',37183,'2010-11-03 12:09:50',47856,'2010-11-03 12:09:50',1,0,'0000-00-00 00:00:00',0),(6841,1,8,'2010-11-03 12:09:40',37957,'2010-11-03 12:09:50',48403,'2010-11-03 12:09:50',1,0,'0000-00-00 00:00:00',0),(6843,1,5,'2010-11-03 12:09:50',48393,'2010-11-03 12:10:00',60482,'2010-11-03 12:10:00',1,0,'0000-00-00 00:00:00',0),(6845,1,8,'2010-11-03 12:09:50',49397,'2010-11-03 12:10:00',61013,'2010-11-03 12:10:00',1,0,'0000-00-00 00:00:00',0),(6847,1,5,'2010-11-03 12:10:00',61003,'2010-11-03 12:10:10',77042,'2010-11-03 12:10:10',1,0,'0000-00-00 00:00:00',0),(6849,1,8,'2010-11-03 12:10:00',61966,'2010-11-03 12:10:10',78007,'2010-11-03 12:10:10',1,0,'0000-00-00 00:00:00',0),(6852,1,6,'2010-11-03 12:10:10',77015,'2010-11-03 12:11:10',157979,'2010-11-03 12:11:10',1,0,'0000-00-00 00:00:00',0),(6854,1,10,'2010-11-03 12:10:10',77034,'2010-11-03 12:11:10',158579,'2010-11-03 12:11:10',1,0,'0000-00-00 00:00:00',0),(6856,1,0,'2010-11-03 12:10:10',77639,'2010-11-03 12:15:01',228254,'2010-11-03 12:15:01',0,7,'0000-00-00 00:00:00',0),(6857,1,5,'2010-11-03 12:10:10',77995,'2010-11-03 12:10:20',99366,'2010-11-03 12:10:20',1,0,'0000-00-00 00:00:00',0),(6859,1,8,'2010-11-03 12:10:10',78692,'2010-11-03 12:10:20',99662,'2010-11-03 12:10:20',1,0,'0000-00-00 00:00:00',0),(6862,1,12,'2010-11-03 12:10:20',99599,'2010-11-03 12:15:20',10567,'2010-11-03 12:15:20',0,1,'0000-00-00 00:00:00',0),(6863,1,5,'2010-11-03 12:10:20',99652,'2010-11-03 12:10:30',110901,'2010-11-03 12:10:30',1,0,'0000-00-00 00:00:00',0),(6865,1,8,'2010-11-03 12:10:20',100120,'2010-11-03 12:10:30',111481,'2010-11-03 12:10:30',1,0,'0000-00-00 00:00:00',0),(6867,1,5,'2010-11-03 12:10:30',111470,'2010-11-03 12:10:40',122545,'2010-11-03 12:10:40',1,0,'0000-00-00 00:00:00',0),(6869,1,8,'2010-11-03 12:10:30',112671,'2010-11-03 12:10:40',123077,'2010-11-03 12:10:40',1,0,'0000-00-00 00:00:00',0),(6871,1,5,'2010-11-03 12:10:40',123067,'2010-11-03 12:10:50',134437,'2010-11-03 12:10:50',1,0,'0000-00-00 00:00:00',0),(6873,1,8,'2010-11-03 12:10:40',124047,'2010-11-03 12:10:50',135011,'2010-11-03 12:10:50',1,0,'0000-00-00 00:00:00',0),(6875,1,5,'2010-11-03 12:10:50',135000,'2010-11-03 12:11:00',146832,'2010-11-03 12:11:00',1,0,'0000-00-00 00:00:00',0),(6877,1,8,'2010-11-03 12:10:50',135792,'2010-11-03 12:11:00',147355,'2010-11-03 12:11:00',1,0,'0000-00-00 00:00:00',0),(6879,1,5,'2010-11-03 12:11:00',147344,'2010-11-03 12:11:10',158594,'2010-11-03 12:11:10',1,0,'0000-00-00 00:00:00',0),(6881,1,8,'2010-11-03 12:11:00',147689,'2010-11-03 12:11:10',158634,'2010-11-03 12:11:10',1,0,'0000-00-00 00:00:00',0),(6883,1,6,'2010-11-03 12:11:10',158568,'2010-11-03 12:12:10',227873,'2010-11-03 12:12:10',1,0,'0000-00-00 00:00:00',0),(6885,1,10,'2010-11-03 12:11:10',158586,'2010-11-03 12:12:10',228361,'2010-11-03 12:12:10',1,0,'0000-00-00 00:00:00',0),(6887,1,5,'2010-11-03 12:11:10',158625,'2010-11-03 12:11:20',167749,'2010-11-03 12:11:20',1,0,'0000-00-00 00:00:00',0),(6889,1,8,'2010-11-03 12:11:10',158993,'2010-11-03 12:11:20',167807,'2010-11-03 12:11:20',1,0,'0000-00-00 00:00:00',0),(6891,1,5,'2010-11-03 12:11:20',167798,'2010-11-03 12:11:30',181575,'2010-11-03 12:11:30',1,0,'0000-00-00 00:00:00',0),(6893,1,8,'2010-11-03 12:11:20',168270,'2010-11-03 12:11:30',181901,'2010-11-03 12:11:30',1,0,'0000-00-00 00:00:00',0),(6896,1,0,'2010-11-03 12:11:30',181826,'2010-11-03 12:16:27',94994,'2010-11-03 12:16:27',0,8,'0000-00-00 00:00:00',0),(6897,1,5,'2010-11-03 12:11:30',181891,'2010-11-03 12:11:40',193953,'2010-11-03 12:11:40',1,0,'0000-00-00 00:00:00',0),(6899,1,8,'2010-11-03 12:11:30',182314,'2010-11-03 12:11:40',194464,'2010-11-03 12:11:40',1,0,'0000-00-00 00:00:00',0),(6901,1,5,'2010-11-03 12:11:40',194453,'2010-11-03 12:11:50',206063,'2010-11-03 12:11:50',1,0,'0000-00-00 00:00:00',0),(6903,1,8,'2010-11-03 12:11:40',195244,'2010-11-03 12:11:50',206586,'2010-11-03 12:11:50',1,0,'0000-00-00 00:00:00',0),(6905,1,5,'2010-11-03 12:11:50',206575,'2010-11-03 12:12:00',217614,'2010-11-03 12:12:00',1,0,'0000-00-00 00:00:00',0),(6907,1,8,'2010-11-03 12:11:50',207315,'2010-11-03 12:12:00',217736,'2010-11-03 12:12:00',1,0,'0000-00-00 00:00:00',0),(6909,1,5,'2010-11-03 12:12:00',217725,'2010-11-03 12:12:10',228382,'2010-11-03 12:12:10',1,0,'0000-00-00 00:00:00',0),(6911,1,8,'2010-11-03 12:12:00',218162,'2010-11-03 12:12:10',228419,'2010-11-03 12:12:10',1,0,'0000-00-00 00:00:00',0),(6913,1,6,'2010-11-03 12:12:10',228351,'2010-11-03 12:13:10',67260,'2010-11-03 12:13:10',1,0,'0000-00-00 00:00:00',0),(6915,1,10,'2010-11-03 12:12:10',228369,'2010-11-03 12:13:10',67784,'2010-11-03 12:13:10',1,0,'0000-00-00 00:00:00',0),(6917,1,5,'2010-11-03 12:12:10',228410,'2010-11-03 12:12:20',240348,'2010-11-03 12:12:20',1,0,'0000-00-00 00:00:00',0),(6919,1,8,'2010-11-03 12:12:10',229389,'2010-11-03 12:12:20',240880,'2010-11-03 12:12:20',1,0,'0000-00-00 00:00:00',0),(6921,1,5,'2010-11-03 12:12:20',240869,'2010-11-03 12:12:30',5513,'2010-11-03 12:12:30',1,0,'0000-00-00 00:00:00',0),(6923,1,8,'2010-11-03 12:12:20',241650,'2010-11-03 12:12:30',6015,'2010-11-03 12:12:30',1,0,'0000-00-00 00:00:00',0),(6926,1,5,'2010-11-03 12:12:30',6004,'2010-11-03 12:12:40',21089,'2010-11-03 12:12:40',1,0,'0000-00-00 00:00:00',0),(6928,1,8,'2010-11-03 12:12:30',6763,'2010-11-03 12:12:40',22223,'2010-11-03 12:12:40',1,0,'0000-00-00 00:00:00',0),(6931,1,0,'2010-11-03 12:12:40',21906,'2010-11-03 12:17:31',188650,'2010-11-03 12:17:31',0,9,'0000-00-00 00:00:00',0),(6932,1,0,'2010-11-03 12:12:40',21982,'2010-11-03 12:17:27',179015,'2010-11-03 12:17:27',0,3,'0000-00-00 00:00:00',0),(6933,1,5,'2010-11-03 12:12:40',22212,'2010-11-03 12:12:50',39023,'2010-11-03 12:12:50',1,0,'0000-00-00 00:00:00',0),(6935,1,8,'2010-11-03 12:12:40',22844,'2010-11-03 12:12:50',40246,'2010-11-03 12:12:50',1,0,'0000-00-00 00:00:00',0),(6938,1,12,'2010-11-03 12:12:50',40185,'2010-11-03 12:17:50',217588,'2010-11-03 12:17:50',0,2,'0000-00-00 00:00:00',0),(6939,1,5,'2010-11-03 12:12:50',40237,'2010-11-03 12:13:00',56076,'2010-11-03 12:13:00',1,0,'0000-00-00 00:00:00',0),(6941,1,8,'2010-11-03 12:12:50',40720,'2010-11-03 12:13:00',56382,'2010-11-03 12:13:00',1,0,'0000-00-00 00:00:00',0),(6944,1,0,'2010-11-03 12:13:00',56309,'2010-11-03 12:17:52',225013,'2010-11-03 12:17:52',0,10,'0000-00-00 00:00:00',0),(6945,1,5,'2010-11-03 12:13:00',56371,'2010-11-03 12:13:10',67798,'2010-11-03 12:13:10',1,0,'0000-00-00 00:00:00',0),(6947,1,8,'2010-11-03 12:13:00',56795,'2010-11-03 12:13:10',67838,'2010-11-03 12:13:10',1,0,'0000-00-00 00:00:00',0),(6949,1,6,'2010-11-03 12:13:10',67774,'2010-11-03 12:14:10',144111,'2010-11-03 12:14:10',1,0,'0000-00-00 00:00:00',0),(6951,1,10,'2010-11-03 12:13:10',67791,'2010-11-03 12:14:10',145006,'2010-11-03 12:14:10',1,0,'0000-00-00 00:00:00',0),(6953,1,5,'2010-11-03 12:13:10',67829,'2010-11-03 12:13:20',83515,'2010-11-03 12:13:20',1,0,'0000-00-00 00:00:00',0),(6955,1,8,'2010-11-03 12:13:10',68597,'2010-11-03 12:13:20',85113,'2010-11-03 12:13:20',1,0,'0000-00-00 00:00:00',0),(6958,1,0,'2010-11-03 12:13:20',84670,'2010-11-03 12:18:14',8432,'2010-11-03 12:18:14',0,6,'0000-00-00 00:00:00',0),(6959,1,5,'2010-11-03 12:13:20',85101,'2010-11-03 12:13:30',96526,'2010-11-03 12:13:30',1,0,'0000-00-00 00:00:00',0),(6961,1,8,'2010-11-03 12:13:20',86302,'2010-11-03 12:13:30',97071,'2010-11-03 12:13:30',1,0,'0000-00-00 00:00:00',0),(6963,1,5,'2010-11-03 12:13:30',97061,'2010-11-03 12:13:40',112248,'2010-11-03 12:13:40',1,0,'0000-00-00 00:00:00',0),(6965,1,8,'2010-11-03 12:13:30',97855,'2010-11-03 12:13:40',112540,'2010-11-03 12:13:40',1,0,'0000-00-00 00:00:00',0),(6968,1,0,'2010-11-03 12:13:40',112462,'2010-11-03 12:18:35',46990,'2010-11-03 12:18:35',0,5,'0000-00-00 00:00:00',0),(6969,1,5,'2010-11-03 12:13:40',112530,'2010-11-03 12:13:50',123141,'2010-11-03 12:13:50',1,0,'0000-00-00 00:00:00',0),(6971,1,8,'2010-11-03 12:13:40',112923,'2010-11-03 12:13:50',123685,'2010-11-03 12:13:50',1,0,'0000-00-00 00:00:00',0),(6973,1,5,'2010-11-03 12:13:50',123675,'2010-11-03 12:14:00',134137,'2010-11-03 12:14:00',1,0,'0000-00-00 00:00:00',0),(6975,1,8,'2010-11-03 12:13:50',124500,'2010-11-03 12:14:00',134579,'2010-11-03 12:14:00',1,0,'0000-00-00 00:00:00',0),(6977,1,5,'2010-11-03 12:14:00',134569,'2010-11-03 12:14:10',145023,'2010-11-03 12:14:10',1,0,'0000-00-00 00:00:00',0),(6979,1,8,'2010-11-03 12:14:00',135345,'2010-11-03 12:14:10',145067,'2010-11-03 12:14:10',1,0,'0000-00-00 00:00:00',0),(6981,1,6,'2010-11-03 12:14:10',144995,'2010-11-03 12:15:10',246755,'2010-11-03 12:15:10',1,0,'0000-00-00 00:00:00',0),(6983,1,10,'2010-11-03 12:14:10',145014,'2010-11-03 12:15:10',247264,'2010-11-03 12:15:10',1,0,'0000-00-00 00:00:00',0),(6985,1,5,'2010-11-03 12:14:10',145058,'2010-11-03 12:14:20',171517,'2010-11-03 12:14:20',1,0,'0000-00-00 00:00:00',0),(6987,1,8,'2010-11-03 12:14:10',145739,'2010-11-03 12:14:20',172065,'2010-11-03 12:14:20',1,0,'0000-00-00 00:00:00',0),(6989,1,5,'2010-11-03 12:14:20',172054,'2010-11-03 12:14:30',183278,'2010-11-03 12:14:30',1,0,'0000-00-00 00:00:00',0),(6991,1,8,'2010-11-03 12:14:20',172831,'2010-11-03 12:14:30',183804,'2010-11-03 12:14:30',1,0,'0000-00-00 00:00:00',0),(6993,1,5,'2010-11-03 12:14:30',183794,'2010-11-03 12:14:40',202901,'2010-11-03 12:14:40',1,0,'0000-00-00 00:00:00',0),(6995,1,8,'2010-11-03 12:14:30',184547,'2010-11-03 12:14:40',203451,'2010-11-03 12:14:40',1,0,'0000-00-00 00:00:00',0),(6997,1,5,'2010-11-03 12:14:40',203441,'2010-11-03 12:14:50',214307,'2010-11-03 12:14:50',1,0,'0000-00-00 00:00:00',0),(6999,1,8,'2010-11-03 12:14:40',204189,'2010-11-03 12:14:50',214853,'2010-11-03 12:14:50',1,0,'0000-00-00 00:00:00',0),(7001,1,5,'2010-11-03 12:14:50',214843,'2010-11-03 12:15:00',225952,'2010-11-03 12:15:00',1,0,'0000-00-00 00:00:00',0),(7003,1,8,'2010-11-03 12:14:50',215363,'2010-11-03 12:15:00',226513,'2010-11-03 12:15:00',1,0,'0000-00-00 00:00:00',0),(7005,1,5,'2010-11-03 12:15:00',226503,'2010-11-03 12:15:10',247279,'2010-11-03 12:15:10',1,0,'0000-00-00 00:00:00',0),(7007,1,8,'2010-11-03 12:15:00',227289,'2010-11-03 12:15:10',248381,'2010-11-03 12:15:10',1,0,'0000-00-00 00:00:00',0),(7010,1,6,'2010-11-03 12:15:10',247252,'2010-11-03 12:16:10',76716,'2010-11-03 12:16:10',1,0,'0000-00-00 00:00:00',0),(7012,1,10,'2010-11-03 12:15:10',247271,'2010-11-03 12:16:10',77216,'2010-11-03 12:16:10',1,0,'0000-00-00 00:00:00',0),(7014,1,0,'2010-11-03 12:15:10',247874,'2010-11-03 12:20:01',191005,'2010-11-03 12:20:01',0,7,'0000-00-00 00:00:00',0),(7015,1,5,'2010-11-03 12:15:10',248369,'2010-11-03 12:15:20',9222,'2010-11-03 12:15:20',1,0,'0000-00-00 00:00:00',0),(7017,1,8,'2010-11-03 12:15:10',249298,'2010-11-03 12:15:20',9768,'2010-11-03 12:15:20',1,0,'0000-00-00 00:00:00',0),(7019,1,5,'2010-11-03 12:15:20',9757,'2010-11-03 12:15:30',27080,'2010-11-03 12:15:30',1,0,'0000-00-00 00:00:00',0),(7021,1,8,'2010-11-03 12:15:20',10557,'2010-11-03 12:15:30',28287,'2010-11-03 12:15:30',1,0,'0000-00-00 00:00:00',0),(7024,1,12,'2010-11-03 12:15:30',28225,'2010-11-03 12:20:30',228645,'2010-11-03 12:20:30',0,1,'0000-00-00 00:00:00',0),(7025,1,5,'2010-11-03 12:15:30',28277,'2010-11-03 12:15:40',40002,'2010-11-03 12:15:40',1,0,'0000-00-00 00:00:00',0),(7027,1,8,'2010-11-03 12:15:30',29419,'2010-11-03 12:15:40',40626,'2010-11-03 12:15:40',1,0,'0000-00-00 00:00:00',0),(7029,1,5,'2010-11-03 12:15:40',40615,'2010-11-03 12:15:50',51854,'2010-11-03 12:15:50',1,0,'0000-00-00 00:00:00',0),(7031,1,8,'2010-11-03 12:15:40',41212,'2010-11-03 12:15:50',52424,'2010-11-03 12:15:50',1,0,'0000-00-00 00:00:00',0),(7033,1,5,'2010-11-03 12:15:50',52413,'2010-11-03 12:16:00',64650,'2010-11-03 12:16:00',1,0,'0000-00-00 00:00:00',0),(7035,1,8,'2010-11-03 12:15:50',53266,'2010-11-03 12:16:00',65273,'2010-11-03 12:16:00',1,0,'0000-00-00 00:00:00',0),(7037,1,5,'2010-11-03 12:16:00',65263,'2010-11-03 12:16:10',77231,'2010-11-03 12:16:10',1,0,'0000-00-00 00:00:00',0),(7039,1,8,'2010-11-03 12:16:00',65660,'2010-11-03 12:16:10',77268,'2010-11-03 12:16:10',1,0,'0000-00-00 00:00:00',0),(7041,1,6,'2010-11-03 12:16:10',77205,'2010-11-03 12:17:10',158607,'2010-11-03 12:17:10',1,0,'0000-00-00 00:00:00',0),(7043,1,10,'2010-11-03 12:16:10',77223,'2010-11-03 12:17:10',159132,'2010-11-03 12:17:10',1,0,'0000-00-00 00:00:00',0),(7045,1,5,'2010-11-03 12:16:10',77259,'2010-11-03 12:16:20',87036,'2010-11-03 12:16:20',1,0,'0000-00-00 00:00:00',0),(7047,1,8,'2010-11-03 12:16:10',78012,'2010-11-03 12:16:20',87109,'2010-11-03 12:16:20',1,0,'0000-00-00 00:00:00',0),(7049,1,5,'2010-11-03 12:16:20',87100,'2010-11-03 12:16:30',103402,'2010-11-03 12:16:30',1,0,'0000-00-00 00:00:00',0),(7051,1,8,'2010-11-03 12:16:20',87931,'2010-11-03 12:16:30',111016,'2010-11-03 12:16:30',1,0,'0000-00-00 00:00:00',0),(7054,1,0,'2010-11-03 12:16:30',110830,'2010-11-03 12:21:27',42981,'2010-11-03 12:21:27',0,8,'0000-00-00 00:00:00',0),(7055,1,5,'2010-11-03 12:16:30',111005,'2010-11-03 12:16:40',123334,'2010-11-03 12:16:40',1,0,'0000-00-00 00:00:00',0),(7057,1,8,'2010-11-03 12:16:30',111845,'2010-11-03 12:16:40',123926,'2010-11-03 12:16:40',1,0,'0000-00-00 00:00:00',0),(7059,1,5,'2010-11-03 12:16:40',123916,'2010-11-03 12:16:50',135773,'2010-11-03 12:16:50',1,0,'0000-00-00 00:00:00',0),(7061,1,8,'2010-11-03 12:16:40',124784,'2010-11-03 12:16:50',136359,'2010-11-03 12:16:50',1,0,'0000-00-00 00:00:00',0),(7063,1,5,'2010-11-03 12:16:50',136349,'2010-11-03 12:17:00',149547,'2010-11-03 12:17:00',1,0,'0000-00-00 00:00:00',0),(7065,1,8,'2010-11-03 12:16:50',137145,'2010-11-03 12:17:00',149605,'2010-11-03 12:17:00',1,0,'0000-00-00 00:00:00',0),(7067,1,5,'2010-11-03 12:17:00',149596,'2010-11-03 12:17:10',159148,'2010-11-03 12:17:10',1,0,'0000-00-00 00:00:00',0),(7069,1,8,'2010-11-03 12:17:00',150050,'2010-11-03 12:17:10',159185,'2010-11-03 12:17:10',1,0,'0000-00-00 00:00:00',0),(7071,1,6,'2010-11-03 12:17:10',159122,'2010-11-03 12:18:10',2803,'2010-11-03 12:18:10',1,0,'0000-00-00 00:00:00',0),(7073,1,10,'2010-11-03 12:17:10',159139,'2010-11-03 12:18:10',3400,'2010-11-03 12:18:10',1,0,'0000-00-00 00:00:00',0),(7075,1,5,'2010-11-03 12:17:10',159176,'2010-11-03 12:17:20',170140,'2010-11-03 12:17:20',1,0,'0000-00-00 00:00:00',0),(7077,1,8,'2010-11-03 12:17:10',159840,'2010-11-03 12:17:20',170693,'2010-11-03 12:17:20',1,0,'0000-00-00 00:00:00',0),(7079,1,5,'2010-11-03 12:17:20',170682,'2010-11-03 12:17:30',186794,'2010-11-03 12:17:30',1,0,'0000-00-00 00:00:00',0),(7081,1,8,'2010-11-03 12:17:20',171448,'2010-11-03 12:17:30',186878,'2010-11-03 12:17:30',1,0,'0000-00-00 00:00:00',0),(7084,1,5,'2010-11-03 12:17:30',186867,'2010-11-03 12:17:40',203248,'2010-11-03 12:17:40',1,0,'0000-00-00 00:00:00',0),(7086,1,8,'2010-11-03 12:17:30',187333,'2010-11-03 12:17:40',204780,'2010-11-03 12:17:40',1,0,'0000-00-00 00:00:00',0),(7089,1,0,'2010-11-03 12:17:40',204437,'2010-11-03 12:22:27',125462,'2010-11-03 12:22:27',0,3,'0000-00-00 00:00:00',0),(7090,1,0,'2010-11-03 12:17:40',204708,'2010-11-03 12:22:31',137184,'2010-11-03 12:22:31',0,9,'0000-00-00 00:00:00',0),(7091,1,5,'2010-11-03 12:17:40',204770,'2010-11-03 12:17:50',216128,'2010-11-03 12:17:50',1,0,'0000-00-00 00:00:00',0),(7093,1,8,'2010-11-03 12:17:40',205790,'2010-11-03 12:17:50',216684,'2010-11-03 12:17:50',1,0,'0000-00-00 00:00:00',0),(7095,1,5,'2010-11-03 12:17:50',216673,'2010-11-03 12:18:00',238797,'2010-11-03 12:18:00',1,0,'0000-00-00 00:00:00',0),(7097,1,8,'2010-11-03 12:17:50',217577,'2010-11-03 12:18:00',241081,'2010-11-03 12:18:00',1,0,'0000-00-00 00:00:00',0),(7101,1,12,'2010-11-03 12:18:00',240617,'2010-11-03 12:23:00',182055,'2010-11-03 12:23:00',0,2,'0000-00-00 00:00:00',0),(7102,1,0,'2010-11-03 12:18:00',241022,'2010-11-03 12:22:52',167564,'2010-11-03 12:22:52',0,10,'0000-00-00 00:00:00',0),(7103,1,5,'2010-11-03 12:18:00',241072,'2010-11-03 12:18:10',3415,'2010-11-03 12:18:10',1,0,'0000-00-00 00:00:00',0),(7105,1,8,'2010-11-03 12:18:00',242730,'2010-11-03 12:18:10',3458,'2010-11-03 12:18:10',1,0,'0000-00-00 00:00:00',0),(7107,1,6,'2010-11-03 12:18:10',3390,'2010-11-03 12:19:10',101278,'2010-11-03 12:19:10',1,0,'0000-00-00 00:00:00',0),(7109,1,10,'2010-11-03 12:18:10',3407,'2010-11-03 12:19:10',101866,'2010-11-03 12:19:10',1,0,'0000-00-00 00:00:00',0),(7111,1,5,'2010-11-03 12:18:10',3448,'2010-11-03 12:18:20',26065,'2010-11-03 12:18:20',1,0,'0000-00-00 00:00:00',0),(7113,1,8,'2010-11-03 12:18:10',4249,'2010-11-03 12:18:20',27350,'2010-11-03 12:18:20',1,0,'0000-00-00 00:00:00',0),(7116,1,0,'2010-11-03 12:18:20',27179,'2010-11-03 12:23:14',203938,'2010-11-03 12:23:14',0,6,'0000-00-00 00:00:00',0),(7117,1,5,'2010-11-03 12:18:20',27339,'2010-11-03 12:18:30',41189,'2010-11-03 12:18:30',1,0,'0000-00-00 00:00:00',0),(7119,1,8,'2010-11-03 12:18:20',28094,'2010-11-03 12:18:30',41763,'2010-11-03 12:18:30',1,0,'0000-00-00 00:00:00',0),(7121,1,5,'2010-11-03 12:18:30',41753,'2010-11-03 12:18:40',56674,'2010-11-03 12:18:40',1,0,'0000-00-00 00:00:00',0),(7123,1,8,'2010-11-03 12:18:30',42357,'2010-11-03 12:18:40',58029,'2010-11-03 12:18:40',1,0,'0000-00-00 00:00:00',0),(7126,1,0,'2010-11-03 12:18:40',57759,'2010-11-03 12:23:35',232477,'2010-11-03 12:23:35',0,5,'0000-00-00 00:00:00',0),(7127,1,5,'2010-11-03 12:18:40',58017,'2010-11-03 12:18:50',77749,'2010-11-03 12:18:50',1,0,'0000-00-00 00:00:00',0),(7129,1,8,'2010-11-03 12:18:40',67072,'2010-11-03 12:18:50',78787,'2010-11-03 12:18:50',1,0,'0000-00-00 00:00:00',0),(7131,1,5,'2010-11-03 12:18:50',78775,'2010-11-03 12:19:00',90260,'2010-11-03 12:19:00',1,0,'0000-00-00 00:00:00',0),(7133,1,8,'2010-11-03 12:18:50',79127,'2010-11-03 12:19:00',90809,'2010-11-03 12:19:00',1,0,'0000-00-00 00:00:00',0),(7135,1,5,'2010-11-03 12:19:00',90799,'2010-11-03 12:19:10',101881,'2010-11-03 12:19:10',1,0,'0000-00-00 00:00:00',0),(7137,1,8,'2010-11-03 12:19:00',91580,'2010-11-03 12:19:10',101919,'2010-11-03 12:19:10',1,0,'0000-00-00 00:00:00',0),(7139,1,6,'2010-11-03 12:19:10',101855,'2010-11-03 12:20:10',205578,'2010-11-03 12:20:10',1,0,'0000-00-00 00:00:00',0),(7141,1,10,'2010-11-03 12:19:10',101874,'2010-11-03 12:20:10',205643,'2010-11-03 12:20:10',1,0,'0000-00-00 00:00:00',0),(7143,1,5,'2010-11-03 12:19:10',101909,'2010-11-03 12:19:20',124185,'2010-11-03 12:19:20',1,0,'0000-00-00 00:00:00',0),(7145,1,8,'2010-11-03 12:19:10',106928,'2010-11-03 12:19:20',124751,'2010-11-03 12:19:20',1,0,'0000-00-00 00:00:00',0),(7147,1,5,'2010-11-03 12:19:20',124727,'2010-11-03 12:19:30',135360,'2010-11-03 12:19:30',1,0,'0000-00-00 00:00:00',0),(7149,1,8,'2010-11-03 12:19:20',125820,'2010-11-03 12:19:30',135944,'2010-11-03 12:19:30',1,0,'0000-00-00 00:00:00',0),(7151,1,5,'2010-11-03 12:19:30',135934,'2010-11-03 12:19:40',146516,'2010-11-03 12:19:40',1,0,'0000-00-00 00:00:00',0),(7153,1,8,'2010-11-03 12:19:30',136958,'2010-11-03 12:19:40',147144,'2010-11-03 12:19:40',1,0,'0000-00-00 00:00:00',0),(7155,1,5,'2010-11-03 12:19:40',147132,'2010-11-03 12:19:50',177432,'2010-11-03 12:19:50',1,0,'0000-00-00 00:00:00',0),(7157,1,8,'2010-11-03 12:19:40',147962,'2010-11-03 12:19:50',177980,'2010-11-03 12:19:50',1,0,'0000-00-00 00:00:00',0),(7159,1,5,'2010-11-03 12:19:50',177970,'2010-11-03 12:20:00',188695,'2010-11-03 12:20:00',1,0,'0000-00-00 00:00:00',0),(7161,1,8,'2010-11-03 12:19:50',178993,'2010-11-03 12:20:00',189213,'2010-11-03 12:20:00',1,0,'0000-00-00 00:00:00',0),(7163,1,5,'2010-11-03 12:20:00',189202,'2010-11-03 12:20:10',205658,'2010-11-03 12:20:10',1,0,'0000-00-00 00:00:00',0),(7165,1,8,'2010-11-03 12:20:00',190240,'2010-11-03 12:20:10',205947,'2010-11-03 12:20:10',1,0,'0000-00-00 00:00:00',0),(7168,1,6,'2010-11-03 12:20:10',205632,'2010-11-03 12:21:10',24379,'2010-11-03 12:21:10',1,0,'0000-00-00 00:00:00',0),(7170,1,10,'2010-11-03 12:20:10',205650,'2010-11-03 12:21:10',24892,'2010-11-03 12:21:10',1,0,'0000-00-00 00:00:00',0),(7172,1,0,'2010-11-03 12:20:10',205862,'2010-11-03 12:25:01',106165,'2010-11-03 12:25:01',0,7,'0000-00-00 00:00:00',0),(7173,1,5,'2010-11-03 12:20:10',205936,'2010-11-03 12:20:20',215792,'2010-11-03 12:20:20',1,0,'0000-00-00 00:00:00',0),(7175,1,8,'2010-11-03 12:20:10',206331,'2010-11-03 12:20:20',216306,'2010-11-03 12:20:20',1,0,'0000-00-00 00:00:00',0),(7177,1,5,'2010-11-03 12:20:20',216295,'2010-11-03 12:20:30',227131,'2010-11-03 12:20:30',1,0,'0000-00-00 00:00:00',0),(7179,1,8,'2010-11-03 12:20:20',217081,'2010-11-03 12:20:30',227660,'2010-11-03 12:20:30',1,0,'0000-00-00 00:00:00',0),(7181,1,5,'2010-11-03 12:20:30',227649,'2010-11-03 12:20:40',243734,'2010-11-03 12:20:40',1,0,'0000-00-00 00:00:00',0),(7183,1,8,'2010-11-03 12:20:30',228634,'2010-11-03 12:20:40',244913,'2010-11-03 12:20:40',1,0,'0000-00-00 00:00:00',0),(7186,1,12,'2010-11-03 12:20:40',244851,'2010-11-03 12:25:40',156261,'2010-11-03 12:25:40',0,1,'0000-00-00 00:00:00',0),(7187,1,5,'2010-11-03 12:20:40',244903,'0000-00-00 00:00:00',0,'2010-11-03 12:20:50',1,0,'0000-00-00 00:00:00',0),(7189,1,8,'2010-11-03 12:20:40',245565,'0000-00-00 00:00:00',0,'2010-11-03 12:20:50',1,0,'0000-00-00 00:00:00',0),(7190,1,5,'0000-00-00 00:00:00',0,'2010-11-03 12:21:00',14853,'2010-11-03 12:21:00',1,0,'0000-00-00 00:00:00',0),(7191,1,5,'2010-11-03 12:21:00',14913,'2010-11-03 12:21:10',24907,'2010-11-03 12:21:10',1,0,'0000-00-00 00:00:00',0),(7192,1,8,'0000-00-00 00:00:00',0,'2010-11-03 12:21:00',14922,'2010-11-03 12:21:00',1,0,'0000-00-00 00:00:00',0),(7193,1,8,'2010-11-03 12:21:00',15265,'2010-11-03 12:21:10',24945,'2010-11-03 12:21:10',1,0,'0000-00-00 00:00:00',0),(7195,1,6,'2010-11-03 12:21:10',24882,'2010-11-03 12:22:10',105830,'2010-11-03 12:22:10',1,0,'0000-00-00 00:00:00',0),(7197,1,10,'2010-11-03 12:21:10',24900,'2010-11-03 12:22:10',106349,'2010-11-03 12:22:10',1,0,'0000-00-00 00:00:00',0),(7199,1,5,'2010-11-03 12:21:10',24935,'2010-11-03 12:21:20',34573,'2010-11-03 12:21:20',1,0,'0000-00-00 00:00:00',0),(7201,1,8,'2010-11-03 12:21:10',25724,'2010-11-03 12:21:20',35160,'2010-11-03 12:21:20',1,0,'0000-00-00 00:00:00',0),(7203,1,5,'2010-11-03 12:21:20',35149,'2010-11-03 12:21:30',57017,'2010-11-03 12:21:30',1,0,'0000-00-00 00:00:00',0),(7205,1,8,'2010-11-03 12:21:20',36011,'2010-11-03 12:21:30',58705,'2010-11-03 12:21:30',1,0,'0000-00-00 00:00:00',0),(7208,1,0,'2010-11-03 12:21:30',58244,'2010-11-03 12:26:27',224417,'2010-11-03 12:26:27',0,8,'0000-00-00 00:00:00',0),(7209,1,5,'2010-11-03 12:21:30',58693,'2010-11-03 12:21:40',70392,'2010-11-03 12:21:40',1,0,'0000-00-00 00:00:00',0),(7211,1,8,'2010-11-03 12:21:30',59308,'2010-11-03 12:21:40',70959,'2010-11-03 12:21:40',1,0,'0000-00-00 00:00:00',0),(7213,1,5,'2010-11-03 12:21:40',70948,'2010-11-03 12:21:50',82502,'2010-11-03 12:21:50',1,0,'0000-00-00 00:00:00',0),(7215,1,8,'2010-11-03 12:21:40',71723,'2010-11-03 12:21:50',83025,'2010-11-03 12:21:50',1,0,'0000-00-00 00:00:00',0),(7217,1,5,'2010-11-03 12:21:50',83015,'2010-11-03 12:22:00',93717,'2010-11-03 12:22:00',1,0,'0000-00-00 00:00:00',0),(7219,1,8,'2010-11-03 12:21:50',83571,'2010-11-03 12:22:00',94249,'2010-11-03 12:22:00',1,0,'0000-00-00 00:00:00',0),(7221,1,5,'2010-11-03 12:22:00',94238,'2010-11-03 12:22:10',106364,'2010-11-03 12:22:10',1,0,'0000-00-00 00:00:00',0),(7223,1,8,'2010-11-03 12:22:00',95234,'2010-11-03 12:22:10',106407,'2010-11-03 12:22:10',1,0,'0000-00-00 00:00:00',0),(7225,1,6,'2010-11-03 12:22:10',106339,'2010-11-03 12:23:10',199123,'2010-11-03 12:23:10',1,0,'0000-00-00 00:00:00',0),(7227,1,10,'2010-11-03 12:22:10',106356,'2010-11-03 12:23:10',199817,'2010-11-03 12:23:10',1,0,'0000-00-00 00:00:00',0),(7229,1,5,'2010-11-03 12:22:10',106398,'2010-11-03 12:22:20',117506,'2010-11-03 12:22:20',1,0,'0000-00-00 00:00:00',0),(7231,1,8,'2010-11-03 12:22:10',107155,'2010-11-03 12:22:20',118049,'2010-11-03 12:22:20',1,0,'0000-00-00 00:00:00',0),(7233,1,5,'2010-11-03 12:22:20',118039,'2010-11-03 12:22:30',133254,'2010-11-03 12:22:30',1,0,'0000-00-00 00:00:00',0),(7235,1,8,'2010-11-03 12:22:20',118988,'2010-11-03 12:22:30',133802,'2010-11-03 12:22:30',1,0,'0000-00-00 00:00:00',0),(7238,1,5,'2010-11-03 12:22:30',133791,'2010-11-03 12:22:40',150830,'2010-11-03 12:22:40',1,0,'0000-00-00 00:00:00',0),(7240,1,8,'2010-11-03 12:22:30',134218,'2010-11-03 12:22:40',153166,'2010-11-03 12:22:40',1,0,'0000-00-00 00:00:00',0),(7243,1,0,'2010-11-03 12:22:40',152188,'2010-11-03 12:27:27',47909,'2010-11-03 12:27:27',0,3,'0000-00-00 00:00:00',0),(7244,1,0,'2010-11-03 12:22:40',152608,'2010-11-03 12:27:31',57197,'2010-11-03 12:27:31',0,9,'0000-00-00 00:00:00',0),(7245,1,5,'2010-11-03 12:22:40',153155,'2010-11-03 12:22:50',164542,'2010-11-03 12:22:50',1,0,'0000-00-00 00:00:00',0),(7247,1,8,'2010-11-03 12:22:40',154619,'2010-11-03 12:22:50',165087,'2010-11-03 12:22:50',1,0,'0000-00-00 00:00:00',0),(7249,1,5,'2010-11-03 12:22:50',165077,'2010-11-03 12:23:00',180315,'2010-11-03 12:23:00',1,0,'0000-00-00 00:00:00',0),(7251,1,8,'2010-11-03 12:22:50',165878,'2010-11-03 12:23:00',181554,'2010-11-03 12:23:00',1,0,'0000-00-00 00:00:00',0),(7254,1,0,'2010-11-03 12:23:00',181474,'2010-11-03 12:27:52',89727,'2010-11-03 12:27:52',0,10,'0000-00-00 00:00:00',0),(7255,1,5,'2010-11-03 12:23:00',181544,'2010-11-03 12:23:10',199833,'2010-11-03 12:23:10',1,0,'0000-00-00 00:00:00',0),(7257,1,8,'2010-11-03 12:23:00',182045,'2010-11-03 12:23:10',200087,'2010-11-03 12:23:10',1,0,'0000-00-00 00:00:00',0),(7260,1,6,'2010-11-03 12:23:10',199791,'2010-11-03 12:24:10',44309,'2010-11-03 12:24:10',1,0,'0000-00-00 00:00:00',0),(7262,1,10,'2010-11-03 12:23:10',199825,'2010-11-03 12:24:10',44876,'2010-11-03 12:24:10',1,0,'0000-00-00 00:00:00',0),(7264,1,12,'2010-11-03 12:23:10',200026,'2010-11-03 12:28:10',115233,'2010-11-03 12:28:10',0,2,'0000-00-00 00:00:00',0),(7265,1,5,'2010-11-03 12:23:10',200078,'2010-11-03 12:23:20',214179,'2010-11-03 12:23:20',1,0,'0000-00-00 00:00:00',0),(7267,1,8,'2010-11-03 12:23:10',200419,'2010-11-03 12:23:20',215708,'2010-11-03 12:23:20',1,0,'0000-00-00 00:00:00',0),(7270,1,0,'2010-11-03 12:23:20',215423,'2010-11-03 12:28:14',126924,'2010-11-03 12:28:14',0,6,'0000-00-00 00:00:00',0),(7271,1,5,'2010-11-03 12:23:20',215696,'2010-11-03 12:23:30',226708,'2010-11-03 12:23:30',1,0,'0000-00-00 00:00:00',0),(7273,1,8,'2010-11-03 12:23:20',216661,'2010-11-03 12:23:30',227268,'2010-11-03 12:23:30',1,0,'0000-00-00 00:00:00',0),(7275,1,5,'2010-11-03 12:23:30',227258,'0000-00-00 00:00:00',0,'2010-11-03 12:23:40',1,0,'0000-00-00 00:00:00',0),(7277,1,8,'2010-11-03 12:23:30',228027,'2010-11-03 12:23:40',244155,'2010-11-03 12:23:40',1,0,'0000-00-00 00:00:00',0),(7278,1,0,'2010-11-03 12:23:40',243963,'2010-11-03 12:28:35',157065,'2010-11-03 12:28:35',0,5,'0000-00-00 00:00:00',0),(7279,1,5,'2010-11-03 12:23:40',244145,'2010-11-03 12:23:50',11619,'2010-11-03 12:23:50',1,0,'0000-00-00 00:00:00',0),(7281,1,8,'2010-11-03 12:23:40',244521,'2010-11-03 12:23:50',11705,'2010-11-03 12:23:50',1,0,'0000-00-00 00:00:00',0),(7283,1,5,'2010-11-03 12:23:50',11696,'2010-11-03 12:24:00',33632,'2010-11-03 12:24:00',1,0,'0000-00-00 00:00:00',0),(7285,1,8,'2010-11-03 12:23:50',12169,'2010-11-03 12:24:00',34221,'2010-11-03 12:24:00',1,0,'0000-00-00 00:00:00',0),(7287,1,5,'2010-11-03 12:24:00',34211,'2010-11-03 12:24:10',44891,'2010-11-03 12:24:10',1,0,'0000-00-00 00:00:00',0),(7289,1,8,'2010-11-03 12:24:00',35006,'2010-11-03 12:24:10',44929,'2010-11-03 12:24:10',1,0,'0000-00-00 00:00:00',0),(7291,1,6,'2010-11-03 12:24:10',44866,'2010-11-03 12:25:10',119882,'2010-11-03 12:25:10',1,0,'0000-00-00 00:00:00',0),(7293,1,10,'2010-11-03 12:24:10',44883,'2010-11-03 12:25:10',120443,'2010-11-03 12:25:10',1,0,'0000-00-00 00:00:00',0),(7295,1,5,'2010-11-03 12:24:10',44920,'2010-11-03 12:24:20',55588,'2010-11-03 12:24:20',1,0,'0000-00-00 00:00:00',0),(7297,1,8,'2010-11-03 12:24:10',45689,'2010-11-03 12:24:20',56360,'2010-11-03 12:24:20',1,0,'0000-00-00 00:00:00',0),(7299,1,5,'2010-11-03 12:24:20',56350,'2010-11-03 12:24:30',68784,'2010-11-03 12:24:30',1,0,'0000-00-00 00:00:00',0),(7301,1,8,'2010-11-03 12:24:20',57333,'2010-11-03 12:24:30',69321,'2010-11-03 12:24:30',1,0,'0000-00-00 00:00:00',0),(7303,1,5,'2010-11-03 12:24:30',69310,'2010-11-03 12:24:40',80606,'2010-11-03 12:24:40',1,0,'0000-00-00 00:00:00',0),(7305,1,8,'2010-11-03 12:24:30',70073,'2010-11-03 12:24:40',81157,'2010-11-03 12:24:40',1,0,'0000-00-00 00:00:00',0),(7307,1,5,'2010-11-03 12:24:40',81147,'2010-11-03 12:24:50',92229,'2010-11-03 12:24:50',1,0,'0000-00-00 00:00:00',0),(7309,1,8,'2010-11-03 12:24:40',81953,'2010-11-03 12:24:50',92830,'2010-11-03 12:24:50',1,0,'0000-00-00 00:00:00',0),(7311,1,5,'2010-11-03 12:24:50',92819,'2010-11-03 12:25:00',104011,'2010-11-03 12:25:00',1,0,'0000-00-00 00:00:00',0),(7313,1,8,'2010-11-03 12:24:50',93797,'2010-11-03 12:25:00',104540,'2010-11-03 12:25:00',1,0,'0000-00-00 00:00:00',0),(7315,1,5,'2010-11-03 12:25:00',104530,'2010-11-03 12:25:10',120459,'2010-11-03 12:25:10',1,0,'0000-00-00 00:00:00',0),(7317,1,8,'2010-11-03 12:25:00',105302,'2010-11-03 12:25:10',121466,'2010-11-03 12:25:10',1,0,'0000-00-00 00:00:00',0),(7320,1,6,'2010-11-03 12:25:10',120432,'2010-11-03 12:26:10',204349,'2010-11-03 12:26:10',1,0,'0000-00-00 00:00:00',0),(7322,1,10,'2010-11-03 12:25:10',120451,'2010-11-03 12:26:10',204899,'2010-11-03 12:26:10',1,0,'0000-00-00 00:00:00',0),(7324,1,0,'2010-11-03 12:25:10',121032,'2010-11-03 12:30:01',22265,'2010-11-03 12:30:01',0,7,'0000-00-00 00:00:00',0),(7325,1,5,'2010-11-03 12:25:10',121454,'2010-11-03 12:25:20',132347,'2010-11-03 12:25:20',1,0,'0000-00-00 00:00:00',0),(7327,1,8,'2010-11-03 12:25:10',122371,'2010-11-03 12:25:20',132883,'2010-11-03 12:25:20',1,0,'0000-00-00 00:00:00',0),(7329,1,5,'2010-11-03 12:25:20',132872,'2010-11-03 12:25:30',143874,'2010-11-03 12:25:30',1,0,'0000-00-00 00:00:00',0),(7331,1,8,'2010-11-03 12:25:20',133643,'2010-11-03 12:25:30',144676,'2010-11-03 12:25:30',1,0,'0000-00-00 00:00:00',0),(7333,1,5,'2010-11-03 12:25:30',144665,'2010-11-03 12:25:40',154717,'2010-11-03 12:25:40',1,0,'0000-00-00 00:00:00',0),(7335,1,8,'2010-11-03 12:25:30',145296,'2010-11-03 12:25:40',155281,'2010-11-03 12:25:40',1,0,'0000-00-00 00:00:00',0),(7337,1,5,'2010-11-03 12:25:40',155270,'2010-11-03 12:25:50',172055,'2010-11-03 12:25:50',1,0,'0000-00-00 00:00:00',0),(7339,1,8,'2010-11-03 12:25:40',156250,'2010-11-03 12:25:50',173230,'2010-11-03 12:25:50',1,0,'0000-00-00 00:00:00',0),(7342,1,12,'2010-11-03 12:25:50',173168,'2010-11-03 12:30:50',96105,'2010-11-03 12:30:50',0,1,'0000-00-00 00:00:00',0),(7343,1,5,'2010-11-03 12:25:50',173221,'2010-11-03 12:26:00',184351,'2010-11-03 12:26:00',1,0,'0000-00-00 00:00:00',0),(7345,1,8,'2010-11-03 12:25:50',174481,'2010-11-03 12:26:00',184427,'2010-11-03 12:26:00',1,0,'0000-00-00 00:00:00',0),(7347,1,5,'2010-11-03 12:26:00',184418,'2010-11-03 12:26:10',204914,'2010-11-03 12:26:10',1,0,'0000-00-00 00:00:00',0),(7349,1,8,'2010-11-03 12:26:00',184877,'2010-11-03 12:26:10',204950,'2010-11-03 12:26:10',1,0,'0000-00-00 00:00:00',0),(7351,1,6,'2010-11-03 12:26:10',204888,'2010-11-03 12:27:10',28091,'2010-11-03 12:27:10',1,0,'0000-00-00 00:00:00',0),(7353,1,10,'2010-11-03 12:26:10',204906,'2010-11-03 12:27:10',28626,'2010-11-03 12:27:10',1,0,'0000-00-00 00:00:00',0),(7355,1,5,'2010-11-03 12:26:10',204941,'2010-11-03 12:26:20',215998,'2010-11-03 12:26:20',1,0,'0000-00-00 00:00:00',0),(7357,1,8,'2010-11-03 12:26:10',205287,'2010-11-03 12:26:20',216589,'2010-11-03 12:26:20',1,0,'0000-00-00 00:00:00',0),(7359,1,5,'2010-11-03 12:26:20',216578,'2010-11-03 12:26:30',233132,'2010-11-03 12:26:30',1,0,'0000-00-00 00:00:00',0),(7361,1,8,'2010-11-03 12:26:20',217064,'2010-11-03 12:26:30',234603,'2010-11-03 12:26:30',1,0,'0000-00-00 00:00:00',0),(7364,1,0,'2010-11-03 12:26:30',234328,'2010-11-03 12:31:27',159561,'2010-11-03 12:31:27',0,8,'0000-00-00 00:00:00',0),(7365,1,5,'2010-11-03 12:26:30',234591,'2010-11-03 12:26:40',245064,'2010-11-03 12:26:40',1,0,'0000-00-00 00:00:00',0),(7367,1,8,'2010-11-03 12:26:30',235382,'2010-11-03 12:26:40',245817,'2010-11-03 12:26:40',1,0,'0000-00-00 00:00:00',0),(7369,1,5,'2010-11-03 12:26:40',245806,'2010-11-03 12:26:50',6177,'2010-11-03 12:26:50',1,0,'0000-00-00 00:00:00',0),(7371,1,8,'2010-11-03 12:26:40',246428,'2010-11-03 12:26:50',6755,'2010-11-03 12:26:50',1,0,'0000-00-00 00:00:00',0),(7373,1,5,'2010-11-03 12:26:50',6745,'2010-11-03 12:27:00',17223,'2010-11-03 12:27:00',1,0,'0000-00-00 00:00:00',0),(7375,1,8,'2010-11-03 12:26:50',7516,'2010-11-03 12:27:00',17296,'2010-11-03 12:27:00',1,0,'0000-00-00 00:00:00',0),(7377,1,5,'2010-11-03 12:27:00',17286,'2010-11-03 12:27:10',28641,'2010-11-03 12:27:10',1,0,'0000-00-00 00:00:00',0),(7379,1,8,'2010-11-03 12:27:00',17744,'2010-11-03 12:27:10',28676,'2010-11-03 12:27:10',1,0,'0000-00-00 00:00:00',0),(7381,1,6,'2010-11-03 12:27:10',28616,'2010-11-03 12:28:10',113493,'2010-11-03 12:28:10',1,0,'0000-00-00 00:00:00',0),(7383,1,10,'2010-11-03 12:27:10',28633,'2010-11-03 12:28:10',114065,'2010-11-03 12:28:10',1,0,'0000-00-00 00:00:00',0),(7385,1,5,'2010-11-03 12:27:10',28667,'2010-11-03 12:27:20',39727,'2010-11-03 12:27:20',1,0,'0000-00-00 00:00:00',0),(7387,1,8,'2010-11-03 12:27:10',29420,'2010-11-03 12:27:20',40369,'2010-11-03 12:27:20',1,0,'0000-00-00 00:00:00',0),(7389,1,5,'2010-11-03 12:27:20',40358,'2010-11-03 12:27:30',55863,'2010-11-03 12:27:30',1,0,'0000-00-00 00:00:00',0),(7391,1,8,'2010-11-03 12:27:20',41165,'2010-11-03 12:27:30',55961,'2010-11-03 12:27:30',1,0,'0000-00-00 00:00:00',0),(7394,1,5,'2010-11-03 12:27:30',55950,'2010-11-03 12:27:40',73589,'2010-11-03 12:27:40',1,0,'0000-00-00 00:00:00',0),(7396,1,8,'2010-11-03 12:27:30',56402,'2010-11-03 12:27:40',75324,'2010-11-03 12:27:40',1,0,'0000-00-00 00:00:00',0),(7399,1,0,'2010-11-03 12:27:40',74884,'2010-11-03 12:32:27',238572,'2010-11-03 12:32:27',0,3,'0000-00-00 00:00:00',0),(7400,1,0,'2010-11-03 12:27:40',75050,'2010-11-03 12:32:31',250071,'2010-11-03 12:32:31',0,9,'0000-00-00 00:00:00',0),(7401,1,5,'2010-11-03 12:27:40',75314,'2010-11-03 12:27:50',86485,'2010-11-03 12:27:50',1,0,'0000-00-00 00:00:00',0),(7403,1,8,'2010-11-03 12:27:40',76604,'2010-11-03 12:27:50',87043,'2010-11-03 12:27:50',1,0,'0000-00-00 00:00:00',0),(7405,1,5,'2010-11-03 12:27:50',87033,'2010-11-03 12:28:00',103080,'2010-11-03 12:28:00',1,0,'0000-00-00 00:00:00',0),(7407,1,8,'2010-11-03 12:27:50',88046,'2010-11-03 12:28:00',103777,'2010-11-03 12:28:00',1,0,'0000-00-00 00:00:00',0),(7410,1,0,'2010-11-03 12:28:00',103697,'2010-11-03 12:32:52',33793,'2010-11-03 12:32:52',0,10,'0000-00-00 00:00:00',0),(7411,1,5,'2010-11-03 12:28:00',103767,'2010-11-03 12:28:10',114080,'2010-11-03 12:28:10',1,0,'0000-00-00 00:00:00',0),(7413,1,8,'2010-11-03 12:28:00',104081,'2010-11-03 12:28:10',114119,'2010-11-03 12:28:10',1,0,'0000-00-00 00:00:00',0),(7415,1,6,'2010-11-03 12:28:10',114055,'2010-11-03 12:29:10',208071,'2010-11-03 12:29:10',1,0,'0000-00-00 00:00:00',0),(7417,1,10,'2010-11-03 12:28:10',114072,'2010-11-03 12:29:10',208590,'2010-11-03 12:29:10',1,0,'0000-00-00 00:00:00',0),(7419,1,5,'2010-11-03 12:28:10',114110,'2010-11-03 12:28:20',137865,'2010-11-03 12:28:20',1,0,'0000-00-00 00:00:00',0),(7421,1,8,'2010-11-03 12:28:10',115222,'2010-11-03 12:28:20',140010,'2010-11-03 12:28:20',1,0,'0000-00-00 00:00:00',0),(7425,1,12,'2010-11-03 12:28:20',139444,'2010-11-03 12:33:20',86699,'2010-11-03 12:33:20',0,2,'0000-00-00 00:00:00',0),(7426,1,0,'2010-11-03 12:28:20',139742,'2010-11-03 12:33:14',72560,'2010-11-03 12:33:14',0,6,'0000-00-00 00:00:00',0),(7427,1,5,'2010-11-03 12:28:20',140000,'2010-11-03 12:28:30',151233,'2010-11-03 12:28:30',1,0,'0000-00-00 00:00:00',0),(7429,1,8,'2010-11-03 12:28:20',141242,'2010-11-03 12:28:30',151772,'2010-11-03 12:28:30',1,0,'0000-00-00 00:00:00',0),(7431,1,5,'2010-11-03 12:28:30',151762,'2010-11-03 12:28:40',166634,'2010-11-03 12:28:40',1,0,'0000-00-00 00:00:00',0),(7433,1,8,'2010-11-03 12:28:30',152584,'2010-11-03 12:28:40',168212,'2010-11-03 12:28:40',1,0,'0000-00-00 00:00:00',0),(7436,1,0,'2010-11-03 12:28:40',167809,'2010-11-03 12:33:35',108329,'2010-11-03 12:33:35',0,5,'0000-00-00 00:00:00',0),(7437,1,5,'2010-11-03 12:28:40',168200,'2010-11-03 12:28:50',185385,'2010-11-03 12:28:50',1,0,'0000-00-00 00:00:00',0),(7439,1,8,'2010-11-03 12:28:40',169456,'2010-11-03 12:28:50',185934,'2010-11-03 12:28:50',1,0,'0000-00-00 00:00:00',0),(7441,1,5,'2010-11-03 12:28:50',185923,'2010-11-03 12:29:00',196439,'2010-11-03 12:29:00',1,0,'0000-00-00 00:00:00',0),(7443,1,8,'2010-11-03 12:28:50',186460,'2010-11-03 12:29:00',196995,'2010-11-03 12:29:00',1,0,'0000-00-00 00:00:00',0),(7445,1,5,'2010-11-03 12:29:00',196983,'2010-11-03 12:29:10',208606,'2010-11-03 12:29:10',1,0,'0000-00-00 00:00:00',0),(7447,1,8,'2010-11-03 12:29:00',197725,'2010-11-03 12:29:10',208642,'2010-11-03 12:29:10',1,0,'0000-00-00 00:00:00',0),(7449,1,6,'2010-11-03 12:29:10',208568,'2010-11-03 12:30:10',39180,'2010-11-03 12:30:10',1,0,'0000-00-00 00:00:00',0),(7451,1,10,'2010-11-03 12:29:10',208598,'2010-11-03 12:30:10',39749,'2010-11-03 12:30:10',1,0,'0000-00-00 00:00:00',0),(7453,1,5,'2010-11-03 12:29:10',208633,'2010-11-03 12:29:20',220910,'2010-11-03 12:29:20',1,0,'0000-00-00 00:00:00',0),(7455,1,8,'2010-11-03 12:29:10',209155,'2010-11-03 12:29:20',221532,'2010-11-03 12:29:20',1,0,'0000-00-00 00:00:00',0),(7457,1,5,'2010-11-03 12:29:20',221522,'2010-11-03 12:29:30',232892,'2010-11-03 12:29:30',1,0,'0000-00-00 00:00:00',0),(7459,1,8,'2010-11-03 12:29:20',222115,'2010-11-03 12:29:30',233414,'2010-11-03 12:29:30',1,0,'0000-00-00 00:00:00',0),(7461,1,5,'2010-11-03 12:29:30',233404,'2010-11-03 12:29:40',244564,'2010-11-03 12:29:40',1,0,'0000-00-00 00:00:00',0),(7463,1,8,'2010-11-03 12:29:30',234183,'2010-11-03 12:29:40',245122,'2010-11-03 12:29:40',1,0,'0000-00-00 00:00:00',0),(7465,1,5,'2010-11-03 12:29:40',245112,'2010-11-03 12:29:50',6534,'2010-11-03 12:29:50',1,0,'0000-00-00 00:00:00',0),(7467,1,8,'2010-11-03 12:29:40',245722,'2010-11-03 12:29:50',7126,'2010-11-03 12:29:50',1,0,'0000-00-00 00:00:00',0),(7469,1,5,'2010-11-03 12:29:50',7115,'2010-11-03 12:30:00',19834,'2010-11-03 12:30:00',1,0,'0000-00-00 00:00:00',0),(7471,1,8,'2010-11-03 12:29:50',8878,'2010-11-03 12:30:00',20346,'2010-11-03 12:30:00',1,0,'0000-00-00 00:00:00',0),(7473,1,5,'2010-11-03 12:30:00',20335,'2010-11-03 12:30:10',39763,'2010-11-03 12:30:10',1,0,'0000-00-00 00:00:00',0),(7475,1,8,'2010-11-03 12:30:00',21362,'2010-11-03 12:30:10',40480,'2010-11-03 12:30:10',1,0,'0000-00-00 00:00:00',0),(7478,1,6,'2010-11-03 12:30:10',39737,'2010-11-03 12:31:10',137718,'2010-11-03 12:31:10',1,0,'0000-00-00 00:00:00',0),(7480,1,10,'2010-11-03 12:30:10',39756,'2010-11-03 12:31:10',138282,'2010-11-03 12:31:10',1,0,'0000-00-00 00:00:00',0),(7482,1,0,'2010-11-03 12:30:10',40403,'2010-11-03 12:35:01',224089,'2010-11-03 12:35:01',0,7,'0000-00-00 00:00:00',0),(7483,1,5,'2010-11-03 12:30:10',40470,'2010-11-03 12:30:20',54501,'2010-11-03 12:30:20',1,0,'0000-00-00 00:00:00',0),(7485,1,8,'2010-11-03 12:30:10',40773,'2010-11-03 12:30:20',55067,'2010-11-03 12:30:20',1,0,'0000-00-00 00:00:00',0),(7487,1,5,'2010-11-03 12:30:20',55057,'2010-11-03 12:30:30',66336,'2010-11-03 12:30:30',1,0,'0000-00-00 00:00:00',0),(7489,1,8,'2010-11-03 12:30:20',55827,'2010-11-03 12:30:30',66960,'2010-11-03 12:30:30',1,0,'0000-00-00 00:00:00',0),(7491,1,5,'2010-11-03 12:30:30',66949,'2010-11-03 12:30:40',79424,'2010-11-03 12:30:40',1,0,'0000-00-00 00:00:00',0),(7493,1,8,'2010-11-03 12:30:30',67284,'2010-11-03 12:30:40',80107,'2010-11-03 12:30:40',1,0,'0000-00-00 00:00:00',0),(7495,1,5,'2010-11-03 12:30:40',80096,'2010-11-03 12:30:50',95113,'2010-11-03 12:30:50',1,0,'0000-00-00 00:00:00',0),(7497,1,8,'2010-11-03 12:30:40',80524,'2010-11-03 12:30:50',95661,'2010-11-03 12:30:50',1,0,'0000-00-00 00:00:00',0),(7499,1,5,'2010-11-03 12:30:50',95630,'2010-11-03 12:31:00',113819,'2010-11-03 12:31:00',1,0,'0000-00-00 00:00:00',0),(7501,1,8,'2010-11-03 12:30:50',96095,'2010-11-03 12:31:00',115089,'2010-11-03 12:31:00',1,0,'0000-00-00 00:00:00',0),(7504,1,12,'2010-11-03 12:31:00',115028,'2010-11-03 12:36:00',59302,'2010-11-03 12:36:00',0,1,'0000-00-00 00:00:00',0),(7505,1,5,'2010-11-03 12:31:00',115080,'2010-11-03 12:31:10',138298,'2010-11-03 12:31:10',1,0,'0000-00-00 00:00:00',0),(7507,1,8,'2010-11-03 12:31:00',115817,'2010-11-03 12:31:10',138453,'2010-11-03 12:31:10',1,0,'0000-00-00 00:00:00',0),(7509,1,6,'2010-11-03 12:31:10',138272,'2010-11-03 12:32:10',218995,'2010-11-03 12:32:10',1,0,'0000-00-00 00:00:00',0),(7511,1,10,'2010-11-03 12:31:10',138289,'2010-11-03 12:32:10',219516,'2010-11-03 12:32:10',1,0,'0000-00-00 00:00:00',0),(7513,1,5,'2010-11-03 12:31:10',138441,'2010-11-03 12:31:20',151712,'2010-11-03 12:31:20',1,0,'0000-00-00 00:00:00',0),(7515,1,8,'2010-11-03 12:31:10',139078,'2010-11-03 12:31:20',152270,'2010-11-03 12:31:20',1,0,'0000-00-00 00:00:00',0),(7517,1,5,'2010-11-03 12:31:20',152260,'2010-11-03 12:31:30',171580,'2010-11-03 12:31:30',1,0,'0000-00-00 00:00:00',0),(7519,1,8,'2010-11-03 12:31:20',152629,'2010-11-03 12:31:30',173071,'2010-11-03 12:31:30',1,0,'0000-00-00 00:00:00',0),(7522,1,0,'2010-11-03 12:31:30',172777,'2010-11-03 12:36:27',93235,'2010-11-03 12:36:27',0,8,'0000-00-00 00:00:00',0),(7523,1,5,'2010-11-03 12:31:30',173060,'2010-11-03 12:31:40',184254,'2010-11-03 12:31:40',1,0,'0000-00-00 00:00:00',0),(7525,1,8,'2010-11-03 12:31:30',174331,'2010-11-03 12:31:40',184807,'2010-11-03 12:31:40',1,0,'0000-00-00 00:00:00',0),(7527,1,5,'2010-11-03 12:31:40',184797,'2010-11-03 12:31:50',195723,'2010-11-03 12:31:50',1,0,'0000-00-00 00:00:00',0),(7529,1,8,'2010-11-03 12:31:40',185317,'2010-11-03 12:31:50',196351,'2010-11-03 12:31:50',1,0,'0000-00-00 00:00:00',0),(7531,1,5,'2010-11-03 12:31:50',196341,'2010-11-03 12:32:00',207545,'2010-11-03 12:32:00',1,0,'0000-00-00 00:00:00',0),(7533,1,8,'2010-11-03 12:31:50',197197,'2010-11-03 12:32:00',208097,'2010-11-03 12:32:00',1,0,'0000-00-00 00:00:00',0),(7535,1,5,'2010-11-03 12:32:00',208087,'2010-11-03 12:32:10',219530,'2010-11-03 12:32:10',1,0,'0000-00-00 00:00:00',0),(7537,1,8,'2010-11-03 12:32:00',208870,'2010-11-03 12:32:10',219569,'2010-11-03 12:32:10',1,0,'0000-00-00 00:00:00',0),(7539,1,6,'2010-11-03 12:32:10',219505,'2010-11-03 12:33:10',67099,'2010-11-03 12:33:10',1,0,'0000-00-00 00:00:00',0),(7541,1,10,'2010-11-03 12:32:10',219522,'2010-11-03 12:33:10',67609,'2010-11-03 12:33:10',1,0,'0000-00-00 00:00:00',0),(7543,1,5,'2010-11-03 12:32:10',219560,'2010-11-03 12:32:20',230141,'2010-11-03 12:32:20',1,0,'0000-00-00 00:00:00',0),(7545,1,8,'2010-11-03 12:32:10',220322,'2010-11-03 12:32:20',230884,'2010-11-03 12:32:20',1,0,'0000-00-00 00:00:00',0),(7547,1,5,'2010-11-03 12:32:20',230873,'2010-11-03 12:32:30',248021,'2010-11-03 12:32:30',1,0,'0000-00-00 00:00:00',0),(7549,1,8,'2010-11-03 12:32:20',231843,'2010-11-03 12:32:30',248770,'2010-11-03 12:32:30',1,0,'0000-00-00 00:00:00',0),(7552,1,5,'2010-11-03 12:32:30',248739,'2010-11-03 12:32:40',16009,'2010-11-03 12:32:40',1,0,'0000-00-00 00:00:00',0),(7554,1,8,'2010-11-03 12:32:30',249195,'2010-11-03 12:32:40',17704,'2010-11-03 12:32:40',1,0,'0000-00-00 00:00:00',0),(7557,1,0,'2010-11-03 12:32:40',17236,'2010-11-03 12:37:27',169935,'2010-11-03 12:37:27',0,3,'0000-00-00 00:00:00',0),(7558,1,0,'2010-11-03 12:32:40',17646,'2010-11-03 12:37:31',180395,'2010-11-03 12:37:31',0,9,'0000-00-00 00:00:00',0),(7559,1,5,'2010-11-03 12:32:40',17694,'2010-11-03 12:32:50',29588,'2010-11-03 12:32:50',1,0,'0000-00-00 00:00:00',0),(7561,1,8,'2010-11-03 12:32:40',18904,'2010-11-03 12:32:50',30351,'2010-11-03 12:32:50',1,0,'0000-00-00 00:00:00',0),(7563,1,5,'2010-11-03 12:32:50',30341,'2010-11-03 12:33:00',48573,'2010-11-03 12:33:00',1,0,'0000-00-00 00:00:00',0),(7565,1,8,'2010-11-03 12:32:50',31165,'2010-11-03 12:33:00',49456,'2010-11-03 12:33:00',1,0,'0000-00-00 00:00:00',0),(7568,1,0,'2010-11-03 12:33:00',49352,'2010-11-03 12:37:52',216069,'2010-11-03 12:37:52',0,10,'0000-00-00 00:00:00',0),(7569,1,5,'2010-11-03 12:33:00',49445,'2010-11-03 12:33:10',67624,'2010-11-03 12:33:10',1,0,'0000-00-00 00:00:00',0),(7571,1,8,'2010-11-03 12:33:00',49757,'2010-11-03 12:33:10',67665,'2010-11-03 12:33:10',1,0,'0000-00-00 00:00:00',0),(7573,1,6,'2010-11-03 12:33:10',67598,'2010-11-03 12:34:10',156607,'2010-11-03 12:34:10',1,0,'0000-00-00 00:00:00',0),(7575,1,10,'2010-11-03 12:33:10',67616,'2010-11-03 12:34:10',157105,'2010-11-03 12:34:10',1,0,'0000-00-00 00:00:00',0),(7577,1,5,'2010-11-03 12:33:10',67655,'2010-11-03 12:33:20',84030,'2010-11-03 12:33:20',1,0,'0000-00-00 00:00:00',0),(7579,1,8,'2010-11-03 12:33:10',68536,'2010-11-03 12:33:20',85438,'2010-11-03 12:33:20',1,0,'0000-00-00 00:00:00',0),(7582,1,0,'2010-11-03 12:33:20',85169,'2010-11-03 12:38:14',246825,'2010-11-03 12:38:14',0,6,'0000-00-00 00:00:00',0),(7583,1,5,'2010-11-03 12:33:20',85426,'2010-11-03 12:33:30',102406,'2010-11-03 12:33:30',1,0,'0000-00-00 00:00:00',0),(7585,1,8,'2010-11-03 12:33:20',86688,'2010-11-03 12:33:30',103647,'2010-11-03 12:33:30',1,0,'0000-00-00 00:00:00',0),(7588,1,12,'2010-11-03 12:33:30',103585,'2010-11-03 12:38:30',28218,'2010-11-03 12:38:30',0,2,'0000-00-00 00:00:00',0),(7589,1,5,'2010-11-03 12:33:30',103637,'2010-11-03 12:33:40',118405,'2010-11-03 12:33:40',1,0,'0000-00-00 00:00:00',0),(7591,1,8,'2010-11-03 12:33:30',103924,'2010-11-03 12:33:40',119852,'2010-11-03 12:33:40',1,0,'0000-00-00 00:00:00',0),(7594,1,0,'2010-11-03 12:33:40',119576,'2010-11-03 12:38:35',38459,'2010-11-03 12:38:35',0,5,'0000-00-00 00:00:00',0),(7595,1,5,'2010-11-03 12:33:40',119840,'2010-11-03 12:33:50',133291,'2010-11-03 12:33:50',1,0,'0000-00-00 00:00:00',0),(7597,1,8,'2010-11-03 12:33:40',121211,'2010-11-03 12:33:50',133912,'2010-11-03 12:33:50',1,0,'0000-00-00 00:00:00',0),(7599,1,5,'2010-11-03 12:33:50',133901,'2010-11-03 12:34:00',145870,'2010-11-03 12:34:00',1,0,'0000-00-00 00:00:00',0),(7601,1,8,'2010-11-03 12:33:50',134521,'2010-11-03 12:34:00',146413,'2010-11-03 12:34:00',1,0,'0000-00-00 00:00:00',0),(7603,1,5,'2010-11-03 12:34:00',146402,'2010-11-03 12:34:10',157120,'2010-11-03 12:34:10',1,0,'0000-00-00 00:00:00',0),(7605,1,8,'2010-11-03 12:34:00',146888,'2010-11-03 12:34:10',157156,'2010-11-03 12:34:10',1,0,'0000-00-00 00:00:00',0),(7607,1,6,'2010-11-03 12:34:10',157095,'2010-11-03 12:35:10',240827,'2010-11-03 12:35:10',1,0,'0000-00-00 00:00:00',0),(7609,1,10,'2010-11-03 12:34:10',157112,'2010-11-03 12:35:10',241634,'2010-11-03 12:35:10',1,0,'0000-00-00 00:00:00',0),(7611,1,5,'2010-11-03 12:34:10',157147,'2010-11-03 12:34:20',168840,'2010-11-03 12:34:20',1,0,'0000-00-00 00:00:00',0),(7613,1,8,'2010-11-03 12:34:10',158283,'2010-11-03 12:34:20',169428,'2010-11-03 12:34:20',1,0,'0000-00-00 00:00:00',0),(7615,1,5,'2010-11-03 12:34:20',169418,'2010-11-03 12:34:30',180268,'2010-11-03 12:34:30',1,0,'0000-00-00 00:00:00',0),(7617,1,8,'2010-11-03 12:34:20',170168,'2010-11-03 12:34:30',180791,'2010-11-03 12:34:30',1,0,'0000-00-00 00:00:00',0),(7619,1,5,'2010-11-03 12:34:30',180781,'2010-11-03 12:34:40',191480,'2010-11-03 12:34:40',1,0,'0000-00-00 00:00:00',0),(7621,1,8,'2010-11-03 12:34:30',181572,'2010-11-03 12:34:40',192004,'2010-11-03 12:34:40',1,0,'0000-00-00 00:00:00',0),(7623,1,5,'2010-11-03 12:34:40',191994,'2010-11-03 12:34:50',202873,'2010-11-03 12:34:50',1,0,'0000-00-00 00:00:00',0),(7625,1,8,'2010-11-03 12:34:40',192769,'2010-11-03 12:34:50',203402,'2010-11-03 12:34:50',1,0,'0000-00-00 00:00:00',0),(7627,1,5,'2010-11-03 12:34:50',203391,'2010-11-03 12:35:00',214187,'2010-11-03 12:35:00',1,0,'0000-00-00 00:00:00',0),(7629,1,8,'2010-11-03 12:34:50',204159,'2010-11-03 12:35:00',214829,'2010-11-03 12:35:00',1,0,'0000-00-00 00:00:00',0),(7631,1,5,'2010-11-03 12:35:00',214819,'2010-11-03 12:35:10',241658,'2010-11-03 12:35:10',1,0,'0000-00-00 00:00:00',0),(7633,1,8,'2010-11-03 12:35:00',223176,'2010-11-03 12:35:10',241940,'2010-11-03 12:35:10',1,0,'0000-00-00 00:00:00',0),(7636,1,6,'2010-11-03 12:35:10',241503,'2010-11-03 12:36:10',74942,'2010-11-03 12:36:10',1,0,'0000-00-00 00:00:00',0),(7638,1,10,'2010-11-03 12:35:10',241644,'2010-11-03 12:36:10',75065,'2010-11-03 12:36:10',1,0,'0000-00-00 00:00:00',0),(7640,1,0,'2010-11-03 12:35:10',241866,'2010-11-03 12:40:01',3345,'2010-11-03 12:40:01',0,7,'0000-00-00 00:00:00',0),(7641,1,5,'2010-11-03 12:35:10',241930,'2010-11-03 12:35:20',2778,'2010-11-03 12:35:20',1,0,'0000-00-00 00:00:00',0),(7643,1,8,'2010-11-03 12:35:10',242232,'2010-11-03 12:35:20',3352,'2010-11-03 12:35:20',1,0,'0000-00-00 00:00:00',0),(7645,1,5,'2010-11-03 12:35:20',3342,'2010-11-03 12:35:30',13963,'2010-11-03 12:35:30',1,0,'0000-00-00 00:00:00',0),(7647,1,8,'2010-11-03 12:35:20',3733,'2010-11-03 12:35:30',14623,'2010-11-03 12:35:30',1,0,'0000-00-00 00:00:00',0),(7649,1,5,'2010-11-03 12:35:30',14613,'2010-11-03 12:35:40',32496,'2010-11-03 12:35:40',1,0,'0000-00-00 00:00:00',0),(7651,1,8,'2010-11-03 12:35:30',22976,'2010-11-03 12:35:40',33148,'2010-11-03 12:35:40',1,0,'0000-00-00 00:00:00',0),(7653,1,5,'2010-11-03 12:35:40',33138,'2010-11-03 12:35:50',45587,'2010-11-03 12:35:50',1,0,'0000-00-00 00:00:00',0),(7655,1,8,'2010-11-03 12:35:40',33888,'2010-11-03 12:35:50',46213,'2010-11-03 12:35:50',1,0,'0000-00-00 00:00:00',0),(7657,1,5,'2010-11-03 12:35:50',46202,'2010-11-03 12:36:00',57214,'2010-11-03 12:36:00',1,0,'0000-00-00 00:00:00',0),(7659,1,8,'2010-11-03 12:35:50',47033,'2010-11-03 12:36:00',57758,'2010-11-03 12:36:00',1,0,'0000-00-00 00:00:00',0),(7661,1,5,'2010-11-03 12:36:00',57748,'2010-11-03 12:36:10',75080,'2010-11-03 12:36:10',1,0,'0000-00-00 00:00:00',0),(7663,1,8,'2010-11-03 12:36:00',59289,'2010-11-03 12:36:10',75366,'2010-11-03 12:36:10',1,0,'0000-00-00 00:00:00',0),(7666,1,6,'2010-11-03 12:36:10',75054,'2010-11-03 12:37:10',149849,'2010-11-03 12:37:10',1,0,'0000-00-00 00:00:00',0),(7668,1,10,'2010-11-03 12:36:10',75072,'2010-11-03 12:37:10',149865,'2010-11-03 12:37:10',1,0,'0000-00-00 00:00:00',0),(7670,1,12,'2010-11-03 12:36:10',75304,'2010-11-03 12:41:10',136189,'2010-11-03 12:41:10',0,1,'0000-00-00 00:00:00',0),(7671,1,5,'2010-11-03 12:36:10',75356,'2010-11-03 12:36:20',85219,'2010-11-03 12:36:20',1,0,'0000-00-00 00:00:00',0),(7673,1,8,'2010-11-03 12:36:10',75744,'2010-11-03 12:36:20',85758,'2010-11-03 12:36:20',1,0,'0000-00-00 00:00:00',0),(7675,1,5,'2010-11-03 12:36:20',85748,'2010-11-03 12:36:30',102153,'2010-11-03 12:36:30',1,0,'0000-00-00 00:00:00',0),(7677,1,8,'2010-11-03 12:36:20',86560,'2010-11-03 12:36:30',103598,'2010-11-03 12:36:30',1,0,'0000-00-00 00:00:00',0),(7680,1,0,'2010-11-03 12:36:30',103318,'2010-11-03 12:41:27',168483,'2010-11-03 12:41:27',0,8,'0000-00-00 00:00:00',0),(7681,1,5,'2010-11-03 12:36:30',103586,'2010-11-03 12:36:40',114201,'2010-11-03 12:36:40',1,0,'0000-00-00 00:00:00',0),(7683,1,8,'2010-11-03 12:36:30',104524,'2010-11-03 12:36:40',114777,'2010-11-03 12:36:40',1,0,'0000-00-00 00:00:00',0),(7685,1,5,'2010-11-03 12:36:40',114767,'2010-11-03 12:36:50',125652,'2010-11-03 12:36:50',1,0,'0000-00-00 00:00:00',0),(7687,1,8,'2010-11-03 12:36:40',115564,'2010-11-03 12:36:50',126230,'2010-11-03 12:36:50',1,0,'0000-00-00 00:00:00',0),(7689,1,5,'2010-11-03 12:36:50',126219,'2010-11-03 12:37:00',137307,'2010-11-03 12:37:00',1,0,'0000-00-00 00:00:00',0),(7691,1,8,'2010-11-03 12:36:50',127219,'2010-11-03 12:37:00',137874,'2010-11-03 12:37:00',1,0,'0000-00-00 00:00:00',0),(7693,1,5,'2010-11-03 12:37:00',137864,'2010-11-03 12:37:10',149880,'2010-11-03 12:37:10',1,0,'0000-00-00 00:00:00',0),(7695,1,8,'2010-11-03 12:37:00',138373,'2010-11-03 12:37:10',149985,'2010-11-03 12:37:10',1,0,'0000-00-00 00:00:00',0),(7697,1,7,'2010-11-03 12:37:10',149839,'2010-11-03 13:37:10',190255,'2010-11-03 13:37:10',1,0,'0000-00-00 00:00:00',0),(7699,1,6,'2010-11-03 12:37:10',149857,'2010-11-03 12:38:10',242112,'2010-11-03 12:38:10',1,0,'0000-00-00 00:00:00',0),(7701,1,10,'2010-11-03 12:37:10',149872,'2010-11-03 12:38:10',242591,'2010-11-03 12:38:10',1,0,'0000-00-00 00:00:00',0),(7703,1,5,'2010-11-03 12:37:10',149974,'2010-11-03 12:37:20',161536,'2010-11-03 12:37:20',1,0,'0000-00-00 00:00:00',0),(7705,1,8,'2010-11-03 12:37:10',151091,'2010-11-03 12:37:20',162368,'2010-11-03 12:37:20',1,0,'0000-00-00 00:00:00',0),(7707,1,5,'2010-11-03 12:37:20',162357,'2010-11-03 12:37:30',178015,'2010-11-03 12:37:30',1,0,'0000-00-00 00:00:00',0),(7709,1,8,'2010-11-03 12:37:20',163110,'2010-11-03 12:37:30',178589,'2010-11-03 12:37:30',1,0,'0000-00-00 00:00:00',0),(7712,1,5,'2010-11-03 12:37:30',178578,'2010-11-03 12:37:40',197231,'2010-11-03 12:37:40',1,0,'0000-00-00 00:00:00',0),(7714,1,8,'2010-11-03 12:37:30',179437,'2010-11-03 12:37:40',198873,'2010-11-03 12:37:40',1,0,'0000-00-00 00:00:00',0),(7717,1,0,'2010-11-03 12:37:40',198477,'2010-11-03 12:42:27',249032,'2010-11-03 12:42:27',0,3,'0000-00-00 00:00:00',0),(7718,1,0,'2010-11-03 12:37:40',198806,'2010-11-03 12:42:31',15749,'2010-11-03 12:42:31',0,9,'0000-00-00 00:00:00',0),(7719,1,5,'2010-11-03 12:37:40',198863,'2010-11-03 12:37:50',212957,'2010-11-03 12:37:50',1,0,'0000-00-00 00:00:00',0),(7721,1,8,'2010-11-03 12:37:40',200624,'2010-11-03 12:37:50',213698,'2010-11-03 12:37:50',1,0,'0000-00-00 00:00:00',0),(7723,1,5,'2010-11-03 12:37:50',213686,'2010-11-03 12:38:00',229979,'2010-11-03 12:38:00',1,0,'0000-00-00 00:00:00',0),(7725,1,8,'2010-11-03 12:37:50',214129,'2010-11-03 12:38:00',231260,'2010-11-03 12:38:00',1,0,'0000-00-00 00:00:00',0),(7728,1,0,'2010-11-03 12:38:00',231085,'2010-11-03 12:42:52',52852,'2010-11-03 12:42:52',0,10,'0000-00-00 00:00:00',0),(7729,1,5,'2010-11-03 12:38:00',231249,'2010-11-03 12:38:10',242605,'2010-11-03 12:38:10',1,0,'0000-00-00 00:00:00',0),(7731,1,8,'2010-11-03 12:38:00',231808,'2010-11-03 12:38:10',242645,'2010-11-03 12:38:10',1,0,'0000-00-00 00:00:00',0),(7733,1,6,'2010-11-03 12:38:10',242581,'2010-11-03 12:39:10',186509,'2010-11-03 12:39:10',1,0,'0000-00-00 00:00:00',0),(7735,1,10,'2010-11-03 12:38:10',242597,'2010-11-03 12:39:10',187060,'2010-11-03 12:39:10',1,0,'0000-00-00 00:00:00',0),(7737,1,5,'2010-11-03 12:38:10',242636,'2010-11-03 12:38:20',8062,'2010-11-03 12:38:20',1,0,'0000-00-00 00:00:00',0),(7739,1,8,'2010-11-03 12:38:10',243131,'2010-11-03 12:38:20',8894,'2010-11-03 12:38:20',1,0,'0000-00-00 00:00:00',0),(7742,1,0,'2010-11-03 12:38:20',8813,'2010-11-03 12:43:14',82709,'2010-11-03 12:43:14',0,6,'0000-00-00 00:00:00',0),(7743,1,5,'2010-11-03 12:38:20',8884,'2010-11-03 12:38:30',26884,'2010-11-03 12:38:30',1,0,'0000-00-00 00:00:00',0),(7745,1,8,'2010-11-03 12:38:20',15395,'2010-11-03 12:38:30',27416,'2010-11-03 12:38:30',1,0,'0000-00-00 00:00:00',0),(7747,1,5,'2010-11-03 12:38:30',27406,'2010-11-03 12:38:40',47763,'2010-11-03 12:38:40',1,0,'0000-00-00 00:00:00',0),(7749,1,8,'2010-11-03 12:38:30',28208,'2010-11-03 12:38:40',49500,'2010-11-03 12:38:40',1,0,'0000-00-00 00:00:00',0),(7753,1,12,'2010-11-03 12:38:40',49008,'2010-11-03 12:43:40',126708,'2010-11-03 12:43:40',0,2,'0000-00-00 00:00:00',0),(7754,1,0,'2010-11-03 12:38:40',49439,'2010-11-03 12:43:35',116312,'2010-11-03 12:43:35',0,5,'0000-00-00 00:00:00',0),(7755,1,5,'2010-11-03 12:38:40',49491,'2010-11-03 12:38:50',61942,'2010-11-03 12:38:50',1,0,'0000-00-00 00:00:00',0),(7757,1,8,'2010-11-03 12:38:40',51142,'2010-11-03 12:38:50',62501,'2010-11-03 12:38:50',1,0,'0000-00-00 00:00:00',0),(7759,1,5,'2010-11-03 12:38:50',62490,'2010-11-03 12:39:00',73718,'2010-11-03 12:39:00',1,0,'0000-00-00 00:00:00',0),(7761,1,8,'2010-11-03 12:38:50',63531,'2010-11-03 12:39:00',74237,'2010-11-03 12:39:00',1,0,'0000-00-00 00:00:00',0),(7763,1,5,'2010-11-03 12:39:00',74227,'2010-11-03 12:39:10',187097,'2010-11-03 12:39:10',1,0,'0000-00-00 00:00:00',0),(7765,1,8,'2010-11-03 12:39:00',75228,'2010-11-03 12:39:10',187260,'2010-11-03 12:39:10',1,0,'0000-00-00 00:00:00',0),(7767,1,6,'2010-11-03 12:39:10',187050,'2010-11-03 12:40:10',16425,'2010-11-03 12:40:10',1,0,'0000-00-00 00:00:00',0),(7769,1,10,'2010-11-03 12:39:10',187083,'2010-11-03 12:40:10',16937,'2010-11-03 12:40:10',1,0,'0000-00-00 00:00:00',0),(7771,1,5,'2010-11-03 12:39:10',187126,'2010-11-03 12:39:20',198026,'2010-11-03 12:39:20',1,0,'0000-00-00 00:00:00',0),(7773,1,8,'2010-11-03 12:39:10',187853,'2010-11-03 12:39:20',198632,'2010-11-03 12:39:20',1,0,'0000-00-00 00:00:00',0),(7775,1,5,'2010-11-03 12:39:20',198622,'2010-11-03 12:39:30',210461,'2010-11-03 12:39:30',1,0,'0000-00-00 00:00:00',0),(7777,1,8,'2010-11-03 12:39:20',199580,'2010-11-03 12:39:30',211152,'2010-11-03 12:39:30',1,0,'0000-00-00 00:00:00',0),(7779,1,5,'2010-11-03 12:39:30',211141,'2010-11-03 12:39:40',228249,'2010-11-03 12:39:40',1,0,'0000-00-00 00:00:00',0),(7781,1,8,'2010-11-03 12:39:30',218637,'2010-11-03 12:39:40',228814,'2010-11-03 12:39:40',1,0,'0000-00-00 00:00:00',0),(7783,1,5,'2010-11-03 12:39:40',228804,'2010-11-03 12:39:50',239853,'2010-11-03 12:39:50',1,0,'0000-00-00 00:00:00',0),(7785,1,8,'2010-11-03 12:39:40',229589,'2010-11-03 12:39:50',240442,'2010-11-03 12:39:50',1,0,'0000-00-00 00:00:00',0),(7787,1,5,'2010-11-03 12:39:50',240431,'2010-11-03 12:40:00',774,'2010-11-03 12:40:00',1,0,'0000-00-00 00:00:00',0),(7789,1,8,'2010-11-03 12:39:50',240967,'2010-11-03 12:40:00',1275,'2010-11-03 12:40:00',1,0,'0000-00-00 00:00:00',0),(7791,1,5,'2010-11-03 12:40:00',1264,'2010-11-03 12:40:10',16952,'2010-11-03 12:40:10',1,0,'0000-00-00 00:00:00',0),(7793,1,8,'2010-11-03 12:40:00',2490,'2010-11-03 12:40:10',17828,'2010-11-03 12:40:10',1,0,'0000-00-00 00:00:00',0),(7796,1,6,'2010-11-03 12:40:10',16926,'2010-11-03 12:41:10',134786,'2010-11-03 12:41:10',1,0,'0000-00-00 00:00:00',0),(7798,1,10,'2010-11-03 12:40:10',16945,'2010-11-03 12:41:10',135346,'2010-11-03 12:41:10',1,0,'0000-00-00 00:00:00',0),(7800,1,0,'2010-11-03 12:40:10',17553,'2010-11-03 12:45:01',235718,'2010-11-03 12:45:01',0,7,'0000-00-00 00:00:00',0),(7801,1,5,'2010-11-03 12:40:10',17817,'2010-11-03 12:40:20',63635,'2010-11-03 12:40:20',1,0,'0000-00-00 00:00:00',0),(7803,1,8,'2010-11-03 12:40:10',18506,'2010-11-03 12:40:20',65997,'2010-11-03 12:40:20',1,0,'0000-00-00 00:00:00',0),(7805,1,5,'2010-11-03 12:40:20',65982,'2010-11-03 12:40:30',81743,'2010-11-03 12:40:30',1,0,'0000-00-00 00:00:00',0),(7807,1,8,'2010-11-03 12:40:20',69141,'2010-11-03 12:40:30',82253,'2010-11-03 12:40:30',1,0,'0000-00-00 00:00:00',0),(7809,1,5,'2010-11-03 12:40:30',82243,'2010-11-03 12:40:40',93703,'2010-11-03 12:40:40',1,0,'0000-00-00 00:00:00',0),(7811,1,8,'2010-11-03 12:40:30',83171,'2010-11-03 12:40:40',94218,'2010-11-03 12:40:40',1,0,'0000-00-00 00:00:00',0),(7813,1,5,'2010-11-03 12:40:40',94208,'2010-11-03 12:40:50',106703,'2010-11-03 12:40:50',1,0,'0000-00-00 00:00:00',0),(7815,1,8,'2010-11-03 12:40:40',95096,'2010-11-03 12:40:50',107214,'2010-11-03 12:40:50',1,0,'0000-00-00 00:00:00',0),(7817,1,5,'2010-11-03 12:40:50',107204,'2010-11-03 12:41:00',120845,'2010-11-03 12:41:00',1,0,'0000-00-00 00:00:00',0),(7819,1,8,'2010-11-03 12:40:50',108059,'2010-11-03 12:41:00',121375,'2010-11-03 12:41:00',1,0,'0000-00-00 00:00:00',0),(7821,1,5,'2010-11-03 12:41:00',121364,'2010-11-03 12:41:10',135361,'2010-11-03 12:41:10',1,0,'0000-00-00 00:00:00',0),(7823,1,8,'2010-11-03 12:41:00',122120,'2010-11-03 12:41:10',135399,'2010-11-03 12:41:10',1,0,'0000-00-00 00:00:00',0),(7825,1,6,'2010-11-03 12:41:10',135336,'2010-11-03 12:42:10',228161,'2010-11-03 12:42:10',1,0,'0000-00-00 00:00:00',0),(7827,1,10,'2010-11-03 12:41:10',135353,'2010-11-03 12:42:10',228682,'2010-11-03 12:42:10',1,0,'0000-00-00 00:00:00',0),(7829,1,5,'2010-11-03 12:41:10',135389,'2010-11-03 12:41:20',156726,'2010-11-03 12:41:20',1,0,'0000-00-00 00:00:00',0),(7831,1,8,'2010-11-03 12:41:10',136179,'2010-11-03 12:41:20',160149,'2010-11-03 12:41:20',1,0,'0000-00-00 00:00:00',0),(7834,1,12,'2010-11-03 12:41:20',160079,'2010-11-03 12:46:20',114413,'2010-11-03 12:46:20',0,1,'0000-00-00 00:00:00',0),(7835,1,5,'2010-11-03 12:41:20',160140,'2010-11-03 12:41:30',177290,'2010-11-03 12:41:30',1,0,'0000-00-00 00:00:00',0),(7837,1,8,'2010-11-03 12:41:20',160463,'2010-11-03 12:41:30',178298,'2010-11-03 12:41:30',1,0,'0000-00-00 00:00:00',0),(7840,1,0,'2010-11-03 12:41:30',178164,'2010-11-03 12:46:27',126449,'2010-11-03 12:46:27',0,8,'0000-00-00 00:00:00',0),(7841,1,5,'2010-11-03 12:41:30',178286,'2010-11-03 12:41:40',192603,'2010-11-03 12:41:40',1,0,'0000-00-00 00:00:00',0),(7843,1,8,'2010-11-03 12:41:30',183045,'2010-11-03 12:41:40',193221,'2010-11-03 12:41:40',1,0,'0000-00-00 00:00:00',0),(7845,1,5,'2010-11-03 12:41:40',193100,'2010-11-03 12:41:50',204790,'2010-11-03 12:41:50',1,0,'0000-00-00 00:00:00',0),(7847,1,8,'2010-11-03 12:41:40',194051,'2010-11-03 12:41:50',205313,'2010-11-03 12:41:50',1,0,'0000-00-00 00:00:00',0),(7849,1,5,'2010-11-03 12:41:50',205303,'2010-11-03 12:42:00',216738,'2010-11-03 12:42:00',1,0,'0000-00-00 00:00:00',0),(7851,1,8,'2010-11-03 12:41:50',206147,'2010-11-03 12:42:00',217282,'2010-11-03 12:42:00',1,0,'0000-00-00 00:00:00',0),(7853,1,5,'2010-11-03 12:42:00',217271,'2010-11-03 12:42:10',228696,'2010-11-03 12:42:10',1,0,'0000-00-00 00:00:00',0),(7855,1,8,'2010-11-03 12:42:00',218199,'2010-11-03 12:42:10',228734,'2010-11-03 12:42:10',1,0,'0000-00-00 00:00:00',0),(7857,1,6,'2010-11-03 12:42:10',228671,'2010-11-03 12:43:10',78076,'2010-11-03 12:43:10',1,0,'0000-00-00 00:00:00',0),(7859,1,10,'2010-11-03 12:42:10',228689,'2010-11-03 12:43:10',78583,'2010-11-03 12:43:10',1,0,'0000-00-00 00:00:00',0),(7861,1,5,'2010-11-03 12:42:10',228725,'2010-11-03 12:42:20',240387,'2010-11-03 12:42:20',1,0,'0000-00-00 00:00:00',0),(7863,1,8,'2010-11-03 12:42:10',229498,'2010-11-03 12:42:20',240953,'2010-11-03 12:42:20',1,0,'0000-00-00 00:00:00',0),(7865,1,5,'2010-11-03 12:42:20',240943,'2010-11-03 12:42:30',9186,'2010-11-03 12:42:30',1,0,'0000-00-00 00:00:00',0),(7867,1,8,'2010-11-03 12:42:20',241721,'2010-11-03 12:42:30',9867,'2010-11-03 12:42:30',1,0,'0000-00-00 00:00:00',0),(7870,1,5,'2010-11-03 12:42:30',9855,'2010-11-03 12:42:40',30286,'2010-11-03 12:42:40',1,0,'0000-00-00 00:00:00',0),(7872,1,8,'2010-11-03 12:42:30',14956,'2010-11-03 12:42:40',38811,'2010-11-03 12:42:40',1,0,'0000-00-00 00:00:00',0),(7875,1,0,'2010-11-03 12:42:40',38663,'2010-11-03 12:47:31',225159,'2010-11-03 12:47:31',0,9,'0000-00-00 00:00:00',0),(7876,1,0,'2010-11-03 12:42:40',38745,'2010-11-03 12:47:27',211196,'2010-11-03 12:47:27',0,3,'0000-00-00 00:00:00',0),(7877,1,5,'2010-11-03 12:42:40',38801,'2010-11-03 12:42:50',48862,'2010-11-03 12:42:50',1,0,'0000-00-00 00:00:00',0),(7879,1,8,'2010-11-03 12:42:40',39074,'2010-11-03 12:42:50',49375,'2010-11-03 12:42:50',1,0,'0000-00-00 00:00:00',0),(7881,1,5,'2010-11-03 12:42:50',49364,'2010-11-03 12:43:00',65299,'2010-11-03 12:43:00',1,0,'0000-00-00 00:00:00',0),(7883,1,8,'2010-11-03 12:42:50',50183,'2010-11-03 12:43:00',68077,'2010-11-03 12:43:00',1,0,'0000-00-00 00:00:00',0),(7886,1,0,'2010-11-03 12:43:00',67909,'2010-11-03 12:47:52',13806,'2010-11-03 12:47:52',0,10,'0000-00-00 00:00:00',0),(7887,1,5,'2010-11-03 12:43:00',68065,'2010-11-03 12:43:10',78598,'2010-11-03 12:43:10',1,0,'0000-00-00 00:00:00',0),(7889,1,8,'2010-11-03 12:43:00',68728,'2010-11-03 12:43:10',78638,'2010-11-03 12:43:10',1,0,'0000-00-00 00:00:00',0),(7891,1,6,'2010-11-03 12:43:10',78573,'2010-11-03 12:44:10',168384,'2010-11-03 12:44:10',1,0,'0000-00-00 00:00:00',0),(7893,1,10,'2010-11-03 12:43:10',78590,'2010-11-03 12:44:10',168940,'2010-11-03 12:44:10',1,0,'0000-00-00 00:00:00',0),(7895,1,5,'2010-11-03 12:43:10',78629,'2010-11-03 12:43:20',93486,'2010-11-03 12:43:20',1,0,'0000-00-00 00:00:00',0),(7897,1,8,'2010-11-03 12:43:10',79475,'2010-11-03 12:43:20',98935,'2010-11-03 12:43:20',1,0,'0000-00-00 00:00:00',0),(7900,1,0,'2010-11-03 12:43:20',98755,'2010-11-03 12:48:14',41196,'2010-11-03 12:48:14',0,6,'0000-00-00 00:00:00',0),(7901,1,5,'2010-11-03 12:43:20',98924,'2010-11-03 12:43:30',110704,'2010-11-03 12:43:30',1,0,'0000-00-00 00:00:00',0),(7903,1,8,'2010-11-03 12:43:20',99552,'2010-11-03 12:43:30',111254,'2010-11-03 12:43:30',1,0,'0000-00-00 00:00:00',0),(7905,1,5,'2010-11-03 12:43:30',111244,'2010-11-03 12:43:40',125228,'2010-11-03 12:43:40',1,0,'0000-00-00 00:00:00',0),(7907,1,8,'2010-11-03 12:43:30',112047,'2010-11-03 12:43:40',125999,'2010-11-03 12:43:40',1,0,'0000-00-00 00:00:00',0),(7910,1,0,'2010-11-03 12:43:40',125917,'2010-11-03 12:48:35',73942,'2010-11-03 12:48:35',0,5,'0000-00-00 00:00:00',0),(7911,1,5,'2010-11-03 12:43:40',125989,'2010-11-03 12:43:50',142695,'2010-11-03 12:43:50',1,0,'0000-00-00 00:00:00',0),(7913,1,8,'2010-11-03 12:43:40',126686,'2010-11-03 12:43:50',143839,'2010-11-03 12:43:50',1,0,'0000-00-00 00:00:00',0),(7916,1,12,'2010-11-03 12:43:50',143778,'2010-11-03 12:48:50',96600,'2010-11-03 12:48:50',0,2,'0000-00-00 00:00:00',0),(7917,1,5,'2010-11-03 12:43:50',143830,'2010-11-03 12:44:00',155550,'2010-11-03 12:44:00',1,0,'0000-00-00 00:00:00',0),(7919,1,8,'2010-11-03 12:43:50',144958,'2010-11-03 12:44:00',156052,'2010-11-03 12:44:00',1,0,'0000-00-00 00:00:00',0),(7921,1,5,'2010-11-03 12:44:00',156041,'2010-11-03 12:44:10',168954,'2010-11-03 12:44:10',1,0,'0000-00-00 00:00:00',0),(7923,1,8,'2010-11-03 12:44:00',156844,'2010-11-03 12:44:10',168991,'2010-11-03 12:44:10',1,0,'0000-00-00 00:00:00',0),(7925,1,6,'2010-11-03 12:44:10',168930,'2010-11-03 12:45:10',15935,'2010-11-03 12:45:10',1,0,'0000-00-00 00:00:00',0),(7927,1,10,'2010-11-03 12:44:10',168947,'2010-11-03 12:45:10',16503,'2010-11-03 12:45:10',1,0,'0000-00-00 00:00:00',0),(7929,1,5,'2010-11-03 12:44:10',168982,'2010-11-03 12:44:20',180440,'2010-11-03 12:44:20',1,0,'0000-00-00 00:00:00',0),(7931,1,8,'2010-11-03 12:44:10',169965,'2010-11-03 12:44:20',180979,'2010-11-03 12:44:20',1,0,'0000-00-00 00:00:00',0),(7933,1,5,'2010-11-03 12:44:20',180968,'2010-11-03 12:44:30',191636,'2010-11-03 12:44:30',1,0,'0000-00-00 00:00:00',0),(7935,1,8,'2010-11-03 12:44:20',181833,'2010-11-03 12:44:30',192272,'2010-11-03 12:44:30',1,0,'0000-00-00 00:00:00',0),(7937,1,5,'2010-11-03 12:44:30',192148,'2010-11-03 12:44:40',202817,'2010-11-03 12:44:40',1,0,'0000-00-00 00:00:00',0),(7939,1,8,'2010-11-03 12:44:30',193084,'2010-11-03 12:44:40',203354,'2010-11-03 12:44:40',1,0,'0000-00-00 00:00:00',0),(7941,1,5,'2010-11-03 12:44:40',203344,'2010-11-03 12:44:50',213356,'2010-11-03 12:44:50',1,0,'0000-00-00 00:00:00',0),(7943,1,8,'2010-11-03 12:44:40',204115,'2010-11-03 12:44:50',213884,'2010-11-03 12:44:50',1,0,'0000-00-00 00:00:00',0),(7945,1,5,'2010-11-03 12:44:50',213873,'2010-11-03 12:45:00',228626,'2010-11-03 12:45:00',1,0,'0000-00-00 00:00:00',0),(7947,1,8,'2010-11-03 12:44:50',214638,'2010-11-03 12:45:00',229224,'2010-11-03 12:45:00',1,0,'0000-00-00 00:00:00',0),(7949,1,5,'2010-11-03 12:45:00',229214,'2010-11-03 12:45:10',16519,'2010-11-03 12:45:10',1,0,'0000-00-00 00:00:00',0),(7951,1,8,'2010-11-03 12:45:00',234827,'2010-11-03 12:45:10',16788,'2010-11-03 12:45:10',1,0,'0000-00-00 00:00:00',0),(7954,1,6,'2010-11-03 12:45:10',16492,'2010-11-03 12:46:10',94589,'2010-11-03 12:46:10',1,0,'0000-00-00 00:00:00',0),(7956,1,10,'2010-11-03 12:45:10',16511,'2010-11-03 12:46:10',95243,'2010-11-03 12:46:10',1,0,'0000-00-00 00:00:00',0),(7958,1,0,'2010-11-03 12:45:10',16706,'2010-11-03 12:50:01',194715,'2010-11-03 12:50:01',0,7,'0000-00-00 00:00:00',0),(7959,1,5,'2010-11-03 12:45:10',16778,'2010-11-03 12:45:20',26943,'2010-11-03 12:45:20',1,0,'0000-00-00 00:00:00',0),(7961,1,8,'2010-11-03 12:45:10',17063,'2010-11-03 12:45:20',27560,'2010-11-03 12:45:20',1,0,'0000-00-00 00:00:00',0),(7963,1,5,'2010-11-03 12:45:20',27549,'2010-11-03 12:45:30',45231,'2010-11-03 12:45:30',1,0,'0000-00-00 00:00:00',0),(7965,1,8,'2010-11-03 12:45:20',34925,'2010-11-03 12:45:30',45290,'2010-11-03 12:45:30',1,0,'0000-00-00 00:00:00',0),(7967,1,5,'2010-11-03 12:45:30',45280,'2010-11-03 12:45:40',61631,'2010-11-03 12:45:40',1,0,'0000-00-00 00:00:00',0),(7969,1,8,'2010-11-03 12:45:30',45811,'2010-11-03 12:45:40',61697,'2010-11-03 12:45:40',1,0,'0000-00-00 00:00:00',0),(7971,1,5,'2010-11-03 12:45:40',61688,'2010-11-03 12:45:50',72204,'2010-11-03 12:45:50',1,0,'0000-00-00 00:00:00',0),(7973,1,8,'2010-11-03 12:45:40',62156,'2010-11-03 12:45:50',72745,'2010-11-03 12:45:50',1,0,'0000-00-00 00:00:00',0),(7975,1,5,'2010-11-03 12:45:50',72734,'2010-11-03 12:46:00',83789,'2010-11-03 12:46:00',1,0,'0000-00-00 00:00:00',0),(7977,1,8,'2010-11-03 12:45:50',73500,'2010-11-03 12:46:00',84343,'2010-11-03 12:46:00',1,0,'0000-00-00 00:00:00',0),(7979,1,5,'2010-11-03 12:46:00',84333,'2010-11-03 12:46:10',95259,'2010-11-03 12:46:10',1,0,'0000-00-00 00:00:00',0),(7981,1,8,'2010-11-03 12:46:00',85139,'2010-11-03 12:46:10',95295,'2010-11-03 12:46:10',1,0,'0000-00-00 00:00:00',0),(7983,1,6,'2010-11-03 12:46:10',95233,'2010-11-03 12:47:10',193379,'2010-11-03 12:47:10',1,0,'0000-00-00 00:00:00',0),(7985,1,10,'2010-11-03 12:46:10',95251,'2010-11-03 12:47:10',193890,'2010-11-03 12:47:10',1,0,'0000-00-00 00:00:00',0),(7987,1,5,'2010-11-03 12:46:10',95286,'2010-11-03 12:46:20',113862,'2010-11-03 12:46:20',1,0,'0000-00-00 00:00:00',0),(7989,1,8,'2010-11-03 12:46:10',102899,'2010-11-03 12:46:20',113979,'2010-11-03 12:46:20',1,0,'0000-00-00 00:00:00',0),(7991,1,5,'2010-11-03 12:46:20',113969,'2010-11-03 12:46:30',134757,'2010-11-03 12:46:30',1,0,'0000-00-00 00:00:00',0),(7993,1,8,'2010-11-03 12:46:20',114403,'2010-11-03 12:46:30',143462,'2010-11-03 12:46:30',1,0,'0000-00-00 00:00:00',0),(7997,1,12,'2010-11-03 12:46:30',142985,'2010-11-03 12:51:30',78900,'2010-11-03 12:51:30',0,1,'0000-00-00 00:00:00',0),(7998,1,0,'2010-11-03 12:46:30',143149,'2010-11-03 12:51:27',66345,'2010-11-03 12:51:27',0,8,'0000-00-00 00:00:00',0),(7999,1,5,'2010-11-03 12:46:30',143452,'2010-11-03 12:46:40',159005,'2010-11-03 12:46:40',1,0,'0000-00-00 00:00:00',0),(8001,1,8,'2010-11-03 12:46:30',144379,'2010-11-03 12:46:40',159570,'2010-11-03 12:46:40',1,0,'0000-00-00 00:00:00',0),(8003,1,5,'2010-11-03 12:46:40',159560,'2010-11-03 12:46:50',171298,'2010-11-03 12:46:50',1,0,'0000-00-00 00:00:00',0),(8005,1,8,'2010-11-03 12:46:40',160326,'2010-11-03 12:46:50',171830,'2010-11-03 12:46:50',1,0,'0000-00-00 00:00:00',0),(8007,1,5,'2010-11-03 12:46:50',171820,'2010-11-03 12:47:00',182447,'2010-11-03 12:47:00',1,0,'0000-00-00 00:00:00',0),(8009,1,8,'2010-11-03 12:46:50',172550,'2010-11-03 12:47:00',182975,'2010-11-03 12:47:00',1,0,'0000-00-00 00:00:00',0),(8011,1,5,'2010-11-03 12:47:00',182965,'2010-11-03 12:47:10',193905,'2010-11-03 12:47:10',1,0,'0000-00-00 00:00:00',0),(8013,1,8,'2010-11-03 12:47:00',183854,'2010-11-03 12:47:10',193942,'2010-11-03 12:47:10',1,0,'0000-00-00 00:00:00',0),(8015,1,6,'2010-11-03 12:47:10',193880,'2010-11-03 12:48:10',35861,'2010-11-03 12:48:10',1,0,'0000-00-00 00:00:00',0),(8017,1,10,'2010-11-03 12:47:10',193897,'2010-11-03 12:48:10',36421,'2010-11-03 12:48:10',1,0,'0000-00-00 00:00:00',0),(8019,1,5,'2010-11-03 12:47:10',193933,'2010-11-03 12:47:20',203738,'2010-11-03 12:47:20',1,0,'0000-00-00 00:00:00',0),(8021,1,8,'2010-11-03 12:47:10',194777,'2010-11-03 12:47:20',203798,'2010-11-03 12:47:20',1,0,'0000-00-00 00:00:00',0),(8023,1,5,'2010-11-03 12:47:20',203788,'2010-11-03 12:47:30',220984,'2010-11-03 12:47:30',1,0,'0000-00-00 00:00:00',0),(8025,1,8,'2010-11-03 12:47:20',204375,'2010-11-03 12:47:30',221738,'2010-11-03 12:47:30',1,0,'0000-00-00 00:00:00',0),(8028,1,5,'2010-11-03 12:47:30',221725,'2010-11-03 12:47:40',238911,'2010-11-03 12:47:40',1,0,'0000-00-00 00:00:00',0),(8030,1,8,'2010-11-03 12:47:30',223375,'2010-11-03 12:47:40',247395,'2010-11-03 12:47:40',1,0,'0000-00-00 00:00:00',0),(8033,1,0,'2010-11-03 12:47:40',246968,'2010-11-03 12:52:27',151753,'2010-11-03 12:52:27',0,3,'0000-00-00 00:00:00',0),(8034,1,0,'2010-11-03 12:47:40',247122,'2010-11-03 12:52:31',162149,'2010-11-03 12:52:31',0,9,'0000-00-00 00:00:00',0),(8035,1,5,'2010-11-03 12:47:40',247384,'2010-11-03 12:47:50',10625,'2010-11-03 12:47:50',1,0,'0000-00-00 00:00:00',0),(8037,1,8,'2010-11-03 12:47:40',248331,'2010-11-03 12:47:50',11288,'2010-11-03 12:47:50',1,0,'0000-00-00 00:00:00',0),(8039,1,5,'2010-11-03 12:47:50',11165,'2010-11-03 12:48:00',25903,'2010-11-03 12:48:00',1,0,'0000-00-00 00:00:00',0),(8041,1,8,'2010-11-03 12:47:50',11899,'2010-11-03 12:48:00',26238,'2010-11-03 12:48:00',1,0,'0000-00-00 00:00:00',0),(8044,1,0,'2010-11-03 12:48:00',26142,'2010-11-03 12:52:52',189847,'2010-11-03 12:52:52',0,10,'0000-00-00 00:00:00',0),(8045,1,5,'2010-11-03 12:48:00',26227,'2010-11-03 12:48:10',36436,'2010-11-03 12:48:10',1,0,'0000-00-00 00:00:00',0),(8047,1,8,'2010-11-03 12:48:00',26646,'2010-11-03 12:48:10',36482,'2010-11-03 12:48:10',1,0,'0000-00-00 00:00:00',0),(8049,1,6,'2010-11-03 12:48:10',36410,'2010-11-03 12:49:10',137965,'2010-11-03 12:49:10',1,0,'0000-00-00 00:00:00',0),(8051,1,10,'2010-11-03 12:48:10',36428,'2010-11-03 12:49:10',138518,'2010-11-03 12:49:10',1,0,'0000-00-00 00:00:00',0),(8053,1,5,'2010-11-03 12:48:10',36472,'2010-11-03 12:48:20',52763,'2010-11-03 12:48:20',1,0,'0000-00-00 00:00:00',0),(8055,1,8,'2010-11-03 12:48:10',36976,'2010-11-03 12:48:20',57752,'2010-11-03 12:48:20',1,0,'0000-00-00 00:00:00',0),(8058,1,0,'2010-11-03 12:48:20',53873,'2010-11-03 12:53:14',219901,'2010-11-03 12:53:14',0,6,'0000-00-00 00:00:00',0),(8059,1,5,'2010-11-03 12:48:20',57740,'2010-11-03 12:48:30',68016,'2010-11-03 12:48:30',1,0,'0000-00-00 00:00:00',0),(8061,1,8,'2010-11-03 12:48:20',58044,'2010-11-03 12:48:30',68841,'2010-11-03 12:48:30',1,0,'0000-00-00 00:00:00',0),(8063,1,5,'2010-11-03 12:48:30',68829,'2010-11-03 12:48:40',83558,'2010-11-03 12:48:40',1,0,'0000-00-00 00:00:00',0),(8065,1,8,'2010-11-03 12:48:30',69189,'2010-11-03 12:48:40',85127,'2010-11-03 12:48:40',1,0,'0000-00-00 00:00:00',0),(8068,1,0,'2010-11-03 12:48:40',84682,'2010-11-03 12:53:35',249875,'2010-11-03 12:53:35',0,5,'0000-00-00 00:00:00',0),(8069,1,5,'2010-11-03 12:48:40',85115,'2010-11-03 12:48:50',96030,'2010-11-03 12:48:50',1,0,'0000-00-00 00:00:00',0),(8071,1,8,'2010-11-03 12:48:40',86416,'2010-11-03 12:48:50',96126,'2010-11-03 12:48:50',1,0,'0000-00-00 00:00:00',0),(8073,1,5,'2010-11-03 12:48:50',96116,'2010-11-03 12:49:00',118829,'2010-11-03 12:49:00',1,0,'0000-00-00 00:00:00',0),(8075,1,8,'2010-11-03 12:48:50',96591,'2010-11-03 12:49:00',126905,'2010-11-03 12:49:00',1,0,'0000-00-00 00:00:00',0),(8078,1,12,'2010-11-03 12:49:00',126842,'2010-11-03 12:54:00',37723,'2010-11-03 12:54:00',0,2,'0000-00-00 00:00:00',0),(8079,1,5,'2010-11-03 12:49:00',126895,'2010-11-03 12:49:10',138533,'2010-11-03 12:49:10',1,0,'0000-00-00 00:00:00',0),(8081,1,8,'2010-11-03 12:49:00',127664,'2010-11-03 12:49:10',138575,'2010-11-03 12:49:10',1,0,'0000-00-00 00:00:00',0),(8083,1,6,'2010-11-03 12:49:10',138508,'2010-11-03 12:50:10',210246,'2010-11-03 12:50:10',1,0,'0000-00-00 00:00:00',0),(8085,1,10,'2010-11-03 12:49:10',138525,'2010-11-03 12:50:10',210888,'2010-11-03 12:50:10',1,0,'0000-00-00 00:00:00',0),(8087,1,5,'2010-11-03 12:49:10',138565,'2010-11-03 12:49:20',149653,'2010-11-03 12:49:20',1,0,'0000-00-00 00:00:00',0),(8089,1,8,'2010-11-03 12:49:10',139573,'2010-11-03 12:49:20',150186,'2010-11-03 12:49:20',1,0,'0000-00-00 00:00:00',0),(8091,1,5,'2010-11-03 12:49:20',150175,'2010-11-03 12:49:30',160251,'2010-11-03 12:49:30',1,0,'0000-00-00 00:00:00',0),(8093,1,8,'2010-11-03 12:49:20',151022,'2010-11-03 12:49:30',160772,'2010-11-03 12:49:30',1,0,'0000-00-00 00:00:00',0),(8095,1,5,'2010-11-03 12:49:30',160762,'2010-11-03 12:49:40',171087,'2010-11-03 12:49:40',1,0,'0000-00-00 00:00:00',0),(8097,1,8,'2010-11-03 12:49:30',161566,'2010-11-03 12:49:40',171600,'2010-11-03 12:49:40',1,0,'0000-00-00 00:00:00',0),(8099,1,5,'2010-11-03 12:49:40',171590,'2010-11-03 12:49:50',182827,'2010-11-03 12:49:50',1,0,'0000-00-00 00:00:00',0),(8101,1,8,'2010-11-03 12:49:40',172553,'2010-11-03 12:49:50',183404,'2010-11-03 12:49:50',1,0,'0000-00-00 00:00:00',0),(8103,1,5,'2010-11-03 12:49:50',183393,'2010-11-03 12:50:00',193301,'2010-11-03 12:50:00',1,0,'0000-00-00 00:00:00',0),(8105,1,8,'2010-11-03 12:49:50',184153,'2010-11-03 12:50:00',193370,'2010-11-03 12:50:00',1,0,'0000-00-00 00:00:00',0),(8107,1,5,'2010-11-03 12:50:00',193359,'2010-11-03 12:50:10',210903,'2010-11-03 12:50:10',1,0,'0000-00-00 00:00:00',0),(8109,1,8,'2010-11-03 12:50:00',193943,'2010-11-03 12:50:10',211884,'2010-11-03 12:50:10',1,0,'0000-00-00 00:00:00',0),(8112,1,6,'2010-11-03 12:50:10',210876,'2010-11-03 12:51:10',43114,'2010-11-03 12:51:10',1,0,'0000-00-00 00:00:00',0),(8114,1,10,'2010-11-03 12:50:10',210895,'2010-11-03 12:51:10',43148,'2010-11-03 12:51:10',1,0,'0000-00-00 00:00:00',0),(8116,1,0,'2010-11-03 12:50:10',211612,'2010-11-03 12:55:01',111655,'2010-11-03 12:55:01',0,7,'0000-00-00 00:00:00',0),(8117,1,5,'2010-11-03 12:50:10',211872,'2010-11-03 12:50:20',225638,'2010-11-03 12:50:20',1,0,'0000-00-00 00:00:00',0),(8119,1,8,'2010-11-03 12:50:10',213905,'2010-11-03 12:50:20',226208,'2010-11-03 12:50:20',1,0,'0000-00-00 00:00:00',0),(8121,1,5,'2010-11-03 12:50:20',226197,'2010-11-03 12:50:30',236727,'2010-11-03 12:50:30',1,0,'0000-00-00 00:00:00',0),(8123,1,8,'2010-11-03 12:50:20',226733,'2010-11-03 12:50:30',237251,'2010-11-03 12:50:30',1,0,'0000-00-00 00:00:00',0),(8125,1,5,'2010-11-03 12:50:30',237241,'2010-11-03 12:50:40',2707,'2010-11-03 12:50:40',1,0,'0000-00-00 00:00:00',0),(8127,1,8,'2010-11-03 12:50:30',242531,'2010-11-03 12:50:40',3282,'2010-11-03 12:50:40',1,0,'0000-00-00 00:00:00',0),(8129,1,5,'2010-11-03 12:50:40',3271,'2010-11-03 12:50:50',17630,'2010-11-03 12:50:50',1,0,'0000-00-00 00:00:00',0),(8131,1,8,'2010-11-03 12:50:40',4619,'2010-11-03 12:50:50',18187,'2010-11-03 12:50:50',1,0,'0000-00-00 00:00:00',0),(8133,1,5,'2010-11-03 12:50:50',18176,'2010-11-03 12:51:00',30726,'2010-11-03 12:51:00',1,0,'0000-00-00 00:00:00',0),(8135,1,8,'2010-11-03 12:50:50',19356,'2010-11-03 12:51:00',31274,'2010-11-03 12:51:00',1,0,'0000-00-00 00:00:00',0),(8137,1,5,'2010-11-03 12:51:00',31248,'2010-11-03 12:51:10',43163,'2010-11-03 12:51:10',1,0,'0000-00-00 00:00:00',0),(8139,1,8,'2010-11-03 12:51:00',32859,'2010-11-03 12:51:10',43204,'2010-11-03 12:51:10',1,0,'0000-00-00 00:00:00',0),(8141,1,6,'2010-11-03 12:51:10',43140,'2010-11-03 12:52:10',131473,'2010-11-03 12:52:10',1,0,'0000-00-00 00:00:00',0),(8143,1,10,'2010-11-03 12:51:10',43155,'2010-11-03 12:52:10',132000,'2010-11-03 12:52:10',1,0,'0000-00-00 00:00:00',0),(8145,1,5,'2010-11-03 12:51:10',43195,'2010-11-03 12:51:20',58867,'2010-11-03 12:51:20',1,0,'0000-00-00 00:00:00',0),(8147,1,8,'2010-11-03 12:51:10',43633,'2010-11-03 12:51:20',59505,'2010-11-03 12:51:20',1,0,'0000-00-00 00:00:00',0),(8149,1,5,'2010-11-03 12:51:20',59494,'2010-11-03 12:51:30',76768,'2010-11-03 12:51:30',1,0,'0000-00-00 00:00:00',0),(8151,1,8,'2010-11-03 12:51:20',59817,'2010-11-03 12:51:30',78192,'2010-11-03 12:51:30',1,0,'0000-00-00 00:00:00',0),(8154,1,0,'2010-11-03 12:51:30',77901,'2010-11-03 12:56:27',216784,'2010-11-03 12:56:27',0,8,'0000-00-00 00:00:00',0),(8155,1,5,'2010-11-03 12:51:30',78181,'2010-11-03 12:51:40',95079,'2010-11-03 12:51:40',1,0,'0000-00-00 00:00:00',0),(8157,1,8,'2010-11-03 12:51:30',78889,'2010-11-03 12:51:40',96254,'2010-11-03 12:51:40',1,0,'0000-00-00 00:00:00',0),(8160,1,12,'2010-11-03 12:51:40',96193,'2010-11-03 12:56:40',236931,'2010-11-03 12:56:40',0,1,'0000-00-00 00:00:00',0),(8161,1,5,'2010-11-03 12:51:40',96245,'2010-11-03 12:51:50',107751,'2010-11-03 12:51:50',1,0,'0000-00-00 00:00:00',0),(8163,1,8,'2010-11-03 12:51:40',97454,'2010-11-03 12:51:50',108322,'2010-11-03 12:51:50',1,0,'0000-00-00 00:00:00',0),(8165,1,5,'2010-11-03 12:51:50',108311,'2010-11-03 12:52:00',120580,'2010-11-03 12:52:00',1,0,'0000-00-00 00:00:00',0),(8167,1,8,'2010-11-03 12:51:50',109227,'2010-11-03 12:52:00',121109,'2010-11-03 12:52:00',1,0,'0000-00-00 00:00:00',0),(8169,1,5,'2010-11-03 12:52:00',121099,'2010-11-03 12:52:10',132015,'2010-11-03 12:52:10',1,0,'0000-00-00 00:00:00',0),(8171,1,8,'2010-11-03 12:52:00',121877,'2010-11-03 12:52:10',132054,'2010-11-03 12:52:10',1,0,'0000-00-00 00:00:00',0),(8173,1,6,'2010-11-03 12:52:10',131990,'2010-11-03 12:53:10',214502,'2010-11-03 12:53:10',1,0,'0000-00-00 00:00:00',0),(8175,1,10,'2010-11-03 12:52:10',132007,'2010-11-03 12:53:10',215017,'2010-11-03 12:53:10',1,0,'0000-00-00 00:00:00',0),(8177,1,5,'2010-11-03 12:52:10',132044,'2010-11-03 12:52:20',143426,'2010-11-03 12:52:20',1,0,'0000-00-00 00:00:00',0),(8179,1,8,'2010-11-03 12:52:10',132645,'2010-11-03 12:52:20',143936,'2010-11-03 12:52:20',1,0,'0000-00-00 00:00:00',0),(8181,1,5,'2010-11-03 12:52:20',143926,'2010-11-03 12:52:30',159503,'2010-11-03 12:52:30',1,0,'0000-00-00 00:00:00',0),(8183,1,8,'2010-11-03 12:52:20',144685,'2010-11-03 12:52:30',160264,'2010-11-03 12:52:30',1,0,'0000-00-00 00:00:00',0),(8186,1,5,'2010-11-03 12:52:30',160252,'2010-11-03 12:52:40',178403,'2010-11-03 12:52:40',1,0,'0000-00-00 00:00:00',0),(8188,1,8,'2010-11-03 12:52:30',161273,'2010-11-03 12:52:40',178870,'2010-11-03 12:52:40',1,0,'0000-00-00 00:00:00',0),(8191,1,0,'2010-11-03 12:52:40',178740,'2010-11-03 12:57:27',42872,'2010-11-03 12:57:27',0,3,'0000-00-00 00:00:00',0),(8192,1,0,'2010-11-03 12:52:40',178814,'2010-11-03 12:57:31',52049,'2010-11-03 12:57:31',0,9,'0000-00-00 00:00:00',0),(8193,1,5,'2010-11-03 12:52:40',178861,'2010-11-03 12:52:50',187591,'2010-11-03 12:52:50',1,0,'0000-00-00 00:00:00',0),(8195,1,8,'2010-11-03 12:52:40',179252,'2010-11-03 12:52:50',187669,'2010-11-03 12:52:50',1,0,'0000-00-00 00:00:00',0),(8197,1,5,'2010-11-03 12:52:50',187659,'2010-11-03 12:53:00',202106,'2010-11-03 12:53:00',1,0,'0000-00-00 00:00:00',0),(8199,1,8,'2010-11-03 12:52:50',188098,'2010-11-03 12:53:00',203584,'2010-11-03 12:53:00',1,0,'0000-00-00 00:00:00',0),(8202,1,0,'2010-11-03 12:53:00',203287,'2010-11-03 12:57:52',82166,'2010-11-03 12:57:52',0,10,'0000-00-00 00:00:00',0),(8203,1,5,'2010-11-03 12:53:00',203573,'2010-11-03 12:53:10',215032,'2010-11-03 12:53:10',1,0,'0000-00-00 00:00:00',0),(8205,1,8,'2010-11-03 12:53:00',204767,'2010-11-03 12:53:10',215180,'2010-11-03 12:53:10',1,0,'0000-00-00 00:00:00',0),(8207,1,6,'2010-11-03 12:53:10',214996,'2010-11-03 12:54:10',51953,'2010-11-03 12:54:10',1,0,'0000-00-00 00:00:00',0),(8209,1,10,'2010-11-03 12:53:10',215024,'2010-11-03 12:54:10',52538,'2010-11-03 12:54:10',1,0,'0000-00-00 00:00:00',0),(8211,1,5,'2010-11-03 12:53:10',215169,'2010-11-03 12:53:20',230106,'2010-11-03 12:53:20',1,0,'0000-00-00 00:00:00',0),(8213,1,8,'2010-11-03 12:53:10',215872,'2010-11-03 12:53:20',231576,'2010-11-03 12:53:20',1,0,'0000-00-00 00:00:00',0),(8216,1,0,'2010-11-03 12:53:20',231295,'2010-11-03 12:58:14',113824,'2010-11-03 12:58:14',0,6,'0000-00-00 00:00:00',0),(8217,1,5,'2010-11-03 12:53:20',231565,'2010-11-03 12:53:30',243656,'2010-11-03 12:53:30',1,0,'0000-00-00 00:00:00',0),(8219,1,8,'2010-11-03 12:53:20',232866,'2010-11-03 12:53:30',244197,'2010-11-03 12:53:30',1,0,'0000-00-00 00:00:00',0),(8221,1,5,'2010-11-03 12:53:30',244186,'2010-11-03 12:53:40',11117,'2010-11-03 12:53:40',1,0,'0000-00-00 00:00:00',0),(8223,1,8,'2010-11-03 12:53:30',245264,'2010-11-03 12:53:40',12775,'2010-11-03 12:53:40',1,0,'0000-00-00 00:00:00',0),(8226,1,0,'2010-11-03 12:53:40',12230,'2010-11-03 12:58:35',143533,'2010-11-03 12:58:35',0,5,'0000-00-00 00:00:00',0),(8227,1,5,'2010-11-03 12:53:40',12763,'2010-11-03 12:53:50',24494,'2010-11-03 12:53:50',1,0,'0000-00-00 00:00:00',0),(8229,1,8,'2010-11-03 12:53:40',13864,'2010-11-03 12:53:50',25159,'2010-11-03 12:53:50',1,0,'0000-00-00 00:00:00',0),(8231,1,5,'2010-11-03 12:53:50',25148,'2010-11-03 12:54:00',36346,'2010-11-03 12:54:00',1,0,'0000-00-00 00:00:00',0),(8233,1,8,'2010-11-03 12:53:50',25913,'2010-11-03 12:54:00',36863,'2010-11-03 12:54:00',1,0,'0000-00-00 00:00:00',0),(8235,1,5,'2010-11-03 12:54:00',36851,'2010-11-03 12:54:10',52554,'2010-11-03 12:54:10',1,0,'0000-00-00 00:00:00',0),(8237,1,8,'2010-11-03 12:54:00',37713,'2010-11-03 12:54:10',52976,'2010-11-03 12:54:10',1,0,'0000-00-00 00:00:00',0),(8240,1,6,'2010-11-03 12:54:10',52526,'2010-11-03 12:55:10',125824,'2010-11-03 12:55:10',1,0,'0000-00-00 00:00:00',0),(8242,1,10,'2010-11-03 12:54:10',52545,'2010-11-03 12:55:10',126343,'2010-11-03 12:55:10',1,0,'0000-00-00 00:00:00',0),(8244,1,12,'2010-11-03 12:54:10',52915,'2010-11-03 12:59:10',219497,'2010-11-03 12:59:10',0,2,'0000-00-00 00:00:00',0),(8245,1,5,'2010-11-03 12:54:10',52966,'2010-11-03 12:54:20',64140,'2010-11-03 12:54:20',1,0,'0000-00-00 00:00:00',0),(8247,1,8,'2010-11-03 12:54:10',53854,'2010-11-03 12:54:20',64682,'2010-11-03 12:54:20',1,0,'0000-00-00 00:00:00',0),(8249,1,5,'2010-11-03 12:54:20',64672,'2010-11-03 12:54:30',75901,'2010-11-03 12:54:30',1,0,'0000-00-00 00:00:00',0),(8251,1,8,'2010-11-03 12:54:20',65435,'2010-11-03 12:54:30',76436,'2010-11-03 12:54:30',1,0,'0000-00-00 00:00:00',0),(8253,1,5,'2010-11-03 12:54:30',76426,'2010-11-03 12:54:40',86848,'2010-11-03 12:54:40',1,0,'0000-00-00 00:00:00',0),(8255,1,8,'2010-11-03 12:54:30',77251,'2010-11-03 12:54:40',87382,'2010-11-03 12:54:40',1,0,'0000-00-00 00:00:00',0),(8257,1,5,'2010-11-03 12:54:40',87371,'2010-11-03 12:54:50',97870,'2010-11-03 12:54:50',1,0,'0000-00-00 00:00:00',0),(8259,1,8,'2010-11-03 12:54:40',87703,'2010-11-03 12:54:50',98422,'2010-11-03 12:54:50',1,0,'0000-00-00 00:00:00',0),(8261,1,5,'2010-11-03 12:54:50',98412,'2010-11-03 12:55:00',109445,'2010-11-03 12:55:00',1,0,'0000-00-00 00:00:00',0),(8263,1,8,'2010-11-03 12:54:50',99192,'2010-11-03 12:55:00',109976,'2010-11-03 12:55:00',1,0,'0000-00-00 00:00:00',0),(8265,1,5,'2010-11-03 12:55:00',109966,'2010-11-03 12:55:10',126358,'2010-11-03 12:55:10',1,0,'0000-00-00 00:00:00',0),(8267,1,8,'2010-11-03 12:55:00',110752,'2010-11-03 12:55:10',127107,'2010-11-03 12:55:10',1,0,'0000-00-00 00:00:00',0),(8270,1,6,'2010-11-03 12:55:10',126332,'2010-11-03 12:56:10',197257,'2010-11-03 12:56:10',1,0,'0000-00-00 00:00:00',0),(8272,1,10,'2010-11-03 12:55:10',126350,'2010-11-03 12:56:10',197772,'2010-11-03 12:56:10',1,0,'0000-00-00 00:00:00',0),(8274,1,0,'2010-11-03 12:55:10',126929,'2010-11-03 13:00:01',36523,'2010-11-03 13:00:01',0,7,'0000-00-00 00:00:00',0),(8275,1,5,'2010-11-03 12:55:10',127096,'2010-11-03 12:55:20',137826,'2010-11-03 12:55:20',1,0,'0000-00-00 00:00:00',0),(8277,1,8,'2010-11-03 12:55:10',127652,'2010-11-03 12:55:20',138373,'2010-11-03 12:55:20',1,0,'0000-00-00 00:00:00',0),(8279,1,5,'2010-11-03 12:55:20',138363,'2010-11-03 12:55:30',149083,'2010-11-03 12:55:30',1,0,'0000-00-00 00:00:00',0),(8281,1,8,'2010-11-03 12:55:20',139176,'2010-11-03 12:55:30',149645,'2010-11-03 12:55:30',1,0,'0000-00-00 00:00:00',0),(8283,1,5,'2010-11-03 12:55:30',149634,'2010-11-03 12:55:40',160108,'2010-11-03 12:55:40',1,0,'0000-00-00 00:00:00',0),(8285,1,8,'2010-11-03 12:55:30',150466,'2010-11-03 12:55:40',160806,'2010-11-03 12:55:40',1,0,'0000-00-00 00:00:00',0),(8287,1,5,'2010-11-03 12:55:40',160795,'2010-11-03 12:55:50',176368,'2010-11-03 12:55:50',1,0,'0000-00-00 00:00:00',0),(8289,1,8,'2010-11-03 12:55:40',167048,'2010-11-03 12:55:50',176444,'2010-11-03 12:55:50',1,0,'0000-00-00 00:00:00',0),(8291,1,5,'2010-11-03 12:55:50',176435,'2010-11-03 12:56:00',186338,'2010-11-03 12:56:00',1,0,'0000-00-00 00:00:00',0),(8293,1,8,'2010-11-03 12:55:50',176890,'2010-11-03 12:56:00',186406,'2010-11-03 12:56:00',1,0,'0000-00-00 00:00:00',0),(8295,1,5,'2010-11-03 12:56:00',186396,'2010-11-03 12:56:10',197787,'2010-11-03 12:56:10',1,0,'0000-00-00 00:00:00',0),(8297,1,8,'2010-11-03 12:56:00',186895,'2010-11-03 12:56:10',197824,'2010-11-03 12:56:10',1,0,'0000-00-00 00:00:00',0),(8299,1,6,'2010-11-03 12:56:10',197762,'2010-11-03 12:57:10',25491,'2010-11-03 12:57:10',1,0,'0000-00-00 00:00:00',0),(8301,1,10,'2010-11-03 12:56:10',197779,'2010-11-03 12:57:10',25524,'2010-11-03 12:57:10',1,0,'0000-00-00 00:00:00',0),(8303,1,5,'2010-11-03 12:56:10',197815,'2010-11-03 12:56:20',208985,'2010-11-03 12:56:20',1,0,'0000-00-00 00:00:00',0),(8305,1,8,'2010-11-03 12:56:10',198826,'2010-11-03 12:56:20',209495,'2010-11-03 12:56:20',1,0,'0000-00-00 00:00:00',0),(8307,1,5,'2010-11-03 12:56:20',209484,'2010-11-03 12:56:30',224737,'2010-11-03 12:56:30',1,0,'0000-00-00 00:00:00',0),(8309,1,8,'2010-11-03 12:56:20',210553,'2010-11-03 12:56:30',225052,'2010-11-03 12:56:30',1,0,'0000-00-00 00:00:00',0),(8312,1,0,'2010-11-03 12:56:30',224963,'2010-11-03 13:01:27',139535,'2010-11-03 13:01:27',0,8,'0000-00-00 00:00:00',0),(8313,1,5,'2010-11-03 12:56:30',225042,'2010-11-03 12:56:40',235438,'2010-11-03 12:56:40',1,0,'0000-00-00 00:00:00',0),(8315,1,8,'2010-11-03 12:56:30',225428,'2010-11-03 12:56:40',235971,'2010-11-03 12:56:40',1,0,'0000-00-00 00:00:00',0),(8317,1,5,'2010-11-03 12:56:40',235961,'2010-11-03 12:56:50',2598,'2010-11-03 12:56:50',1,0,'0000-00-00 00:00:00',0),(8319,1,8,'2010-11-03 12:56:40',236920,'2010-11-03 12:56:50',3706,'2010-11-03 12:56:50',1,0,'0000-00-00 00:00:00',0),(8322,1,12,'2010-11-03 12:56:50',3644,'2010-11-03 13:01:50',175974,'2010-11-03 13:01:50',0,1,'0000-00-00 00:00:00',0),(8323,1,5,'2010-11-03 12:56:50',3696,'2010-11-03 12:57:00',14746,'2010-11-03 12:57:00',1,0,'0000-00-00 00:00:00',0),(8325,1,8,'2010-11-03 12:56:50',3968,'2010-11-03 12:57:00',15252,'2010-11-03 12:57:00',1,0,'0000-00-00 00:00:00',0),(8327,1,5,'2010-11-03 12:57:00',15242,'2010-11-03 12:57:10',25540,'2010-11-03 12:57:10',1,0,'0000-00-00 00:00:00',0),(8329,1,8,'2010-11-03 12:57:00',15738,'2010-11-03 12:57:10',25581,'2010-11-03 12:57:10',1,0,'0000-00-00 00:00:00',0),(8331,1,6,'2010-11-03 12:57:10',25516,'2010-11-03 12:58:10',108345,'2010-11-03 12:58:10',1,0,'0000-00-00 00:00:00',0),(8333,1,10,'2010-11-03 12:57:10',25532,'2010-11-03 12:58:10',108842,'2010-11-03 12:58:10',1,0,'0000-00-00 00:00:00',0),(8335,1,5,'2010-11-03 12:57:10',25572,'2010-11-03 12:57:20',34658,'2010-11-03 12:57:20',1,0,'0000-00-00 00:00:00',0),(8337,1,8,'2010-11-03 12:57:10',26013,'2010-11-03 12:57:20',35204,'2010-11-03 12:57:20',1,0,'0000-00-00 00:00:00',0),(8339,1,5,'2010-11-03 12:57:20',35194,'2010-11-03 12:57:30',50472,'2010-11-03 12:57:30',1,0,'0000-00-00 00:00:00',0),(8341,1,8,'2010-11-03 12:57:20',35979,'2010-11-03 12:57:30',50585,'2010-11-03 12:57:30',1,0,'0000-00-00 00:00:00',0),(8344,1,5,'2010-11-03 12:57:30',50574,'2010-11-03 12:57:40',69376,'2010-11-03 12:57:40',1,0,'0000-00-00 00:00:00',0),(8346,1,8,'2010-11-03 12:57:30',51165,'2010-11-03 12:57:40',69840,'2010-11-03 12:57:40',1,0,'0000-00-00 00:00:00',0),(8349,1,0,'2010-11-03 12:57:40',69692,'2010-11-03 13:02:27',219096,'2010-11-03 13:02:27',0,3,'0000-00-00 00:00:00',0),(8350,1,0,'2010-11-03 12:57:40',69775,'2010-11-03 13:02:31',228574,'2010-11-03 13:02:31',0,9,'0000-00-00 00:00:00',0),(8351,1,5,'2010-11-03 12:57:40',69830,'2010-11-03 12:57:50',79112,'2010-11-03 12:57:50',1,0,'0000-00-00 00:00:00',0),(8353,1,8,'2010-11-03 12:57:40',70219,'2010-11-03 12:57:50',79633,'2010-11-03 12:57:50',1,0,'0000-00-00 00:00:00',0),(8355,1,5,'2010-11-03 12:57:50',79623,'2010-11-03 12:58:00',95615,'2010-11-03 12:58:00',1,0,'0000-00-00 00:00:00',0),(8357,1,8,'2010-11-03 12:57:50',80434,'2010-11-03 12:58:00',97180,'2010-11-03 12:58:00',1,0,'0000-00-00 00:00:00',0),(8360,1,0,'2010-11-03 12:58:00',96709,'2010-11-03 13:02:52',11746,'2010-11-03 13:02:52',0,10,'0000-00-00 00:00:00',0),(8361,1,5,'2010-11-03 12:58:00',97169,'2010-11-03 12:58:10',108856,'2010-11-03 12:58:10',1,0,'0000-00-00 00:00:00',0),(8363,1,8,'2010-11-03 12:58:00',98802,'2010-11-03 12:58:10',108897,'2010-11-03 12:58:10',1,0,'0000-00-00 00:00:00',0),(8365,1,6,'2010-11-03 12:58:10',108832,'2010-11-03 12:59:10',210756,'2010-11-03 12:59:10',1,0,'0000-00-00 00:00:00',0),(8367,1,10,'2010-11-03 12:58:10',108849,'2010-11-03 12:59:10',211319,'2010-11-03 12:59:10',1,0,'0000-00-00 00:00:00',0),(8369,1,5,'2010-11-03 12:58:10',108888,'2010-11-03 12:58:20',125521,'2010-11-03 12:58:20',1,0,'0000-00-00 00:00:00',0),(8371,1,8,'2010-11-03 12:58:10',109641,'2010-11-03 12:58:20',126819,'2010-11-03 12:58:20',1,0,'0000-00-00 00:00:00',0),(8374,1,0,'2010-11-03 12:58:20',126630,'2010-11-03 13:03:14',40790,'2010-11-03 13:03:14',0,6,'0000-00-00 00:00:00',0),(8375,1,5,'2010-11-03 12:58:20',126808,'2010-11-03 12:58:30',136700,'2010-11-03 12:58:30',1,0,'0000-00-00 00:00:00',0),(8377,1,8,'2010-11-03 12:58:20',127380,'2010-11-03 12:58:30',137232,'2010-11-03 12:58:30',1,0,'0000-00-00 00:00:00',0),(8379,1,5,'2010-11-03 12:58:30',137222,'2010-11-03 12:58:40',153113,'2010-11-03 12:58:40',1,0,'0000-00-00 00:00:00',0),(8381,1,8,'2010-11-03 12:58:30',138058,'2010-11-03 12:58:40',158992,'2010-11-03 12:58:40',1,0,'0000-00-00 00:00:00',0),(8384,1,0,'2010-11-03 12:58:40',158804,'2010-11-03 13:03:35',66915,'2010-11-03 13:03:35',0,5,'0000-00-00 00:00:00',0),(8385,1,5,'2010-11-03 12:58:40',158981,'2010-11-03 12:58:50',170036,'2010-11-03 12:58:50',1,0,'0000-00-00 00:00:00',0),(8387,1,8,'2010-11-03 12:58:40',159592,'2010-11-03 12:58:50',170883,'2010-11-03 12:58:50',1,0,'0000-00-00 00:00:00',0),(8389,1,5,'2010-11-03 12:58:50',170872,'2010-11-03 12:59:00',198115,'2010-11-03 12:59:00',1,0,'0000-00-00 00:00:00',0),(8391,1,8,'2010-11-03 12:58:50',171283,'2010-11-03 12:59:00',198673,'2010-11-03 12:59:00',1,0,'0000-00-00 00:00:00',0),(8393,1,5,'2010-11-03 12:59:00',198663,'2010-11-03 12:59:10',211334,'2010-11-03 12:59:10',1,0,'0000-00-00 00:00:00',0),(8395,1,8,'2010-11-03 12:59:00',199619,'2010-11-03 12:59:10',211371,'2010-11-03 12:59:10',1,0,'0000-00-00 00:00:00',0),(8397,1,6,'2010-11-03 12:59:10',211308,'2010-11-03 13:00:10',52190,'2010-11-03 13:00:10',1,0,'0000-00-00 00:00:00',0),(8399,1,10,'2010-11-03 12:59:10',211326,'2010-11-03 13:00:10',52795,'2010-11-03 13:00:10',1,0,'0000-00-00 00:00:00',0),(8401,1,5,'2010-11-03 12:59:10',211362,'2010-11-03 12:59:20',236361,'2010-11-03 12:59:20',1,0,'0000-00-00 00:00:00',0),(8403,1,8,'2010-11-03 12:59:10',219482,'2010-11-03 12:59:20',237845,'2010-11-03 12:59:20',1,0,'0000-00-00 00:00:00',0),(8406,1,12,'2010-11-03 12:59:20',237614,'2010-11-03 13:04:20',124606,'2010-11-03 13:04:20',0,2,'0000-00-00 00:00:00',0),(8407,1,5,'2010-11-03 12:59:20',237835,'2010-11-03 12:59:30',249190,'2010-11-03 12:59:30',1,0,'0000-00-00 00:00:00',0),(8409,1,8,'2010-11-03 12:59:20',238832,'2010-11-03 12:59:30',249849,'2010-11-03 12:59:30',1,0,'0000-00-00 00:00:00',0),(8411,1,5,'2010-11-03 12:59:30',249837,'2010-11-03 12:59:40',10075,'2010-11-03 12:59:40',1,0,'0000-00-00 00:00:00',0),(8413,1,8,'2010-11-03 12:59:30',250579,'2010-11-03 12:59:40',10945,'2010-11-03 12:59:40',1,0,'0000-00-00 00:00:00',0),(8415,1,5,'2010-11-03 12:59:40',10934,'2010-11-03 12:59:50',22173,'2010-11-03 12:59:50',1,0,'0000-00-00 00:00:00',0),(8417,1,8,'2010-11-03 12:59:40',11696,'2010-11-03 12:59:50',22748,'2010-11-03 12:59:50',1,0,'0000-00-00 00:00:00',0),(8419,1,5,'2010-11-03 12:59:50',22737,'2010-11-03 13:00:00',34107,'2010-11-03 13:00:00',1,0,'0000-00-00 00:00:00',0),(8421,1,8,'2010-11-03 12:59:50',23092,'2010-11-03 13:00:00',34656,'2010-11-03 13:00:00',1,0,'0000-00-00 00:00:00',0),(8423,1,5,'2010-11-03 13:00:00',34646,'2010-11-03 13:00:10',52810,'2010-11-03 13:00:10',1,0,'0000-00-00 00:00:00',0),(8425,1,8,'2010-11-03 13:00:00',35695,'2010-11-03 13:00:10',54097,'2010-11-03 13:00:10',1,0,'0000-00-00 00:00:00',0),(8428,1,6,'2010-11-03 13:00:10',52783,'2010-11-03 13:01:10',118984,'2010-11-03 13:01:10',1,0,'0000-00-00 00:00:00',0),(8430,1,10,'2010-11-03 13:00:10',52802,'2010-11-03 13:01:10',119476,'2010-11-03 13:01:10',1,0,'0000-00-00 00:00:00',0),(8432,1,0,'2010-11-03 13:00:10',53844,'2010-11-03 13:05:01',188795,'2010-11-03 13:05:01',0,7,'0000-00-00 00:00:00',0),(8433,1,5,'2010-11-03 13:00:10',54085,'2010-11-03 13:00:20',68509,'2010-11-03 13:00:20',1,0,'0000-00-00 00:00:00',0),(8435,1,8,'2010-11-03 13:00:10',58566,'2010-11-03 13:00:20',69048,'2010-11-03 13:00:20',1,0,'0000-00-00 00:00:00',0),(8437,1,5,'2010-11-03 13:00:20',69038,'2010-11-03 13:00:30',80176,'2010-11-03 13:00:30',1,0,'0000-00-00 00:00:00',0),(8439,1,8,'2010-11-03 13:00:20',69917,'2010-11-03 13:00:30',80242,'2010-11-03 13:00:30',1,0,'0000-00-00 00:00:00',0),(8441,1,5,'2010-11-03 13:00:30',80232,'2010-11-03 13:00:40',88369,'2010-11-03 13:00:40',1,0,'0000-00-00 00:00:00',0),(8443,1,8,'2010-11-03 13:00:30',80673,'2010-11-03 13:00:40',88429,'2010-11-03 13:00:40',1,0,'0000-00-00 00:00:00',0),(8445,1,5,'2010-11-03 13:00:40',88419,'2010-11-03 13:00:50',97732,'2010-11-03 13:00:50',1,0,'0000-00-00 00:00:00',0),(8447,1,8,'2010-11-03 13:00:40',88959,'2010-11-03 13:00:50',97814,'2010-11-03 13:00:50',1,0,'0000-00-00 00:00:00',0),(8449,1,5,'2010-11-03 13:00:50',97805,'2010-11-03 13:01:00',108145,'2010-11-03 13:01:00',1,0,'0000-00-00 00:00:00',0),(8451,1,8,'2010-11-03 13:00:50',98253,'2010-11-03 13:01:00',108645,'2010-11-03 13:01:00',1,0,'0000-00-00 00:00:00',0),(8453,1,5,'2010-11-03 13:01:00',108634,'2010-11-03 13:01:10',119496,'2010-11-03 13:01:10',1,0,'0000-00-00 00:00:00',0),(8455,1,8,'2010-11-03 13:01:00',109395,'2010-11-03 13:01:10',119534,'2010-11-03 13:01:10',1,0,'0000-00-00 00:00:00',0),(8457,1,6,'2010-11-03 13:01:10',119466,'2010-11-03 13:02:10',199553,'2010-11-03 13:02:10',1,0,'0000-00-00 00:00:00',0),(8459,1,10,'2010-11-03 13:01:10',119483,'2010-11-03 13:02:10',199582,'2010-11-03 13:02:10',1,0,'0000-00-00 00:00:00',0),(8461,1,5,'2010-11-03 13:01:10',119525,'2010-11-03 13:01:20',131295,'2010-11-03 13:01:20',1,0,'0000-00-00 00:00:00',0),(8463,1,8,'2010-11-03 13:01:10',120286,'2010-11-03 13:01:20',131808,'2010-11-03 13:01:20',1,0,'0000-00-00 00:00:00',0),(8465,1,5,'2010-11-03 13:01:20',131797,'2010-11-03 13:01:30',147924,'2010-11-03 13:01:30',1,0,'0000-00-00 00:00:00',0),(8467,1,8,'2010-11-03 13:01:20',132657,'2010-11-03 13:01:30',155047,'2010-11-03 13:01:30',1,0,'0000-00-00 00:00:00',0),(8470,1,0,'2010-11-03 13:01:30',154878,'2010-11-03 13:06:27',47576,'2010-11-03 13:06:27',0,8,'0000-00-00 00:00:00',0),(8471,1,5,'2010-11-03 13:01:30',155035,'2010-11-03 13:01:40',165832,'2010-11-03 13:01:40',1,0,'0000-00-00 00:00:00',0),(8473,1,8,'2010-11-03 13:01:30',155660,'2010-11-03 13:01:40',165911,'2010-11-03 13:01:40',1,0,'0000-00-00 00:00:00',0),(8475,1,5,'2010-11-03 13:01:40',165901,'2010-11-03 13:01:50',174648,'2010-11-03 13:01:50',1,0,'0000-00-00 00:00:00',0),(8477,1,8,'2010-11-03 13:01:40',166401,'2010-11-03 13:01:50',175212,'2010-11-03 13:01:50',1,0,'0000-00-00 00:00:00',0),(8479,1,5,'2010-11-03 13:01:50',175201,'2010-11-03 13:02:00',190733,'2010-11-03 13:02:00',1,0,'0000-00-00 00:00:00',0),(8481,1,8,'2010-11-03 13:01:50',175963,'2010-11-03 13:02:00',191045,'2010-11-03 13:02:00',1,0,'0000-00-00 00:00:00',0),(8484,1,12,'2010-11-03 13:02:00',190984,'2010-11-03 13:07:00',90010,'2010-11-03 13:07:00',0,1,'0000-00-00 00:00:00',0),(8485,1,5,'2010-11-03 13:02:00',191036,'2010-11-03 13:02:10',199597,'2010-11-03 13:02:10',1,0,'0000-00-00 00:00:00',0),(8487,1,8,'2010-11-03 13:02:00',191407,'2010-11-03 13:02:10',199648,'2010-11-03 13:02:10',1,0,'0000-00-00 00:00:00',0),(8489,1,6,'2010-11-03 13:02:10',199573,'2010-11-03 13:03:10',35817,'2010-11-03 13:03:10',1,0,'0000-00-00 00:00:00',0),(8491,1,10,'2010-11-03 13:02:10',199589,'2010-11-03 13:03:10',36358,'2010-11-03 13:03:10',1,0,'0000-00-00 00:00:00',0),(8493,1,5,'2010-11-03 13:02:10',199638,'2010-11-03 13:02:20',210185,'2010-11-03 13:02:20',1,0,'0000-00-00 00:00:00',0),(8495,1,8,'2010-11-03 13:02:10',200055,'2010-11-03 13:02:20',210729,'2010-11-03 13:02:20',1,0,'0000-00-00 00:00:00',0),(8497,1,5,'2010-11-03 13:02:20',210719,'2010-11-03 13:02:30',227160,'2010-11-03 13:02:30',1,0,'0000-00-00 00:00:00',0),(8499,1,8,'2010-11-03 13:02:20',211516,'2010-11-03 13:02:30',227239,'2010-11-03 13:02:30',1,0,'0000-00-00 00:00:00',0),(8502,1,5,'2010-11-03 13:02:30',227229,'2010-11-03 13:02:40',244642,'2010-11-03 13:02:40',1,0,'0000-00-00 00:00:00',0),(8504,1,8,'2010-11-03 13:02:30',227665,'2010-11-03 13:02:40',246397,'2010-11-03 13:02:40',1,0,'0000-00-00 00:00:00',0),(8507,1,0,'2010-11-03 13:02:40',245914,'2010-11-03 13:07:27',125415,'2010-11-03 13:07:27',0,3,'0000-00-00 00:00:00',0),(8508,1,0,'2010-11-03 13:02:40',246338,'2010-11-03 13:07:31',137088,'2010-11-03 13:07:31',0,9,'0000-00-00 00:00:00',0),(8509,1,5,'2010-11-03 13:02:40',246387,'2010-11-03 13:02:50',8494,'2010-11-03 13:02:50',1,0,'0000-00-00 00:00:00',0),(8511,1,8,'2010-11-03 13:02:40',247710,'2010-11-03 13:02:50',8997,'2010-11-03 13:02:50',1,0,'0000-00-00 00:00:00',0),(8513,1,5,'2010-11-03 13:02:50',8987,'2010-11-03 13:03:00',24055,'2010-11-03 13:03:00',1,0,'0000-00-00 00:00:00',0),(8515,1,8,'2010-11-03 13:02:50',9803,'2010-11-03 13:03:00',25591,'2010-11-03 13:03:00',1,0,'0000-00-00 00:00:00',0),(8518,1,0,'2010-11-03 13:03:00',25144,'2010-11-03 13:07:52',171842,'2010-11-03 13:07:52',0,10,'0000-00-00 00:00:00',0),(8519,1,5,'2010-11-03 13:03:00',25579,'2010-11-03 13:03:10',36375,'2010-11-03 13:03:10',1,0,'0000-00-00 00:00:00',0),(8521,1,8,'2010-11-03 13:03:00',26696,'2010-11-03 13:03:10',36415,'2010-11-03 13:03:10',1,0,'0000-00-00 00:00:00',0),(8523,1,6,'2010-11-03 13:03:10',36337,'2010-11-03 13:04:10',110964,'2010-11-03 13:04:10',1,0,'0000-00-00 00:00:00',0),(8525,1,10,'2010-11-03 13:03:10',36366,'2010-11-03 13:04:10',111571,'2010-11-03 13:04:10',1,0,'0000-00-00 00:00:00',0),(8527,1,5,'2010-11-03 13:03:10',36406,'2010-11-03 13:03:20',51933,'2010-11-03 13:03:20',1,0,'0000-00-00 00:00:00',0),(8529,1,8,'2010-11-03 13:03:10',36893,'2010-11-03 13:03:20',52896,'2010-11-03 13:03:20',1,0,'0000-00-00 00:00:00',0),(8532,1,0,'2010-11-03 13:03:20',52744,'2010-11-03 13:08:14',201706,'2010-11-03 13:08:14',0,6,'0000-00-00 00:00:00',0),(8533,1,5,'2010-11-03 13:03:20',52884,'2010-11-03 13:03:30',62469,'2010-11-03 13:03:30',1,0,'0000-00-00 00:00:00',0),(8535,1,8,'2010-11-03 13:03:20',53593,'2010-11-03 13:03:30',62552,'2010-11-03 13:03:30',1,0,'0000-00-00 00:00:00',0),(8537,1,5,'2010-11-03 13:03:30',62542,'2010-11-03 13:03:40',79753,'2010-11-03 13:03:40',1,0,'0000-00-00 00:00:00',0),(8539,1,8,'2010-11-03 13:03:30',62988,'2010-11-03 13:03:40',80116,'2010-11-03 13:03:40',1,0,'0000-00-00 00:00:00',0),(8542,1,0,'2010-11-03 13:03:40',80024,'2010-11-03 13:08:35',229413,'2010-11-03 13:08:35',0,5,'0000-00-00 00:00:00',0),(8543,1,5,'2010-11-03 13:03:40',80106,'2010-11-03 13:03:50',88917,'2010-11-03 13:03:50',1,0,'0000-00-00 00:00:00',0),(8545,1,8,'2010-11-03 13:03:40',80570,'2010-11-03 13:03:50',88996,'2010-11-03 13:03:50',1,0,'0000-00-00 00:00:00',0),(8547,1,5,'2010-11-03 13:03:50',88986,'2010-11-03 13:04:00',99446,'2010-11-03 13:04:00',1,0,'0000-00-00 00:00:00',0),(8549,1,8,'2010-11-03 13:03:50',89580,'2010-11-03 13:04:00',99963,'2010-11-03 13:04:00',1,0,'0000-00-00 00:00:00',0),(8551,1,5,'2010-11-03 13:04:00',99953,'2010-11-03 13:04:10',111586,'2010-11-03 13:04:10',1,0,'0000-00-00 00:00:00',0),(8553,1,8,'2010-11-03 13:04:00',101216,'2010-11-03 13:04:10',111623,'2010-11-03 13:04:10',1,0,'0000-00-00 00:00:00',0),(8555,1,6,'2010-11-03 13:04:10',111561,'2010-11-03 13:05:10',204247,'2010-11-03 13:05:10',1,0,'0000-00-00 00:00:00',0),(8557,1,10,'2010-11-03 13:04:10',111578,'2010-11-03 13:05:10',204839,'2010-11-03 13:05:10',1,0,'0000-00-00 00:00:00',0),(8559,1,5,'2010-11-03 13:04:10',111614,'2010-11-03 13:04:20',123042,'2010-11-03 13:04:20',1,0,'0000-00-00 00:00:00',0),(8561,1,8,'2010-11-03 13:04:10',113177,'2010-11-03 13:04:20',123563,'2010-11-03 13:04:20',1,0,'0000-00-00 00:00:00',0),(8563,1,5,'2010-11-03 13:04:20',123553,'2010-11-03 13:04:30',139694,'2010-11-03 13:04:30',1,0,'0000-00-00 00:00:00',0),(8565,1,8,'2010-11-03 13:04:20',124595,'2010-11-03 13:04:30',146721,'2010-11-03 13:04:30',1,0,'0000-00-00 00:00:00',0),(8568,1,12,'2010-11-03 13:04:30',146658,'2010-11-03 13:09:30',79142,'2010-11-03 13:09:30',0,2,'0000-00-00 00:00:00',0),(8569,1,5,'2010-11-03 13:04:30',146712,'2010-11-03 13:04:40',156315,'2010-11-03 13:04:40',1,0,'0000-00-00 00:00:00',0),(8571,1,8,'2010-11-03 13:04:30',146986,'2010-11-03 13:04:40',156386,'2010-11-03 13:04:40',1,0,'0000-00-00 00:00:00',0),(8573,1,5,'2010-11-03 13:04:40',156376,'2010-11-03 13:04:50',167050,'2010-11-03 13:04:50',1,0,'0000-00-00 00:00:00',0),(8575,1,8,'2010-11-03 13:04:40',156955,'2010-11-03 13:04:50',167586,'2010-11-03 13:04:50',1,0,'0000-00-00 00:00:00',0),(8577,1,5,'2010-11-03 13:04:50',167575,'2010-11-03 13:05:00',179113,'2010-11-03 13:05:00',1,0,'0000-00-00 00:00:00',0),(8579,1,8,'2010-11-03 13:04:50',169211,'2010-11-03 13:05:00',179783,'2010-11-03 13:05:00',1,0,'0000-00-00 00:00:00',0),(8581,1,5,'2010-11-03 13:05:00',179772,'2010-11-03 13:05:10',204854,'2010-11-03 13:05:10',1,0,'0000-00-00 00:00:00',0),(8583,1,8,'2010-11-03 13:05:00',187609,'2010-11-03 13:05:10',206007,'2010-11-03 13:05:10',1,0,'0000-00-00 00:00:00',0),(8586,1,6,'2010-11-03 13:05:10',204827,'2010-11-03 13:06:10',29934,'2010-11-03 13:06:10',1,0,'0000-00-00 00:00:00',0),(8588,1,10,'2010-11-03 13:05:10',204846,'2010-11-03 13:06:10',30564,'2010-11-03 13:06:10',1,0,'0000-00-00 00:00:00',0),(8590,1,0,'2010-11-03 13:05:10',205775,'2010-11-03 13:10:01',120822,'2010-11-03 13:10:01',0,7,'0000-00-00 00:00:00',0),(8591,1,5,'2010-11-03 13:05:10',205995,'2010-11-03 13:05:20',220159,'2010-11-03 13:05:20',1,0,'0000-00-00 00:00:00',0),(8593,1,8,'2010-11-03 13:05:10',206704,'2010-11-03 13:05:20',220763,'2010-11-03 13:05:20',1,0,'0000-00-00 00:00:00',0),(8595,1,5,'2010-11-03 13:05:20',220752,'2010-11-03 13:05:30',235059,'2010-11-03 13:05:30',1,0,'0000-00-00 00:00:00',0),(8597,1,8,'2010-11-03 13:05:20',221094,'2010-11-03 13:05:30',235589,'2010-11-03 13:05:30',1,0,'0000-00-00 00:00:00',0),(8599,1,5,'2010-11-03 13:05:30',235579,'2010-11-03 13:05:40',246327,'2010-11-03 13:05:40',1,0,'0000-00-00 00:00:00',0),(8601,1,8,'2010-11-03 13:05:30',236384,'2010-11-03 13:05:40',246870,'2010-11-03 13:05:40',1,0,'0000-00-00 00:00:00',0),(8603,1,5,'2010-11-03 13:05:40',246859,'2010-11-03 13:05:50',7401,'2010-11-03 13:05:50',1,0,'0000-00-00 00:00:00',0),(8605,1,8,'2010-11-03 13:05:40',247230,'2010-11-03 13:05:50',7920,'2010-11-03 13:05:50',1,0,'0000-00-00 00:00:00',0),(8607,1,5,'2010-11-03 13:05:50',7909,'2010-11-03 13:06:00',19105,'2010-11-03 13:06:00',1,0,'0000-00-00 00:00:00',0),(8609,1,8,'2010-11-03 13:05:50',8677,'2010-11-03 13:06:00',19611,'2010-11-03 13:06:00',1,0,'0000-00-00 00:00:00',0),(8611,1,5,'2010-11-03 13:06:00',19600,'2010-11-03 13:06:10',30579,'2010-11-03 13:06:10',1,0,'0000-00-00 00:00:00',0),(8613,1,8,'2010-11-03 13:06:00',20358,'2010-11-03 13:06:10',30614,'2010-11-03 13:06:10',1,0,'0000-00-00 00:00:00',0),(8615,1,6,'2010-11-03 13:06:10',30553,'2010-11-03 13:07:10',105210,'2010-11-03 13:07:10',1,0,'0000-00-00 00:00:00',0),(8617,1,10,'2010-11-03 13:06:10',30571,'2010-11-03 13:07:10',105780,'2010-11-03 13:07:10',1,0,'0000-00-00 00:00:00',0),(8619,1,5,'2010-11-03 13:06:10',30604,'2010-11-03 13:06:20',40624,'2010-11-03 13:06:20',1,0,'0000-00-00 00:00:00',0),(8621,1,8,'2010-11-03 13:06:10',31696,'2010-11-03 13:06:20',41415,'2010-11-03 13:06:20',1,0,'0000-00-00 00:00:00',0),(8623,1,5,'2010-11-03 13:06:20',41403,'2010-11-03 13:06:30',57985,'2010-11-03 13:06:30',1,0,'0000-00-00 00:00:00',0),(8625,1,8,'2010-11-03 13:06:20',41807,'2010-11-03 13:06:30',58314,'2010-11-03 13:06:30',1,0,'0000-00-00 00:00:00',0),(8628,1,0,'2010-11-03 13:06:30',58228,'2010-11-03 13:11:27',234042,'2010-11-03 13:11:27',0,8,'0000-00-00 00:00:00',0),(8629,1,5,'2010-11-03 13:06:30',58303,'2010-11-03 13:06:40',70062,'2010-11-03 13:06:40',1,0,'0000-00-00 00:00:00',0),(8631,1,8,'2010-11-03 13:06:30',58721,'2010-11-03 13:06:40',70144,'2010-11-03 13:06:40',1,0,'0000-00-00 00:00:00',0),(8633,1,5,'2010-11-03 13:06:40',70135,'2010-11-03 13:06:50',79339,'2010-11-03 13:06:50',1,0,'0000-00-00 00:00:00',0),(8635,1,8,'2010-11-03 13:06:40',70705,'2010-11-03 13:06:50',79412,'2010-11-03 13:06:50',1,0,'0000-00-00 00:00:00',0),(8637,1,5,'2010-11-03 13:06:50',79403,'2010-11-03 13:07:00',88663,'2010-11-03 13:07:00',1,0,'0000-00-00 00:00:00',0),(8639,1,8,'2010-11-03 13:06:50',79860,'2010-11-03 13:07:00',89163,'2010-11-03 13:07:00',1,0,'0000-00-00 00:00:00',0),(8641,1,5,'2010-11-03 13:07:00',89152,'2010-11-03 13:07:10',105795,'2010-11-03 13:07:10',1,0,'0000-00-00 00:00:00',0),(8643,1,8,'2010-11-03 13:07:00',89998,'2010-11-03 13:07:10',106445,'2010-11-03 13:07:10',1,0,'0000-00-00 00:00:00',0),(8646,1,6,'2010-11-03 13:07:10',105768,'2010-11-03 13:08:10',196831,'2010-11-03 13:08:10',1,0,'0000-00-00 00:00:00',0),(8648,1,10,'2010-11-03 13:07:10',105787,'2010-11-03 13:08:10',197365,'2010-11-03 13:08:10',1,0,'0000-00-00 00:00:00',0),(8650,1,12,'2010-11-03 13:07:10',106384,'2010-11-03 13:12:10',46399,'2010-11-03 13:12:10',0,1,'0000-00-00 00:00:00',0),(8651,1,5,'2010-11-03 13:07:10',106436,'2010-11-03 13:07:20',116922,'2010-11-03 13:07:20',1,0,'0000-00-00 00:00:00',0),(8653,1,8,'2010-11-03 13:07:10',106949,'2010-11-03 13:07:20',117467,'2010-11-03 13:07:20',1,0,'0000-00-00 00:00:00',0),(8655,1,5,'2010-11-03 13:07:20',117455,'2010-11-03 13:07:30',133559,'2010-11-03 13:07:30',1,0,'0000-00-00 00:00:00',0),(8657,1,8,'2010-11-03 13:07:20',118822,'2010-11-03 13:07:30',133639,'2010-11-03 13:07:30',1,0,'0000-00-00 00:00:00',0),(8660,1,5,'2010-11-03 13:07:30',133628,'2010-11-03 13:07:40',150395,'2010-11-03 13:07:40',1,0,'0000-00-00 00:00:00',0),(8662,1,8,'2010-11-03 13:07:30',134066,'2010-11-03 13:07:40',150873,'2010-11-03 13:07:40',1,0,'0000-00-00 00:00:00',0),(8665,1,0,'2010-11-03 13:07:40',150725,'2010-11-03 13:12:27',72224,'2010-11-03 13:12:27',0,3,'0000-00-00 00:00:00',0),(8666,1,0,'2010-11-03 13:07:40',150815,'2010-11-03 13:12:31',81137,'2010-11-03 13:12:31',0,9,'0000-00-00 00:00:00',0),(8667,1,5,'2010-11-03 13:07:40',150864,'2010-11-03 13:07:50',168873,'2010-11-03 13:07:50',1,0,'0000-00-00 00:00:00',0),(8669,1,8,'2010-11-03 13:07:40',151303,'2010-11-03 13:07:50',169395,'2010-11-03 13:07:50',1,0,'0000-00-00 00:00:00',0),(8671,1,5,'2010-11-03 13:07:50',169384,'2010-11-03 13:08:00',185792,'2010-11-03 13:08:00',1,0,'0000-00-00 00:00:00',0),(8673,1,8,'2010-11-03 13:07:50',170154,'2010-11-03 13:08:00',186789,'2010-11-03 13:08:00',1,0,'0000-00-00 00:00:00',0),(8676,1,0,'2010-11-03 13:08:00',186574,'2010-11-03 13:12:52',120609,'2010-11-03 13:12:52',0,10,'0000-00-00 00:00:00',0),(8677,1,5,'2010-11-03 13:08:00',186778,'2010-11-03 13:08:10',197380,'2010-11-03 13:08:10',1,0,'0000-00-00 00:00:00',0),(8679,1,8,'2010-11-03 13:08:00',187399,'2010-11-03 13:08:10',197421,'2010-11-03 13:08:10',1,0,'0000-00-00 00:00:00',0),(8681,1,6,'2010-11-03 13:08:10',197354,'2010-11-03 13:09:10',44478,'2010-11-03 13:09:10',1,0,'0000-00-00 00:00:00',0),(8683,1,10,'2010-11-03 13:08:10',197372,'2010-11-03 13:09:10',45065,'2010-11-03 13:09:10',1,0,'0000-00-00 00:00:00',0),(8685,1,5,'2010-11-03 13:08:10',197411,'2010-11-03 13:08:20',212902,'2010-11-03 13:08:20',1,0,'0000-00-00 00:00:00',0),(8687,1,8,'2010-11-03 13:08:10',197755,'2010-11-03 13:08:20',213712,'2010-11-03 13:08:20',1,0,'0000-00-00 00:00:00',0),(8690,1,0,'2010-11-03 13:08:20',213621,'2010-11-03 13:13:14',154365,'2010-11-03 13:13:14',0,6,'0000-00-00 00:00:00',0),(8691,1,5,'2010-11-03 13:08:20',213701,'2010-11-03 13:08:30',223919,'2010-11-03 13:08:30',1,0,'0000-00-00 00:00:00',0),(8693,1,8,'2010-11-03 13:08:20',214017,'2010-11-03 13:08:30',224564,'2010-11-03 13:08:30',1,0,'0000-00-00 00:00:00',0),(8695,1,5,'2010-11-03 13:08:30',224536,'2010-11-03 13:08:40',238696,'2010-11-03 13:08:40',1,0,'0000-00-00 00:00:00',0),(8697,1,8,'2010-11-03 13:08:30',224894,'2010-11-03 13:08:40',240092,'2010-11-03 13:08:40',1,0,'0000-00-00 00:00:00',0),(8700,1,0,'2010-11-03 13:08:40',239812,'2010-11-03 13:13:35',183910,'2010-11-03 13:13:35',0,5,'0000-00-00 00:00:00',0),(8701,1,5,'2010-11-03 13:08:40',240081,'2010-11-03 13:08:50',3846,'2010-11-03 13:08:50',1,0,'0000-00-00 00:00:00',0),(8703,1,8,'2010-11-03 13:08:40',244355,'2010-11-03 13:08:50',4380,'2010-11-03 13:08:50',1,0,'0000-00-00 00:00:00',0),(8705,1,5,'2010-11-03 13:08:50',4369,'2010-11-03 13:09:00',29091,'2010-11-03 13:09:00',1,0,'0000-00-00 00:00:00',0),(8707,1,8,'2010-11-03 13:08:50',5287,'2010-11-03 13:09:00',29731,'2010-11-03 13:09:00',1,0,'0000-00-00 00:00:00',0),(8709,1,5,'2010-11-03 13:09:00',29721,'2010-11-03 13:09:10',45079,'2010-11-03 13:09:10',1,0,'0000-00-00 00:00:00',0),(8711,1,8,'2010-11-03 13:09:00',34930,'2010-11-03 13:09:10',45118,'2010-11-03 13:09:10',1,0,'0000-00-00 00:00:00',0),(8713,1,6,'2010-11-03 13:09:10',45053,'2010-11-03 13:10:10',135886,'2010-11-03 13:10:10',1,0,'0000-00-00 00:00:00',0),(8715,1,10,'2010-11-03 13:09:10',45072,'2010-11-03 13:10:10',136465,'2010-11-03 13:10:10',1,0,'0000-00-00 00:00:00',0),(8717,1,5,'2010-11-03 13:09:10',45108,'2010-11-03 13:09:20',57526,'2010-11-03 13:09:20',1,0,'0000-00-00 00:00:00',0),(8719,1,8,'2010-11-03 13:09:10',46204,'2010-11-03 13:09:20',58063,'2010-11-03 13:09:20',1,0,'0000-00-00 00:00:00',0),(8721,1,5,'2010-11-03 13:09:20',58053,'2010-11-03 13:09:30',69824,'2010-11-03 13:09:30',1,0,'0000-00-00 00:00:00',0),(8723,1,8,'2010-11-03 13:09:20',58811,'2010-11-03 13:09:30',70551,'2010-11-03 13:09:30',1,0,'0000-00-00 00:00:00',0),(8725,1,5,'2010-11-03 13:09:30',70540,'2010-11-03 13:09:40',94460,'2010-11-03 13:09:40',1,0,'0000-00-00 00:00:00',0),(8727,1,8,'2010-11-03 13:09:30',79130,'2010-11-03 13:09:40',95590,'2010-11-03 13:09:40',1,0,'0000-00-00 00:00:00',0),(8730,1,12,'2010-11-03 13:09:40',95528,'2010-11-03 13:14:40',18771,'2010-11-03 13:14:40',0,2,'0000-00-00 00:00:00',0),(8731,1,5,'2010-11-03 13:09:40',95580,'2010-11-03 13:09:50',107087,'2010-11-03 13:09:50',1,0,'0000-00-00 00:00:00',0),(8733,1,8,'2010-11-03 13:09:40',96365,'2010-11-03 13:09:50',107611,'2010-11-03 13:09:50',1,0,'0000-00-00 00:00:00',0),(8735,1,5,'2010-11-03 13:09:50',107600,'2010-11-03 13:10:00',118124,'2010-11-03 13:10:00',1,0,'0000-00-00 00:00:00',0),(8737,1,8,'2010-11-03 13:09:50',108091,'2010-11-03 13:10:00',118704,'2010-11-03 13:10:00',1,0,'0000-00-00 00:00:00',0),(8739,1,5,'2010-11-03 13:10:00',118694,'2010-11-03 13:10:10',136481,'2010-11-03 13:10:10',1,0,'0000-00-00 00:00:00',0),(8741,1,8,'2010-11-03 13:10:00',119941,'2010-11-03 13:10:10',137602,'2010-11-03 13:10:10',1,0,'0000-00-00 00:00:00',0),(8744,1,6,'2010-11-03 13:10:10',136454,'2010-11-03 13:11:10',212935,'2010-11-03 13:11:10',1,0,'0000-00-00 00:00:00',0),(8746,1,10,'2010-11-03 13:10:10',136473,'2010-11-03 13:11:10',213464,'2010-11-03 13:11:10',1,0,'0000-00-00 00:00:00',0),(8748,1,0,'2010-11-03 13:10:10',137357,'2010-11-03 13:15:01',50351,'2010-11-03 13:15:01',0,7,'0000-00-00 00:00:00',0),(8749,1,5,'2010-11-03 13:10:10',137590,'2010-11-03 13:10:20',150217,'2010-11-03 13:10:20',1,0,'0000-00-00 00:00:00',0),(8751,1,8,'2010-11-03 13:10:10',138161,'2010-11-03 13:10:20',150816,'2010-11-03 13:10:20',1,0,'0000-00-00 00:00:00',0),(8753,1,5,'2010-11-03 13:10:20',150806,'2010-11-03 13:10:30',162894,'2010-11-03 13:10:30',1,0,'0000-00-00 00:00:00',0),(8755,1,8,'2010-11-03 13:10:20',151166,'2010-11-03 13:10:30',163458,'2010-11-03 13:10:30',1,0,'0000-00-00 00:00:00',0),(8757,1,5,'2010-11-03 13:10:30',163448,'2010-11-03 13:10:40',174580,'2010-11-03 13:10:40',1,0,'0000-00-00 00:00:00',0),(8759,1,8,'2010-11-03 13:10:30',164794,'2010-11-03 13:10:40',175140,'2010-11-03 13:10:40',1,0,'0000-00-00 00:00:00',0),(8761,1,5,'2010-11-03 13:10:40',175130,'2010-11-03 13:10:50',187753,'2010-11-03 13:10:50',1,0,'0000-00-00 00:00:00',0),(8763,1,8,'2010-11-03 13:10:40',176094,'2010-11-03 13:10:50',188349,'2010-11-03 13:10:50',1,0,'0000-00-00 00:00:00',0),(8765,1,5,'2010-11-03 13:10:50',188338,'2010-11-03 13:11:00',201294,'2010-11-03 13:11:00',1,0,'0000-00-00 00:00:00',0),(8767,1,8,'2010-11-03 13:10:50',188683,'2010-11-03 13:11:00',201843,'2010-11-03 13:11:00',1,0,'0000-00-00 00:00:00',0),(8769,1,5,'2010-11-03 13:11:00',201832,'2010-11-03 13:11:10',213479,'2010-11-03 13:11:10',1,0,'0000-00-00 00:00:00',0),(8771,1,8,'2010-11-03 13:11:00',202633,'2010-11-03 13:11:10',213517,'2010-11-03 13:11:10',1,0,'0000-00-00 00:00:00',0),(8773,1,6,'2010-11-03 13:11:10',213454,'2010-11-03 13:12:10',44877,'2010-11-03 13:12:10',1,0,'0000-00-00 00:00:00',0),(8775,1,10,'2010-11-03 13:11:10',213472,'2010-11-03 13:12:10',45423,'2010-11-03 13:12:10',1,0,'0000-00-00 00:00:00',0),(8777,1,5,'2010-11-03 13:11:10',213508,'2010-11-03 13:11:20',225900,'2010-11-03 13:11:20',1,0,'0000-00-00 00:00:00',0),(8779,1,8,'2010-11-03 13:11:10',214328,'2010-11-03 13:11:20',226527,'2010-11-03 13:11:20',1,0,'0000-00-00 00:00:00',0),(8781,1,5,'2010-11-03 13:11:20',226516,'2010-11-03 13:11:30',242580,'2010-11-03 13:11:30',1,0,'0000-00-00 00:00:00',0),(8783,1,8,'2010-11-03 13:11:20',226855,'2010-11-03 13:11:30',243840,'2010-11-03 13:11:30',1,0,'0000-00-00 00:00:00',0),(8786,1,0,'2010-11-03 13:11:30',243754,'2010-11-03 13:16:27',156695,'2010-11-03 13:16:27',0,8,'0000-00-00 00:00:00',0),(8787,1,5,'2010-11-03 13:11:30',243829,'2010-11-03 13:11:40',3578,'2010-11-03 13:11:40',1,0,'0000-00-00 00:00:00',0),(8789,1,8,'2010-11-03 13:11:30',244132,'2010-11-03 13:11:40',4238,'2010-11-03 13:11:40',1,0,'0000-00-00 00:00:00',0),(8791,1,5,'2010-11-03 13:11:40',4227,'2010-11-03 13:11:50',21413,'2010-11-03 13:11:50',1,0,'0000-00-00 00:00:00',0),(8793,1,8,'2010-11-03 13:11:40',10572,'2010-11-03 13:11:50',21981,'2010-11-03 13:11:50',1,0,'0000-00-00 00:00:00',0),(8795,1,5,'2010-11-03 13:11:50',21971,'2010-11-03 13:12:00',33462,'2010-11-03 13:12:00',1,0,'0000-00-00 00:00:00',0),(8797,1,8,'2010-11-03 13:11:50',22803,'2010-11-03 13:12:00',33995,'2010-11-03 13:12:00',1,0,'0000-00-00 00:00:00',0),(8799,1,5,'2010-11-03 13:12:00',33985,'2010-11-03 13:12:10',45440,'2010-11-03 13:12:10',1,0,'0000-00-00 00:00:00',0),(8801,1,8,'2010-11-03 13:12:00',34750,'2010-11-03 13:12:10',45588,'2010-11-03 13:12:10',1,0,'0000-00-00 00:00:00',0),(8803,1,6,'2010-11-03 13:12:10',45403,'2010-11-03 13:13:10',149058,'2010-11-03 13:13:10',1,0,'0000-00-00 00:00:00',0),(8805,1,10,'2010-11-03 13:12:10',45432,'2010-11-03 13:13:10',149618,'2010-11-03 13:13:10',1,0,'0000-00-00 00:00:00',0),(8807,1,5,'2010-11-03 13:12:10',45577,'2010-11-03 13:12:20',63165,'2010-11-03 13:12:20',1,0,'0000-00-00 00:00:00',0),(8809,1,8,'2010-11-03 13:12:10',46389,'2010-11-03 13:12:20',64417,'2010-11-03 13:12:20',1,0,'0000-00-00 00:00:00',0),(8812,1,12,'2010-11-03 13:12:20',64354,'2010-11-03 13:17:20',233392,'2010-11-03 13:17:20',0,1,'0000-00-00 00:00:00',0),(8813,1,5,'2010-11-03 13:12:20',64407,'2010-11-03 13:12:30',79588,'2010-11-03 13:12:30',1,0,'0000-00-00 00:00:00',0),(8815,1,8,'2010-11-03 13:12:20',65168,'2010-11-03 13:12:30',79713,'2010-11-03 13:12:30',1,0,'0000-00-00 00:00:00',0),(8818,1,5,'2010-11-03 13:12:30',79702,'2010-11-03 13:12:40',98213,'2010-11-03 13:12:40',1,0,'0000-00-00 00:00:00',0),(8820,1,8,'2010-11-03 13:12:30',80254,'2010-11-03 13:12:40',100014,'2010-11-03 13:12:40',1,0,'0000-00-00 00:00:00',0),(8823,1,0,'2010-11-03 13:12:40',99559,'2010-11-03 13:17:27',245267,'2010-11-03 13:17:27',0,3,'0000-00-00 00:00:00',0),(8824,1,0,'2010-11-03 13:12:40',99730,'2010-11-03 13:17:31',7757,'2010-11-03 13:17:31',0,9,'0000-00-00 00:00:00',0),(8825,1,5,'2010-11-03 13:12:40',100004,'2010-11-03 13:12:50',111972,'2010-11-03 13:12:50',1,0,'0000-00-00 00:00:00',0),(8827,1,8,'2010-11-03 13:12:40',101410,'2010-11-03 13:12:50',112645,'2010-11-03 13:12:50',1,0,'0000-00-00 00:00:00',0),(8829,1,5,'2010-11-03 13:12:50',112633,'2010-11-03 13:13:00',132968,'2010-11-03 13:13:00',1,0,'0000-00-00 00:00:00',0),(8831,1,8,'2010-11-03 13:12:50',118993,'2010-11-03 13:13:00',139009,'2010-11-03 13:13:00',1,0,'0000-00-00 00:00:00',0),(8834,1,0,'2010-11-03 13:13:00',138815,'2010-11-03 13:17:52',45414,'2010-11-03 13:17:52',0,10,'0000-00-00 00:00:00',0),(8835,1,5,'2010-11-03 13:13:00',138997,'2010-11-03 13:13:10',149649,'2010-11-03 13:13:10',1,0,'0000-00-00 00:00:00',0),(8837,1,8,'2010-11-03 13:13:00',139698,'2010-11-03 13:13:10',149690,'2010-11-03 13:13:10',1,0,'0000-00-00 00:00:00',0),(8839,1,6,'2010-11-03 13:13:10',149608,'2010-11-03 13:14:10',229141,'2010-11-03 13:14:10',1,0,'0000-00-00 00:00:00',0),(8841,1,10,'2010-11-03 13:13:10',149640,'2010-11-03 13:14:10',229649,'2010-11-03 13:14:10',1,0,'0000-00-00 00:00:00',0),(8843,1,5,'2010-11-03 13:13:10',149681,'2010-11-03 13:13:20',165260,'2010-11-03 13:13:20',1,0,'0000-00-00 00:00:00',0),(8845,1,8,'2010-11-03 13:13:10',150455,'2010-11-03 13:13:20',166636,'2010-11-03 13:13:20',1,0,'0000-00-00 00:00:00',0),(8848,1,0,'2010-11-03 13:13:20',166365,'2010-11-03 13:18:14',75895,'2010-11-03 13:18:14',0,6,'0000-00-00 00:00:00',0),(8849,1,5,'2010-11-03 13:13:20',166624,'2010-11-03 13:13:30',177223,'2010-11-03 13:13:30',1,0,'0000-00-00 00:00:00',0),(8851,1,8,'2010-11-03 13:13:20',167301,'2010-11-03 13:13:30',178541,'2010-11-03 13:13:30',1,0,'0000-00-00 00:00:00',0),(8853,1,5,'2010-11-03 13:13:30',178530,'2010-11-03 13:13:40',193647,'2010-11-03 13:13:40',1,0,'0000-00-00 00:00:00',0),(8855,1,8,'2010-11-03 13:13:30',179482,'2010-11-03 13:13:40',195022,'2010-11-03 13:13:40',1,0,'0000-00-00 00:00:00',0),(8858,1,0,'2010-11-03 13:13:40',194845,'2010-11-03 13:18:35',111838,'2010-11-03 13:18:35',0,5,'0000-00-00 00:00:00',0),(8859,1,5,'2010-11-03 13:13:40',195011,'2010-11-03 13:13:50',206221,'2010-11-03 13:13:50',1,0,'0000-00-00 00:00:00',0),(8861,1,8,'2010-11-03 13:13:40',195797,'2010-11-03 13:13:50',206759,'2010-11-03 13:13:50',1,0,'0000-00-00 00:00:00',0),(8863,1,5,'2010-11-03 13:13:50',206749,'2010-11-03 13:14:00',217759,'2010-11-03 13:14:00',1,0,'0000-00-00 00:00:00',0),(8865,1,8,'2010-11-03 13:13:50',207571,'2010-11-03 13:14:00',218281,'2010-11-03 13:14:00',1,0,'0000-00-00 00:00:00',0),(8867,1,5,'2010-11-03 13:14:00',218270,'2010-11-03 13:14:10',229666,'2010-11-03 13:14:10',1,0,'0000-00-00 00:00:00',0),(8869,1,8,'2010-11-03 13:14:00',219104,'2010-11-03 13:14:10',229702,'2010-11-03 13:14:10',1,0,'0000-00-00 00:00:00',0),(8871,1,6,'2010-11-03 13:14:10',229627,'2010-11-03 13:15:10',64358,'2010-11-03 13:15:10',1,0,'0000-00-00 00:00:00',0),(8873,1,10,'2010-11-03 13:14:10',229657,'2010-11-03 13:15:10',64881,'2010-11-03 13:15:10',1,0,'0000-00-00 00:00:00',0),(8875,1,5,'2010-11-03 13:14:10',229693,'2010-11-03 13:14:20',240532,'2010-11-03 13:14:20',1,0,'0000-00-00 00:00:00',0),(8877,1,8,'2010-11-03 13:14:10',230488,'2010-11-03 13:14:20',241076,'2010-11-03 13:14:20',1,0,'0000-00-00 00:00:00',0),(8879,1,5,'2010-11-03 13:14:20',241065,'2010-11-03 13:14:30',791,'2010-11-03 13:14:30',1,0,'0000-00-00 00:00:00',0),(8881,1,8,'2010-11-03 13:14:20',241861,'2010-11-03 13:14:30',845,'2010-11-03 13:14:30',1,0,'0000-00-00 00:00:00',0),(8883,1,5,'2010-11-03 13:14:30',836,'2010-11-03 13:14:40',11071,'2010-11-03 13:14:40',1,0,'0000-00-00 00:00:00',0),(8885,1,8,'2010-11-03 13:14:30',1287,'2010-11-03 13:14:40',11712,'2010-11-03 13:14:40',1,0,'0000-00-00 00:00:00',0),(8887,1,5,'2010-11-03 13:14:40',11702,'2010-11-03 13:14:50',36436,'2010-11-03 13:14:50',1,0,'0000-00-00 00:00:00',0),(8889,1,8,'2010-11-03 13:14:40',18760,'2010-11-03 13:14:50',37460,'2010-11-03 13:14:50',1,0,'0000-00-00 00:00:00',0),(8892,1,12,'2010-11-03 13:14:50',37397,'2010-11-03 13:19:50',201600,'2010-11-03 13:19:50',0,2,'0000-00-00 00:00:00',0),(8893,1,5,'2010-11-03 13:14:50',37450,'2010-11-03 13:15:00',48240,'2010-11-03 13:15:00',1,0,'0000-00-00 00:00:00',0),(8895,1,8,'2010-11-03 13:14:50',38034,'2010-11-03 13:15:00',48814,'2010-11-03 13:15:00',1,0,'0000-00-00 00:00:00',0),(8897,1,5,'2010-11-03 13:15:00',48804,'2010-11-03 13:15:10',64898,'2010-11-03 13:15:10',1,0,'0000-00-00 00:00:00',0),(8899,1,8,'2010-11-03 13:15:00',49447,'2010-11-03 13:15:10',65916,'2010-11-03 13:15:10',1,0,'0000-00-00 00:00:00',0),(8902,1,6,'2010-11-03 13:15:10',64859,'2010-11-03 13:16:10',136799,'2010-11-03 13:16:10',1,0,'0000-00-00 00:00:00',0),(8904,1,10,'2010-11-03 13:15:10',64890,'2010-11-03 13:16:10',137293,'2010-11-03 13:16:10',1,0,'0000-00-00 00:00:00',0),(8906,1,0,'2010-11-03 13:15:10',65678,'2010-11-03 13:20:01',220226,'2010-11-03 13:20:01',0,7,'0000-00-00 00:00:00',0),(8907,1,5,'2010-11-03 13:15:10',65904,'2010-11-03 13:15:20',80677,'2010-11-03 13:15:20',1,0,'0000-00-00 00:00:00',0),(8909,1,8,'2010-11-03 13:15:10',70563,'2010-11-03 13:15:20',81225,'2010-11-03 13:15:20',1,0,'0000-00-00 00:00:00',0),(8911,1,5,'2010-11-03 13:15:20',81214,'2010-11-03 13:15:30',92551,'2010-11-03 13:15:30',1,0,'0000-00-00 00:00:00',0),(8913,1,8,'2010-11-03 13:15:20',82224,'2010-11-03 13:15:30',93086,'2010-11-03 13:15:30',1,0,'0000-00-00 00:00:00',0),(8915,1,5,'2010-11-03 13:15:30',93076,'2010-11-03 13:15:40',103822,'2010-11-03 13:15:40',1,0,'0000-00-00 00:00:00',0),(8917,1,8,'2010-11-03 13:15:30',93912,'2010-11-03 13:15:40',104428,'2010-11-03 13:15:40',1,0,'0000-00-00 00:00:00',0),(8919,1,5,'2010-11-03 13:15:40',104417,'2010-11-03 13:15:50',114731,'2010-11-03 13:15:50',1,0,'0000-00-00 00:00:00',0),(8921,1,8,'2010-11-03 13:15:40',104741,'2010-11-03 13:15:50',115381,'2010-11-03 13:15:50',1,0,'0000-00-00 00:00:00',0),(8923,1,5,'2010-11-03 13:15:50',115371,'2010-11-03 13:16:00',125916,'2010-11-03 13:16:00',1,0,'0000-00-00 00:00:00',0),(8925,1,8,'2010-11-03 13:15:50',115721,'2010-11-03 13:16:00',126431,'2010-11-03 13:16:00',1,0,'0000-00-00 00:00:00',0),(8927,1,5,'2010-11-03 13:16:00',126421,'2010-11-03 13:16:10',137308,'2010-11-03 13:16:10',1,0,'0000-00-00 00:00:00',0),(8929,1,8,'2010-11-03 13:16:00',127118,'2010-11-03 13:16:10',137346,'2010-11-03 13:16:10',1,0,'0000-00-00 00:00:00',0),(8931,1,6,'2010-11-03 13:16:10',137283,'2010-11-03 13:17:10',219435,'2010-11-03 13:17:10',1,0,'0000-00-00 00:00:00',0),(8933,1,10,'2010-11-03 13:16:10',137300,'2010-11-03 13:17:10',219950,'2010-11-03 13:17:10',1,0,'0000-00-00 00:00:00',0),(8935,1,5,'2010-11-03 13:16:10',137337,'2010-11-03 13:16:20',148332,'2010-11-03 13:16:20',1,0,'0000-00-00 00:00:00',0),(8937,1,8,'2010-11-03 13:16:10',138112,'2010-11-03 13:16:20',148875,'2010-11-03 13:16:20',1,0,'0000-00-00 00:00:00',0),(8939,1,5,'2010-11-03 13:16:20',148864,'2010-11-03 13:16:30',167450,'2010-11-03 13:16:30',1,0,'0000-00-00 00:00:00',0),(8941,1,8,'2010-11-03 13:16:20',149725,'2010-11-03 13:16:30',175050,'2010-11-03 13:16:30',1,0,'0000-00-00 00:00:00',0),(8944,1,0,'2010-11-03 13:16:30',174829,'2010-11-03 13:21:27',68446,'2010-11-03 13:21:27',0,8,'0000-00-00 00:00:00',0),(8945,1,5,'2010-11-03 13:16:30',175039,'2010-11-03 13:16:40',184980,'2010-11-03 13:16:40',1,0,'0000-00-00 00:00:00',0),(8947,1,8,'2010-11-03 13:16:30',175647,'2010-11-03 13:16:40',185557,'2010-11-03 13:16:40',1,0,'0000-00-00 00:00:00',0),(8949,1,5,'2010-11-03 13:16:40',185547,'2010-11-03 13:16:50',196408,'2010-11-03 13:16:50',1,0,'0000-00-00 00:00:00',0),(8951,1,8,'2010-11-03 13:16:40',186098,'2010-11-03 13:16:50',196520,'2010-11-03 13:16:50',1,0,'0000-00-00 00:00:00',0),(8953,1,5,'2010-11-03 13:16:50',196510,'2010-11-03 13:17:00',208273,'2010-11-03 13:17:00',1,0,'0000-00-00 00:00:00',0),(8955,1,8,'2010-11-03 13:16:50',196944,'2010-11-03 13:17:00',208799,'2010-11-03 13:17:00',1,0,'0000-00-00 00:00:00',0),(8957,1,5,'2010-11-03 13:17:00',208788,'2010-11-03 13:17:10',219964,'2010-11-03 13:17:10',1,0,'0000-00-00 00:00:00',0),(8959,1,8,'2010-11-03 13:17:00',209666,'2010-11-03 13:17:10',220002,'2010-11-03 13:17:10',1,0,'0000-00-00 00:00:00',0),(8961,1,6,'2010-11-03 13:17:10',219940,'2010-11-03 13:18:10',71049,'2010-11-03 13:18:10',1,0,'0000-00-00 00:00:00',0),(8963,1,10,'2010-11-03 13:17:10',219956,'2010-11-03 13:18:10',71534,'2010-11-03 13:18:10',1,0,'0000-00-00 00:00:00',0),(8965,1,5,'2010-11-03 13:17:10',219993,'2010-11-03 13:17:20',232078,'2010-11-03 13:17:20',1,0,'0000-00-00 00:00:00',0),(8967,1,8,'2010-11-03 13:17:10',220817,'2010-11-03 13:17:20',232594,'2010-11-03 13:17:20',1,0,'0000-00-00 00:00:00',0),(8969,1,5,'2010-11-03 13:17:20',232584,'2010-11-03 13:17:30',3733,'2010-11-03 13:17:30',1,0,'0000-00-00 00:00:00',0),(8971,1,8,'2010-11-03 13:17:20',233381,'2010-11-03 13:17:30',5115,'2010-11-03 13:17:30',1,0,'0000-00-00 00:00:00',0),(8975,1,12,'2010-11-03 13:17:30',5052,'2010-11-03 13:22:30',150209,'2010-11-03 13:22:30',0,1,'0000-00-00 00:00:00',0),(8976,1,5,'2010-11-03 13:17:30',5105,'2010-11-03 13:17:40',23981,'2010-11-03 13:17:40',1,0,'0000-00-00 00:00:00',0),(8978,1,8,'2010-11-03 13:17:30',6947,'2010-11-03 13:17:40',31221,'2010-11-03 13:17:40',1,0,'0000-00-00 00:00:00',0),(8981,1,0,'2010-11-03 13:17:40',30999,'2010-11-03 13:22:31',158675,'2010-11-03 13:22:31',0,9,'0000-00-00 00:00:00',0),(8982,1,0,'2010-11-03 13:17:40',31154,'2010-11-03 13:22:27',141129,'2010-11-03 13:22:27',0,3,'0000-00-00 00:00:00',0),(8983,1,5,'2010-11-03 13:17:40',31211,'2010-11-03 13:17:50',42928,'2010-11-03 13:17:50',1,0,'0000-00-00 00:00:00',0),(8985,1,8,'2010-11-03 13:17:40',31872,'2010-11-03 13:17:50',43058,'2010-11-03 13:17:50',1,0,'0000-00-00 00:00:00',0),(8987,1,5,'2010-11-03 13:17:50',43048,'2010-11-03 13:18:00',58745,'2010-11-03 13:18:00',1,0,'0000-00-00 00:00:00',0),(8989,1,8,'2010-11-03 13:17:50',43506,'2010-11-03 13:18:00',60111,'2010-11-03 13:18:00',1,0,'0000-00-00 00:00:00',0),(8992,1,0,'2010-11-03 13:18:00',59841,'2010-11-03 13:22:52',190768,'2010-11-03 13:22:52',0,10,'0000-00-00 00:00:00',0),(8993,1,5,'2010-11-03 13:18:00',60099,'2010-11-03 13:18:10',71548,'2010-11-03 13:18:10',1,0,'0000-00-00 00:00:00',0),(8995,1,8,'2010-11-03 13:18:00',60995,'2010-11-03 13:18:10',71588,'2010-11-03 13:18:10',1,0,'0000-00-00 00:00:00',0),(8997,1,6,'2010-11-03 13:18:10',71524,'2010-11-03 13:19:10',153590,'2010-11-03 13:19:10',1,0,'0000-00-00 00:00:00',0),(8999,1,10,'2010-11-03 13:18:10',71541,'2010-11-03 13:19:10',154072,'2010-11-03 13:19:10',1,0,'0000-00-00 00:00:00',0),(9001,1,5,'2010-11-03 13:18:10',71579,'2010-11-03 13:18:20',86687,'2010-11-03 13:18:20',1,0,'0000-00-00 00:00:00',0),(9003,1,8,'2010-11-03 13:18:10',72163,'2010-11-03 13:18:20',95420,'2010-11-03 13:18:20',1,0,'0000-00-00 00:00:00',0),(9006,1,0,'2010-11-03 13:18:20',95326,'2010-11-03 13:23:14',223300,'2010-11-03 13:23:14',0,6,'0000-00-00 00:00:00',0),(9007,1,5,'2010-11-03 13:18:20',95408,'2010-11-03 13:18:30',105844,'2010-11-03 13:18:30',1,0,'0000-00-00 00:00:00',0),(9009,1,8,'2010-11-03 13:18:20',96033,'2010-11-03 13:18:30',106373,'2010-11-03 13:18:30',1,0,'0000-00-00 00:00:00',0),(9011,1,5,'2010-11-03 13:18:30',106363,'2010-11-03 13:18:40',121273,'2010-11-03 13:18:40',1,0,'0000-00-00 00:00:00',0),(9013,1,8,'2010-11-03 13:18:30',107478,'2010-11-03 13:18:40',121614,'2010-11-03 13:18:40',1,0,'0000-00-00 00:00:00',0),(9016,1,0,'2010-11-03 13:18:40',121507,'2010-11-03 13:23:35',876,'2010-11-03 13:23:35',0,5,'0000-00-00 00:00:00',0),(9017,1,5,'2010-11-03 13:18:40',121604,'2010-11-03 13:18:50',132328,'2010-11-03 13:18:50',1,0,'0000-00-00 00:00:00',0),(9019,1,8,'2010-11-03 13:18:40',121997,'2010-11-03 13:18:50',132858,'2010-11-03 13:18:50',1,0,'0000-00-00 00:00:00',0),(9021,1,5,'2010-11-03 13:18:50',132848,'2010-11-03 13:19:00',142916,'2010-11-03 13:19:00',1,0,'0000-00-00 00:00:00',0),(9023,1,8,'2010-11-03 13:18:50',133178,'2010-11-03 13:19:00',143479,'2010-11-03 13:19:00',1,0,'0000-00-00 00:00:00',0),(9025,1,5,'2010-11-03 13:19:00',143468,'2010-11-03 13:19:10',154086,'2010-11-03 13:19:10',1,0,'0000-00-00 00:00:00',0),(9027,1,8,'2010-11-03 13:19:00',143836,'2010-11-03 13:19:10',154134,'2010-11-03 13:19:10',1,0,'0000-00-00 00:00:00',0),(9029,1,6,'2010-11-03 13:19:10',154061,'2010-11-03 13:20:10',233058,'2010-11-03 13:20:10',1,0,'0000-00-00 00:00:00',0),(9031,1,10,'2010-11-03 13:19:10',154079,'2010-11-03 13:20:10',233750,'2010-11-03 13:20:10',1,0,'0000-00-00 00:00:00',0),(9033,1,5,'2010-11-03 13:19:10',154124,'2010-11-03 13:19:20',168029,'2010-11-03 13:19:20',1,0,'0000-00-00 00:00:00',0),(9035,1,8,'2010-11-03 13:19:10',154892,'2010-11-03 13:19:20',168777,'2010-11-03 13:19:20',1,0,'0000-00-00 00:00:00',0),(9037,1,5,'2010-11-03 13:19:20',168766,'2010-11-03 13:19:30',179579,'2010-11-03 13:19:30',1,0,'0000-00-00 00:00:00',0),(9039,1,8,'2010-11-03 13:19:20',169531,'2010-11-03 13:19:30',180201,'2010-11-03 13:19:30',1,0,'0000-00-00 00:00:00',0),(9041,1,5,'2010-11-03 13:19:30',180191,'2010-11-03 13:19:40',189649,'2010-11-03 13:19:40',1,0,'0000-00-00 00:00:00',0),(9043,1,8,'2010-11-03 13:19:30',180529,'2010-11-03 13:19:40',189717,'2010-11-03 13:19:40',1,0,'0000-00-00 00:00:00',0),(9045,1,5,'2010-11-03 13:19:40',189708,'2010-11-03 13:19:50',200295,'2010-11-03 13:19:50',1,0,'0000-00-00 00:00:00',0),(9047,1,8,'2010-11-03 13:19:40',190172,'2010-11-03 13:19:50',200863,'2010-11-03 13:19:50',1,0,'0000-00-00 00:00:00',0),(9049,1,5,'2010-11-03 13:19:50',200853,'2010-11-03 13:20:00',217414,'2010-11-03 13:20:00',1,0,'0000-00-00 00:00:00',0),(9051,1,8,'2010-11-03 13:19:50',201589,'2010-11-03 13:20:00',218612,'2010-11-03 13:20:00',1,0,'0000-00-00 00:00:00',0),(9054,1,12,'2010-11-03 13:20:00',218549,'2010-11-03 13:25:00',102391,'2010-11-03 13:25:00',0,2,'0000-00-00 00:00:00',0),(9055,1,5,'2010-11-03 13:20:00',218602,'2010-11-03 13:20:10',233765,'2010-11-03 13:20:10',1,0,'0000-00-00 00:00:00',0),(9057,1,8,'2010-11-03 13:20:00',219321,'2010-11-03 13:20:10',234034,'2010-11-03 13:20:10',1,0,'0000-00-00 00:00:00',0),(9060,1,6,'2010-11-03 13:20:10',233737,'2010-11-03 13:21:10',48569,'2010-11-03 13:21:10',1,0,'0000-00-00 00:00:00',0),(9062,1,10,'2010-11-03 13:20:10',233757,'2010-11-03 13:21:10',49073,'2010-11-03 13:21:10',1,0,'0000-00-00 00:00:00',0),(9064,1,0,'2010-11-03 13:20:10',233959,'2010-11-03 13:25:01',109207,'2010-11-03 13:25:01',0,7,'0000-00-00 00:00:00',0),(9065,1,5,'2010-11-03 13:20:10',234024,'2010-11-03 13:20:20',243748,'2010-11-03 13:20:20',1,0,'0000-00-00 00:00:00',0),(9067,1,8,'2010-11-03 13:20:10',234315,'2010-11-03 13:20:20',244250,'2010-11-03 13:20:20',1,0,'0000-00-00 00:00:00',0),(9069,1,5,'2010-11-03 13:20:20',244239,'2010-11-03 13:20:30',5071,'2010-11-03 13:20:30',1,0,'0000-00-00 00:00:00',0),(9071,1,8,'2010-11-03 13:20:20',245002,'2010-11-03 13:20:30',5645,'2010-11-03 13:20:30',1,0,'0000-00-00 00:00:00',0),(9073,1,5,'2010-11-03 13:20:30',5635,'2010-11-03 13:20:40',16820,'2010-11-03 13:20:40',1,0,'0000-00-00 00:00:00',0),(9075,1,8,'2010-11-03 13:20:30',5989,'2010-11-03 13:20:40',17334,'2010-11-03 13:20:40',1,0,'0000-00-00 00:00:00',0),(9077,1,5,'2010-11-03 13:20:40',17323,'2010-11-03 13:20:50',28067,'2010-11-03 13:20:50',1,0,'0000-00-00 00:00:00',0),(9079,1,8,'2010-11-03 13:20:40',18176,'2010-11-03 13:20:50',28644,'2010-11-03 13:20:50',1,0,'0000-00-00 00:00:00',0),(9081,1,5,'2010-11-03 13:20:50',28633,'2010-11-03 13:21:00',39048,'2010-11-03 13:21:00',1,0,'0000-00-00 00:00:00',0),(9083,1,8,'2010-11-03 13:20:50',28982,'2010-11-03 13:21:00',39560,'2010-11-03 13:21:00',1,0,'0000-00-00 00:00:00',0),(9085,1,5,'2010-11-03 13:21:00',39550,'2010-11-03 13:21:10',49089,'2010-11-03 13:21:10',1,0,'0000-00-00 00:00:00',0),(9087,1,8,'2010-11-03 13:21:00',39901,'2010-11-03 13:21:10',49126,'2010-11-03 13:21:10',1,0,'0000-00-00 00:00:00',0),(9089,1,6,'2010-11-03 13:21:10',49063,'2010-11-03 13:22:10',121049,'2010-11-03 13:22:10',1,0,'0000-00-00 00:00:00',0),(9091,1,10,'2010-11-03 13:21:10',49080,'2010-11-03 13:22:10',121664,'2010-11-03 13:22:10',1,0,'0000-00-00 00:00:00',0),(9093,1,5,'2010-11-03 13:21:10',49117,'2010-11-03 13:21:20',60092,'2010-11-03 13:21:20',1,0,'0000-00-00 00:00:00',0),(9095,1,8,'2010-11-03 13:21:10',50126,'2010-11-03 13:21:20',60614,'2010-11-03 13:21:20',1,0,'0000-00-00 00:00:00',0),(9097,1,5,'2010-11-03 13:21:20',60604,'2010-11-03 13:21:30',76220,'2010-11-03 13:21:30',1,0,'0000-00-00 00:00:00',0),(9099,1,8,'2010-11-03 13:21:20',61828,'2010-11-03 13:21:30',77612,'2010-11-03 13:21:30',1,0,'0000-00-00 00:00:00',0),(9102,1,0,'2010-11-03 13:21:30',77331,'2010-11-03 13:26:27',241904,'2010-11-03 13:26:27',0,8,'0000-00-00 00:00:00',0),(9103,1,5,'2010-11-03 13:21:30',77600,'2010-11-03 13:21:40',88064,'2010-11-03 13:21:40',1,0,'0000-00-00 00:00:00',0),(9105,1,8,'2010-11-03 13:21:30',78529,'2010-11-03 13:21:40',88613,'2010-11-03 13:21:40',1,0,'0000-00-00 00:00:00',0),(9107,1,5,'2010-11-03 13:21:40',88602,'2010-11-03 13:21:50',98576,'2010-11-03 13:21:50',1,0,'0000-00-00 00:00:00',0),(9109,1,8,'2010-11-03 13:21:40',89412,'2010-11-03 13:21:50',99102,'2010-11-03 13:21:50',1,0,'0000-00-00 00:00:00',0),(9111,1,5,'2010-11-03 13:21:50',99092,'2010-11-03 13:22:00',109656,'2010-11-03 13:22:00',1,0,'0000-00-00 00:00:00',0),(9113,1,8,'2010-11-03 13:21:50',99854,'2010-11-03 13:22:00',110411,'2010-11-03 13:22:00',1,0,'0000-00-00 00:00:00',0),(9115,1,5,'2010-11-03 13:22:00',110398,'2010-11-03 13:22:10',121679,'2010-11-03 13:22:10',1,0,'0000-00-00 00:00:00',0),(9117,1,8,'2010-11-03 13:22:00',111301,'2010-11-03 13:22:10',121859,'2010-11-03 13:22:10',1,0,'0000-00-00 00:00:00',0),(9119,1,6,'2010-11-03 13:22:10',121654,'2010-11-03 13:23:10',218756,'2010-11-03 13:23:10',1,0,'0000-00-00 00:00:00',0),(9121,1,10,'2010-11-03 13:22:10',121671,'2010-11-03 13:23:10',218808,'2010-11-03 13:23:10',1,0,'0000-00-00 00:00:00',0),(9123,1,5,'2010-11-03 13:22:10',121847,'2010-11-03 13:22:20',132813,'2010-11-03 13:22:20',1,0,'0000-00-00 00:00:00',0),(9125,1,8,'2010-11-03 13:22:10',122750,'2010-11-03 13:22:20',133324,'2010-11-03 13:22:20',1,0,'0000-00-00 00:00:00',0),(9127,1,5,'2010-11-03 13:22:20',133314,'2010-11-03 13:22:30',148688,'2010-11-03 13:22:30',1,0,'0000-00-00 00:00:00',0),(9129,1,8,'2010-11-03 13:22:20',134284,'2010-11-03 13:22:30',149241,'2010-11-03 13:22:30',1,0,'0000-00-00 00:00:00',0),(9132,1,5,'2010-11-03 13:22:30',149230,'2010-11-03 13:22:40',172004,'2010-11-03 13:22:40',1,0,'0000-00-00 00:00:00',0),(9134,1,8,'2010-11-03 13:22:30',150198,'2010-11-03 13:22:40',174391,'2010-11-03 13:22:40',1,0,'0000-00-00 00:00:00',0),(9138,1,12,'2010-11-03 13:22:40',173284,'2010-11-03 13:27:40',109356,'2010-11-03 13:27:40',0,1,'0000-00-00 00:00:00',0),(9139,1,0,'2010-11-03 13:22:40',173679,'2010-11-03 13:27:27',81341,'2010-11-03 13:27:27',0,3,'0000-00-00 00:00:00',0),(9140,1,0,'2010-11-03 13:22:40',174333,'2010-11-03 13:27:31',90325,'2010-11-03 13:27:31',0,9,'0000-00-00 00:00:00',0),(9141,1,5,'2010-11-03 13:22:40',174381,'2010-11-03 13:22:50',187569,'2010-11-03 13:22:50',1,0,'0000-00-00 00:00:00',0),(9143,1,8,'2010-11-03 13:22:40',178622,'2010-11-03 13:22:50',188152,'2010-11-03 13:22:50',1,0,'0000-00-00 00:00:00',0),(9145,1,5,'2010-11-03 13:22:50',188141,'2010-11-03 13:23:00',204034,'2010-11-03 13:23:00',1,0,'0000-00-00 00:00:00',0),(9147,1,8,'2010-11-03 13:22:50',188941,'2010-11-03 13:23:00',205422,'2010-11-03 13:23:00',1,0,'0000-00-00 00:00:00',0),(9150,1,0,'2010-11-03 13:23:00',205153,'2010-11-03 13:27:52',125724,'2010-11-03 13:27:52',0,10,'0000-00-00 00:00:00',0),(9151,1,5,'2010-11-03 13:23:00',205410,'2010-11-03 13:23:10',218824,'2010-11-03 13:23:10',1,0,'0000-00-00 00:00:00',0),(9153,1,8,'2010-11-03 13:23:00',206453,'2010-11-03 13:23:10',218879,'2010-11-03 13:23:10',1,0,'0000-00-00 00:00:00',0),(9155,1,6,'2010-11-03 13:23:10',218784,'2010-11-03 13:24:10',46103,'2010-11-03 13:24:10',1,0,'0000-00-00 00:00:00',0),(9157,1,10,'2010-11-03 13:23:10',218815,'2010-11-03 13:24:10',46611,'2010-11-03 13:24:10',1,0,'0000-00-00 00:00:00',0),(9159,1,5,'2010-11-03 13:23:10',218870,'2010-11-03 13:23:20',234347,'2010-11-03 13:23:20',1,0,'0000-00-00 00:00:00',0),(9161,1,8,'2010-11-03 13:23:10',219336,'2010-11-03 13:23:20',235265,'2010-11-03 13:23:20',1,0,'0000-00-00 00:00:00',0),(9164,1,0,'2010-11-03 13:23:20',235180,'2010-11-03 13:28:14',153489,'2010-11-03 13:28:14',0,6,'0000-00-00 00:00:00',0),(9165,1,5,'2010-11-03 13:23:20',235254,'2010-11-03 13:23:30',246186,'2010-11-03 13:23:30',1,0,'0000-00-00 00:00:00',0),(9167,1,8,'2010-11-03 13:23:20',235554,'2010-11-03 13:23:30',246256,'2010-11-03 13:23:30',1,0,'0000-00-00 00:00:00',0),(9169,1,5,'2010-11-03 13:23:30',246246,'2010-11-03 13:23:40',10586,'2010-11-03 13:23:40',1,0,'0000-00-00 00:00:00',0),(9171,1,8,'2010-11-03 13:23:30',246716,'2010-11-03 13:23:40',12005,'2010-11-03 13:23:40',1,0,'0000-00-00 00:00:00',0),(9174,1,0,'2010-11-03 13:23:40',11718,'2010-11-03 13:28:35',183489,'2010-11-03 13:28:35',0,5,'0000-00-00 00:00:00',0),(9175,1,5,'2010-11-03 13:23:40',11994,'2010-11-03 13:23:50',24104,'2010-11-03 13:23:50',1,0,'0000-00-00 00:00:00',0),(9177,1,8,'2010-11-03 13:23:40',13827,'2010-11-03 13:23:50',24660,'2010-11-03 13:23:50',1,0,'0000-00-00 00:00:00',0),(9179,1,5,'2010-11-03 13:23:50',24650,'2010-11-03 13:24:00',35618,'2010-11-03 13:24:00',1,0,'0000-00-00 00:00:00',0),(9181,1,8,'2010-11-03 13:23:50',25420,'2010-11-03 13:24:00',36138,'2010-11-03 13:24:00',1,0,'0000-00-00 00:00:00',0),(9183,1,5,'2010-11-03 13:24:00',36128,'2010-11-03 13:24:10',46639,'2010-11-03 13:24:10',1,0,'0000-00-00 00:00:00',0),(9185,1,8,'2010-11-03 13:24:00',36914,'2010-11-03 13:24:10',46676,'2010-11-03 13:24:10',1,0,'0000-00-00 00:00:00',0),(9187,1,6,'2010-11-03 13:24:10',46600,'2010-11-03 13:25:10',122966,'2010-11-03 13:25:10',1,0,'0000-00-00 00:00:00',0),(9189,1,10,'2010-11-03 13:24:10',46618,'2010-11-03 13:25:10',123506,'2010-11-03 13:25:10',1,0,'0000-00-00 00:00:00',0),(9191,1,5,'2010-11-03 13:24:10',46666,'2010-11-03 13:24:20',57151,'2010-11-03 13:24:20',1,0,'0000-00-00 00:00:00',0),(9193,1,8,'2010-11-03 13:24:10',47459,'2010-11-03 13:24:20',57252,'2010-11-03 13:24:20',1,0,'0000-00-00 00:00:00',0),(9195,1,5,'2010-11-03 13:24:20',57243,'2010-11-03 13:24:30',67421,'2010-11-03 13:24:30',1,0,'0000-00-00 00:00:00',0),(9197,1,8,'2010-11-03 13:24:20',57681,'2010-11-03 13:24:30',67926,'2010-11-03 13:24:30',1,0,'0000-00-00 00:00:00',0),(9199,1,5,'2010-11-03 13:24:30',67916,'2010-11-03 13:24:40',78329,'2010-11-03 13:24:40',1,0,'0000-00-00 00:00:00',0),(9201,1,8,'2010-11-03 13:24:30',68672,'2010-11-03 13:24:40',78841,'2010-11-03 13:24:40',1,0,'0000-00-00 00:00:00',0),(9203,1,5,'2010-11-03 13:24:40',78831,'2010-11-03 13:24:50',89283,'2010-11-03 13:24:50',1,0,'0000-00-00 00:00:00',0),(9205,1,8,'2010-11-03 13:24:40',79587,'2010-11-03 13:24:50',89813,'2010-11-03 13:24:50',1,0,'0000-00-00 00:00:00',0),(9207,1,5,'2010-11-03 13:24:50',89802,'2010-11-03 13:25:00',101095,'2010-11-03 13:25:00',1,0,'0000-00-00 00:00:00',0),(9209,1,8,'2010-11-03 13:24:50',90612,'2010-11-03 13:25:00',101650,'2010-11-03 13:25:00',1,0,'0000-00-00 00:00:00',0),(9211,1,5,'2010-11-03 13:25:00',101639,'2010-11-03 13:25:10',123522,'2010-11-03 13:25:10',1,0,'0000-00-00 00:00:00',0),(9213,1,8,'2010-11-03 13:25:00',102131,'2010-11-03 13:25:10',125003,'2010-11-03 13:25:10',1,0,'0000-00-00 00:00:00',0),(9217,1,6,'2010-11-03 13:25:10',123495,'2010-11-03 13:26:10',213644,'2010-11-03 13:26:10',1,0,'0000-00-00 00:00:00',0),(9219,1,10,'2010-11-03 13:25:10',123513,'2010-11-03 13:26:10',214163,'2010-11-03 13:26:10',1,0,'0000-00-00 00:00:00',0),(9221,1,12,'2010-11-03 13:25:10',124432,'2010-11-03 13:30:10',75269,'2010-11-03 13:30:10',0,2,'0000-00-00 00:00:00',0),(9222,1,0,'2010-11-03 13:25:10',124683,'2010-11-03 13:30:01',47125,'2010-11-03 13:30:01',0,7,'0000-00-00 00:00:00',0),(9223,1,5,'2010-11-03 13:25:10',124992,'2010-11-03 13:25:20',136769,'2010-11-03 13:25:20',1,0,'0000-00-00 00:00:00',0),(9225,1,8,'2010-11-03 13:25:10',125796,'2010-11-03 13:25:20',136853,'2010-11-03 13:25:20',1,0,'0000-00-00 00:00:00',0),(9227,1,5,'2010-11-03 13:25:20',136842,'2010-11-03 13:25:30',149801,'2010-11-03 13:25:30',1,0,'0000-00-00 00:00:00',0),(9229,1,8,'2010-11-03 13:25:20',137283,'2010-11-03 13:25:30',150391,'2010-11-03 13:25:30',1,0,'0000-00-00 00:00:00',0),(9231,1,5,'2010-11-03 13:25:30',150380,'2010-11-03 13:25:40',165680,'2010-11-03 13:25:40',1,0,'0000-00-00 00:00:00',0),(9233,1,8,'2010-11-03 13:25:30',150734,'2010-11-03 13:25:40',166314,'2010-11-03 13:25:40',1,0,'0000-00-00 00:00:00',0),(9235,1,5,'2010-11-03 13:25:40',166302,'2010-11-03 13:25:50',178151,'2010-11-03 13:25:50',1,0,'0000-00-00 00:00:00',0),(9237,1,8,'2010-11-03 13:25:40',166631,'2010-11-03 13:25:50',178237,'2010-11-03 13:25:50',1,0,'0000-00-00 00:00:00',0),(9239,1,5,'2010-11-03 13:25:50',178219,'2010-11-03 13:26:00',203171,'2010-11-03 13:26:00',1,0,'0000-00-00 00:00:00',0),(9241,1,8,'2010-11-03 13:25:50',178765,'2010-11-03 13:26:00',203697,'2010-11-03 13:26:00',1,0,'0000-00-00 00:00:00',0),(9243,1,5,'2010-11-03 13:26:00',203686,'2010-11-03 13:26:10',214178,'2010-11-03 13:26:10',1,0,'0000-00-00 00:00:00',0),(9245,1,8,'2010-11-03 13:26:00',204120,'2010-11-03 13:26:10',214221,'2010-11-03 13:26:10',1,0,'0000-00-00 00:00:00',0),(9247,1,6,'2010-11-03 13:26:10',214153,'2010-11-03 13:27:10',51937,'2010-11-03 13:27:10',1,0,'0000-00-00 00:00:00',0),(9249,1,10,'2010-11-03 13:26:10',214170,'2010-11-03 13:27:10',52541,'2010-11-03 13:27:10',1,0,'0000-00-00 00:00:00',0),(9251,1,5,'2010-11-03 13:26:10',214211,'2010-11-03 13:26:20',227341,'2010-11-03 13:26:20',1,0,'0000-00-00 00:00:00',0),(9253,1,8,'2010-11-03 13:26:10',214719,'2010-11-03 13:26:20',228041,'2010-11-03 13:26:20',1,0,'0000-00-00 00:00:00',0),(9255,1,5,'2010-11-03 13:26:20',228030,'2010-11-03 13:26:30',217,'2010-11-03 13:26:30',1,0,'0000-00-00 00:00:00',0),(9257,1,8,'2010-11-03 13:26:20',235188,'2010-11-03 13:26:30',1796,'2010-11-03 13:26:30',1,0,'0000-00-00 00:00:00',0),(9260,1,0,'2010-11-03 13:26:30',1394,'2010-11-03 13:31:27',179009,'2010-11-03 13:31:27',0,8,'0000-00-00 00:00:00',0),(9261,1,5,'2010-11-03 13:26:30',1785,'2010-11-03 13:26:40',12765,'2010-11-03 13:26:40',1,0,'0000-00-00 00:00:00',0),(9263,1,8,'2010-11-03 13:26:30',2912,'2010-11-03 13:26:40',13377,'2010-11-03 13:26:40',1,0,'0000-00-00 00:00:00',0),(9265,1,5,'2010-11-03 13:26:40',13366,'2010-11-03 13:26:50',26708,'2010-11-03 13:26:50',1,0,'0000-00-00 00:00:00',0),(9267,1,8,'2010-11-03 13:26:40',13862,'2010-11-03 13:26:50',27370,'2010-11-03 13:26:50',1,0,'0000-00-00 00:00:00',0),(9269,1,5,'2010-11-03 13:26:50',27359,'2010-11-03 13:27:00',40890,'2010-11-03 13:27:00',1,0,'0000-00-00 00:00:00',0),(9271,1,8,'2010-11-03 13:26:50',28513,'2010-11-03 13:27:00',41497,'2010-11-03 13:27:00',1,0,'0000-00-00 00:00:00',0),(9273,1,5,'2010-11-03 13:27:00',41487,'2010-11-03 13:27:10',52556,'2010-11-03 13:27:10',1,0,'0000-00-00 00:00:00',0),(9275,1,8,'2010-11-03 13:27:00',41847,'2010-11-03 13:27:10',52593,'2010-11-03 13:27:10',1,0,'0000-00-00 00:00:00',0),(9277,1,6,'2010-11-03 13:27:10',52530,'2010-11-03 13:28:10',148946,'2010-11-03 13:28:10',1,0,'0000-00-00 00:00:00',0),(9279,1,10,'2010-11-03 13:27:10',52548,'2010-11-03 13:28:10',149543,'2010-11-03 13:28:10',1,0,'0000-00-00 00:00:00',0),(9281,1,5,'2010-11-03 13:27:10',52584,'2010-11-03 13:27:20',64285,'2010-11-03 13:27:20',1,0,'0000-00-00 00:00:00',0),(9283,1,8,'2010-11-03 13:27:10',53306,'2010-11-03 13:27:20',64667,'2010-11-03 13:27:20',1,0,'0000-00-00 00:00:00',0),(9285,1,5,'2010-11-03 13:27:20',64657,'2010-11-03 13:27:30',89255,'2010-11-03 13:27:30',1,0,'0000-00-00 00:00:00',0),(9287,1,8,'2010-11-03 13:27:20',74516,'2010-11-03 13:27:30',89322,'2010-11-03 13:27:30',1,0,'0000-00-00 00:00:00',0),(9290,1,5,'2010-11-03 13:27:30',89312,'2010-11-03 13:27:40',106589,'2010-11-03 13:27:40',1,0,'0000-00-00 00:00:00',0),(9292,1,8,'2010-11-03 13:27:30',89629,'2010-11-03 13:27:40',108388,'2010-11-03 13:27:40',1,0,'0000-00-00 00:00:00',0),(9295,1,0,'2010-11-03 13:27:40',107997,'2010-11-03 13:32:27',246880,'2010-11-03 13:32:27',0,3,'0000-00-00 00:00:00',0),(9296,1,0,'2010-11-03 13:27:40',108331,'2010-11-03 13:32:31',6677,'2010-11-03 13:32:31',0,9,'0000-00-00 00:00:00',0),(9297,1,5,'2010-11-03 13:27:40',108378,'2010-11-03 13:27:50',122195,'2010-11-03 13:27:50',1,0,'0000-00-00 00:00:00',0),(9299,1,8,'2010-11-03 13:27:40',109345,'2010-11-03 13:27:50',122560,'2010-11-03 13:27:50',1,0,'0000-00-00 00:00:00',0),(9302,1,12,'2010-11-03 13:27:50',122493,'2010-11-03 13:32:50',42616,'2010-11-03 13:32:50',0,1,'0000-00-00 00:00:00',0),(9303,1,5,'2010-11-03 13:27:50',122550,'2010-11-03 13:28:00',139363,'2010-11-03 13:28:00',1,0,'0000-00-00 00:00:00',0),(9305,1,8,'2010-11-03 13:27:50',122942,'2010-11-03 13:28:00',139706,'2010-11-03 13:28:00',1,0,'0000-00-00 00:00:00',0),(9308,1,0,'2010-11-03 13:28:00',139623,'2010-11-03 13:32:52',50047,'2010-11-03 13:32:52',0,10,'0000-00-00 00:00:00',0),(9309,1,5,'2010-11-03 13:28:00',139696,'2010-11-03 13:28:10',149572,'2010-11-03 13:28:10',1,0,'0000-00-00 00:00:00',0),(9311,1,8,'2010-11-03 13:28:00',140094,'2010-11-03 13:28:10',149615,'2010-11-03 13:28:10',1,0,'0000-00-00 00:00:00',0),(9313,1,6,'2010-11-03 13:28:10',149532,'2010-11-03 13:29:10',229346,'2010-11-03 13:29:10',1,0,'0000-00-00 00:00:00',0),(9315,1,10,'2010-11-03 13:28:10',149562,'2010-11-03 13:29:10',229879,'2010-11-03 13:29:10',1,0,'0000-00-00 00:00:00',0),(9317,1,5,'2010-11-03 13:28:10',149606,'2010-11-03 13:28:20',165823,'2010-11-03 13:28:20',1,0,'0000-00-00 00:00:00',0),(9319,1,8,'2010-11-03 13:28:10',149955,'2010-11-03 13:28:20',167216,'2010-11-03 13:28:20',1,0,'0000-00-00 00:00:00',0),(9322,1,0,'2010-11-03 13:28:20',167038,'2010-11-03 13:33:14',82258,'2010-11-03 13:33:14',0,6,'0000-00-00 00:00:00',0),(9323,1,5,'2010-11-03 13:28:20',167205,'2010-11-03 13:28:30',177811,'2010-11-03 13:28:30',1,0,'0000-00-00 00:00:00',0),(9325,1,8,'2010-11-03 13:28:20',167948,'2010-11-03 13:28:30',178378,'2010-11-03 13:28:30',1,0,'0000-00-00 00:00:00',0),(9327,1,5,'2010-11-03 13:28:30',178367,'2010-11-03 13:28:40',193323,'2010-11-03 13:28:40',1,0,'0000-00-00 00:00:00',0),(9329,1,8,'2010-11-03 13:28:30',179149,'2010-11-03 13:28:40',194857,'2010-11-03 13:28:40',1,0,'0000-00-00 00:00:00',0),(9332,1,0,'2010-11-03 13:28:40',194509,'2010-11-03 13:33:35',115774,'2010-11-03 13:33:35',0,5,'0000-00-00 00:00:00',0),(9333,1,5,'2010-11-03 13:28:40',194845,'2010-11-03 13:28:50',206428,'2010-11-03 13:28:50',1,0,'0000-00-00 00:00:00',0),(9335,1,8,'2010-11-03 13:28:40',195897,'2010-11-03 13:28:50',207070,'2010-11-03 13:28:50',1,0,'0000-00-00 00:00:00',0),(9337,1,5,'2010-11-03 13:28:50',207058,'2010-11-03 13:29:00',218651,'2010-11-03 13:29:00',1,0,'0000-00-00 00:00:00',0),(9339,1,8,'2010-11-03 13:28:50',207390,'2010-11-03 13:29:00',219170,'2010-11-03 13:29:00',1,0,'0000-00-00 00:00:00',0),(9341,1,5,'2010-11-03 13:29:00',219160,'2010-11-03 13:29:10',229910,'2010-11-03 13:29:10',1,0,'0000-00-00 00:00:00',0),(9343,1,8,'2010-11-03 13:29:00',219991,'2010-11-03 13:29:10',230096,'2010-11-03 13:29:10',1,0,'0000-00-00 00:00:00',0),(9345,1,6,'2010-11-03 13:29:10',229869,'2010-11-03 13:30:10',66631,'2010-11-03 13:30:10',1,0,'0000-00-00 00:00:00',0),(9347,1,10,'2010-11-03 13:29:10',229899,'2010-11-03 13:30:10',67313,'2010-11-03 13:30:10',1,0,'0000-00-00 00:00:00',0),(9349,1,5,'2010-11-03 13:29:10',230084,'2010-11-03 13:29:20',245230,'2010-11-03 13:29:20',1,0,'0000-00-00 00:00:00',0),(9351,1,8,'2010-11-03 13:29:10',231523,'2010-11-03 13:29:20',245764,'2010-11-03 13:29:20',1,0,'0000-00-00 00:00:00',0),(9353,1,5,'2010-11-03 13:29:20',245753,'2010-11-03 13:29:30',6028,'2010-11-03 13:29:30',1,0,'0000-00-00 00:00:00',0),(9355,1,8,'2010-11-03 13:29:20',246520,'2010-11-03 13:29:30',6581,'2010-11-03 13:29:30',1,0,'0000-00-00 00:00:00',0),(9357,1,5,'2010-11-03 13:29:30',6570,'2010-11-03 13:29:40',16902,'2010-11-03 13:29:40',1,0,'0000-00-00 00:00:00',0),(9359,1,8,'2010-11-03 13:29:30',7337,'2010-11-03 13:29:40',17449,'2010-11-03 13:29:40',1,0,'0000-00-00 00:00:00',0),(9361,1,5,'2010-11-03 13:29:40',17439,'2010-11-03 13:29:50',28091,'2010-11-03 13:29:50',1,0,'0000-00-00 00:00:00',0),(9363,1,8,'2010-11-03 13:29:40',18256,'2010-11-03 13:29:50',28725,'2010-11-03 13:29:50',1,0,'0000-00-00 00:00:00',0),(9365,1,5,'2010-11-03 13:29:50',28704,'2010-11-03 13:30:00',45009,'2010-11-03 13:30:00',1,0,'0000-00-00 00:00:00',0),(9367,1,8,'2010-11-03 13:29:50',35099,'2010-11-03 13:30:00',45539,'2010-11-03 13:30:00',1,0,'0000-00-00 00:00:00',0),(9369,1,5,'2010-11-03 13:30:00',45529,'2010-11-03 13:30:10',67328,'2010-11-03 13:30:10',1,0,'0000-00-00 00:00:00',0),(9371,1,8,'2010-11-03 13:30:00',46276,'2010-11-03 13:30:10',67658,'2010-11-03 13:30:10',1,0,'0000-00-00 00:00:00',0),(9374,1,6,'2010-11-03 13:30:10',67301,'2010-11-03 13:31:10',161313,'2010-11-03 13:31:10',1,0,'0000-00-00 00:00:00',0),(9376,1,10,'2010-11-03 13:30:10',67320,'2010-11-03 13:31:10',161348,'2010-11-03 13:31:10',1,0,'0000-00-00 00:00:00',0),(9378,1,0,'2010-11-03 13:30:10',67513,'2010-11-03 13:35:01',15391,'2010-11-03 13:35:01',0,7,'0000-00-00 00:00:00',0),(9379,1,5,'2010-11-03 13:30:10',67646,'2010-11-03 13:30:20',93208,'2010-11-03 13:30:20',1,0,'0000-00-00 00:00:00',0),(9381,1,8,'2010-11-03 13:30:10',75258,'2010-11-03 13:30:20',94287,'2010-11-03 13:30:20',1,0,'0000-00-00 00:00:00',0),(9384,1,12,'2010-11-03 13:30:20',94224,'2010-11-03 13:35:20',46594,'2010-11-03 13:35:20',0,2,'0000-00-00 00:00:00',0),(9385,1,5,'2010-11-03 13:30:20',94278,'2010-11-03 13:30:30',107947,'2010-11-03 13:30:30',1,0,'0000-00-00 00:00:00',0),(9387,1,8,'2010-11-03 13:30:20',94674,'2010-11-03 13:30:30',108625,'2010-11-03 13:30:30',1,0,'0000-00-00 00:00:00',0),(9389,1,5,'2010-11-03 13:30:30',108615,'2010-11-03 13:30:40',126085,'2010-11-03 13:30:40',1,0,'0000-00-00 00:00:00',0),(9391,1,8,'2010-11-03 13:30:30',114939,'2010-11-03 13:30:40',126625,'2010-11-03 13:30:40',1,0,'0000-00-00 00:00:00',0),(9393,1,5,'2010-11-03 13:30:40',126615,'2010-11-03 13:30:50',139160,'2010-11-03 13:30:50',1,0,'0000-00-00 00:00:00',0),(9395,1,8,'2010-11-03 13:30:40',127594,'2010-11-03 13:30:50',139221,'2010-11-03 13:30:50',1,0,'0000-00-00 00:00:00',0),(9397,1,5,'2010-11-03 13:30:50',139212,'2010-11-03 13:31:00',150303,'2010-11-03 13:31:00',1,0,'0000-00-00 00:00:00',0),(9399,1,8,'2010-11-03 13:30:50',139700,'2010-11-03 13:31:00',150854,'2010-11-03 13:31:00',1,0,'0000-00-00 00:00:00',0),(9401,1,5,'2010-11-03 13:31:00',150843,'2010-11-03 13:31:10',161363,'2010-11-03 13:31:10',1,0,'0000-00-00 00:00:00',0),(9403,1,8,'2010-11-03 13:31:00',151750,'2010-11-03 13:31:10',161405,'2010-11-03 13:31:10',1,0,'0000-00-00 00:00:00',0),(9405,1,6,'2010-11-03 13:31:10',161340,'2010-11-03 13:32:10',228340,'2010-11-03 13:32:10',1,0,'0000-00-00 00:00:00',0),(9407,1,10,'2010-11-03 13:31:10',161355,'2010-11-03 13:32:10',228919,'2010-11-03 13:32:10',1,0,'0000-00-00 00:00:00',0),(9409,1,5,'2010-11-03 13:31:10',161396,'2010-11-03 13:31:20',171515,'2010-11-03 13:31:20',1,0,'0000-00-00 00:00:00',0),(9411,1,8,'2010-11-03 13:31:10',161943,'2010-11-03 13:31:20',172062,'2010-11-03 13:31:20',1,0,'0000-00-00 00:00:00',0),(9413,1,5,'2010-11-03 13:31:20',172051,'2010-11-03 13:31:30',185724,'2010-11-03 13:31:30',1,0,'0000-00-00 00:00:00',0),(9415,1,8,'2010-11-03 13:31:20',172383,'2010-11-03 13:31:30',186056,'2010-11-03 13:31:30',1,0,'0000-00-00 00:00:00',0),(9418,1,0,'2010-11-03 13:31:30',185974,'2010-11-03 13:36:27',133180,'2010-11-03 13:36:27',0,8,'0000-00-00 00:00:00',0),(9419,1,5,'2010-11-03 13:31:30',186046,'2010-11-03 13:31:40',195624,'2010-11-03 13:31:40',1,0,'0000-00-00 00:00:00',0),(9421,1,8,'2010-11-03 13:31:30',186443,'2010-11-03 13:31:40',196178,'2010-11-03 13:31:40',1,0,'0000-00-00 00:00:00',0),(9423,1,5,'2010-11-03 13:31:40',196168,'2010-11-03 13:31:50',207100,'2010-11-03 13:31:50',1,0,'0000-00-00 00:00:00',0),(9425,1,8,'2010-11-03 13:31:40',197036,'2010-11-03 13:31:50',207162,'2010-11-03 13:31:50',1,0,'0000-00-00 00:00:00',0),(9427,1,5,'2010-11-03 13:31:50',207152,'2010-11-03 13:32:00',215918,'2010-11-03 13:32:00',1,0,'0000-00-00 00:00:00',0),(9429,1,8,'2010-11-03 13:31:50',207839,'2010-11-03 13:32:00',216469,'2010-11-03 13:32:00',1,0,'0000-00-00 00:00:00',0),(9431,1,5,'2010-11-03 13:32:00',216459,'2010-11-03 13:32:10',228934,'2010-11-03 13:32:10',1,0,'0000-00-00 00:00:00',0),(9433,1,8,'2010-11-03 13:32:00',217437,'2010-11-03 13:32:10',228987,'2010-11-03 13:32:10',1,0,'0000-00-00 00:00:00',0),(9435,1,6,'2010-11-03 13:32:10',228906,'2010-11-03 13:33:10',76674,'2010-11-03 13:33:10',1,0,'0000-00-00 00:00:00',0),(9437,1,10,'2010-11-03 13:32:10',228926,'2010-11-03 13:33:10',77230,'2010-11-03 13:33:10',1,0,'0000-00-00 00:00:00',0),(9439,1,5,'2010-11-03 13:32:10',228979,'2010-11-03 13:32:20',238774,'2010-11-03 13:32:20',1,0,'0000-00-00 00:00:00',0),(9441,1,8,'2010-11-03 13:32:10',229445,'2010-11-03 13:32:20',239314,'2010-11-03 13:32:20',1,0,'0000-00-00 00:00:00',0),(9443,1,5,'2010-11-03 13:32:20',239304,'2010-11-03 13:32:30',5244,'2010-11-03 13:32:30',1,0,'0000-00-00 00:00:00',0),(9445,1,8,'2010-11-03 13:32:20',240122,'2010-11-03 13:32:30',5359,'2010-11-03 13:32:30',1,0,'0000-00-00 00:00:00',0),(9448,1,5,'2010-11-03 13:32:30',5349,'2010-11-03 13:32:40',19986,'2010-11-03 13:32:40',1,0,'0000-00-00 00:00:00',0),(9450,1,8,'2010-11-03 13:32:30',5790,'2010-11-03 13:32:40',22218,'2010-11-03 13:32:40',1,0,'0000-00-00 00:00:00',0),(9453,1,0,'2010-11-03 13:32:40',21218,'2010-11-03 13:37:31',222286,'2010-11-03 13:37:31',0,9,'0000-00-00 00:00:00',0),(9454,1,0,'2010-11-03 13:32:40',21656,'2010-11-03 13:37:27',212800,'2010-11-03 13:37:27',0,3,'0000-00-00 00:00:00',0),(9455,1,5,'2010-11-03 13:32:40',22207,'2010-11-03 13:32:50',41078,'2010-11-03 13:32:50',1,0,'0000-00-00 00:00:00',0),(9457,1,8,'2010-11-03 13:32:40',30580,'2010-11-03 13:32:50',41615,'2010-11-03 13:32:50',1,0,'0000-00-00 00:00:00',0),(9459,1,5,'2010-11-03 13:32:50',41604,'2010-11-03 13:33:00',63122,'2010-11-03 13:33:00',1,0,'0000-00-00 00:00:00',0),(9461,1,8,'2010-11-03 13:32:50',42606,'2010-11-03 13:33:00',65488,'2010-11-03 13:33:00',1,0,'0000-00-00 00:00:00',0),(9465,1,12,'2010-11-03 13:33:00',64364,'2010-11-03 13:38:00',23337,'2010-11-03 13:38:00',0,1,'0000-00-00 00:00:00',0),(9466,1,0,'2010-11-03 13:33:00',64847,'2010-11-03 13:37:52',7369,'2010-11-03 13:37:52',0,10,'0000-00-00 00:00:00',0),(9467,1,5,'2010-11-03 13:33:00',65477,'2010-11-03 13:33:10',77245,'2010-11-03 13:33:10',1,0,'0000-00-00 00:00:00',0),(9469,1,8,'2010-11-03 13:33:00',66621,'2010-11-03 13:33:10',77285,'2010-11-03 13:33:10',1,0,'0000-00-00 00:00:00',0),(9471,1,6,'2010-11-03 13:33:10',77219,'2010-11-03 13:34:10',161993,'2010-11-03 13:34:10',1,0,'0000-00-00 00:00:00',0),(9473,1,10,'2010-11-03 13:33:10',77237,'2010-11-03 13:34:10',162649,'2010-11-03 13:34:10',1,0,'0000-00-00 00:00:00',0),(9475,1,5,'2010-11-03 13:33:10',77276,'2010-11-03 13:33:20',92794,'2010-11-03 13:33:20',1,0,'0000-00-00 00:00:00',0),(9477,1,8,'2010-11-03 13:33:10',77794,'2010-11-03 13:33:20',94256,'2010-11-03 13:33:20',1,0,'0000-00-00 00:00:00',0),(9480,1,0,'2010-11-03 13:33:20',93976,'2010-11-03 13:38:14',43855,'2010-11-03 13:38:14',0,6,'0000-00-00 00:00:00',0),(9481,1,5,'2010-11-03 13:33:20',94245,'2010-11-03 13:33:30',105082,'2010-11-03 13:33:30',1,0,'0000-00-00 00:00:00',0),(9483,1,8,'2010-11-03 13:33:20',94979,'2010-11-03 13:33:30',105687,'2010-11-03 13:33:30',1,0,'0000-00-00 00:00:00',0),(9485,1,5,'2010-11-03 13:33:30',105676,'2010-11-03 13:33:40',125600,'2010-11-03 13:33:40',1,0,'0000-00-00 00:00:00',0),(9487,1,8,'2010-11-03 13:33:30',110993,'2010-11-03 13:33:40',131002,'2010-11-03 13:33:40',1,0,'0000-00-00 00:00:00',0),(9490,1,0,'2010-11-03 13:33:40',130804,'2010-11-03 13:38:35',76801,'2010-11-03 13:38:35',0,5,'0000-00-00 00:00:00',0),(9491,1,5,'2010-11-03 13:33:40',130990,'2010-11-03 13:33:50',141684,'2010-11-03 13:33:50',1,0,'0000-00-00 00:00:00',0),(9493,1,8,'2010-11-03 13:33:40',131630,'2010-11-03 13:33:50',141760,'2010-11-03 13:33:50',1,0,'0000-00-00 00:00:00',0),(9495,1,5,'2010-11-03 13:33:50',141750,'2010-11-03 13:34:00',151487,'2010-11-03 13:34:00',1,0,'0000-00-00 00:00:00',0),(9497,1,8,'2010-11-03 13:33:50',142201,'2010-11-03 13:34:00',152002,'2010-11-03 13:34:00',1,0,'0000-00-00 00:00:00',0),(9499,1,5,'2010-11-03 13:34:00',151991,'2010-11-03 13:34:10',162664,'2010-11-03 13:34:10',1,0,'0000-00-00 00:00:00',0),(9501,1,8,'2010-11-03 13:34:00',152849,'2010-11-03 13:34:10',162704,'2010-11-03 13:34:10',1,0,'0000-00-00 00:00:00',0),(9503,1,6,'2010-11-03 13:34:10',162637,'2010-11-03 13:35:10',30146,'2010-11-03 13:35:10',1,0,'0000-00-00 00:00:00',0),(9505,1,10,'2010-11-03 13:34:10',162656,'2010-11-03 13:35:10',30721,'2010-11-03 13:35:10',1,0,'0000-00-00 00:00:00',0),(9507,1,5,'2010-11-03 13:34:10',162695,'2010-11-03 13:34:20',181665,'2010-11-03 13:34:20',1,0,'0000-00-00 00:00:00',0),(9509,1,8,'2010-11-03 13:34:10',170576,'2010-11-03 13:34:20',182219,'2010-11-03 13:34:20',1,0,'0000-00-00 00:00:00',0),(9511,1,5,'2010-11-03 13:34:20',182209,'2010-11-03 13:34:30',198451,'2010-11-03 13:34:30',1,0,'0000-00-00 00:00:00',0),(9513,1,8,'2010-11-03 13:34:20',183151,'2010-11-03 13:34:30',199788,'2010-11-03 13:34:30',1,0,'0000-00-00 00:00:00',0),(9515,1,5,'2010-11-03 13:34:30',199775,'2010-11-03 13:34:40',211196,'2010-11-03 13:34:40',1,0,'0000-00-00 00:00:00',0),(9517,1,8,'2010-11-03 13:34:30',200666,'2010-11-03 13:34:40',211802,'2010-11-03 13:34:40',1,0,'0000-00-00 00:00:00',0),(9519,1,5,'2010-11-03 13:34:40',211792,'2010-11-03 13:34:50',245564,'2010-11-03 13:34:50',1,0,'0000-00-00 00:00:00',0),(9521,1,8,'2010-11-03 13:34:40',212177,'2010-11-03 13:34:50',246114,'2010-11-03 13:34:50',1,0,'0000-00-00 00:00:00',0),(9523,1,5,'2010-11-03 13:34:50',246104,'2010-11-03 13:35:00',12783,'2010-11-03 13:35:00',1,0,'0000-00-00 00:00:00',0),(9525,1,8,'2010-11-03 13:34:50',247426,'2010-11-03 13:35:00',14178,'2010-11-03 13:35:00',1,0,'0000-00-00 00:00:00',0),(9527,1,5,'2010-11-03 13:35:00',14165,'2010-11-03 13:35:10',30737,'2010-11-03 13:35:10',1,0,'0000-00-00 00:00:00',0),(9529,1,8,'2010-11-03 13:35:00',14546,'2010-11-03 13:35:10',31651,'2010-11-03 13:35:10',1,0,'0000-00-00 00:00:00',0),(9532,1,6,'2010-11-03 13:35:10',30710,'2010-11-03 13:36:10',111966,'2010-11-03 13:36:10',1,0,'0000-00-00 00:00:00',0),(9534,1,10,'2010-11-03 13:35:10',30728,'2010-11-03 13:36:10',112516,'2010-11-03 13:36:10',1,0,'0000-00-00 00:00:00',0),(9536,1,0,'2010-11-03 13:35:10',31432,'2010-11-03 13:40:01',200444,'2010-11-03 13:40:01',0,7,'0000-00-00 00:00:00',0),(9537,1,5,'2010-11-03 13:35:10',31639,'2010-11-03 13:35:20',44957,'2010-11-03 13:35:20',1,0,'0000-00-00 00:00:00',0),(9539,1,8,'2010-11-03 13:35:10',32443,'2010-11-03 13:35:20',45557,'2010-11-03 13:35:20',1,0,'0000-00-00 00:00:00',0),(9541,1,5,'2010-11-03 13:35:20',45547,'2010-11-03 13:35:30',63102,'2010-11-03 13:35:30',1,0,'0000-00-00 00:00:00',0),(9543,1,8,'2010-11-03 13:35:20',46573,'2010-11-03 13:35:30',64121,'2010-11-03 13:35:30',1,0,'0000-00-00 00:00:00',0),(9546,1,12,'2010-11-03 13:35:30',63990,'2010-11-03 13:40:30',247486,'2010-11-03 13:40:30',0,2,'0000-00-00 00:00:00',0),(9547,1,5,'2010-11-03 13:35:30',64111,'2010-11-03 13:35:40',77025,'2010-11-03 13:35:40',1,0,'0000-00-00 00:00:00',0),(9549,1,8,'2010-11-03 13:35:30',64554,'2010-11-03 13:35:40',77598,'2010-11-03 13:35:40',1,0,'0000-00-00 00:00:00',0),(9551,1,5,'2010-11-03 13:35:40',77587,'2010-11-03 13:35:50',88200,'2010-11-03 13:35:50',1,0,'0000-00-00 00:00:00',0),(9553,1,8,'2010-11-03 13:35:40',78522,'2010-11-03 13:35:50',88725,'2010-11-03 13:35:50',1,0,'0000-00-00 00:00:00',0),(9555,1,5,'2010-11-03 13:35:50',88714,'2010-11-03 13:36:00',100292,'2010-11-03 13:36:00',1,0,'0000-00-00 00:00:00',0),(9557,1,8,'2010-11-03 13:35:50',89547,'2010-11-03 13:36:00',100836,'2010-11-03 13:36:00',1,0,'0000-00-00 00:00:00',0),(9559,1,5,'2010-11-03 13:36:00',100826,'2010-11-03 13:36:10',112532,'2010-11-03 13:36:10',1,0,'0000-00-00 00:00:00',0),(9561,1,8,'2010-11-03 13:36:00',101409,'2010-11-03 13:36:10',112593,'2010-11-03 13:36:10',1,0,'0000-00-00 00:00:00',0),(9563,1,6,'2010-11-03 13:36:10',112506,'2010-11-03 13:37:10',192062,'2010-11-03 13:37:10',1,0,'0000-00-00 00:00:00',0),(9565,1,10,'2010-11-03 13:36:10',112524,'2010-11-03 13:37:10',192078,'2010-11-03 13:37:10',1,0,'0000-00-00 00:00:00',0),(9567,1,5,'2010-11-03 13:36:10',112583,'2010-11-03 13:36:20',125328,'2010-11-03 13:36:20',1,0,'0000-00-00 00:00:00',0),(9569,1,8,'2010-11-03 13:36:10',113690,'2010-11-03 13:36:20',125926,'2010-11-03 13:36:20',1,0,'0000-00-00 00:00:00',0),(9571,1,5,'2010-11-03 13:36:20',125915,'2010-11-03 13:36:30',148663,'2010-11-03 13:36:30',1,0,'0000-00-00 00:00:00',0),(9573,1,8,'2010-11-03 13:36:20',126256,'2010-11-03 13:36:30',149513,'2010-11-03 13:36:30',1,0,'0000-00-00 00:00:00',0),(9576,1,0,'2010-11-03 13:36:30',149430,'2010-11-03 13:41:27',71886,'2010-11-03 13:41:27',0,8,'0000-00-00 00:00:00',0),(9577,1,5,'2010-11-03 13:36:30',149503,'2010-11-03 13:36:40',157702,'2010-11-03 13:36:40',1,0,'0000-00-00 00:00:00',0),(9579,1,8,'2010-11-03 13:36:30',149795,'2010-11-03 13:36:40',157789,'2010-11-03 13:36:40',1,0,'0000-00-00 00:00:00',0),(9581,1,5,'2010-11-03 13:36:40',157779,'2010-11-03 13:36:50',166954,'2010-11-03 13:36:50',1,0,'0000-00-00 00:00:00',0),(9583,1,8,'2010-11-03 13:36:40',158822,'2010-11-03 13:36:50',167014,'2010-11-03 13:36:50',1,0,'0000-00-00 00:00:00',0),(9585,1,5,'2010-11-03 13:36:50',167004,'2010-11-03 13:37:00',177377,'2010-11-03 13:37:00',1,0,'0000-00-00 00:00:00',0),(9587,1,8,'2010-11-03 13:36:50',167448,'2010-11-03 13:37:00',177894,'2010-11-03 13:37:00',1,0,'0000-00-00 00:00:00',0),(9589,1,5,'2010-11-03 13:37:00',177883,'2010-11-03 13:37:10',192092,'2010-11-03 13:37:10',1,0,'0000-00-00 00:00:00',0),(9591,1,8,'2010-11-03 13:37:00',178422,'2010-11-03 13:37:10',192120,'2010-11-03 13:37:10',1,0,'0000-00-00 00:00:00',0),(9593,1,7,'2010-11-03 13:37:10',192051,'2010-11-03 14:37:10',9044,'2010-11-03 14:37:10',1,0,'0000-00-00 00:00:00',0),(9595,1,6,'2010-11-03 13:37:10',192070,'2010-11-03 13:38:10',39483,'2010-11-03 13:38:10',1,0,'0000-00-00 00:00:00',0),(9597,1,10,'2010-11-03 13:37:10',192084,'2010-11-03 13:38:10',39528,'2010-11-03 13:38:10',1,0,'0000-00-00 00:00:00',0),(9599,1,5,'2010-11-03 13:37:10',192111,'2010-11-03 13:37:20',204404,'2010-11-03 13:37:20',1,0,'0000-00-00 00:00:00',0),(9601,1,8,'2010-11-03 13:37:10',192541,'2010-11-03 13:37:20',204944,'2010-11-03 13:37:20',1,0,'0000-00-00 00:00:00',0),(9603,1,5,'2010-11-03 13:37:20',204933,'2010-11-03 13:37:30',220899,'2010-11-03 13:37:30',1,0,'0000-00-00 00:00:00',0),(9605,1,8,'2010-11-03 13:37:20',205481,'2010-11-03 13:37:30',220987,'2010-11-03 13:37:30',1,0,'0000-00-00 00:00:00',0),(9608,1,5,'2010-11-03 13:37:30',220977,'2010-11-03 13:37:40',236949,'2010-11-03 13:37:40',1,0,'0000-00-00 00:00:00',0),(9610,1,8,'2010-11-03 13:37:30',221404,'2010-11-03 13:37:40',243398,'2010-11-03 13:37:40',1,0,'0000-00-00 00:00:00',0),(9613,1,0,'2010-11-03 13:37:40',242963,'2010-11-03 13:42:27',147751,'2010-11-03 13:42:27',0,3,'0000-00-00 00:00:00',0),(9614,1,0,'2010-11-03 13:37:40',243120,'2010-11-03 13:42:31',156411,'2010-11-03 13:42:31',0,9,'0000-00-00 00:00:00',0),(9615,1,5,'2010-11-03 13:37:40',243388,'2010-11-03 13:37:50',4655,'2010-11-03 13:37:50',1,0,'0000-00-00 00:00:00',0),(9617,1,8,'2010-11-03 13:37:40',244405,'2010-11-03 13:37:50',5214,'2010-11-03 13:37:50',1,0,'0000-00-00 00:00:00',0),(9619,1,5,'2010-11-03 13:37:50',5203,'2010-11-03 13:38:00',21176,'2010-11-03 13:38:00',1,0,'0000-00-00 00:00:00',0),(9621,1,8,'2010-11-03 13:37:50',5530,'2010-11-03 13:38:00',22600,'2010-11-03 13:38:00',1,0,'0000-00-00 00:00:00',0),(9624,1,0,'2010-11-03 13:38:00',22278,'2010-11-03 13:42:52',186619,'2010-11-03 13:42:52',0,10,'0000-00-00 00:00:00',0),(9625,1,5,'2010-11-03 13:38:00',22588,'2010-11-03 13:38:10',39543,'2010-11-03 13:38:10',1,0,'0000-00-00 00:00:00',0),(9627,1,8,'2010-11-03 13:38:00',23326,'2010-11-03 13:38:10',39864,'2010-11-03 13:38:10',1,0,'0000-00-00 00:00:00',0),(9630,1,6,'2010-11-03 13:38:10',39518,'2010-11-03 13:39:10',138046,'2010-11-03 13:39:10',1,0,'0000-00-00 00:00:00',0),(9632,1,10,'2010-11-03 13:38:10',39535,'2010-11-03 13:39:10',138559,'2010-11-03 13:39:10',1,0,'0000-00-00 00:00:00',0),(9634,1,12,'2010-11-03 13:38:10',39790,'2010-11-03 13:43:10',218468,'2010-11-03 13:43:10',0,1,'0000-00-00 00:00:00',0),(9635,1,5,'2010-11-03 13:38:10',39855,'2010-11-03 13:38:20',55612,'2010-11-03 13:38:20',1,0,'0000-00-00 00:00:00',0),(9637,1,8,'2010-11-03 13:38:10',40242,'2010-11-03 13:38:20',57149,'2010-11-03 13:38:20',1,0,'0000-00-00 00:00:00',0),(9640,1,0,'2010-11-03 13:38:20',56699,'2010-11-03 13:43:14',228791,'2010-11-03 13:43:14',0,6,'0000-00-00 00:00:00',0),(9641,1,5,'2010-11-03 13:38:20',57137,'2010-11-03 13:38:30',70164,'2010-11-03 13:38:30',1,0,'0000-00-00 00:00:00',0),(9643,1,8,'2010-11-03 13:38:20',57893,'2010-11-03 13:38:30',70752,'2010-11-03 13:38:30',1,0,'0000-00-00 00:00:00',0),(9645,1,5,'2010-11-03 13:38:30',70741,'2010-11-03 13:38:40',97988,'2010-11-03 13:38:40',1,0,'0000-00-00 00:00:00',0),(9647,1,8,'2010-11-03 13:38:30',71659,'2010-11-03 13:38:40',99274,'2010-11-03 13:38:40',1,0,'0000-00-00 00:00:00',0),(9650,1,0,'2010-11-03 13:38:40',99090,'2010-11-03 13:43:35',8392,'2010-11-03 13:43:35',0,5,'0000-00-00 00:00:00',0),(9651,1,5,'2010-11-03 13:38:40',99263,'2010-11-03 13:38:50',110361,'2010-11-03 13:38:50',1,0,'0000-00-00 00:00:00',0),(9653,1,8,'2010-11-03 13:38:40',99912,'2010-11-03 13:38:50',110877,'2010-11-03 13:38:50',1,0,'0000-00-00 00:00:00',0),(9655,1,5,'2010-11-03 13:38:50',110867,'2010-11-03 13:39:00',121596,'2010-11-03 13:39:00',1,0,'0000-00-00 00:00:00',0),(9657,1,8,'2010-11-03 13:38:50',111649,'2010-11-03 13:39:00',122120,'2010-11-03 13:39:00',1,0,'0000-00-00 00:00:00',0),(9659,1,5,'2010-11-03 13:39:00',122110,'2010-11-03 13:39:10',138574,'2010-11-03 13:39:10',1,0,'0000-00-00 00:00:00',0),(9661,1,8,'2010-11-03 13:39:00',122899,'2010-11-03 13:39:10',138611,'2010-11-03 13:39:10',1,0,'0000-00-00 00:00:00',0),(9663,1,6,'2010-11-03 13:39:10',138549,'2010-11-03 13:40:10',214378,'2010-11-03 13:40:10',1,0,'0000-00-00 00:00:00',0),(9665,1,10,'2010-11-03 13:39:10',138566,'2010-11-03 13:40:10',214950,'2010-11-03 13:40:10',1,0,'0000-00-00 00:00:00',0),(9667,1,5,'2010-11-03 13:39:10',138601,'2010-11-03 13:39:20',150000,'2010-11-03 13:39:20',1,0,'0000-00-00 00:00:00',0),(9669,1,8,'2010-11-03 13:39:10',139447,'2010-11-03 13:39:20',150597,'2010-11-03 13:39:20',1,0,'0000-00-00 00:00:00',0),(9671,1,5,'2010-11-03 13:39:20',150586,'2010-11-03 13:39:30',161631,'2010-11-03 13:39:30',1,0,'0000-00-00 00:00:00',0),(9673,1,8,'2010-11-03 13:39:20',151339,'2010-11-03 13:39:30',161711,'2010-11-03 13:39:30',1,0,'0000-00-00 00:00:00',0),(9675,1,5,'2010-11-03 13:39:30',161701,'2010-11-03 13:39:40',172780,'2010-11-03 13:39:40',1,0,'0000-00-00 00:00:00',0),(9677,1,8,'2010-11-03 13:39:30',162134,'2010-11-03 13:39:40',172821,'2010-11-03 13:39:40',1,0,'0000-00-00 00:00:00',0),(9679,1,5,'2010-11-03 13:39:40',172811,'2010-11-03 13:39:50',184438,'2010-11-03 13:39:50',1,0,'0000-00-00 00:00:00',0),(9681,1,8,'2010-11-03 13:39:40',173103,'2010-11-03 13:39:50',185749,'2010-11-03 13:39:50',1,0,'0000-00-00 00:00:00',0),(9683,1,5,'2010-11-03 13:39:50',185738,'2010-11-03 13:40:00',198329,'2010-11-03 13:40:00',1,0,'0000-00-00 00:00:00',0),(9685,1,8,'2010-11-03 13:39:50',186508,'2010-11-03 13:40:00',198444,'2010-11-03 13:40:00',1,0,'0000-00-00 00:00:00',0),(9687,1,5,'2010-11-03 13:40:00',198434,'2010-11-03 13:40:10',214965,'2010-11-03 13:40:10',1,0,'0000-00-00 00:00:00',0),(9689,1,8,'2010-11-03 13:40:00',199569,'2010-11-03 13:40:10',215822,'2010-11-03 13:40:10',1,0,'0000-00-00 00:00:00',0),(9692,1,6,'2010-11-03 13:40:10',214939,'2010-11-03 13:41:10',51512,'2010-11-03 13:41:10',1,0,'0000-00-00 00:00:00',0),(9694,1,10,'2010-11-03 13:40:10',214957,'2010-11-03 13:41:10',52046,'2010-11-03 13:41:10',1,0,'0000-00-00 00:00:00',0),(9696,1,0,'2010-11-03 13:40:10',215555,'2010-11-03 13:45:01',113587,'2010-11-03 13:45:01',0,7,'0000-00-00 00:00:00',0),(9697,1,5,'2010-11-03 13:40:10',215810,'2010-11-03 13:40:20',228393,'2010-11-03 13:40:20',1,0,'0000-00-00 00:00:00',0),(9699,1,8,'2010-11-03 13:40:10',216754,'2010-11-03 13:40:20',228481,'2010-11-03 13:40:20',1,0,'0000-00-00 00:00:00',0),(9701,1,5,'2010-11-03 13:40:20',228471,'2010-11-03 13:40:30',238067,'2010-11-03 13:40:30',1,0,'0000-00-00 00:00:00',0),(9703,1,8,'2010-11-03 13:40:20',228928,'2010-11-03 13:40:30',238751,'2010-11-03 13:40:30',1,0,'0000-00-00 00:00:00',0),(9705,1,5,'2010-11-03 13:40:30',238741,'2010-11-03 13:40:40',12877,'2010-11-03 13:40:40',1,0,'0000-00-00 00:00:00',0),(9707,1,8,'2010-11-03 13:40:30',247473,'2010-11-03 13:40:40',14375,'2010-11-03 13:40:40',1,0,'0000-00-00 00:00:00',0),(9710,1,12,'2010-11-03 13:40:40',14015,'2010-11-03 13:45:40',169726,'2010-11-03 13:45:40',0,2,'0000-00-00 00:00:00',0),(9711,1,5,'2010-11-03 13:40:40',14068,'2010-11-03 13:40:50',25187,'2010-11-03 13:40:50',1,0,'0000-00-00 00:00:00',0),(9713,1,8,'2010-11-03 13:40:40',14660,'2010-11-03 13:40:50',25731,'2010-11-03 13:40:50',1,0,'0000-00-00 00:00:00',0),(9715,1,5,'2010-11-03 13:40:50',25720,'2010-11-03 13:41:00',37366,'2010-11-03 13:41:00',1,0,'0000-00-00 00:00:00',0),(9717,1,8,'2010-11-03 13:40:50',26812,'2010-11-03 13:41:00',37929,'2010-11-03 13:41:00',1,0,'0000-00-00 00:00:00',0),(9719,1,5,'2010-11-03 13:41:00',37918,'2010-11-03 13:41:10',52062,'2010-11-03 13:41:10',1,0,'0000-00-00 00:00:00',0),(9721,1,8,'2010-11-03 13:41:00',38825,'2010-11-03 13:41:10',52099,'2010-11-03 13:41:10',1,0,'0000-00-00 00:00:00',0),(9723,1,6,'2010-11-03 13:41:10',52025,'2010-11-03 13:42:10',127160,'2010-11-03 13:42:10',1,0,'0000-00-00 00:00:00',0),(9725,1,10,'2010-11-03 13:41:10',52054,'2010-11-03 13:42:10',127757,'2010-11-03 13:42:10',1,0,'0000-00-00 00:00:00',0),(9727,1,5,'2010-11-03 13:41:10',52090,'2010-11-03 13:41:20',63449,'2010-11-03 13:41:20',1,0,'0000-00-00 00:00:00',0),(9729,1,8,'2010-11-03 13:41:10',52840,'2010-11-03 13:41:20',63989,'2010-11-03 13:41:20',1,0,'0000-00-00 00:00:00',0),(9731,1,5,'2010-11-03 13:41:20',63979,'2010-11-03 13:41:30',80672,'2010-11-03 13:41:30',1,0,'0000-00-00 00:00:00',0),(9733,1,8,'2010-11-03 13:41:20',64861,'2010-11-03 13:41:30',82067,'2010-11-03 13:41:30',1,0,'0000-00-00 00:00:00',0),(9736,1,0,'2010-11-03 13:41:30',81797,'2010-11-03 13:46:27',230250,'2010-11-03 13:46:27',0,8,'0000-00-00 00:00:00',0),(9737,1,5,'2010-11-03 13:41:30',82055,'2010-11-03 13:41:40',92864,'2010-11-03 13:41:40',1,0,'0000-00-00 00:00:00',0),(9739,1,8,'2010-11-03 13:41:30',83155,'2010-11-03 13:41:40',93414,'2010-11-03 13:41:40',1,0,'0000-00-00 00:00:00',0),(9741,1,5,'2010-11-03 13:41:40',93403,'2010-11-03 13:41:50',104118,'2010-11-03 13:41:50',1,0,'0000-00-00 00:00:00',0),(9743,1,8,'2010-11-03 13:41:40',94157,'2010-11-03 13:41:50',104698,'2010-11-03 13:41:50',1,0,'0000-00-00 00:00:00',0),(9745,1,5,'2010-11-03 13:41:50',104688,'2010-11-03 13:42:00',115872,'2010-11-03 13:42:00',1,0,'0000-00-00 00:00:00',0),(9747,1,8,'2010-11-03 13:41:50',105707,'2010-11-03 13:42:00',116415,'2010-11-03 13:42:00',1,0,'0000-00-00 00:00:00',0),(9749,1,5,'2010-11-03 13:42:00',116404,'2010-11-03 13:42:10',127771,'2010-11-03 13:42:10',1,0,'0000-00-00 00:00:00',0),(9751,1,8,'2010-11-03 13:42:00',117436,'2010-11-03 13:42:10',127813,'2010-11-03 13:42:10',1,0,'0000-00-00 00:00:00',0),(9753,1,6,'2010-11-03 13:42:10',127746,'2010-11-03 13:43:10',217067,'2010-11-03 13:43:10',1,0,'0000-00-00 00:00:00',0),(9755,1,10,'2010-11-03 13:42:10',127764,'2010-11-03 13:43:10',217598,'2010-11-03 13:43:10',1,0,'0000-00-00 00:00:00',0),(9757,1,5,'2010-11-03 13:42:10',127804,'2010-11-03 13:42:20',139624,'2010-11-03 13:42:20',1,0,'0000-00-00 00:00:00',0),(9759,1,8,'2010-11-03 13:42:10',128740,'2010-11-03 13:42:20',140202,'2010-11-03 13:42:20',1,0,'0000-00-00 00:00:00',0),(9761,1,5,'2010-11-03 13:42:20',140192,'2010-11-03 13:42:30',154639,'2010-11-03 13:42:30',1,0,'0000-00-00 00:00:00',0),(9763,1,8,'2010-11-03 13:42:20',141001,'2010-11-03 13:42:30',155200,'2010-11-03 13:42:30',1,0,'0000-00-00 00:00:00',0),(9766,1,5,'2010-11-03 13:42:30',155189,'2010-11-03 13:42:40',170427,'2010-11-03 13:42:40',1,0,'0000-00-00 00:00:00',0),(9768,1,8,'2010-11-03 13:42:30',155600,'2010-11-03 13:42:40',172174,'2010-11-03 13:42:40',1,0,'0000-00-00 00:00:00',0),(9771,1,0,'2010-11-03 13:42:40',171710,'2010-11-03 13:47:27',54570,'2010-11-03 13:47:27',0,3,'0000-00-00 00:00:00',0),(9772,1,0,'2010-11-03 13:42:40',172117,'2010-11-03 13:47:31',65347,'2010-11-03 13:47:31',0,9,'0000-00-00 00:00:00',0),(9773,1,5,'2010-11-03 13:42:40',172165,'2010-11-03 13:42:50',183506,'2010-11-03 13:42:50',1,0,'0000-00-00 00:00:00',0),(9775,1,8,'2010-11-03 13:42:40',173531,'2010-11-03 13:42:50',184032,'2010-11-03 13:42:50',1,0,'0000-00-00 00:00:00',0),(9777,1,5,'2010-11-03 13:42:50',184022,'2010-11-03 13:43:00',199938,'2010-11-03 13:43:00',1,0,'0000-00-00 00:00:00',0),(9779,1,8,'2010-11-03 13:42:50',184904,'2010-11-03 13:43:00',206926,'2010-11-03 13:43:00',1,0,'0000-00-00 00:00:00',0),(9782,1,0,'2010-11-03 13:43:00',206740,'2010-11-03 13:47:52',93800,'2010-11-03 13:47:52',0,10,'0000-00-00 00:00:00',0),(9783,1,5,'2010-11-03 13:43:00',206915,'2010-11-03 13:43:10',217612,'2010-11-03 13:43:10',1,0,'0000-00-00 00:00:00',0),(9785,1,8,'2010-11-03 13:43:00',207505,'2010-11-03 13:43:10',217654,'2010-11-03 13:43:10',1,0,'0000-00-00 00:00:00',0),(9787,1,6,'2010-11-03 13:43:10',217587,'2010-11-03 13:44:10',54650,'2010-11-03 13:44:10',1,0,'0000-00-00 00:00:00',0),(9789,1,10,'2010-11-03 13:43:10',217605,'2010-11-03 13:44:10',55180,'2010-11-03 13:44:10',1,0,'0000-00-00 00:00:00',0),(9791,1,5,'2010-11-03 13:43:10',217645,'2010-11-03 13:43:20',238928,'2010-11-03 13:43:20',1,0,'0000-00-00 00:00:00',0),(9793,1,8,'2010-11-03 13:43:10',218458,'2010-11-03 13:43:20',241122,'2010-11-03 13:43:20',1,0,'0000-00-00 00:00:00',0),(9797,1,12,'2010-11-03 13:43:20',240167,'2010-11-03 13:48:20',135918,'2010-11-03 13:48:20',0,1,'0000-00-00 00:00:00',0),(9798,1,0,'2010-11-03 13:43:20',240575,'2010-11-03 13:48:14',123327,'2010-11-03 13:48:14',0,6,'0000-00-00 00:00:00',0),(9799,1,5,'2010-11-03 13:43:20',241111,'2010-11-03 13:43:30',1951,'2010-11-03 13:43:30',1,0,'0000-00-00 00:00:00',0),(9801,1,8,'2010-11-03 13:43:20',242162,'2010-11-03 13:43:30',2552,'2010-11-03 13:43:30',1,0,'0000-00-00 00:00:00',0),(9803,1,5,'2010-11-03 13:43:30',2542,'2010-11-03 13:43:40',18166,'2010-11-03 13:43:40',1,0,'0000-00-00 00:00:00',0),(9805,1,8,'2010-11-03 13:43:30',3363,'2010-11-03 13:43:40',19742,'2010-11-03 13:43:40',1,0,'0000-00-00 00:00:00',0),(9808,1,0,'2010-11-03 13:43:40',19455,'2010-11-03 13:48:35',162129,'2010-11-03 13:48:35',0,5,'0000-00-00 00:00:00',0),(9809,1,5,'2010-11-03 13:43:40',19731,'2010-11-03 13:43:50',31094,'2010-11-03 13:43:50',1,0,'0000-00-00 00:00:00',0),(9811,1,8,'2010-11-03 13:43:40',20670,'2010-11-03 13:43:50',31676,'2010-11-03 13:43:50',1,0,'0000-00-00 00:00:00',0),(9813,1,5,'2010-11-03 13:43:50',31655,'2010-11-03 13:44:00',42842,'2010-11-03 13:44:00',1,0,'0000-00-00 00:00:00',0),(9815,1,8,'2010-11-03 13:43:50',32723,'2010-11-03 13:44:00',43403,'2010-11-03 13:44:00',1,0,'0000-00-00 00:00:00',0),(9817,1,5,'2010-11-03 13:44:00',43393,'2010-11-03 13:44:10',55194,'2010-11-03 13:44:10',1,0,'0000-00-00 00:00:00',0),(9819,1,8,'2010-11-03 13:44:00',44249,'2010-11-03 13:44:10',55232,'2010-11-03 13:44:10',1,0,'0000-00-00 00:00:00',0),(9821,1,6,'2010-11-03 13:44:10',55169,'2010-11-03 13:45:10',127305,'2010-11-03 13:45:10',1,0,'0000-00-00 00:00:00',0),(9823,1,10,'2010-11-03 13:44:10',55186,'2010-11-03 13:45:10',127980,'2010-11-03 13:45:10',1,0,'0000-00-00 00:00:00',0),(9825,1,5,'2010-11-03 13:44:10',55223,'2010-11-03 13:44:20',65632,'2010-11-03 13:44:20',1,0,'0000-00-00 00:00:00',0),(9827,1,8,'2010-11-03 13:44:10',56017,'2010-11-03 13:44:20',66155,'2010-11-03 13:44:20',1,0,'0000-00-00 00:00:00',0),(9829,1,5,'2010-11-03 13:44:20',66145,'2010-11-03 13:44:30',76882,'2010-11-03 13:44:30',1,0,'0000-00-00 00:00:00',0),(9831,1,8,'2010-11-03 13:44:20',67000,'2010-11-03 13:44:30',77402,'2010-11-03 13:44:30',1,0,'0000-00-00 00:00:00',0),(9833,1,5,'2010-11-03 13:44:30',77392,'2010-11-03 13:44:40',87758,'2010-11-03 13:44:40',1,0,'0000-00-00 00:00:00',0),(9835,1,8,'2010-11-03 13:44:30',78157,'2010-11-03 13:44:40',88318,'2010-11-03 13:44:40',1,0,'0000-00-00 00:00:00',0),(9837,1,5,'2010-11-03 13:44:40',88307,'2010-11-03 13:44:50',100308,'2010-11-03 13:44:50',1,0,'0000-00-00 00:00:00',0),(9839,1,8,'2010-11-03 13:44:40',89062,'2010-11-03 13:44:50',100842,'2010-11-03 13:44:50',1,0,'0000-00-00 00:00:00',0),(9841,1,5,'2010-11-03 13:44:50',100831,'2010-11-03 13:45:00',111739,'2010-11-03 13:45:00',1,0,'0000-00-00 00:00:00',0),(9843,1,8,'2010-11-03 13:44:50',101576,'2010-11-03 13:45:00',112305,'2010-11-03 13:45:00',1,0,'0000-00-00 00:00:00',0),(9845,1,5,'2010-11-03 13:45:00',112284,'2010-11-03 13:45:10',127995,'2010-11-03 13:45:10',1,0,'0000-00-00 00:00:00',0),(9847,1,8,'2010-11-03 13:45:00',112779,'2010-11-03 13:45:10',135081,'2010-11-03 13:45:10',1,0,'0000-00-00 00:00:00',0),(9850,1,6,'2010-11-03 13:45:10',127968,'2010-11-03 13:46:10',211230,'2010-11-03 13:46:10',1,0,'0000-00-00 00:00:00',0),(9852,1,10,'2010-11-03 13:45:10',127987,'2010-11-03 13:46:10',211771,'2010-11-03 13:46:10',1,0,'0000-00-00 00:00:00',0),(9854,1,0,'2010-11-03 13:45:10',134906,'2010-11-03 13:50:01',22599,'2010-11-03 13:50:01',0,7,'0000-00-00 00:00:00',0),(9855,1,5,'2010-11-03 13:45:10',135069,'2010-11-03 13:45:20',145127,'2010-11-03 13:45:20',1,0,'0000-00-00 00:00:00',0),(9857,1,8,'2010-11-03 13:45:10',135706,'2010-11-03 13:45:20',145671,'2010-11-03 13:45:20',1,0,'0000-00-00 00:00:00',0),(9859,1,5,'2010-11-03 13:45:20',145661,'2010-11-03 13:45:30',156677,'2010-11-03 13:45:30',1,0,'0000-00-00 00:00:00',0),(9861,1,8,'2010-11-03 13:45:20',146495,'2010-11-03 13:45:30',157201,'2010-11-03 13:45:30',1,0,'0000-00-00 00:00:00',0),(9863,1,5,'2010-11-03 13:45:30',157191,'2010-11-03 13:45:40',167734,'2010-11-03 13:45:40',1,0,'0000-00-00 00:00:00',0),(9865,1,8,'2010-11-03 13:45:30',157804,'2010-11-03 13:45:40',168938,'2010-11-03 13:45:40',1,0,'0000-00-00 00:00:00',0),(9867,1,5,'2010-11-03 13:45:40',168926,'2010-11-03 13:45:50',187333,'2010-11-03 13:45:50',1,0,'0000-00-00 00:00:00',0),(9869,1,8,'2010-11-03 13:45:40',169716,'2010-11-03 13:45:50',188163,'2010-11-03 13:45:50',1,0,'0000-00-00 00:00:00',0),(9872,1,12,'2010-11-03 13:45:50',188100,'2010-11-03 13:50:50',86326,'2010-11-03 13:50:50',0,2,'0000-00-00 00:00:00',0),(9873,1,5,'2010-11-03 13:45:50',188154,'2010-11-03 13:46:00',200041,'2010-11-03 13:46:00',1,0,'0000-00-00 00:00:00',0),(9875,1,8,'2010-11-03 13:45:50',188989,'2010-11-03 13:46:00',200823,'2010-11-03 13:46:00',1,0,'0000-00-00 00:00:00',0),(9877,1,5,'2010-11-03 13:46:00',200813,'2010-11-03 13:46:10',211786,'2010-11-03 13:46:10',1,0,'0000-00-00 00:00:00',0),(9879,1,8,'2010-11-03 13:46:00',201190,'2010-11-03 13:46:10',211823,'2010-11-03 13:46:10',1,0,'0000-00-00 00:00:00',0),(9881,1,6,'2010-11-03 13:46:10',211761,'2010-11-03 13:47:10',35438,'2010-11-03 13:47:10',1,0,'0000-00-00 00:00:00',0),(9883,1,10,'2010-11-03 13:46:10',211778,'2010-11-03 13:47:10',36052,'2010-11-03 13:47:10',1,0,'0000-00-00 00:00:00',0),(9885,1,5,'2010-11-03 13:46:10',211814,'2010-11-03 13:46:20',222525,'2010-11-03 13:46:20',1,0,'0000-00-00 00:00:00',0),(9887,1,8,'2010-11-03 13:46:10',212626,'2010-11-03 13:46:20',223073,'2010-11-03 13:46:20',1,0,'0000-00-00 00:00:00',0),(9889,1,5,'2010-11-03 13:46:20',223062,'2010-11-03 13:46:30',238738,'2010-11-03 13:46:30',1,0,'0000-00-00 00:00:00',0),(9891,1,8,'2010-11-03 13:46:20',223416,'2010-11-03 13:46:30',240296,'2010-11-03 13:46:30',1,0,'0000-00-00 00:00:00',0),(9894,1,0,'2010-11-03 13:46:30',239837,'2010-11-03 13:51:27',137735,'2010-11-03 13:51:27',0,8,'0000-00-00 00:00:00',0),(9895,1,5,'2010-11-03 13:46:30',240284,'2010-11-03 13:46:40',637,'2010-11-03 13:46:40',1,0,'0000-00-00 00:00:00',0),(9897,1,8,'2010-11-03 13:46:30',241420,'2010-11-03 13:46:40',1162,'2010-11-03 13:46:40',1,0,'0000-00-00 00:00:00',0),(9899,1,5,'2010-11-03 13:46:40',1151,'2010-11-03 13:46:50',12959,'2010-11-03 13:46:50',1,0,'0000-00-00 00:00:00',0),(9901,1,8,'2010-11-03 13:46:40',2023,'2010-11-03 13:46:50',13509,'2010-11-03 13:46:50',1,0,'0000-00-00 00:00:00',0),(9903,1,5,'2010-11-03 13:46:50',13499,'2010-11-03 13:47:00',24528,'2010-11-03 13:47:00',1,0,'0000-00-00 00:00:00',0),(9905,1,8,'2010-11-03 13:46:50',14359,'2010-11-03 13:47:00',25096,'2010-11-03 13:47:00',1,0,'0000-00-00 00:00:00',0),(9907,1,5,'2010-11-03 13:47:00',25085,'2010-11-03 13:47:10',36068,'2010-11-03 13:47:10',1,0,'0000-00-00 00:00:00',0),(9909,1,8,'2010-11-03 13:47:00',25648,'2010-11-03 13:47:10',36105,'2010-11-03 13:47:10',1,0,'0000-00-00 00:00:00',0),(9911,1,6,'2010-11-03 13:47:10',36030,'2010-11-03 13:48:10',117566,'2010-11-03 13:48:10',1,0,'0000-00-00 00:00:00',0),(9913,1,10,'2010-11-03 13:47:10',36060,'2010-11-03 13:48:10',118112,'2010-11-03 13:48:10',1,0,'0000-00-00 00:00:00',0),(9915,1,5,'2010-11-03 13:47:10',36096,'2010-11-03 13:47:20',47052,'2010-11-03 13:47:20',1,0,'0000-00-00 00:00:00',0),(9917,1,8,'2010-11-03 13:47:10',36582,'2010-11-03 13:47:20',47185,'2010-11-03 13:47:20',1,0,'0000-00-00 00:00:00',0),(9919,1,5,'2010-11-03 13:47:20',47175,'2010-11-03 13:47:30',62073,'2010-11-03 13:47:30',1,0,'0000-00-00 00:00:00',0),(9921,1,8,'2010-11-03 13:47:20',47625,'2010-11-03 13:47:30',62157,'2010-11-03 13:47:30',1,0,'0000-00-00 00:00:00',0),(9924,1,5,'2010-11-03 13:47:30',62146,'2010-11-03 13:47:40',79070,'2010-11-03 13:47:40',1,0,'0000-00-00 00:00:00',0),(9926,1,8,'2010-11-03 13:47:30',62599,'2010-11-03 13:47:40',80628,'2010-11-03 13:47:40',1,0,'0000-00-00 00:00:00',0),(9929,1,0,'2010-11-03 13:47:40',80302,'2010-11-03 13:52:27',220900,'2010-11-03 13:52:27',0,3,'0000-00-00 00:00:00',0),(9930,1,0,'2010-11-03 13:47:40',80572,'2010-11-03 13:52:31',230388,'2010-11-03 13:52:31',0,9,'0000-00-00 00:00:00',0),(9931,1,5,'2010-11-03 13:47:40',80618,'2010-11-03 13:47:50',90787,'2010-11-03 13:47:50',1,0,'0000-00-00 00:00:00',0),(9933,1,8,'2010-11-03 13:47:40',80896,'2010-11-03 13:47:50',91312,'2010-11-03 13:47:50',1,0,'0000-00-00 00:00:00',0),(9935,1,5,'2010-11-03 13:47:50',91301,'2010-11-03 13:48:00',106494,'2010-11-03 13:48:00',1,0,'0000-00-00 00:00:00',0),(9937,1,8,'2010-11-03 13:47:50',92074,'2010-11-03 13:48:00',107470,'2010-11-03 13:48:00',1,0,'0000-00-00 00:00:00',0),(9940,1,0,'2010-11-03 13:48:00',107382,'2010-11-03 13:52:52',12711,'2010-11-03 13:52:52',0,10,'0000-00-00 00:00:00',0),(9941,1,5,'2010-11-03 13:48:00',107460,'2010-11-03 13:48:10',118126,'2010-11-03 13:48:10',1,0,'0000-00-00 00:00:00',0),(9943,1,8,'2010-11-03 13:48:00',107966,'2010-11-03 13:48:10',118168,'2010-11-03 13:48:10',1,0,'0000-00-00 00:00:00',0),(9945,1,6,'2010-11-03 13:48:10',118102,'2010-11-03 13:49:10',206668,'2010-11-03 13:49:10',1,0,'0000-00-00 00:00:00',0),(9947,1,10,'2010-11-03 13:48:10',118119,'2010-11-03 13:49:10',207180,'2010-11-03 13:49:10',1,0,'0000-00-00 00:00:00',0),(9949,1,5,'2010-11-03 13:48:10',118159,'2010-11-03 13:48:20',135148,'2010-11-03 13:48:20',1,0,'0000-00-00 00:00:00',0),(9951,1,8,'2010-11-03 13:48:10',118851,'2010-11-03 13:48:20',135505,'2010-11-03 13:48:20',1,0,'0000-00-00 00:00:00',0),(9954,1,0,'2010-11-03 13:48:20',135409,'2010-11-03 13:53:14',47445,'2010-11-03 13:53:14',0,6,'0000-00-00 00:00:00',0),(9955,1,5,'2010-11-03 13:48:20',135494,'2010-11-03 13:48:30',155290,'2010-11-03 13:48:30',1,0,'0000-00-00 00:00:00',0),(9957,1,8,'2010-11-03 13:48:20',135908,'2010-11-03 13:48:30',156675,'2010-11-03 13:48:30',1,0,'0000-00-00 00:00:00',0),(9960,1,12,'2010-11-03 13:48:30',156383,'2010-11-03 13:53:30',74582,'2010-11-03 13:53:30',0,1,'0000-00-00 00:00:00',0),(9961,1,5,'2010-11-03 13:48:30',156665,'2010-11-03 13:48:40',171159,'2010-11-03 13:48:40',1,0,'0000-00-00 00:00:00',0),(9963,1,8,'2010-11-03 13:48:30',157602,'2010-11-03 13:48:40',172582,'2010-11-03 13:48:40',1,0,'0000-00-00 00:00:00',0),(9966,1,0,'2010-11-03 13:48:40',172299,'2010-11-03 13:53:35',84874,'2010-11-03 13:53:35',0,5,'0000-00-00 00:00:00',0),(9967,1,5,'2010-11-03 13:48:40',172570,'2010-11-03 13:48:50',183832,'2010-11-03 13:48:50',1,0,'0000-00-00 00:00:00',0),(9969,1,8,'2010-11-03 13:48:40',173576,'2010-11-03 13:48:50',184348,'2010-11-03 13:48:50',1,0,'0000-00-00 00:00:00',0),(9971,1,5,'2010-11-03 13:48:50',184338,'2010-11-03 13:49:00',195176,'2010-11-03 13:49:00',1,0,'0000-00-00 00:00:00',0),(9973,1,8,'2010-11-03 13:48:50',185131,'2010-11-03 13:49:00',195697,'2010-11-03 13:49:00',1,0,'0000-00-00 00:00:00',0),(9975,1,5,'2010-11-03 13:49:00',195686,'2010-11-03 13:49:10',207195,'2010-11-03 13:49:10',1,0,'0000-00-00 00:00:00',0),(9977,1,8,'2010-11-03 13:49:00',196967,'2010-11-03 13:49:10',207247,'2010-11-03 13:49:10',1,0,'0000-00-00 00:00:00',0),(9979,1,6,'2010-11-03 13:49:10',207170,'2010-11-03 13:50:10',36457,'2010-11-03 13:50:10',1,0,'0000-00-00 00:00:00',0),(9981,1,10,'2010-11-03 13:49:10',207187,'2010-11-03 13:50:10',36973,'2010-11-03 13:50:10',1,0,'0000-00-00 00:00:00',0),(9983,1,5,'2010-11-03 13:49:10',207237,'2010-11-03 13:49:20',217896,'2010-11-03 13:49:20',1,0,'0000-00-00 00:00:00',0),(9985,1,8,'2010-11-03 13:49:10',208011,'2010-11-03 13:49:20',218511,'2010-11-03 13:49:20',1,0,'0000-00-00 00:00:00',0),(9987,1,5,'2010-11-03 13:49:20',218500,'2010-11-03 13:49:30',229305,'2010-11-03 13:49:30',1,0,'0000-00-00 00:00:00',0),(9989,1,8,'2010-11-03 13:49:20',219347,'2010-11-03 13:49:30',229791,'2010-11-03 13:49:30',1,0,'0000-00-00 00:00:00',0),(9991,1,5,'2010-11-03 13:49:30',229780,'2010-11-03 13:49:40',247989,'2010-11-03 13:49:40',1,0,'0000-00-00 00:00:00',0),(9993,1,8,'2010-11-03 13:49:30',238557,'2010-11-03 13:49:40',248508,'2010-11-03 13:49:40',1,0,'0000-00-00 00:00:00',0),(9995,1,5,'2010-11-03 13:49:40',248498,'2010-11-03 13:49:50',8809,'2010-11-03 13:49:50',1,0,'0000-00-00 00:00:00',0),(9997,1,8,'2010-11-03 13:49:40',249286,'2010-11-03 13:49:50',9394,'2010-11-03 13:49:50',1,0,'0000-00-00 00:00:00',0),(9999,1,5,'2010-11-03 13:49:50',9383,'2010-11-03 13:50:00',20414,'2010-11-03 13:50:00',1,0,'0000-00-00 00:00:00',0),(10001,1,8,'2010-11-03 13:49:50',10215,'2010-11-03 13:50:00',20919,'2010-11-03 13:50:00',1,0,'0000-00-00 00:00:00',0),(10003,1,5,'2010-11-03 13:50:00',20908,'2010-11-03 13:50:10',36988,'2010-11-03 13:50:10',1,0,'0000-00-00 00:00:00',0),(10005,1,8,'2010-11-03 13:50:00',21693,'2010-11-03 13:50:10',37260,'2010-11-03 13:50:10',1,0,'0000-00-00 00:00:00',0),(10008,1,6,'2010-11-03 13:50:10',36962,'2010-11-03 13:51:10',117584,'2010-11-03 13:51:10',1,0,'0000-00-00 00:00:00',0),(10010,1,10,'2010-11-03 13:50:10',36980,'2010-11-03 13:51:10',118090,'2010-11-03 13:51:10',1,0,'0000-00-00 00:00:00',0),(10012,1,0,'2010-11-03 13:50:10',37172,'2010-11-03 13:55:01',223520,'2010-11-03 13:55:01',0,7,'0000-00-00 00:00:00',0),(10013,1,5,'2010-11-03 13:50:10',37249,'2010-11-03 13:50:20',49617,'2010-11-03 13:50:20',1,0,'0000-00-00 00:00:00',0),(10015,1,8,'2010-11-03 13:50:10',37534,'2010-11-03 13:50:20',50156,'2010-11-03 13:50:20',1,0,'0000-00-00 00:00:00',0),(10017,1,5,'2010-11-03 13:50:20',50145,'2010-11-03 13:50:30',61430,'2010-11-03 13:50:30',1,0,'0000-00-00 00:00:00',0),(10019,1,8,'2010-11-03 13:50:20',50946,'2010-11-03 13:50:30',61956,'2010-11-03 13:50:30',1,0,'0000-00-00 00:00:00',0),(10021,1,5,'2010-11-03 13:50:30',61946,'2010-11-03 13:50:40',72112,'2010-11-03 13:50:40',1,0,'0000-00-00 00:00:00',0),(10023,1,8,'2010-11-03 13:50:30',62771,'2010-11-03 13:50:40',72630,'2010-11-03 13:50:40',1,0,'0000-00-00 00:00:00',0),(10025,1,5,'2010-11-03 13:50:40',72619,'2010-11-03 13:50:50',85148,'2010-11-03 13:50:50',1,0,'0000-00-00 00:00:00',0),(10027,1,8,'2010-11-03 13:50:40',73420,'2010-11-03 13:50:50',85929,'2010-11-03 13:50:50',1,0,'0000-00-00 00:00:00',0),(10029,1,5,'2010-11-03 13:50:50',85918,'2010-11-03 13:51:00',100914,'2010-11-03 13:51:00',1,0,'0000-00-00 00:00:00',0),(10031,1,8,'2010-11-03 13:50:50',86297,'2010-11-03 13:51:00',101868,'2010-11-03 13:51:00',1,0,'0000-00-00 00:00:00',0),(10034,1,12,'2010-11-03 13:51:00',101806,'2010-11-03 13:56:00',54074,'2010-11-03 13:56:00',0,2,'0000-00-00 00:00:00',0),(10035,1,5,'2010-11-03 13:51:00',101859,'2010-11-03 13:51:10',118106,'2010-11-03 13:51:10',1,0,'0000-00-00 00:00:00',0),(10037,1,8,'2010-11-03 13:51:00',102835,'2010-11-03 13:51:10',118146,'2010-11-03 13:51:10',1,0,'0000-00-00 00:00:00',0),(10039,1,6,'2010-11-03 13:51:10',118080,'2010-11-03 13:52:10',197188,'2010-11-03 13:52:10',1,0,'0000-00-00 00:00:00',0),(10041,1,10,'2010-11-03 13:51:10',118097,'2010-11-03 13:52:10',197791,'2010-11-03 13:52:10',1,0,'0000-00-00 00:00:00',0),(10043,1,5,'2010-11-03 13:51:10',118136,'2010-11-03 13:51:20',129595,'2010-11-03 13:51:20',1,0,'0000-00-00 00:00:00',0),(10045,1,8,'2010-11-03 13:51:10',118485,'2010-11-03 13:51:20',130113,'2010-11-03 13:51:20',1,0,'0000-00-00 00:00:00',0),(10047,1,5,'2010-11-03 13:51:20',130103,'2010-11-03 13:51:30',146131,'2010-11-03 13:51:30',1,0,'0000-00-00 00:00:00',0),(10049,1,8,'2010-11-03 13:51:20',131009,'2010-11-03 13:51:30',147466,'2010-11-03 13:51:30',1,0,'0000-00-00 00:00:00',0),(10052,1,0,'2010-11-03 13:51:30',147297,'2010-11-03 13:56:27',90747,'2010-11-03 13:56:27',0,8,'0000-00-00 00:00:00',0),(10053,1,5,'2010-11-03 13:51:30',147454,'2010-11-03 13:51:40',157761,'2010-11-03 13:51:40',1,0,'0000-00-00 00:00:00',0),(10055,1,8,'2010-11-03 13:51:30',148402,'2010-11-03 13:51:40',158338,'2010-11-03 13:51:40',1,0,'0000-00-00 00:00:00',0),(10057,1,5,'2010-11-03 13:51:40',158328,'2010-11-03 13:51:50',174599,'2010-11-03 13:51:50',1,0,'0000-00-00 00:00:00',0),(10059,1,8,'2010-11-03 13:51:40',159138,'2010-11-03 13:51:50',175123,'2010-11-03 13:51:50',1,0,'0000-00-00 00:00:00',0),(10061,1,5,'2010-11-03 13:51:50',175113,'2010-11-03 13:52:00',186568,'2010-11-03 13:52:00',1,0,'0000-00-00 00:00:00',0),(10063,1,8,'2010-11-03 13:51:50',175921,'2010-11-03 13:52:00',187111,'2010-11-03 13:52:00',1,0,'0000-00-00 00:00:00',0),(10065,1,5,'2010-11-03 13:52:00',187101,'2010-11-03 13:52:10',197806,'2010-11-03 13:52:10',1,0,'0000-00-00 00:00:00',0),(10067,1,8,'2010-11-03 13:52:00',187968,'2010-11-03 13:52:10',197842,'2010-11-03 13:52:10',1,0,'0000-00-00 00:00:00',0),(10069,1,6,'2010-11-03 13:52:10',197781,'2010-11-03 13:53:10',41860,'2010-11-03 13:53:10',1,0,'0000-00-00 00:00:00',0),(10071,1,10,'2010-11-03 13:52:10',197799,'2010-11-03 13:53:10',42408,'2010-11-03 13:53:10',1,0,'0000-00-00 00:00:00',0),(10073,1,5,'2010-11-03 13:52:10',197833,'2010-11-03 13:52:20',212965,'2010-11-03 13:52:20',1,0,'0000-00-00 00:00:00',0),(10075,1,8,'2010-11-03 13:52:10',202945,'2010-11-03 13:52:20',213464,'2010-11-03 13:52:20',1,0,'0000-00-00 00:00:00',0),(10077,1,5,'2010-11-03 13:52:20',213454,'2010-11-03 13:52:30',228762,'2010-11-03 13:52:30',1,0,'0000-00-00 00:00:00',0),(10079,1,8,'2010-11-03 13:52:20',214279,'2010-11-03 13:52:30',229320,'2010-11-03 13:52:30',1,0,'0000-00-00 00:00:00',0),(10082,1,5,'2010-11-03 13:52:30',229309,'2010-11-03 13:52:40',246957,'2010-11-03 13:52:40',1,0,'0000-00-00 00:00:00',0),(10084,1,8,'2010-11-03 13:52:30',229632,'2010-11-03 13:52:40',248656,'2010-11-03 13:52:40',1,0,'0000-00-00 00:00:00',0),(10087,1,0,'2010-11-03 13:52:40',248187,'2010-11-03 13:57:27',172751,'2010-11-03 13:57:27',0,3,'0000-00-00 00:00:00',0),(10088,1,0,'2010-11-03 13:52:40',248599,'2010-11-03 13:57:31',180973,'2010-11-03 13:57:31',0,9,'0000-00-00 00:00:00',0),(10089,1,5,'2010-11-03 13:52:40',248647,'2010-11-03 13:52:50',9672,'2010-11-03 13:52:50',1,0,'0000-00-00 00:00:00',0),(10091,1,8,'2010-11-03 13:52:40',249816,'2010-11-03 13:52:50',10241,'2010-11-03 13:52:50',1,0,'0000-00-00 00:00:00',0),(10093,1,5,'2010-11-03 13:52:50',10230,'2010-11-03 13:53:00',25731,'2010-11-03 13:53:00',1,0,'0000-00-00 00:00:00',0),(10095,1,8,'2010-11-03 13:52:50',10987,'2010-11-03 13:53:00',27053,'2010-11-03 13:53:00',1,0,'0000-00-00 00:00:00',0),(10098,1,0,'2010-11-03 13:53:00',26877,'2010-11-03 13:57:52',214504,'2010-11-03 13:57:52',0,10,'0000-00-00 00:00:00',0),(10099,1,5,'2010-11-03 13:53:00',27042,'2010-11-03 13:53:10',42423,'2010-11-03 13:53:10',1,0,'0000-00-00 00:00:00',0),(10101,1,8,'2010-11-03 13:53:00',27807,'2010-11-03 13:53:10',42460,'2010-11-03 13:53:10',1,0,'0000-00-00 00:00:00',0),(10103,1,6,'2010-11-03 13:53:10',42398,'2010-11-03 13:54:10',157026,'2010-11-03 13:54:10',1,0,'0000-00-00 00:00:00',0),(10105,1,10,'2010-11-03 13:53:10',42415,'2010-11-03 13:54:10',157570,'2010-11-03 13:54:10',1,0,'0000-00-00 00:00:00',0),(10107,1,5,'2010-11-03 13:53:10',42451,'2010-11-03 13:53:20',58902,'2010-11-03 13:53:20',1,0,'0000-00-00 00:00:00',0),(10109,1,8,'2010-11-03 13:53:10',43221,'2010-11-03 13:53:20',60535,'2010-11-03 13:53:20',1,0,'0000-00-00 00:00:00',0),(10112,1,0,'2010-11-03 13:53:20',60131,'2010-11-03 13:58:14',2798,'2010-11-03 13:58:14',0,6,'0000-00-00 00:00:00',0),(10113,1,5,'2010-11-03 13:53:20',60523,'2010-11-03 13:53:30',73222,'2010-11-03 13:53:30',1,0,'0000-00-00 00:00:00',0),(10115,1,8,'2010-11-03 13:53:20',61711,'2010-11-03 13:53:30',73778,'2010-11-03 13:53:30',1,0,'0000-00-00 00:00:00',0),(10117,1,5,'2010-11-03 13:53:30',73767,'2010-11-03 13:53:40',94819,'2010-11-03 13:53:40',1,0,'0000-00-00 00:00:00',0),(10119,1,8,'2010-11-03 13:53:30',74571,'2010-11-03 13:53:40',96613,'2010-11-03 13:53:40',1,0,'0000-00-00 00:00:00',0),(10123,1,12,'2010-11-03 13:53:40',96043,'2010-11-03 13:58:40',40333,'2010-11-03 13:58:40',0,1,'0000-00-00 00:00:00',0),(10124,1,0,'2010-11-03 13:53:40',96554,'2010-11-03 13:58:35',30023,'2010-11-03 13:58:35',0,5,'0000-00-00 00:00:00',0),(10125,1,5,'2010-11-03 13:53:40',96604,'2010-11-03 13:53:50',131242,'2010-11-03 13:53:50',1,0,'0000-00-00 00:00:00',0),(10127,1,8,'2010-11-03 13:53:40',96903,'2010-11-03 13:53:50',131773,'2010-11-03 13:53:50',1,0,'0000-00-00 00:00:00',0),(10129,1,5,'2010-11-03 13:53:50',131762,'2010-11-03 13:54:00',144395,'2010-11-03 13:54:00',1,0,'0000-00-00 00:00:00',0),(10131,1,8,'2010-11-03 13:53:50',132564,'2010-11-03 13:54:00',145014,'2010-11-03 13:54:00',1,0,'0000-00-00 00:00:00',0),(10133,1,5,'2010-11-03 13:54:00',145004,'2010-11-03 13:54:10',157585,'2010-11-03 13:54:10',1,0,'0000-00-00 00:00:00',0),(10135,1,8,'2010-11-03 13:54:00',145390,'2010-11-03 13:54:10',157728,'2010-11-03 13:54:10',1,0,'0000-00-00 00:00:00',0),(10137,1,6,'2010-11-03 13:54:10',157559,'2010-11-03 13:55:10',238127,'2010-11-03 13:55:10',1,0,'0000-00-00 00:00:00',0),(10139,1,10,'2010-11-03 13:54:10',157577,'2010-11-03 13:55:10',238650,'2010-11-03 13:55:10',1,0,'0000-00-00 00:00:00',0),(10141,1,5,'2010-11-03 13:54:10',157715,'2010-11-03 13:54:20',168550,'2010-11-03 13:54:20',1,0,'0000-00-00 00:00:00',0),(10143,1,8,'2010-11-03 13:54:10',158386,'2010-11-03 13:54:20',169098,'2010-11-03 13:54:20',1,0,'0000-00-00 00:00:00',0),(10145,1,5,'2010-11-03 13:54:20',169088,'2010-11-03 13:54:30',179637,'2010-11-03 13:54:30',1,0,'0000-00-00 00:00:00',0),(10147,1,8,'2010-11-03 13:54:20',169660,'2010-11-03 13:54:30',180337,'2010-11-03 13:54:30',1,0,'0000-00-00 00:00:00',0),(10149,1,5,'2010-11-03 13:54:30',180326,'2010-11-03 13:54:40',197087,'2010-11-03 13:54:40',1,0,'0000-00-00 00:00:00',0),(10151,1,8,'2010-11-03 13:54:30',187048,'2010-11-03 13:54:40',197622,'2010-11-03 13:54:40',1,0,'0000-00-00 00:00:00',0),(10153,1,5,'2010-11-03 13:54:40',197612,'2010-11-03 13:54:50',209465,'2010-11-03 13:54:50',1,0,'0000-00-00 00:00:00',0),(10155,1,8,'2010-11-03 13:54:40',198425,'2010-11-03 13:54:50',209983,'2010-11-03 13:54:50',1,0,'0000-00-00 00:00:00',0),(10157,1,5,'2010-11-03 13:54:50',209973,'2010-11-03 13:55:00',221332,'2010-11-03 13:55:00',1,0,'0000-00-00 00:00:00',0),(10159,1,8,'2010-11-03 13:54:50',210960,'2010-11-03 13:55:00',221842,'2010-11-03 13:55:00',1,0,'0000-00-00 00:00:00',0),(10161,1,5,'2010-11-03 13:55:00',221831,'2010-11-03 13:55:10',238665,'2010-11-03 13:55:10',1,0,'0000-00-00 00:00:00',0),(10163,1,8,'2010-11-03 13:55:00',222623,'2010-11-03 13:55:10',239724,'2010-11-03 13:55:10',1,0,'0000-00-00 00:00:00',0),(10166,1,6,'2010-11-03 13:55:10',238639,'2010-11-03 13:56:10',70518,'2010-11-03 13:56:10',1,0,'0000-00-00 00:00:00',0),(10168,1,10,'2010-11-03 13:55:10',238657,'2010-11-03 13:56:10',71091,'2010-11-03 13:56:10',1,0,'0000-00-00 00:00:00',0),(10170,1,0,'2010-11-03 13:55:10',239273,'2010-11-03 14:00:01',152635,'2010-11-03 14:00:01',0,7,'0000-00-00 00:00:00',0),(10171,1,5,'2010-11-03 13:55:10',239712,'2010-11-03 13:55:20',292,'2010-11-03 13:55:20',1,0,'0000-00-00 00:00:00',0),(10173,1,8,'2010-11-03 13:55:10',240437,'2010-11-03 13:55:20',848,'2010-11-03 13:55:20',1,0,'0000-00-00 00:00:00',0),(10175,1,5,'2010-11-03 13:55:20',838,'2010-11-03 13:55:30',12258,'2010-11-03 13:55:30',1,0,'0000-00-00 00:00:00',0),(10177,1,8,'2010-11-03 13:55:20',1682,'2010-11-03 13:55:30',12906,'2010-11-03 13:55:30',1,0,'0000-00-00 00:00:00',0),(10179,1,5,'2010-11-03 13:55:30',12896,'2010-11-03 13:55:40',28849,'2010-11-03 13:55:40',1,0,'0000-00-00 00:00:00',0),(10181,1,8,'2010-11-03 13:55:30',19017,'2010-11-03 13:55:40',29394,'2010-11-03 13:55:40',1,0,'0000-00-00 00:00:00',0),(10183,1,5,'2010-11-03 13:55:40',29384,'2010-11-03 13:55:50',41363,'2010-11-03 13:55:50',1,0,'0000-00-00 00:00:00',0),(10185,1,8,'2010-11-03 13:55:40',30144,'2010-11-03 13:55:50',41883,'2010-11-03 13:55:50',1,0,'0000-00-00 00:00:00',0),(10187,1,5,'2010-11-03 13:55:50',41873,'2010-11-03 13:56:00',52543,'2010-11-03 13:56:00',1,0,'0000-00-00 00:00:00',0),(10189,1,8,'2010-11-03 13:55:50',42217,'2010-11-03 13:56:00',53052,'2010-11-03 13:56:00',1,0,'0000-00-00 00:00:00',0),(10191,1,5,'2010-11-03 13:56:00',53041,'2010-11-03 13:56:10',71106,'2010-11-03 13:56:10',1,0,'0000-00-00 00:00:00',0),(10193,1,8,'2010-11-03 13:56:00',54063,'2010-11-03 13:56:10',71745,'2010-11-03 13:56:10',1,0,'0000-00-00 00:00:00',0),(10196,1,6,'2010-11-03 13:56:10',71079,'2010-11-03 13:57:10',152883,'2010-11-03 13:57:10',1,0,'0000-00-00 00:00:00',0),(10198,1,10,'2010-11-03 13:56:10',71098,'2010-11-03 13:57:10',153419,'2010-11-03 13:57:10',1,0,'0000-00-00 00:00:00',0),(10200,1,12,'2010-11-03 13:56:10',71685,'2010-11-03 14:01:10',243081,'2010-11-03 14:01:10',0,2,'0000-00-00 00:00:00',0),(10201,1,5,'2010-11-03 13:56:10',71736,'2010-11-03 13:56:20',82608,'2010-11-03 13:56:20',1,0,'0000-00-00 00:00:00',0),(10203,1,8,'2010-11-03 13:56:10',72366,'2010-11-03 13:56:20',83175,'2010-11-03 13:56:20',1,0,'0000-00-00 00:00:00',0),(10205,1,5,'2010-11-03 13:56:20',83164,'2010-11-03 13:56:30',105755,'2010-11-03 13:56:30',1,0,'0000-00-00 00:00:00',0),(10207,1,8,'2010-11-03 13:56:20',83948,'2010-11-03 13:56:30',107029,'2010-11-03 13:56:30',1,0,'0000-00-00 00:00:00',0),(10210,1,0,'2010-11-03 13:56:30',106854,'2010-11-03 14:01:27',19684,'2010-11-03 14:01:27',0,8,'0000-00-00 00:00:00',0),(10211,1,5,'2010-11-03 13:56:30',107018,'2010-11-03 13:56:40',117288,'2010-11-03 13:56:40',1,0,'0000-00-00 00:00:00',0),(10213,1,8,'2010-11-03 13:56:30',107626,'2010-11-03 13:56:40',117828,'2010-11-03 13:56:40',1,0,'0000-00-00 00:00:00',0),(10215,1,5,'2010-11-03 13:56:40',117818,'2010-11-03 13:56:50',129034,'2010-11-03 13:56:50',1,0,'0000-00-00 00:00:00',0),(10217,1,8,'2010-11-03 13:56:40',118611,'2010-11-03 13:56:50',129623,'2010-11-03 13:56:50',1,0,'0000-00-00 00:00:00',0),(10219,1,5,'2010-11-03 13:56:50',129613,'2010-11-03 13:57:00',140386,'2010-11-03 13:57:00',1,0,'0000-00-00 00:00:00',0),(10221,1,8,'2010-11-03 13:56:50',130418,'2010-11-03 13:57:00',140913,'2010-11-03 13:57:00',1,0,'0000-00-00 00:00:00',0),(10223,1,5,'2010-11-03 13:57:00',140903,'2010-11-03 13:57:10',153434,'2010-11-03 13:57:10',1,0,'0000-00-00 00:00:00',0),(10225,1,8,'2010-11-03 13:57:00',141624,'2010-11-03 13:57:10',153470,'2010-11-03 13:57:10',1,0,'0000-00-00 00:00:00',0),(10227,1,6,'2010-11-03 13:57:10',153409,'2010-11-03 13:58:10',247609,'2010-11-03 13:58:10',1,0,'0000-00-00 00:00:00',0),(10229,1,10,'2010-11-03 13:57:10',153426,'2010-11-03 13:58:10',248359,'2010-11-03 13:58:10',1,0,'0000-00-00 00:00:00',0),(10231,1,5,'2010-11-03 13:57:10',153462,'2010-11-03 13:57:20',164208,'2010-11-03 13:57:20',1,0,'0000-00-00 00:00:00',0),(10233,1,8,'2010-11-03 13:57:10',153785,'2010-11-03 13:57:20',164777,'2010-11-03 13:57:20',1,0,'0000-00-00 00:00:00',0),(10235,1,5,'2010-11-03 13:57:20',164767,'2010-11-03 13:57:30',179558,'2010-11-03 13:57:30',1,0,'0000-00-00 00:00:00',0),(10237,1,8,'2010-11-03 13:57:20',165584,'2010-11-03 13:57:30',179639,'2010-11-03 13:57:30',1,0,'0000-00-00 00:00:00',0),(10240,1,5,'2010-11-03 13:57:30',179629,'2010-11-03 13:57:40',198249,'2010-11-03 13:57:40',1,0,'0000-00-00 00:00:00',0),(10242,1,8,'2010-11-03 13:57:30',180096,'2010-11-03 13:57:40',200017,'2010-11-03 13:57:40',1,0,'0000-00-00 00:00:00',0),(10245,1,0,'2010-11-03 13:57:40',199560,'2010-11-03 14:02:27',106489,'2010-11-03 14:02:27',0,3,'0000-00-00 00:00:00',0),(10246,1,0,'2010-11-03 13:57:40',199949,'2010-11-03 14:02:31',117172,'2010-11-03 14:02:31',0,9,'0000-00-00 00:00:00',0),(10247,1,5,'2010-11-03 13:57:40',200007,'2010-11-03 13:57:50',211583,'2010-11-03 13:57:50',1,0,'0000-00-00 00:00:00',0),(10249,1,8,'2010-11-03 13:57:40',201156,'2010-11-03 13:57:50',212166,'2010-11-03 13:57:50',1,0,'0000-00-00 00:00:00',0),(10251,1,5,'2010-11-03 13:57:50',212156,'2010-11-03 13:58:00',235196,'2010-11-03 13:58:00',1,0,'0000-00-00 00:00:00',0),(10253,1,8,'2010-11-03 13:57:50',212711,'2010-11-03 13:58:00',237221,'2010-11-03 13:58:00',1,0,'0000-00-00 00:00:00',0),(10256,1,0,'2010-11-03 13:58:00',236340,'2010-11-03 14:02:52',154327,'2010-11-03 14:02:52',0,10,'0000-00-00 00:00:00',0),(10257,1,5,'2010-11-03 13:58:00',237209,'2010-11-03 13:58:10',248388,'2010-11-03 13:58:10',1,0,'0000-00-00 00:00:00',0),(10259,1,8,'2010-11-03 13:58:00',238210,'2010-11-03 13:58:10',248482,'2010-11-03 13:58:10',1,0,'0000-00-00 00:00:00',0),(10261,1,6,'2010-11-03 13:58:10',248348,'2010-11-03 13:59:10',77842,'2010-11-03 13:59:10',1,0,'0000-00-00 00:00:00',0),(10263,1,10,'2010-11-03 13:58:10',248380,'2010-11-03 13:59:10',78500,'2010-11-03 13:59:10',1,0,'0000-00-00 00:00:00',0),(10265,1,5,'2010-11-03 13:58:10',248471,'2010-11-03 13:58:20',13758,'2010-11-03 13:58:20',1,0,'0000-00-00 00:00:00',0),(10267,1,8,'2010-11-03 13:58:10',248797,'2010-11-03 13:58:20',14772,'2010-11-03 13:58:20',1,0,'0000-00-00 00:00:00',0),(10270,1,0,'2010-11-03 13:58:20',14690,'2010-11-03 14:03:14',201028,'2010-11-03 14:03:14',0,6,'0000-00-00 00:00:00',0),(10271,1,5,'2010-11-03 13:58:20',14762,'2010-11-03 13:58:30',24939,'2010-11-03 13:58:30',1,0,'0000-00-00 00:00:00',0),(10273,1,8,'2010-11-03 13:58:20',15040,'2010-11-03 13:58:30',25028,'2010-11-03 13:58:30',1,0,'0000-00-00 00:00:00',0),(10275,1,5,'2010-11-03 13:58:30',25018,'2010-11-03 13:58:40',39268,'2010-11-03 13:58:40',1,0,'0000-00-00 00:00:00',0),(10277,1,8,'2010-11-03 13:58:30',25452,'2010-11-03 13:58:40',40049,'2010-11-03 13:58:40',1,0,'0000-00-00 00:00:00',0),(10280,1,0,'2010-11-03 13:58:40',39975,'2010-11-03 14:03:35',239532,'2010-11-03 14:03:35',0,5,'0000-00-00 00:00:00',0),(10281,1,5,'2010-11-03 13:58:40',40039,'2010-11-03 13:58:50',54478,'2010-11-03 13:58:50',1,0,'0000-00-00 00:00:00',0),(10283,1,8,'2010-11-03 13:58:40',40324,'2010-11-03 13:58:50',55258,'2010-11-03 13:58:50',1,0,'0000-00-00 00:00:00',0),(10286,1,12,'2010-11-03 13:58:50',55195,'2010-11-03 14:03:50',12153,'2010-11-03 14:03:50',0,1,'0000-00-00 00:00:00',0),(10287,1,5,'2010-11-03 13:58:50',55249,'2010-11-03 13:59:00',65485,'2010-11-03 13:59:00',1,0,'0000-00-00 00:00:00',0),(10289,1,8,'2010-11-03 13:58:50',55541,'2010-11-03 13:59:00',66045,'2010-11-03 13:59:00',1,0,'0000-00-00 00:00:00',0),(10291,1,5,'2010-11-03 13:59:00',66034,'2010-11-03 13:59:10',78515,'2010-11-03 13:59:10',1,0,'0000-00-00 00:00:00',0),(10293,1,8,'2010-11-03 13:59:00',66989,'2010-11-03 13:59:10',78551,'2010-11-03 13:59:10',1,0,'0000-00-00 00:00:00',0),(10295,1,6,'2010-11-03 13:59:10',78489,'2010-11-03 14:00:10',166430,'2010-11-03 14:00:10',1,0,'0000-00-00 00:00:00',0),(10297,1,10,'2010-11-03 13:59:10',78507,'2010-11-03 14:00:10',166963,'2010-11-03 14:00:10',1,0,'0000-00-00 00:00:00',0),(10299,1,5,'2010-11-03 13:59:10',78542,'2010-11-03 13:59:20',90031,'2010-11-03 13:59:20',1,0,'0000-00-00 00:00:00',0),(10301,1,8,'2010-11-03 13:59:10',78924,'2010-11-03 13:59:20',90565,'2010-11-03 13:59:20',1,0,'0000-00-00 00:00:00',0),(10303,1,5,'2010-11-03 13:59:20',90554,'2010-11-03 13:59:30',108003,'2010-11-03 13:59:30',1,0,'0000-00-00 00:00:00',0),(10305,1,8,'2010-11-03 13:59:20',91611,'2010-11-03 13:59:30',108652,'2010-11-03 13:59:30',1,0,'0000-00-00 00:00:00',0),(10307,1,5,'2010-11-03 13:59:30',108642,'2010-11-03 13:59:40',123978,'2010-11-03 13:59:40',1,0,'0000-00-00 00:00:00',0),(10309,1,8,'2010-11-03 13:59:30',108984,'2010-11-03 13:59:40',124564,'2010-11-03 13:59:40',1,0,'0000-00-00 00:00:00',0),(10311,1,5,'2010-11-03 13:59:40',124554,'2010-11-03 13:59:50',138341,'2010-11-03 13:59:50',1,0,'0000-00-00 00:00:00',0),(10313,1,8,'2010-11-03 13:59:40',125936,'2010-11-03 13:59:50',138912,'2010-11-03 13:59:50',1,0,'0000-00-00 00:00:00',0),(10315,1,5,'2010-11-03 13:59:50',138902,'2010-11-03 14:00:00',150429,'2010-11-03 14:00:00',1,0,'0000-00-00 00:00:00',0),(10317,1,8,'2010-11-03 13:59:50',139777,'2010-11-03 14:00:00',150987,'2010-11-03 14:00:00',1,0,'0000-00-00 00:00:00',0),(10319,1,5,'2010-11-03 14:00:00',150976,'2010-11-03 14:00:10',166978,'2010-11-03 14:00:10',1,0,'0000-00-00 00:00:00',0),(10321,1,8,'2010-11-03 14:00:00',151765,'2010-11-03 14:00:10',167915,'2010-11-03 14:00:10',1,0,'0000-00-00 00:00:00',0),(10324,1,6,'2010-11-03 14:00:10',166951,'2010-11-03 14:01:10',236859,'2010-11-03 14:01:10',1,0,'0000-00-00 00:00:00',0),(10326,1,10,'2010-11-03 14:00:10',166970,'2010-11-03 14:01:10',237531,'2010-11-03 14:01:10',1,0,'0000-00-00 00:00:00',0),(10328,1,0,'2010-11-03 14:00:10',167831,'2010-11-03 14:05:01',97933,'2010-11-03 14:05:01',0,7,'0000-00-00 00:00:00',0),(10329,1,5,'2010-11-03 14:00:10',167904,'2010-11-03 14:00:20',180639,'2010-11-03 14:00:20',1,0,'0000-00-00 00:00:00',0),(10331,1,8,'2010-11-03 14:00:10',168188,'2010-11-03 14:00:20',181187,'2010-11-03 14:00:20',1,0,'0000-00-00 00:00:00',0),(10333,1,5,'2010-11-03 14:00:20',181176,'2010-11-03 14:00:30',191448,'2010-11-03 14:00:30',1,0,'0000-00-00 00:00:00',0),(10335,1,8,'2010-11-03 14:00:20',181526,'2010-11-03 14:00:30',192037,'2010-11-03 14:00:30',1,0,'0000-00-00 00:00:00',0),(10337,1,5,'2010-11-03 14:00:30',192027,'2010-11-03 14:00:40',202722,'2010-11-03 14:00:40',1,0,'0000-00-00 00:00:00',0),(10339,1,8,'2010-11-03 14:00:30',192869,'2010-11-03 14:00:40',203283,'2010-11-03 14:00:40',1,0,'0000-00-00 00:00:00',0),(10341,1,5,'2010-11-03 14:00:40',203272,'2010-11-03 14:00:50',214086,'2010-11-03 14:00:50',1,0,'0000-00-00 00:00:00',0),(10343,1,8,'2010-11-03 14:00:40',203617,'2010-11-03 14:00:50',214624,'2010-11-03 14:00:50',1,0,'0000-00-00 00:00:00',0),(10345,1,5,'2010-11-03 14:00:50',214613,'2010-11-03 14:01:00',226110,'2010-11-03 14:01:00',1,0,'0000-00-00 00:00:00',0),(10347,1,8,'2010-11-03 14:00:50',215466,'2010-11-03 14:01:00',226645,'2010-11-03 14:01:00',1,0,'0000-00-00 00:00:00',0),(10349,1,5,'2010-11-03 14:01:00',226635,'2010-11-03 14:01:10',237545,'2010-11-03 14:01:10',1,0,'0000-00-00 00:00:00',0),(10351,1,8,'2010-11-03 14:01:00',227393,'2010-11-03 14:01:10',237582,'2010-11-03 14:01:10',1,0,'0000-00-00 00:00:00',0),(10353,1,6,'2010-11-03 14:01:10',237520,'2010-11-03 14:02:10',87003,'2010-11-03 14:02:10',1,0,'0000-00-00 00:00:00',0),(10355,1,10,'2010-11-03 14:01:10',237538,'2010-11-03 14:02:10',87599,'2010-11-03 14:02:10',1,0,'0000-00-00 00:00:00',0),(10357,1,5,'2010-11-03 14:01:10',237573,'2010-11-03 14:01:20',10994,'2010-11-03 14:01:20',1,0,'0000-00-00 00:00:00',0),(10359,1,8,'2010-11-03 14:01:10',243069,'2010-11-03 14:01:20',12219,'2010-11-03 14:01:20',1,0,'0000-00-00 00:00:00',0),(10362,1,12,'2010-11-03 14:01:20',12157,'2010-11-03 14:06:20',219730,'2010-11-03 14:06:20',0,2,'0000-00-00 00:00:00',0),(10363,1,5,'2010-11-03 14:01:20',12210,'2010-11-03 14:01:30',27052,'2010-11-03 14:01:30',1,0,'0000-00-00 00:00:00',0),(10365,1,8,'2010-11-03 14:01:20',12864,'2010-11-03 14:01:30',28256,'2010-11-03 14:01:30',1,0,'0000-00-00 00:00:00',0),(10368,1,0,'2010-11-03 14:01:30',28173,'2010-11-03 14:06:27',234293,'2010-11-03 14:06:27',0,8,'0000-00-00 00:00:00',0),(10369,1,5,'2010-11-03 14:01:30',28245,'2010-11-03 14:01:40',38762,'2010-11-03 14:01:40',1,0,'0000-00-00 00:00:00',0),(10371,1,8,'2010-11-03 14:01:30',28916,'2010-11-03 14:01:40',39362,'2010-11-03 14:01:40',1,0,'0000-00-00 00:00:00',0),(10373,1,5,'2010-11-03 14:01:40',39352,'2010-11-03 14:01:50',50541,'2010-11-03 14:01:50',1,0,'0000-00-00 00:00:00',0),(10375,1,8,'2010-11-03 14:01:40',39692,'2010-11-03 14:01:50',51081,'2010-11-03 14:01:50',1,0,'0000-00-00 00:00:00',0),(10377,1,5,'2010-11-03 14:01:50',51071,'2010-11-03 14:02:00',75365,'2010-11-03 14:02:00',1,0,'0000-00-00 00:00:00',0),(10379,1,8,'2010-11-03 14:01:50',51839,'2010-11-03 14:02:00',75922,'2010-11-03 14:02:00',1,0,'0000-00-00 00:00:00',0),(10381,1,5,'2010-11-03 14:02:00',75911,'2010-11-03 14:02:10',87614,'2010-11-03 14:02:10',1,0,'0000-00-00 00:00:00',0),(10383,1,8,'2010-11-03 14:02:00',76499,'2010-11-03 14:02:10',87653,'2010-11-03 14:02:10',1,0,'0000-00-00 00:00:00',0),(10385,1,6,'2010-11-03 14:02:10',87587,'2010-11-03 14:03:10',180140,'2010-11-03 14:03:10',1,0,'0000-00-00 00:00:00',0),(10387,1,10,'2010-11-03 14:02:10',87606,'2010-11-03 14:03:10',180785,'2010-11-03 14:03:10',1,0,'0000-00-00 00:00:00',0),(10389,1,5,'2010-11-03 14:02:10',87644,'2010-11-03 14:02:20',98568,'2010-11-03 14:02:20',1,0,'0000-00-00 00:00:00',0),(10391,1,8,'2010-11-03 14:02:10',88514,'2010-11-03 14:02:20',99096,'2010-11-03 14:02:20',1,0,'0000-00-00 00:00:00',0),(10393,1,5,'2010-11-03 14:02:20',99086,'2010-11-03 14:02:30',113322,'2010-11-03 14:02:30',1,0,'0000-00-00 00:00:00',0),(10395,1,8,'2010-11-03 14:02:20',99974,'2010-11-03 14:02:30',113910,'2010-11-03 14:02:30',1,0,'0000-00-00 00:00:00',0),(10398,1,5,'2010-11-03 14:02:30',113899,'2010-11-03 14:02:40',137683,'2010-11-03 14:02:40',1,0,'0000-00-00 00:00:00',0),(10400,1,8,'2010-11-03 14:02:30',114317,'2010-11-03 14:02:40',139506,'2010-11-03 14:02:40',1,0,'0000-00-00 00:00:00',0),(10403,1,0,'2010-11-03 14:02:40',139207,'2010-11-03 14:07:27',69102,'2010-11-03 14:07:27',0,3,'0000-00-00 00:00:00',0),(10404,1,0,'2010-11-03 14:02:40',139393,'2010-11-03 14:07:31',78342,'2010-11-03 14:07:31',0,9,'0000-00-00 00:00:00',0),(10405,1,5,'2010-11-03 14:02:40',139496,'2010-11-03 14:02:50',151268,'2010-11-03 14:02:50',1,0,'0000-00-00 00:00:00',0),(10407,1,8,'2010-11-03 14:02:40',139802,'2010-11-03 14:02:50',151804,'2010-11-03 14:02:50',1,0,'0000-00-00 00:00:00',0),(10409,1,5,'2010-11-03 14:02:50',151793,'2010-11-03 14:03:00',167382,'2010-11-03 14:03:00',1,0,'0000-00-00 00:00:00',0),(10411,1,8,'2010-11-03 14:02:50',152592,'2010-11-03 14:03:00',168814,'2010-11-03 14:03:00',1,0,'0000-00-00 00:00:00',0),(10414,1,0,'2010-11-03 14:03:00',168547,'2010-11-03 14:07:52',108339,'2010-11-03 14:07:52',0,10,'0000-00-00 00:00:00',0),(10415,1,5,'2010-11-03 14:03:00',168802,'2010-11-03 14:03:10',180800,'2010-11-03 14:03:10',1,0,'0000-00-00 00:00:00',0),(10417,1,8,'2010-11-03 14:03:00',169834,'2010-11-03 14:03:10',180852,'2010-11-03 14:03:10',1,0,'0000-00-00 00:00:00',0),(10419,1,6,'2010-11-03 14:03:10',180775,'2010-11-03 14:04:10',38930,'2010-11-03 14:04:10',1,0,'0000-00-00 00:00:00',0),(10421,1,10,'2010-11-03 14:03:10',180792,'2010-11-03 14:04:10',38967,'2010-11-03 14:04:10',1,0,'0000-00-00 00:00:00',0),(10423,1,5,'2010-11-03 14:03:10',180842,'2010-11-03 14:03:20',216263,'2010-11-03 14:03:20',1,0,'0000-00-00 00:00:00',0),(10425,1,8,'2010-11-03 14:03:10',181162,'2010-11-03 14:03:20',217088,'2010-11-03 14:03:20',1,0,'0000-00-00 00:00:00',0),(10428,1,0,'2010-11-03 14:03:20',217000,'2010-11-03 14:08:14',137122,'2010-11-03 14:08:14',0,6,'0000-00-00 00:00:00',0),(10429,1,5,'2010-11-03 14:03:20',217078,'2010-11-03 14:03:30',228028,'2010-11-03 14:03:30',1,0,'0000-00-00 00:00:00',0),(10431,1,8,'2010-11-03 14:03:20',217383,'2010-11-03 14:03:30',228691,'2010-11-03 14:03:30',1,0,'0000-00-00 00:00:00',0),(10433,1,5,'2010-11-03 14:03:30',228681,'2010-11-03 14:03:40',248744,'2010-11-03 14:03:40',1,0,'0000-00-00 00:00:00',0),(10435,1,8,'2010-11-03 14:03:30',234946,'2010-11-03 14:03:40',250278,'2010-11-03 14:03:40',1,0,'0000-00-00 00:00:00',0),(10438,1,0,'2010-11-03 14:03:40',249984,'2010-11-03 14:08:35',167212,'2010-11-03 14:08:35',0,5,'0000-00-00 00:00:00',0),(10439,1,5,'2010-11-03 14:03:40',250267,'2010-11-03 14:03:50',11087,'2010-11-03 14:03:50',1,0,'0000-00-00 00:00:00',0),(10441,1,8,'2010-11-03 14:03:40',250745,'2010-11-03 14:03:50',11759,'2010-11-03 14:03:50',1,0,'0000-00-00 00:00:00',0),(10443,1,5,'2010-11-03 14:03:50',11748,'2010-11-03 14:04:00',28971,'2010-11-03 14:04:00',1,0,'0000-00-00 00:00:00',0),(10445,1,8,'2010-11-03 14:03:50',12142,'2010-11-03 14:04:00',29270,'2010-11-03 14:04:00',1,0,'0000-00-00 00:00:00',0),(10448,1,12,'2010-11-03 14:04:00',29209,'2010-11-03 14:09:00',202392,'2010-11-03 14:09:00',0,1,'0000-00-00 00:00:00',0),(10449,1,5,'2010-11-03 14:04:00',29261,'2010-11-03 14:04:10',38982,'2010-11-03 14:04:10',1,0,'0000-00-00 00:00:00',0),(10451,1,8,'2010-11-03 14:04:00',29700,'2010-11-03 14:04:10',39038,'2010-11-03 14:04:10',1,0,'0000-00-00 00:00:00',0),(10453,1,6,'2010-11-03 14:04:10',38958,'2010-11-03 14:05:10',113317,'2010-11-03 14:05:10',1,0,'0000-00-00 00:00:00',0),(10455,1,10,'2010-11-03 14:04:10',38974,'2010-11-03 14:05:10',113847,'2010-11-03 14:05:10',1,0,'0000-00-00 00:00:00',0),(10457,1,5,'2010-11-03 14:04:10',39028,'2010-11-03 14:04:20',51432,'2010-11-03 14:04:20',1,0,'0000-00-00 00:00:00',0),(10459,1,8,'2010-11-03 14:04:10',41325,'2010-11-03 14:04:20',51974,'2010-11-03 14:04:20',1,0,'0000-00-00 00:00:00',0),(10461,1,5,'2010-11-03 14:04:20',51964,'2010-11-03 14:04:30',63380,'2010-11-03 14:04:30',1,0,'0000-00-00 00:00:00',0),(10463,1,8,'2010-11-03 14:04:20',52718,'2010-11-03 14:04:30',63913,'2010-11-03 14:04:30',1,0,'0000-00-00 00:00:00',0),(10465,1,5,'2010-11-03 14:04:30',63903,'2010-11-03 14:04:40',74801,'2010-11-03 14:04:40',1,0,'0000-00-00 00:00:00',0),(10467,1,8,'2010-11-03 14:04:30',64658,'2010-11-03 14:04:40',74868,'2010-11-03 14:04:40',1,0,'0000-00-00 00:00:00',0),(10469,1,5,'2010-11-03 14:04:40',74858,'2010-11-03 14:04:50',83952,'2010-11-03 14:04:50',1,0,'0000-00-00 00:00:00',0),(10471,1,8,'2010-11-03 14:04:40',75307,'2010-11-03 14:04:50',84524,'2010-11-03 14:04:50',1,0,'0000-00-00 00:00:00',0),(10473,1,5,'2010-11-03 14:04:50',84512,'2010-11-03 14:05:00',95656,'2010-11-03 14:05:00',1,0,'0000-00-00 00:00:00',0),(10475,1,8,'2010-11-03 14:04:50',84844,'2010-11-03 14:05:00',96194,'2010-11-03 14:05:00',1,0,'0000-00-00 00:00:00',0),(10477,1,5,'2010-11-03 14:05:00',96184,'2010-11-03 14:05:10',113862,'2010-11-03 14:05:10',1,0,'0000-00-00 00:00:00',0),(10479,1,8,'2010-11-03 14:05:00',97044,'2010-11-03 14:05:10',114860,'2010-11-03 14:05:10',1,0,'0000-00-00 00:00:00',0),(10482,1,6,'2010-11-03 14:05:10',113835,'2010-11-03 14:06:10',204294,'2010-11-03 14:06:10',1,0,'0000-00-00 00:00:00',0),(10484,1,10,'2010-11-03 14:05:10',113854,'2010-11-03 14:06:10',204879,'2010-11-03 14:06:10',1,0,'0000-00-00 00:00:00',0),(10486,1,0,'2010-11-03 14:05:10',114581,'2010-11-03 14:10:01',22152,'2010-11-03 14:10:01',0,7,'0000-00-00 00:00:00',0),(10487,1,5,'2010-11-03 14:05:10',114848,'2010-11-03 14:05:20',126820,'2010-11-03 14:05:20',1,0,'0000-00-00 00:00:00',0),(10489,1,8,'2010-11-03 14:05:10',116445,'2010-11-03 14:05:20',127373,'2010-11-03 14:05:20',1,0,'0000-00-00 00:00:00',0),(10491,1,5,'2010-11-03 14:05:20',127362,'2010-11-03 14:05:30',138795,'2010-11-03 14:05:30',1,0,'0000-00-00 00:00:00',0),(10493,1,8,'2010-11-03 14:05:20',128685,'2010-11-03 14:05:30',138864,'2010-11-03 14:05:30',1,0,'0000-00-00 00:00:00',0),(10495,1,5,'2010-11-03 14:05:30',138855,'2010-11-03 14:05:40',149964,'2010-11-03 14:05:40',1,0,'0000-00-00 00:00:00',0),(10497,1,8,'2010-11-03 14:05:30',139304,'2010-11-03 14:05:40',150656,'2010-11-03 14:05:40',1,0,'0000-00-00 00:00:00',0),(10499,1,5,'2010-11-03 14:05:40',150644,'2010-11-03 14:05:50',171527,'2010-11-03 14:05:50',1,0,'0000-00-00 00:00:00',0),(10501,1,8,'2010-11-03 14:05:40',151279,'2010-11-03 14:05:50',172053,'2010-11-03 14:05:50',1,0,'0000-00-00 00:00:00',0),(10503,1,5,'2010-11-03 14:05:50',172043,'2010-11-03 14:06:00',184123,'2010-11-03 14:06:00',1,0,'0000-00-00 00:00:00',0),(10505,1,8,'2010-11-03 14:05:50',173483,'2010-11-03 14:06:00',184662,'2010-11-03 14:06:00',1,0,'0000-00-00 00:00:00',0),(10507,1,5,'2010-11-03 14:06:00',184651,'2010-11-03 14:06:10',204894,'2010-11-03 14:06:10',1,0,'0000-00-00 00:00:00',0),(10509,1,8,'2010-11-03 14:06:00',185530,'2010-11-03 14:06:10',204931,'2010-11-03 14:06:10',1,0,'0000-00-00 00:00:00',0),(10511,1,6,'2010-11-03 14:06:10',204868,'2010-11-03 14:07:10',48723,'2010-11-03 14:07:10',1,0,'0000-00-00 00:00:00',0),(10513,1,10,'2010-11-03 14:06:10',204886,'2010-11-03 14:07:10',49241,'2010-11-03 14:07:10',1,0,'0000-00-00 00:00:00',0),(10515,1,5,'2010-11-03 14:06:10',204922,'2010-11-03 14:06:20',217918,'2010-11-03 14:06:20',1,0,'0000-00-00 00:00:00',0),(10517,1,8,'2010-11-03 14:06:10',206600,'2010-11-03 14:06:20',218473,'2010-11-03 14:06:20',1,0,'0000-00-00 00:00:00',0),(10519,1,5,'2010-11-03 14:06:20',218462,'2010-11-03 14:06:30',242628,'2010-11-03 14:06:30',1,0,'0000-00-00 00:00:00',0),(10521,1,8,'2010-11-03 14:06:20',219719,'2010-11-03 14:06:30',243967,'2010-11-03 14:06:30',1,0,'0000-00-00 00:00:00',0),(10525,1,12,'2010-11-03 14:06:30',243796,'2010-11-03 14:11:30',146464,'2010-11-03 14:11:30',0,2,'0000-00-00 00:00:00',0),(10526,1,0,'2010-11-03 14:06:30',243907,'2010-11-03 14:11:27',134833,'2010-11-03 14:11:27',0,8,'0000-00-00 00:00:00',0),(10527,1,5,'2010-11-03 14:06:30',243957,'2010-11-03 14:06:40',3756,'2010-11-03 14:06:40',1,0,'0000-00-00 00:00:00',0),(10529,1,8,'2010-11-03 14:06:30',244243,'2010-11-03 14:06:40',4330,'2010-11-03 14:06:40',1,0,'0000-00-00 00:00:00',0),(10531,1,5,'2010-11-03 14:06:40',4319,'2010-11-03 14:06:50',15661,'2010-11-03 14:06:50',1,0,'0000-00-00 00:00:00',0),(10533,1,8,'2010-11-03 14:06:40',4701,'2010-11-03 14:06:50',16193,'2010-11-03 14:06:50',1,0,'0000-00-00 00:00:00',0),(10535,1,5,'2010-11-03 14:06:50',16182,'2010-11-03 14:07:00',29810,'2010-11-03 14:07:00',1,0,'0000-00-00 00:00:00',0),(10537,1,8,'2010-11-03 14:06:50',17001,'2010-11-03 14:07:00',30360,'2010-11-03 14:07:00',1,0,'0000-00-00 00:00:00',0),(10539,1,5,'2010-11-03 14:07:00',30350,'2010-11-03 14:07:10',49256,'2010-11-03 14:07:10',1,0,'0000-00-00 00:00:00',0),(10541,1,8,'2010-11-03 14:07:00',31216,'2010-11-03 14:07:10',49291,'2010-11-03 14:07:10',1,0,'0000-00-00 00:00:00',0),(10543,1,6,'2010-11-03 14:07:10',49219,'2010-11-03 14:08:10',131880,'2010-11-03 14:08:10',1,0,'0000-00-00 00:00:00',0),(10545,1,10,'2010-11-03 14:07:10',49248,'2010-11-03 14:08:10',132408,'2010-11-03 14:08:10',1,0,'0000-00-00 00:00:00',0),(10547,1,5,'2010-11-03 14:07:10',49282,'2010-11-03 14:07:20',60640,'2010-11-03 14:07:20',1,0,'0000-00-00 00:00:00',0),(10549,1,8,'2010-11-03 14:07:10',50107,'2010-11-03 14:07:20',61166,'2010-11-03 14:07:20',1,0,'0000-00-00 00:00:00',0),(10551,1,5,'2010-11-03 14:07:20',61155,'2010-11-03 14:07:30',77068,'2010-11-03 14:07:30',1,0,'0000-00-00 00:00:00',0),(10553,1,8,'2010-11-03 14:07:20',62069,'2010-11-03 14:07:30',77147,'2010-11-03 14:07:30',1,0,'0000-00-00 00:00:00',0),(10556,1,5,'2010-11-03 14:07:30',77136,'2010-11-03 14:07:40',95013,'2010-11-03 14:07:40',1,0,'0000-00-00 00:00:00',0),(10558,1,8,'2010-11-03 14:07:30',77595,'2010-11-03 14:07:40',95490,'2010-11-03 14:07:40',1,0,'0000-00-00 00:00:00',0),(10561,1,0,'2010-11-03 14:07:40',95336,'2010-11-03 14:12:27',214228,'2010-11-03 14:12:27',0,3,'0000-00-00 00:00:00',0),(10562,1,0,'2010-11-03 14:07:40',95425,'2010-11-03 14:12:31',225243,'2010-11-03 14:12:31',0,9,'0000-00-00 00:00:00',0),(10563,1,5,'2010-11-03 14:07:40',95480,'2010-11-03 14:07:50',105237,'2010-11-03 14:07:50',1,0,'0000-00-00 00:00:00',0),(10565,1,8,'2010-11-03 14:07:40',95897,'2010-11-03 14:07:50',105787,'2010-11-03 14:07:50',1,0,'0000-00-00 00:00:00',0),(10567,1,5,'2010-11-03 14:07:50',105776,'2010-11-03 14:08:00',121294,'2010-11-03 14:08:00',1,0,'0000-00-00 00:00:00',0),(10569,1,8,'2010-11-03 14:07:50',106589,'2010-11-03 14:08:00',122118,'2010-11-03 14:08:00',1,0,'0000-00-00 00:00:00',0),(10572,1,0,'2010-11-03 14:08:00',122045,'2010-11-03 14:12:52',4935,'2010-11-03 14:12:52',0,10,'0000-00-00 00:00:00',0),(10573,1,5,'2010-11-03 14:08:00',122107,'2010-11-03 14:08:10',132424,'2010-11-03 14:08:10',1,0,'0000-00-00 00:00:00',0),(10575,1,8,'2010-11-03 14:08:00',122398,'2010-11-03 14:08:10',132464,'2010-11-03 14:08:10',1,0,'0000-00-00 00:00:00',0),(10577,1,6,'2010-11-03 14:08:10',132398,'2010-11-03 14:09:10',215175,'2010-11-03 14:09:10',1,0,'0000-00-00 00:00:00',0),(10579,1,10,'2010-11-03 14:08:10',132415,'2010-11-03 14:09:10',215691,'2010-11-03 14:09:10',1,0,'0000-00-00 00:00:00',0),(10581,1,5,'2010-11-03 14:08:10',132455,'2010-11-03 14:08:20',148339,'2010-11-03 14:08:20',1,0,'0000-00-00 00:00:00',0),(10583,1,8,'2010-11-03 14:08:10',133227,'2010-11-03 14:08:20',149843,'2010-11-03 14:08:20',1,0,'0000-00-00 00:00:00',0),(10586,1,0,'2010-11-03 14:08:20',149559,'2010-11-03 14:13:14',40207,'2010-11-03 14:13:14',0,6,'0000-00-00 00:00:00',0),(10587,1,5,'2010-11-03 14:08:20',149831,'2010-11-03 14:08:30',161624,'2010-11-03 14:08:30',1,0,'0000-00-00 00:00:00',0),(10589,1,8,'2010-11-03 14:08:20',151066,'2010-11-03 14:08:30',162137,'2010-11-03 14:08:30',1,0,'0000-00-00 00:00:00',0),(10591,1,5,'2010-11-03 14:08:30',162127,'2010-11-03 14:08:40',177806,'2010-11-03 14:08:40',1,0,'0000-00-00 00:00:00',0),(10593,1,8,'2010-11-03 14:08:30',162960,'2010-11-03 14:08:40',178150,'2010-11-03 14:08:40',1,0,'0000-00-00 00:00:00',0),(10596,1,0,'2010-11-03 14:08:40',178074,'2010-11-03 14:13:35',76620,'2010-11-03 14:13:35',0,5,'0000-00-00 00:00:00',0),(10597,1,5,'2010-11-03 14:08:40',178139,'2010-11-03 14:08:50',191123,'2010-11-03 14:08:50',1,0,'0000-00-00 00:00:00',0),(10599,1,8,'2010-11-03 14:08:40',178546,'2010-11-03 14:08:50',191655,'2010-11-03 14:08:50',1,0,'0000-00-00 00:00:00',0),(10601,1,5,'2010-11-03 14:08:50',191644,'2010-11-03 14:09:00',201402,'2010-11-03 14:09:00',1,0,'0000-00-00 00:00:00',0),(10603,1,8,'2010-11-03 14:08:50',192438,'2010-11-03 14:09:00',202048,'2010-11-03 14:09:00',1,0,'0000-00-00 00:00:00',0),(10605,1,5,'2010-11-03 14:09:00',202038,'2010-11-03 14:09:10',215706,'2010-11-03 14:09:10',1,0,'0000-00-00 00:00:00',0),(10607,1,8,'2010-11-03 14:09:00',202381,'2010-11-03 14:09:10',216175,'2010-11-03 14:09:10',1,0,'0000-00-00 00:00:00',0),(10610,1,6,'2010-11-03 14:09:10',215679,'2010-11-03 14:10:10',38762,'2010-11-03 14:10:10',1,0,'0000-00-00 00:00:00',0),(10612,1,10,'2010-11-03 14:09:10',215698,'2010-11-03 14:10:10',39413,'2010-11-03 14:10:10',1,0,'0000-00-00 00:00:00',0),(10614,1,12,'2010-11-03 14:09:10',216100,'2010-11-03 14:14:10',122541,'2010-11-03 14:14:10',0,1,'0000-00-00 00:00:00',0),(10615,1,5,'2010-11-03 14:09:10',216152,'2010-11-03 14:09:20',226730,'2010-11-03 14:09:20',1,0,'0000-00-00 00:00:00',0),(10617,1,8,'2010-11-03 14:09:10',216970,'2010-11-03 14:09:20',227264,'2010-11-03 14:09:20',1,0,'0000-00-00 00:00:00',0),(10619,1,5,'2010-11-03 14:09:20',227253,'2010-11-03 14:09:30',237917,'2010-11-03 14:09:30',1,0,'0000-00-00 00:00:00',0),(10621,1,8,'2010-11-03 14:09:20',228070,'2010-11-03 14:09:30',238492,'2010-11-03 14:09:30',1,0,'0000-00-00 00:00:00',0),(10623,1,5,'2010-11-03 14:09:30',238482,'2010-11-03 14:09:40',248636,'2010-11-03 14:09:40',1,0,'0000-00-00 00:00:00',0),(10625,1,8,'2010-11-03 14:09:30',239259,'2010-11-03 14:09:40',249127,'2010-11-03 14:09:40',1,0,'0000-00-00 00:00:00',0),(10627,1,5,'2010-11-03 14:09:40',249116,'2010-11-03 14:09:50',8564,'2010-11-03 14:09:50',1,0,'0000-00-00 00:00:00',0),(10629,1,8,'2010-11-03 14:09:40',249685,'2010-11-03 14:09:50',9111,'2010-11-03 14:09:50',1,0,'0000-00-00 00:00:00',0),(10631,1,5,'2010-11-03 14:09:50',9100,'2010-11-03 14:10:00',19947,'2010-11-03 14:10:00',1,0,'0000-00-00 00:00:00',0),(10633,1,8,'2010-11-03 14:09:50',9848,'2010-11-03 14:10:00',20487,'2010-11-03 14:10:00',1,0,'0000-00-00 00:00:00',0),(10635,1,5,'2010-11-03 14:10:00',20476,'2010-11-03 14:10:10',39428,'2010-11-03 14:10:10',1,0,'0000-00-00 00:00:00',0),(10637,1,8,'2010-11-03 14:10:00',21279,'2010-11-03 14:10:10',39773,'2010-11-03 14:10:10',1,0,'0000-00-00 00:00:00',0),(10640,1,6,'2010-11-03 14:10:10',39401,'2010-11-03 14:11:10',115343,'2010-11-03 14:11:10',1,0,'0000-00-00 00:00:00',0),(10642,1,10,'2010-11-03 14:10:10',39420,'2010-11-03 14:11:10',115377,'2010-11-03 14:11:10',1,0,'0000-00-00 00:00:00',0),(10644,1,0,'2010-11-03 14:10:10',39691,'2010-11-03 14:15:01',185967,'2010-11-03 14:15:01',0,7,'0000-00-00 00:00:00',0),(10645,1,5,'2010-11-03 14:10:10',39763,'2010-11-03 14:10:20',52997,'2010-11-03 14:10:20',1,0,'0000-00-00 00:00:00',0),(10647,1,8,'2010-11-03 14:10:10',40056,'2010-11-03 14:10:20',53759,'2010-11-03 14:10:20',1,0,'0000-00-00 00:00:00',0),(10649,1,5,'2010-11-03 14:10:20',53748,'2010-11-03 14:10:30',64846,'2010-11-03 14:10:30',1,0,'0000-00-00 00:00:00',0),(10651,1,8,'2010-11-03 14:10:20',54082,'2010-11-03 14:10:30',65431,'2010-11-03 14:10:30',1,0,'0000-00-00 00:00:00',0),(10653,1,5,'2010-11-03 14:10:30',65421,'2010-11-03 14:10:40',78330,'2010-11-03 14:10:40',1,0,'0000-00-00 00:00:00',0),(10655,1,8,'2010-11-03 14:10:30',66214,'2010-11-03 14:10:40',78975,'2010-11-03 14:10:40',1,0,'0000-00-00 00:00:00',0),(10657,1,5,'2010-11-03 14:10:40',78965,'2010-11-03 14:10:50',90602,'2010-11-03 14:10:50',1,0,'0000-00-00 00:00:00',0),(10659,1,8,'2010-11-03 14:10:40',79649,'2010-11-03 14:10:50',91153,'2010-11-03 14:10:50',1,0,'0000-00-00 00:00:00',0),(10661,1,5,'2010-11-03 14:10:50',91143,'2010-11-03 14:11:00',103077,'2010-11-03 14:11:00',1,0,'0000-00-00 00:00:00',0),(10663,1,8,'2010-11-03 14:10:50',91905,'2010-11-03 14:11:00',103613,'2010-11-03 14:11:00',1,0,'0000-00-00 00:00:00',0),(10665,1,5,'2010-11-03 14:11:00',103602,'2010-11-03 14:11:10',115393,'2010-11-03 14:11:10',1,0,'0000-00-00 00:00:00',0),(10667,1,8,'2010-11-03 14:11:00',104358,'2010-11-03 14:11:10',115436,'2010-11-03 14:11:10',1,0,'0000-00-00 00:00:00',0),(10669,1,6,'2010-11-03 14:11:10',115369,'2010-11-03 14:12:10',195153,'2010-11-03 14:12:10',1,0,'0000-00-00 00:00:00',0),(10671,1,10,'2010-11-03 14:11:10',115385,'2010-11-03 14:12:10',195189,'2010-11-03 14:12:10',1,0,'0000-00-00 00:00:00',0),(10673,1,5,'2010-11-03 14:11:10',115426,'2010-11-03 14:11:20',127059,'2010-11-03 14:11:20',1,0,'0000-00-00 00:00:00',0),(10675,1,8,'2010-11-03 14:11:10',115935,'2010-11-03 14:11:20',127562,'2010-11-03 14:11:20',1,0,'0000-00-00 00:00:00',0),(10677,1,5,'2010-11-03 14:11:20',127552,'2010-11-03 14:11:30',143771,'2010-11-03 14:11:30',1,0,'0000-00-00 00:00:00',0),(10679,1,8,'2010-11-03 14:11:20',128318,'2010-11-03 14:11:30',145358,'2010-11-03 14:11:30',1,0,'0000-00-00 00:00:00',0),(10682,1,0,'2010-11-03 14:11:30',144900,'2010-11-03 14:16:27',45306,'2010-11-03 14:16:27',0,8,'0000-00-00 00:00:00',0),(10683,1,5,'2010-11-03 14:11:30',145347,'2010-11-03 14:11:40',161250,'2010-11-03 14:11:40',1,0,'0000-00-00 00:00:00',0),(10685,1,8,'2010-11-03 14:11:30',146453,'2010-11-03 14:11:40',162441,'2010-11-03 14:11:40',1,0,'0000-00-00 00:00:00',0),(10688,1,12,'2010-11-03 14:11:40',162379,'2010-11-03 14:16:40',75291,'2010-11-03 14:16:40',0,2,'0000-00-00 00:00:00',0),(10689,1,5,'2010-11-03 14:11:40',162432,'2010-11-03 14:11:50',173882,'2010-11-03 14:11:50',1,0,'0000-00-00 00:00:00',0),(10691,1,8,'2010-11-03 14:11:40',163215,'2010-11-03 14:11:50',174460,'2010-11-03 14:11:50',1,0,'0000-00-00 00:00:00',0),(10693,1,5,'2010-11-03 14:11:50',174450,'2010-11-03 14:12:00',184552,'2010-11-03 14:12:00',1,0,'0000-00-00 00:00:00',0),(10695,1,8,'2010-11-03 14:11:50',175457,'2010-11-03 14:12:00',185087,'2010-11-03 14:12:00',1,0,'0000-00-00 00:00:00',0),(10697,1,5,'2010-11-03 14:12:00',185077,'2010-11-03 14:12:10',195203,'2010-11-03 14:12:10',1,0,'0000-00-00 00:00:00',0),(10699,1,8,'2010-11-03 14:12:00',186215,'2010-11-03 14:12:10',195245,'2010-11-03 14:12:10',1,0,'0000-00-00 00:00:00',0),(10701,1,6,'2010-11-03 14:12:10',195180,'2010-11-03 14:13:10',34155,'2010-11-03 14:13:10',1,0,'0000-00-00 00:00:00',0),(10703,1,10,'2010-11-03 14:12:10',195195,'2010-11-03 14:13:10',34709,'2010-11-03 14:13:10',1,0,'0000-00-00 00:00:00',0),(10705,1,5,'2010-11-03 14:12:10',195236,'2010-11-03 14:12:20',205666,'2010-11-03 14:12:20',1,0,'0000-00-00 00:00:00',0),(10707,1,8,'2010-11-03 14:12:10',195683,'2010-11-03 14:12:20',206270,'2010-11-03 14:12:20',1,0,'0000-00-00 00:00:00',0),(10709,1,5,'2010-11-03 14:12:20',206260,'2010-11-03 14:12:30',222019,'2010-11-03 14:12:30',1,0,'0000-00-00 00:00:00',0),(10711,1,8,'2010-11-03 14:12:20',206633,'2010-11-03 14:12:30',222104,'2010-11-03 14:12:30',1,0,'0000-00-00 00:00:00',0),(10714,1,5,'2010-11-03 14:12:30',222094,'2010-11-03 14:12:40',238773,'2010-11-03 14:12:40',1,0,'0000-00-00 00:00:00',0),(10716,1,8,'2010-11-03 14:12:30',222621,'2010-11-03 14:12:40',241009,'2010-11-03 14:12:40',1,0,'0000-00-00 00:00:00',0),(10719,1,0,'2010-11-03 14:12:40',240056,'2010-11-03 14:17:27',130992,'2010-11-03 14:17:27',0,3,'0000-00-00 00:00:00',0),(10720,1,0,'2010-11-03 14:12:40',240455,'2010-11-03 14:17:31',140707,'2010-11-03 14:17:31',0,9,'0000-00-00 00:00:00',0),(10721,1,5,'2010-11-03 14:12:40',240998,'2010-11-03 14:12:50',1758,'2010-11-03 14:12:50',1,0,'0000-00-00 00:00:00',0),(10723,1,8,'2010-11-03 14:12:40',242207,'2010-11-03 14:12:50',2278,'2010-11-03 14:12:50',1,0,'0000-00-00 00:00:00',0),(10725,1,5,'2010-11-03 14:12:50',2267,'2010-11-03 14:13:00',22427,'2010-11-03 14:13:00',1,0,'0000-00-00 00:00:00',0),(10727,1,8,'2010-11-03 14:12:50',3107,'2010-11-03 14:13:00',23997,'2010-11-03 14:13:00',1,0,'0000-00-00 00:00:00',0),(10730,1,0,'2010-11-03 14:13:00',23552,'2010-11-03 14:17:52',173907,'2010-11-03 14:17:52',0,10,'0000-00-00 00:00:00',0),(10731,1,5,'2010-11-03 14:13:00',23985,'2010-11-03 14:13:10',34724,'2010-11-03 14:13:10',1,0,'0000-00-00 00:00:00',0),(10733,1,8,'2010-11-03 14:13:00',24277,'2010-11-03 14:13:10',34764,'2010-11-03 14:13:10',1,0,'0000-00-00 00:00:00',0),(10735,1,6,'2010-11-03 14:13:10',34699,'2010-11-03 14:14:10',121464,'2010-11-03 14:14:10',1,0,'0000-00-00 00:00:00',0),(10737,1,10,'2010-11-03 14:13:10',34716,'2010-11-03 14:14:10',122116,'2010-11-03 14:14:10',1,0,'0000-00-00 00:00:00',0),(10739,1,5,'2010-11-03 14:13:10',34755,'2010-11-03 14:13:20',51717,'2010-11-03 14:13:20',1,0,'0000-00-00 00:00:00',0),(10741,1,8,'2010-11-03 14:13:10',35535,'2010-11-03 14:13:20',59105,'2010-11-03 14:13:20',1,0,'0000-00-00 00:00:00',0),(10744,1,0,'2010-11-03 14:13:20',58926,'2010-11-03 14:18:14',204371,'2010-11-03 14:18:14',0,6,'0000-00-00 00:00:00',0),(10745,1,5,'2010-11-03 14:13:20',59094,'2010-11-03 14:13:30',70468,'2010-11-03 14:13:30',1,0,'0000-00-00 00:00:00',0),(10747,1,8,'2010-11-03 14:13:20',59697,'2010-11-03 14:13:30',71055,'2010-11-03 14:13:30',1,0,'0000-00-00 00:00:00',0),(10749,1,5,'2010-11-03 14:13:30',71045,'2010-11-03 14:13:40',86530,'2010-11-03 14:13:40',1,0,'0000-00-00 00:00:00',0),(10751,1,8,'2010-11-03 14:13:30',71638,'2010-11-03 14:13:40',87996,'2010-11-03 14:13:40',1,0,'0000-00-00 00:00:00',0),(10754,1,0,'2010-11-03 14:13:40',87708,'2010-11-03 14:18:35',244027,'2010-11-03 14:18:35',0,5,'0000-00-00 00:00:00',0),(10755,1,5,'2010-11-03 14:13:40',87985,'2010-11-03 14:13:50',99073,'2010-11-03 14:13:50',1,0,'0000-00-00 00:00:00',0),(10757,1,8,'2010-11-03 14:13:40',89001,'2010-11-03 14:13:50',99593,'2010-11-03 14:13:50',1,0,'0000-00-00 00:00:00',0),(10759,1,5,'2010-11-03 14:13:50',99583,'2010-11-03 14:14:00',110290,'2010-11-03 14:14:00',1,0,'0000-00-00 00:00:00',0),(10761,1,8,'2010-11-03 14:13:50',100543,'2010-11-03 14:14:00',110829,'2010-11-03 14:14:00',1,0,'0000-00-00 00:00:00',0),(10763,1,5,'2010-11-03 14:14:00',110818,'2010-11-03 14:14:10',122131,'2010-11-03 14:14:10',1,0,'0000-00-00 00:00:00',0),(10765,1,8,'2010-11-03 14:14:00',111550,'2010-11-03 14:14:10',122168,'2010-11-03 14:14:10',1,0,'0000-00-00 00:00:00',0),(10767,1,6,'2010-11-03 14:14:10',122105,'2010-11-03 14:15:10',202116,'2010-11-03 14:15:10',1,0,'0000-00-00 00:00:00',0),(10769,1,10,'2010-11-03 14:14:10',122123,'2010-11-03 14:15:10',202180,'2010-11-03 14:15:10',1,0,'0000-00-00 00:00:00',0),(10771,1,5,'2010-11-03 14:14:10',122159,'2010-11-03 14:14:20',134866,'2010-11-03 14:14:20',1,0,'0000-00-00 00:00:00',0),(10773,1,8,'2010-11-03 14:14:10',122531,'2010-11-03 14:14:20',135150,'2010-11-03 14:14:20',1,0,'0000-00-00 00:00:00',0),(10776,1,12,'2010-11-03 14:14:20',135088,'2010-11-03 14:19:20',52285,'2010-11-03 14:19:20',0,1,'0000-00-00 00:00:00',0),(10777,1,5,'2010-11-03 14:14:20',135140,'2010-11-03 14:14:30',145774,'2010-11-03 14:14:30',1,0,'0000-00-00 00:00:00',0),(10779,1,8,'2010-11-03 14:14:20',135546,'2010-11-03 14:14:30',145890,'2010-11-03 14:14:30',1,0,'0000-00-00 00:00:00',0),(10781,1,5,'2010-11-03 14:14:30',145880,'2010-11-03 14:14:40',156467,'2010-11-03 14:14:40',1,0,'0000-00-00 00:00:00',0),(10783,1,8,'2010-11-03 14:14:30',146334,'2010-11-03 14:14:40',157089,'2010-11-03 14:14:40',1,0,'0000-00-00 00:00:00',0),(10785,1,5,'2010-11-03 14:14:40',157079,'2010-11-03 14:14:50',172559,'2010-11-03 14:14:50',1,0,'0000-00-00 00:00:00',0),(10787,1,8,'2010-11-03 14:14:40',163070,'2010-11-03 14:14:50',173095,'2010-11-03 14:14:50',1,0,'0000-00-00 00:00:00',0),(10789,1,5,'2010-11-03 14:14:50',173085,'2010-11-03 14:15:00',183591,'2010-11-03 14:15:00',1,0,'0000-00-00 00:00:00',0),(10791,1,8,'2010-11-03 14:14:50',173899,'2010-11-03 14:15:00',184143,'2010-11-03 14:15:00',1,0,'0000-00-00 00:00:00',0),(10793,1,5,'2010-11-03 14:15:00',184133,'2010-11-03 14:15:10',202195,'2010-11-03 14:15:10',1,0,'0000-00-00 00:00:00',0),(10795,1,8,'2010-11-03 14:15:00',185162,'2010-11-03 14:15:10',202476,'2010-11-03 14:15:10',1,0,'0000-00-00 00:00:00',0),(10798,1,6,'2010-11-03 14:15:10',202169,'2010-11-03 14:16:10',25696,'2010-11-03 14:16:10',1,0,'0000-00-00 00:00:00',0),(10800,1,10,'2010-11-03 14:15:10',202187,'2010-11-03 14:16:10',26209,'2010-11-03 14:16:10',1,0,'0000-00-00 00:00:00',0),(10802,1,0,'2010-11-03 14:15:10',202394,'2010-11-03 14:20:01',104154,'2010-11-03 14:20:01',0,7,'0000-00-00 00:00:00',0),(10803,1,5,'2010-11-03 14:15:10',202466,'2010-11-03 14:15:20',212746,'2010-11-03 14:15:20',1,0,'0000-00-00 00:00:00',0),(10805,1,8,'2010-11-03 14:15:10',202901,'2010-11-03 14:15:20',213308,'2010-11-03 14:15:20',1,0,'0000-00-00 00:00:00',0),(10807,1,5,'2010-11-03 14:15:20',213297,'2010-11-03 14:15:30',224065,'2010-11-03 14:15:30',1,0,'0000-00-00 00:00:00',0),(10809,1,8,'2010-11-03 14:15:20',214111,'2010-11-03 14:15:30',224598,'2010-11-03 14:15:30',1,0,'0000-00-00 00:00:00',0),(10811,1,5,'2010-11-03 14:15:30',224588,'2010-11-03 14:15:40',235430,'2010-11-03 14:15:40',1,0,'0000-00-00 00:00:00',0),(10813,1,8,'2010-11-03 14:15:30',225324,'2010-11-03 14:15:40',235972,'2010-11-03 14:15:40',1,0,'0000-00-00 00:00:00',0),(10815,1,5,'2010-11-03 14:15:40',235962,'2010-11-03 14:15:50',246580,'2010-11-03 14:15:50',1,0,'0000-00-00 00:00:00',0),(10817,1,8,'2010-11-03 14:15:40',236778,'2010-11-03 14:15:50',247240,'2010-11-03 14:15:50',1,0,'0000-00-00 00:00:00',0),(10819,1,5,'2010-11-03 14:15:50',247230,'2010-11-03 14:16:00',14868,'2010-11-03 14:16:00',1,0,'0000-00-00 00:00:00',0),(10821,1,8,'2010-11-03 14:15:50',254990,'2010-11-03 14:16:00',15453,'2010-11-03 14:16:00',1,0,'0000-00-00 00:00:00',0),(10823,1,5,'2010-11-03 14:16:00',15443,'2010-11-03 14:16:10',26224,'2010-11-03 14:16:10',1,0,'0000-00-00 00:00:00',0),(10825,1,8,'2010-11-03 14:16:00',15801,'2010-11-03 14:16:10',26261,'2010-11-03 14:16:10',1,0,'0000-00-00 00:00:00',0),(10827,1,6,'2010-11-03 14:16:10',26199,'2010-11-03 14:17:10',110845,'2010-11-03 14:17:10',1,0,'0000-00-00 00:00:00',0),(10829,1,10,'2010-11-03 14:16:10',26216,'2010-11-03 14:17:10',111394,'2010-11-03 14:17:10',1,0,'0000-00-00 00:00:00',0),(10831,1,5,'2010-11-03 14:16:10',26252,'2010-11-03 14:16:20',37399,'2010-11-03 14:16:20',1,0,'0000-00-00 00:00:00',0),(10833,1,8,'2010-11-03 14:16:10',27239,'2010-11-03 14:16:20',37978,'2010-11-03 14:16:20',1,0,'0000-00-00 00:00:00',0),(10835,1,5,'2010-11-03 14:16:20',37968,'2010-11-03 14:16:30',53933,'2010-11-03 14:16:30',1,0,'0000-00-00 00:00:00',0),(10837,1,8,'2010-11-03 14:16:20',38298,'2010-11-03 14:16:30',55458,'2010-11-03 14:16:30',1,0,'0000-00-00 00:00:00',0),(10840,1,0,'2010-11-03 14:16:30',55178,'2010-11-03 14:21:27',220558,'2010-11-03 14:21:27',0,8,'0000-00-00 00:00:00',0),(10841,1,5,'2010-11-03 14:16:30',55447,'2010-11-03 14:16:40',66028,'2010-11-03 14:16:40',1,0,'0000-00-00 00:00:00',0),(10843,1,8,'2010-11-03 14:16:30',56452,'2010-11-03 14:16:40',66732,'2010-11-03 14:16:40',1,0,'0000-00-00 00:00:00',0),(10845,1,5,'2010-11-03 14:16:40',66721,'2010-11-03 14:16:50',91099,'2010-11-03 14:16:50',1,0,'0000-00-00 00:00:00',0),(10847,1,8,'2010-11-03 14:16:40',75278,'2010-11-03 14:16:50',91860,'2010-11-03 14:16:50',1,0,'0000-00-00 00:00:00',0),(10850,1,12,'2010-11-03 14:16:50',91799,'2010-11-03 14:21:50',3089,'2010-11-03 14:21:50',0,2,'0000-00-00 00:00:00',0),(10851,1,5,'2010-11-03 14:16:50',91851,'2010-11-03 14:17:00',101173,'2010-11-03 14:17:00',1,0,'0000-00-00 00:00:00',0),(10853,1,8,'2010-11-03 14:16:50',92138,'2010-11-03 14:17:00',101245,'2010-11-03 14:17:00',1,0,'0000-00-00 00:00:00',0),(10855,1,5,'2010-11-03 14:17:00',101235,'2010-11-03 14:17:10',111409,'2010-11-03 14:17:10',1,0,'0000-00-00 00:00:00',0),(10857,1,8,'2010-11-03 14:17:00',101683,'2010-11-03 14:17:10',111458,'2010-11-03 14:17:10',1,0,'0000-00-00 00:00:00',0),(10859,1,6,'2010-11-03 14:17:10',111384,'2010-11-03 14:18:10',199627,'2010-11-03 14:18:10',1,0,'0000-00-00 00:00:00',0),(10861,1,10,'2010-11-03 14:17:10',111401,'2010-11-03 14:18:10',200160,'2010-11-03 14:18:10',1,0,'0000-00-00 00:00:00',0),(10863,1,5,'2010-11-03 14:17:10',111448,'2010-11-03 14:17:20',122793,'2010-11-03 14:17:20',1,0,'0000-00-00 00:00:00',0),(10865,1,8,'2010-11-03 14:17:10',112492,'2010-11-03 14:17:20',123325,'2010-11-03 14:17:20',1,0,'0000-00-00 00:00:00',0),(10867,1,5,'2010-11-03 14:17:20',123315,'2010-11-03 14:17:30',138781,'2010-11-03 14:17:30',1,0,'0000-00-00 00:00:00',0),(10869,1,8,'2010-11-03 14:17:20',124128,'2010-11-03 14:17:30',139310,'2010-11-03 14:17:30',1,0,'0000-00-00 00:00:00',0),(10872,1,5,'2010-11-03 14:17:30',139299,'2010-11-03 14:17:40',157849,'2010-11-03 14:17:40',1,0,'0000-00-00 00:00:00',0),(10874,1,8,'2010-11-03 14:17:30',139813,'2010-11-03 14:17:40',159375,'2010-11-03 14:17:40',1,0,'0000-00-00 00:00:00',0),(10877,1,0,'2010-11-03 14:17:40',159164,'2010-11-03 14:22:27',52699,'2010-11-03 14:22:27',0,3,'0000-00-00 00:00:00',0),(10878,1,0,'2010-11-03 14:17:40',159317,'2010-11-03 14:22:31',62081,'2010-11-03 14:22:31',0,9,'0000-00-00 00:00:00',0),(10879,1,5,'2010-11-03 14:17:40',159365,'2010-11-03 14:17:50',171681,'2010-11-03 14:17:50',1,0,'0000-00-00 00:00:00',0),(10881,1,8,'2010-11-03 14:17:40',160578,'2010-11-03 14:17:50',171765,'2010-11-03 14:17:50',1,0,'0000-00-00 00:00:00',0),(10883,1,5,'2010-11-03 14:17:50',171755,'2010-11-03 14:18:00',186810,'2010-11-03 14:18:00',1,0,'0000-00-00 00:00:00',0),(10885,1,8,'2010-11-03 14:17:50',172198,'2010-11-03 14:18:00',188263,'2010-11-03 14:18:00',1,0,'0000-00-00 00:00:00',0),(10888,1,0,'2010-11-03 14:18:00',187965,'2010-11-03 14:22:52',94367,'2010-11-03 14:22:52',0,10,'0000-00-00 00:00:00',0),(10889,1,5,'2010-11-03 14:18:00',188252,'2010-11-03 14:18:10',200175,'2010-11-03 14:18:10',1,0,'0000-00-00 00:00:00',0),(10891,1,8,'2010-11-03 14:18:00',189637,'2010-11-03 14:18:10',200216,'2010-11-03 14:18:10',1,0,'0000-00-00 00:00:00',0),(10893,1,6,'2010-11-03 14:18:10',200150,'2010-11-03 14:19:10',38945,'2010-11-03 14:19:10',1,0,'0000-00-00 00:00:00',0),(10895,1,10,'2010-11-03 14:18:10',200168,'2010-11-03 14:19:10',39499,'2010-11-03 14:19:10',1,0,'0000-00-00 00:00:00',0),(10897,1,5,'2010-11-03 14:18:10',200207,'2010-11-03 14:18:20',217854,'2010-11-03 14:18:20',1,0,'0000-00-00 00:00:00',0),(10899,1,8,'2010-11-03 14:18:10',200822,'2010-11-03 14:18:20',227057,'2010-11-03 14:18:20',1,0,'0000-00-00 00:00:00',0),(10902,1,0,'2010-11-03 14:18:20',226865,'2010-11-03 14:23:14',119447,'2010-11-03 14:23:14',0,6,'0000-00-00 00:00:00',0),(10903,1,5,'2010-11-03 14:18:20',227046,'2010-11-03 14:18:30',238082,'2010-11-03 14:18:30',1,0,'0000-00-00 00:00:00',0),(10905,1,8,'2010-11-03 14:18:20',227628,'2010-11-03 14:18:30',238642,'2010-11-03 14:18:30',1,0,'0000-00-00 00:00:00',0),(10907,1,5,'2010-11-03 14:18:30',238632,'2010-11-03 14:18:40',3277,'2010-11-03 14:18:40',1,0,'0000-00-00 00:00:00',0),(10909,1,8,'2010-11-03 14:18:30',239450,'2010-11-03 14:18:40',4631,'2010-11-03 14:18:40',1,0,'0000-00-00 00:00:00',0),(10912,1,0,'2010-11-03 14:18:40',4555,'2010-11-03 14:23:35',143958,'2010-11-03 14:23:35',0,5,'0000-00-00 00:00:00',0),(10913,1,5,'2010-11-03 14:18:40',4621,'2010-11-03 14:18:50',16295,'2010-11-03 14:18:50',1,0,'0000-00-00 00:00:00',0),(10915,1,8,'2010-11-03 14:18:40',5401,'2010-11-03 14:18:50',16372,'2010-11-03 14:18:50',1,0,'0000-00-00 00:00:00',0),(10917,1,5,'2010-11-03 14:18:50',16362,'2010-11-03 14:19:00',27556,'2010-11-03 14:19:00',1,0,'0000-00-00 00:00:00',0),(10919,1,8,'2010-11-03 14:18:50',16781,'2010-11-03 14:19:00',28094,'2010-11-03 14:19:00',1,0,'0000-00-00 00:00:00',0),(10921,1,5,'2010-11-03 14:19:00',28083,'2010-11-03 14:19:10',39514,'2010-11-03 14:19:10',1,0,'0000-00-00 00:00:00',0),(10923,1,8,'2010-11-03 14:19:00',28898,'2010-11-03 14:19:10',39564,'2010-11-03 14:19:10',1,0,'0000-00-00 00:00:00',0),(10925,1,6,'2010-11-03 14:19:10',39488,'2010-11-03 14:20:10',116991,'2010-11-03 14:20:10',1,0,'0000-00-00 00:00:00',0),(10927,1,10,'2010-11-03 14:19:10',39506,'2010-11-03 14:20:10',117617,'2010-11-03 14:20:10',1,0,'0000-00-00 00:00:00',0),(10929,1,5,'2010-11-03 14:19:10',39553,'2010-11-03 14:19:20',50761,'2010-11-03 14:19:20',1,0,'0000-00-00 00:00:00',0),(10931,1,8,'2010-11-03 14:19:10',39918,'2010-11-03 14:19:20',51294,'2010-11-03 14:19:20',1,0,'0000-00-00 00:00:00',0),(10933,1,5,'2010-11-03 14:19:20',51284,'2010-11-03 14:19:30',68384,'2010-11-03 14:19:30',1,0,'0000-00-00 00:00:00',0),(10935,1,8,'2010-11-03 14:19:20',52275,'2010-11-03 14:19:30',69587,'2010-11-03 14:19:30',1,0,'0000-00-00 00:00:00',0),(10938,1,12,'2010-11-03 14:19:30',69523,'2010-11-03 14:24:30',214911,'2010-11-03 14:24:30',0,1,'0000-00-00 00:00:00',0),(10939,1,5,'2010-11-03 14:19:30',69576,'2010-11-03 14:19:40',80201,'2010-11-03 14:19:40',1,0,'0000-00-00 00:00:00',0),(10941,1,8,'2010-11-03 14:19:30',70327,'2010-11-03 14:19:40',80866,'2010-11-03 14:19:40',1,0,'0000-00-00 00:00:00',0),(10943,1,5,'2010-11-03 14:19:40',80855,'2010-11-03 14:19:50',91366,'2010-11-03 14:19:50',1,0,'0000-00-00 00:00:00',0),(10945,1,8,'2010-11-03 14:19:40',81518,'2010-11-03 14:19:50',91426,'2010-11-03 14:19:50',1,0,'0000-00-00 00:00:00',0),(10947,1,5,'2010-11-03 14:19:50',91416,'2010-11-03 14:20:00',102038,'2010-11-03 14:20:00',1,0,'0000-00-00 00:00:00',0),(10949,1,8,'2010-11-03 14:19:50',91860,'2010-11-03 14:20:00',102583,'2010-11-03 14:20:00',1,0,'0000-00-00 00:00:00',0),(10951,1,5,'2010-11-03 14:20:00',102573,'2010-11-03 14:20:10',117632,'2010-11-03 14:20:10',1,0,'0000-00-00 00:00:00',0),(10953,1,8,'2010-11-03 14:20:00',103335,'2010-11-03 14:20:10',117950,'2010-11-03 14:20:10',1,0,'0000-00-00 00:00:00',0),(10956,1,6,'2010-11-03 14:20:10',117606,'2010-11-03 14:21:10',192582,'2010-11-03 14:21:10',1,0,'0000-00-00 00:00:00',0),(10958,1,10,'2010-11-03 14:20:10',117624,'2010-11-03 14:21:10',193068,'2010-11-03 14:21:10',1,0,'0000-00-00 00:00:00',0),(10960,1,0,'2010-11-03 14:20:10',117876,'2010-11-03 14:25:01',7613,'2010-11-03 14:25:01',0,7,'0000-00-00 00:00:00',0),(10961,1,5,'2010-11-03 14:20:10',117940,'2010-11-03 14:20:20',128749,'2010-11-03 14:20:20',1,0,'0000-00-00 00:00:00',0),(10963,1,8,'2010-11-03 14:20:10',118220,'2010-11-03 14:20:20',129377,'2010-11-03 14:20:20',1,0,'0000-00-00 00:00:00',0),(10965,1,5,'2010-11-03 14:20:20',129367,'2010-11-03 14:20:30',145053,'2010-11-03 14:20:30',1,0,'0000-00-00 00:00:00',0),(10967,1,8,'2010-11-03 14:20:20',134932,'2010-11-03 14:20:30',145682,'2010-11-03 14:20:30',1,0,'0000-00-00 00:00:00',0),(10969,1,5,'2010-11-03 14:20:30',145672,'2010-11-03 14:20:40',160497,'2010-11-03 14:20:40',1,0,'0000-00-00 00:00:00',0),(10971,1,8,'2010-11-03 14:20:30',146015,'2010-11-03 14:20:40',161013,'2010-11-03 14:20:40',1,0,'0000-00-00 00:00:00',0),(10973,1,5,'2010-11-03 14:20:40',161002,'2010-11-03 14:20:50',171380,'2010-11-03 14:20:50',1,0,'0000-00-00 00:00:00',0),(10975,1,8,'2010-11-03 14:20:40',161828,'2010-11-03 14:20:50',171440,'2010-11-03 14:20:50',1,0,'0000-00-00 00:00:00',0),(10977,1,5,'2010-11-03 14:20:50',171431,'2010-11-03 14:21:00',184143,'2010-11-03 14:21:00',1,0,'0000-00-00 00:00:00',0),(10979,1,8,'2010-11-03 14:20:50',171887,'2010-11-03 14:21:00',184211,'2010-11-03 14:21:00',1,0,'0000-00-00 00:00:00',0),(10981,1,5,'2010-11-03 14:21:00',184202,'2010-11-03 14:21:10',193083,'2010-11-03 14:21:10',1,0,'0000-00-00 00:00:00',0),(10983,1,8,'2010-11-03 14:21:00',184654,'2010-11-03 14:21:10',193119,'2010-11-03 14:21:10',1,0,'0000-00-00 00:00:00',0),(10985,1,6,'2010-11-03 14:21:10',193058,'2010-11-03 14:22:10',31511,'2010-11-03 14:22:10',1,0,'0000-00-00 00:00:00',0),(10987,1,10,'2010-11-03 14:21:10',193075,'2010-11-03 14:22:10',32046,'2010-11-03 14:22:10',1,0,'0000-00-00 00:00:00',0),(10989,1,5,'2010-11-03 14:21:10',193110,'2010-11-03 14:21:20',205507,'2010-11-03 14:21:20',1,0,'0000-00-00 00:00:00',0),(10991,1,8,'2010-11-03 14:21:10',193924,'2010-11-03 14:21:20',206096,'2010-11-03 14:21:20',1,0,'0000-00-00 00:00:00',0),(10993,1,5,'2010-11-03 14:21:20',206086,'2010-11-03 14:21:30',228444,'2010-11-03 14:21:30',1,0,'0000-00-00 00:00:00',0),(10995,1,8,'2010-11-03 14:21:20',211209,'2010-11-03 14:21:30',229803,'2010-11-03 14:21:30',1,0,'0000-00-00 00:00:00',0),(10998,1,0,'2010-11-03 14:21:30',229524,'2010-11-03 14:26:27',113567,'2010-11-03 14:26:27',0,8,'0000-00-00 00:00:00',0),(10999,1,5,'2010-11-03 14:21:30',229792,'2010-11-03 14:21:40',240235,'2010-11-03 14:21:40',1,0,'0000-00-00 00:00:00',0),(11001,1,8,'2010-11-03 14:21:30',230712,'2010-11-03 14:21:40',240763,'2010-11-03 14:21:40',1,0,'0000-00-00 00:00:00',0),(11003,1,5,'2010-11-03 14:21:40',240738,'2010-11-03 14:21:50',1814,'2010-11-03 14:21:50',1,0,'0000-00-00 00:00:00',0),(11005,1,8,'2010-11-03 14:21:40',241517,'2010-11-03 14:21:50',2349,'2010-11-03 14:21:50',1,0,'0000-00-00 00:00:00',0),(11007,1,5,'2010-11-03 14:21:50',2339,'2010-11-03 14:22:00',19318,'2010-11-03 14:22:00',1,0,'0000-00-00 00:00:00',0),(11009,1,8,'2010-11-03 14:21:50',3079,'2010-11-03 14:22:00',20671,'2010-11-03 14:22:00',1,0,'0000-00-00 00:00:00',0),(11012,1,12,'2010-11-03 14:22:00',20409,'2010-11-03 14:27:00',163759,'2010-11-03 14:27:00',0,2,'0000-00-00 00:00:00',0),(11013,1,5,'2010-11-03 14:22:00',20661,'2010-11-03 14:22:10',32062,'2010-11-03 14:22:10',1,0,'0000-00-00 00:00:00',0),(11015,1,8,'2010-11-03 14:22:00',21594,'2010-11-03 14:22:10',32103,'2010-11-03 14:22:10',1,0,'0000-00-00 00:00:00',0),(11017,1,6,'2010-11-03 14:22:10',32036,'2010-11-03 14:23:10',115334,'2010-11-03 14:23:10',1,0,'0000-00-00 00:00:00',0),(11019,1,10,'2010-11-03 14:22:10',32053,'2010-11-03 14:23:10',115368,'2010-11-03 14:23:10',1,0,'0000-00-00 00:00:00',0),(11021,1,5,'2010-11-03 14:22:10',32093,'2010-11-03 14:22:20',44569,'2010-11-03 14:22:20',1,0,'0000-00-00 00:00:00',0),(11023,1,8,'2010-11-03 14:22:10',32887,'2010-11-03 14:22:20',45323,'2010-11-03 14:22:20',1,0,'0000-00-00 00:00:00',0),(11025,1,5,'2010-11-03 14:22:20',45312,'2010-11-03 14:22:30',60340,'2010-11-03 14:22:30',1,0,'0000-00-00 00:00:00',0),(11027,1,8,'2010-11-03 14:22:20',45641,'2010-11-03 14:22:30',60424,'2010-11-03 14:22:30',1,0,'0000-00-00 00:00:00',0),(11030,1,5,'2010-11-03 14:22:30',60413,'2010-11-03 14:22:40',78494,'2010-11-03 14:22:40',1,0,'0000-00-00 00:00:00',0),(11032,1,8,'2010-11-03 14:22:30',60869,'2010-11-03 14:22:40',80202,'2010-11-03 14:22:40',1,0,'0000-00-00 00:00:00',0),(11035,1,0,'2010-11-03 14:22:40',79737,'2010-11-03 14:27:27',199203,'2010-11-03 14:27:27',0,3,'0000-00-00 00:00:00',0),(11036,1,0,'2010-11-03 14:22:40',80145,'2010-11-03 14:27:31',209123,'2010-11-03 14:27:31',0,9,'0000-00-00 00:00:00',0),(11037,1,5,'2010-11-03 14:22:40',80193,'2010-11-03 14:22:50',90929,'2010-11-03 14:22:50',1,0,'0000-00-00 00:00:00',0),(11039,1,8,'2010-11-03 14:22:40',81068,'2010-11-03 14:22:50',91447,'2010-11-03 14:22:50',1,0,'0000-00-00 00:00:00',0),(11041,1,5,'2010-11-03 14:22:50',91437,'2010-11-03 14:23:00',106403,'2010-11-03 14:23:00',1,0,'0000-00-00 00:00:00',0),(11043,1,8,'2010-11-03 14:22:50',92571,'2010-11-03 14:23:00',106696,'2010-11-03 14:23:00',1,0,'0000-00-00 00:00:00',0),(11046,1,0,'2010-11-03 14:23:00',106625,'2010-11-03 14:27:52',242732,'2010-11-03 14:27:52',0,10,'0000-00-00 00:00:00',0),(11047,1,5,'2010-11-03 14:23:00',106686,'2010-11-03 14:23:10',115383,'2010-11-03 14:23:10',1,0,'0000-00-00 00:00:00',0),(11049,1,8,'2010-11-03 14:23:00',107097,'2010-11-03 14:23:10',115435,'2010-11-03 14:23:10',1,0,'0000-00-00 00:00:00',0),(11051,1,6,'2010-11-03 14:23:10',115359,'2010-11-03 14:24:10',190818,'2010-11-03 14:24:10',1,0,'0000-00-00 00:00:00',0),(11053,1,10,'2010-11-03 14:23:10',115375,'2010-11-03 14:24:10',191359,'2010-11-03 14:24:10',1,0,'0000-00-00 00:00:00',0),(11055,1,5,'2010-11-03 14:23:10',115425,'2010-11-03 14:23:20',129645,'2010-11-03 14:23:20',1,0,'0000-00-00 00:00:00',0),(11057,1,8,'2010-11-03 14:23:10',115872,'2010-11-03 14:23:20',129935,'2010-11-03 14:23:20',1,0,'0000-00-00 00:00:00',0),(11060,1,0,'2010-11-03 14:23:20',129861,'2010-11-03 14:28:14',22269,'2010-11-03 14:28:14',0,6,'0000-00-00 00:00:00',0),(11061,1,5,'2010-11-03 14:23:20',129925,'2010-11-03 14:23:30',138884,'2010-11-03 14:23:30',1,0,'0000-00-00 00:00:00',0),(11063,1,8,'2010-11-03 14:23:20',130344,'2010-11-03 14:23:30',138953,'2010-11-03 14:23:30',1,0,'0000-00-00 00:00:00',0),(11065,1,5,'2010-11-03 14:23:30',138943,'2010-11-03 14:23:40',154944,'2010-11-03 14:23:40',1,0,'0000-00-00 00:00:00',0),(11067,1,8,'2010-11-03 14:23:30',139372,'2010-11-03 14:23:40',156331,'2010-11-03 14:23:40',1,0,'0000-00-00 00:00:00',0),(11070,1,0,'2010-11-03 14:23:40',156050,'2010-11-03 14:28:35',51530,'2010-11-03 14:28:35',0,5,'0000-00-00 00:00:00',0),(11071,1,5,'2010-11-03 14:23:40',156320,'2010-11-03 14:23:50',168184,'2010-11-03 14:23:50',1,0,'0000-00-00 00:00:00',0),(11073,1,8,'2010-11-03 14:23:40',157640,'2010-11-03 14:23:50',168701,'2010-11-03 14:23:50',1,0,'0000-00-00 00:00:00',0),(11075,1,5,'2010-11-03 14:23:50',168691,'2010-11-03 14:24:00',179753,'2010-11-03 14:24:00',1,0,'0000-00-00 00:00:00',0),(11077,1,8,'2010-11-03 14:23:50',169487,'2010-11-03 14:24:00',180295,'2010-11-03 14:24:00',1,0,'0000-00-00 00:00:00',0),(11079,1,5,'2010-11-03 14:24:00',180285,'2010-11-03 14:24:10',191374,'2010-11-03 14:24:10',1,0,'0000-00-00 00:00:00',0),(11081,1,8,'2010-11-03 14:24:00',181093,'2010-11-03 14:24:10',191412,'2010-11-03 14:24:10',1,0,'0000-00-00 00:00:00',0),(11083,1,6,'2010-11-03 14:24:10',191349,'2010-11-03 14:25:10',21368,'2010-11-03 14:25:10',1,0,'0000-00-00 00:00:00',0),(11085,1,10,'2010-11-03 14:24:10',191366,'2010-11-03 14:25:10',21885,'2010-11-03 14:25:10',1,0,'0000-00-00 00:00:00',0),(11087,1,5,'2010-11-03 14:24:10',191403,'2010-11-03 14:24:20',202341,'2010-11-03 14:24:20',1,0,'0000-00-00 00:00:00',0),(11089,1,8,'2010-11-03 14:24:10',192166,'2010-11-03 14:24:20',202877,'2010-11-03 14:24:20',1,0,'0000-00-00 00:00:00',0),(11091,1,5,'2010-11-03 14:24:20',202866,'2010-11-03 14:24:30',213601,'2010-11-03 14:24:30',1,0,'0000-00-00 00:00:00',0),(11093,1,8,'2010-11-03 14:24:20',203729,'2010-11-03 14:24:30',214169,'2010-11-03 14:24:30',1,0,'0000-00-00 00:00:00',0),(11095,1,5,'2010-11-03 14:24:30',214159,'2010-11-03 14:24:40',230732,'2010-11-03 14:24:40',1,0,'0000-00-00 00:00:00',0),(11097,1,8,'2010-11-03 14:24:30',214901,'2010-11-03 14:24:40',231899,'2010-11-03 14:24:40',1,0,'0000-00-00 00:00:00',0),(11100,1,12,'2010-11-03 14:24:40',231835,'2010-11-03 14:29:40',135466,'2010-11-03 14:29:40',0,1,'0000-00-00 00:00:00',0),(11101,1,5,'2010-11-03 14:24:40',231889,'2010-11-03 14:24:50',243481,'2010-11-03 14:24:50',1,0,'0000-00-00 00:00:00',0),(11103,1,8,'2010-11-03 14:24:40',233141,'2010-11-03 14:24:50',244015,'2010-11-03 14:24:50',1,0,'0000-00-00 00:00:00',0),(11105,1,5,'2010-11-03 14:24:50',244004,'2010-11-03 14:25:00',5310,'2010-11-03 14:25:00',1,0,'0000-00-00 00:00:00',0),(11107,1,8,'2010-11-03 14:24:50',244832,'2010-11-03 14:25:00',5833,'2010-11-03 14:25:00',1,0,'0000-00-00 00:00:00',0),(11109,1,5,'2010-11-03 14:25:00',5822,'2010-11-03 14:25:10',21900,'2010-11-03 14:25:10',1,0,'0000-00-00 00:00:00',0),(11111,1,8,'2010-11-03 14:25:00',6651,'2010-11-03 14:25:10',22759,'2010-11-03 14:25:10',1,0,'0000-00-00 00:00:00',0),(11114,1,6,'2010-11-03 14:25:10',21874,'2010-11-03 14:26:10',91508,'2010-11-03 14:26:10',1,0,'0000-00-00 00:00:00',0),(11116,1,10,'2010-11-03 14:25:10',21892,'2010-11-03 14:26:10',92013,'2010-11-03 14:26:10',1,0,'0000-00-00 00:00:00',0),(11118,1,0,'2010-11-03 14:25:10',22546,'2010-11-03 14:30:01',166548,'2010-11-03 14:30:01',0,7,'0000-00-00 00:00:00',0),(11119,1,5,'2010-11-03 14:25:10',22748,'2010-11-03 14:25:20',33833,'2010-11-03 14:25:20',1,0,'0000-00-00 00:00:00',0),(11121,1,8,'2010-11-03 14:25:10',23334,'2010-11-03 14:25:20',34355,'2010-11-03 14:25:20',1,0,'0000-00-00 00:00:00',0),(11123,1,5,'2010-11-03 14:25:20',34345,'2010-11-03 14:25:30',45432,'2010-11-03 14:25:30',1,0,'0000-00-00 00:00:00',0),(11125,1,8,'2010-11-03 14:25:20',35181,'2010-11-03 14:25:30',45957,'2010-11-03 14:25:30',1,0,'0000-00-00 00:00:00',0),(11127,1,5,'2010-11-03 14:25:30',45947,'2010-11-03 14:25:40',56440,'2010-11-03 14:25:40',1,0,'0000-00-00 00:00:00',0),(11129,1,8,'2010-11-03 14:25:30',46935,'2010-11-03 14:25:40',56988,'2010-11-03 14:25:40',1,0,'0000-00-00 00:00:00',0),(11131,1,5,'2010-11-03 14:25:40',56977,'2010-11-03 14:25:50',68223,'2010-11-03 14:25:50',1,0,'0000-00-00 00:00:00',0),(11133,1,8,'2010-11-03 14:25:40',57758,'2010-11-03 14:25:50',68772,'2010-11-03 14:25:50',1,0,'0000-00-00 00:00:00',0),(11135,1,5,'2010-11-03 14:25:50',68761,'2010-11-03 14:26:00',80124,'2010-11-03 14:26:00',1,0,'0000-00-00 00:00:00',0),(11137,1,8,'2010-11-03 14:25:50',69472,'2010-11-03 14:26:00',80660,'2010-11-03 14:26:00',1,0,'0000-00-00 00:00:00',0),(11139,1,5,'2010-11-03 14:26:00',80649,'2010-11-03 14:26:10',92028,'2010-11-03 14:26:10',1,0,'0000-00-00 00:00:00',0),(11141,1,8,'2010-11-03 14:26:00',81191,'2010-11-03 14:26:10',92066,'2010-11-03 14:26:10',1,0,'0000-00-00 00:00:00',0),(11143,1,6,'2010-11-03 14:26:10',92003,'2010-11-03 14:27:10',179583,'2010-11-03 14:27:10',1,0,'0000-00-00 00:00:00',0),(11145,1,10,'2010-11-03 14:26:10',92020,'2010-11-03 14:27:10',180175,'2010-11-03 14:27:10',1,0,'0000-00-00 00:00:00',0),(11147,1,5,'2010-11-03 14:26:10',92057,'2010-11-03 14:26:20',105472,'2010-11-03 14:26:20',1,0,'0000-00-00 00:00:00',0),(11149,1,8,'2010-11-03 14:26:10',93062,'2010-11-03 14:26:20',106017,'2010-11-03 14:26:20',1,0,'0000-00-00 00:00:00',0),(11151,1,5,'2010-11-03 14:26:20',106006,'2010-11-03 14:26:30',122411,'2010-11-03 14:26:30',1,0,'0000-00-00 00:00:00',0),(11153,1,8,'2010-11-03 14:26:20',106343,'2010-11-03 14:26:30',123869,'2010-11-03 14:26:30',1,0,'0000-00-00 00:00:00',0),(11156,1,0,'2010-11-03 14:26:30',123562,'2010-11-03 14:31:27',28534,'2010-11-03 14:31:27',0,8,'0000-00-00 00:00:00',0),(11157,1,5,'2010-11-03 14:26:30',123858,'2010-11-03 14:26:40',139910,'2010-11-03 14:26:40',1,0,'0000-00-00 00:00:00',0),(11159,1,8,'2010-11-03 14:26:30',124308,'2010-11-03 14:26:40',140447,'2010-11-03 14:26:40',1,0,'0000-00-00 00:00:00',0),(11161,1,5,'2010-11-03 14:26:40',140437,'2010-11-03 14:26:50',151500,'2010-11-03 14:26:50',1,0,'0000-00-00 00:00:00',0),(11163,1,8,'2010-11-03 14:26:40',141092,'2010-11-03 14:26:50',152040,'2010-11-03 14:26:50',1,0,'0000-00-00 00:00:00',0),(11165,1,5,'2010-11-03 14:26:50',152029,'2010-11-03 14:27:00',162852,'2010-11-03 14:27:00',1,0,'0000-00-00 00:00:00',0),(11167,1,8,'2010-11-03 14:26:50',152831,'2010-11-03 14:27:00',163399,'2010-11-03 14:27:00',1,0,'0000-00-00 00:00:00',0),(11169,1,5,'2010-11-03 14:27:00',163389,'2010-11-03 14:27:10',180191,'2010-11-03 14:27:10',1,0,'0000-00-00 00:00:00',0),(11171,1,8,'2010-11-03 14:27:00',163749,'2010-11-03 14:27:10',181048,'2010-11-03 14:27:10',1,0,'0000-00-00 00:00:00',0),(11174,1,6,'2010-11-03 14:27:10',180164,'2010-11-03 14:28:10',16959,'2010-11-03 14:28:10',1,0,'0000-00-00 00:00:00',0),(11176,1,10,'2010-11-03 14:27:10',180182,'2010-11-03 14:28:10',17477,'2010-11-03 14:28:10',1,0,'0000-00-00 00:00:00',0),(11178,1,12,'2010-11-03 14:27:10',180782,'2010-11-03 14:32:10',84239,'2010-11-03 14:32:10',0,2,'0000-00-00 00:00:00',0),(11179,1,5,'2010-11-03 14:27:10',180834,'2010-11-03 14:27:20',191779,'2010-11-03 14:27:20',1,0,'0000-00-00 00:00:00',0),(11181,1,8,'2010-11-03 14:27:10',181767,'2010-11-03 14:27:20',191878,'2010-11-03 14:27:20',1,0,'0000-00-00 00:00:00',0),(11183,1,5,'2010-11-03 14:27:20',191867,'2010-11-03 14:27:30',206855,'2010-11-03 14:27:30',1,0,'0000-00-00 00:00:00',0),(11185,1,8,'2010-11-03 14:27:20',192293,'2010-11-03 14:27:30',207387,'2010-11-03 14:27:30',1,0,'0000-00-00 00:00:00',0),(11188,1,5,'2010-11-03 14:27:30',207376,'2010-11-03 14:27:40',226322,'2010-11-03 14:27:40',1,0,'0000-00-00 00:00:00',0),(11190,1,8,'2010-11-03 14:27:30',208239,'2010-11-03 14:27:40',228110,'2010-11-03 14:27:40',1,0,'0000-00-00 00:00:00',0),(11193,1,0,'2010-11-03 14:27:40',227558,'2010-11-03 14:32:27',109945,'2010-11-03 14:32:27',0,3,'0000-00-00 00:00:00',0),(11194,1,0,'2010-11-03 14:27:40',228042,'2010-11-03 14:32:31',118871,'2010-11-03 14:32:31',0,9,'0000-00-00 00:00:00',0),(11195,1,5,'2010-11-03 14:27:40',228101,'2010-11-03 14:27:50',239798,'2010-11-03 14:27:50',1,0,'0000-00-00 00:00:00',0),(11197,1,8,'2010-11-03 14:27:40',229204,'2010-11-03 14:27:50',240333,'2010-11-03 14:27:50',1,0,'0000-00-00 00:00:00',0),(11199,1,5,'2010-11-03 14:27:50',240322,'2010-11-03 14:28:00',5936,'2010-11-03 14:28:00',1,0,'0000-00-00 00:00:00',0),(11201,1,8,'2010-11-03 14:27:50',240927,'2010-11-03 14:28:00',6314,'2010-11-03 14:28:00',1,0,'0000-00-00 00:00:00',0),(11204,1,0,'2010-11-03 14:28:00',6204,'2010-11-03 14:32:52',153159,'2010-11-03 14:32:52',0,10,'0000-00-00 00:00:00',0),(11205,1,5,'2010-11-03 14:28:00',6303,'2010-11-03 14:28:10',17492,'2010-11-03 14:28:10',1,0,'0000-00-00 00:00:00',0),(11207,1,8,'2010-11-03 14:28:00',6689,'2010-11-03 14:28:10',17647,'2010-11-03 14:28:10',1,0,'0000-00-00 00:00:00',0),(11209,1,6,'2010-11-03 14:28:10',17467,'2010-11-03 14:29:10',96870,'2010-11-03 14:29:10',1,0,'0000-00-00 00:00:00',0),(11211,1,10,'2010-11-03 14:28:10',17485,'2010-11-03 14:29:10',97425,'2010-11-03 14:29:10',1,0,'0000-00-00 00:00:00',0),(11213,1,5,'2010-11-03 14:28:10',17524,'2010-11-03 14:28:20',33437,'2010-11-03 14:28:20',1,0,'0000-00-00 00:00:00',0),(11215,1,8,'2010-11-03 14:28:10',18278,'2010-11-03 14:28:20',34824,'2010-11-03 14:28:20',1,0,'0000-00-00 00:00:00',0),(11218,1,0,'2010-11-03 14:28:20',34596,'2010-11-03 14:33:14',189306,'2010-11-03 14:33:14',0,6,'0000-00-00 00:00:00',0),(11219,1,5,'2010-11-03 14:28:20',34802,'2010-11-03 14:28:30',45484,'2010-11-03 14:28:30',1,0,'0000-00-00 00:00:00',0),(11221,1,8,'2010-11-03 14:28:20',35404,'2010-11-03 14:28:30',46043,'2010-11-03 14:28:30',1,0,'0000-00-00 00:00:00',0),(11223,1,5,'2010-11-03 14:28:30',46033,'2010-11-03 14:28:40',61047,'2010-11-03 14:28:40',1,0,'0000-00-00 00:00:00',0),(11225,1,8,'2010-11-03 14:28:30',46844,'2010-11-03 14:28:40',62661,'2010-11-03 14:28:40',1,0,'0000-00-00 00:00:00',0),(11228,1,0,'2010-11-03 14:28:40',62260,'2010-11-03 14:33:35',225213,'2010-11-03 14:33:35',0,5,'0000-00-00 00:00:00',0),(11229,1,5,'2010-11-03 14:28:40',62649,'2010-11-03 14:28:50',75863,'2010-11-03 14:28:50',1,0,'0000-00-00 00:00:00',0),(11231,1,8,'2010-11-03 14:28:40',63839,'2010-11-03 14:28:50',76445,'2010-11-03 14:28:50',1,0,'0000-00-00 00:00:00',0),(11233,1,5,'2010-11-03 14:28:50',76434,'2010-11-03 14:29:00',86638,'2010-11-03 14:29:00',1,0,'0000-00-00 00:00:00',0),(11235,1,8,'2010-11-03 14:28:50',76769,'2010-11-03 14:29:00',86698,'2010-11-03 14:29:00',1,0,'0000-00-00 00:00:00',0),(11237,1,5,'2010-11-03 14:29:00',86689,'2010-11-03 14:29:10',97440,'2010-11-03 14:29:10',1,0,'0000-00-00 00:00:00',0),(11239,1,8,'2010-11-03 14:29:00',87132,'2010-11-03 14:29:10',97478,'2010-11-03 14:29:10',1,0,'0000-00-00 00:00:00',0),(11241,1,6,'2010-11-03 14:29:10',97414,'2010-11-03 14:30:10',180281,'2010-11-03 14:30:10',1,0,'0000-00-00 00:00:00',0),(11243,1,10,'2010-11-03 14:29:10',97432,'2010-11-03 14:30:10',180843,'2010-11-03 14:30:10',1,0,'0000-00-00 00:00:00',0),(11245,1,5,'2010-11-03 14:29:10',97469,'2010-11-03 14:29:20',108598,'2010-11-03 14:29:20',1,0,'0000-00-00 00:00:00',0),(11247,1,8,'2010-11-03 14:29:10',98521,'2010-11-03 14:29:20',109149,'2010-11-03 14:29:20',1,0,'0000-00-00 00:00:00',0),(11249,1,5,'2010-11-03 14:29:20',109139,'2010-11-03 14:29:30',119808,'2010-11-03 14:29:30',1,0,'0000-00-00 00:00:00',0),(11251,1,8,'2010-11-03 14:29:20',109485,'2010-11-03 14:29:30',120350,'2010-11-03 14:29:30',1,0,'0000-00-00 00:00:00',0),(11253,1,5,'2010-11-03 14:29:30',120340,'2010-11-03 14:29:40',133886,'2010-11-03 14:29:40',1,0,'0000-00-00 00:00:00',0),(11255,1,8,'2010-11-03 14:29:30',121486,'2010-11-03 14:29:40',134444,'2010-11-03 14:29:40',1,0,'0000-00-00 00:00:00',0),(11257,1,5,'2010-11-03 14:29:40',134433,'2010-11-03 14:29:50',151303,'2010-11-03 14:29:50',1,0,'0000-00-00 00:00:00',0),(11259,1,8,'2010-11-03 14:29:40',135454,'2010-11-03 14:29:50',152516,'2010-11-03 14:29:50',1,0,'0000-00-00 00:00:00',0),(11262,1,12,'2010-11-03 14:29:50',152453,'2010-11-03 14:34:50',73240,'2010-11-03 14:34:50',0,1,'0000-00-00 00:00:00',0),(11263,1,5,'2010-11-03 14:29:50',152507,'2010-11-03 14:30:00',164263,'2010-11-03 14:30:00',1,0,'0000-00-00 00:00:00',0),(11265,1,8,'2010-11-03 14:29:50',153735,'2010-11-03 14:30:00',164824,'2010-11-03 14:30:00',1,0,'0000-00-00 00:00:00',0),(11267,1,5,'2010-11-03 14:30:00',164813,'2010-11-03 14:30:10',180858,'2010-11-03 14:30:10',1,0,'0000-00-00 00:00:00',0),(11269,1,8,'2010-11-03 14:30:00',165777,'2010-11-03 14:30:10',181741,'2010-11-03 14:30:10',1,0,'0000-00-00 00:00:00',0),(11272,1,6,'2010-11-03 14:30:10',180832,'2010-11-03 14:31:10',7749,'2010-11-03 14:31:10',1,0,'0000-00-00 00:00:00',0),(11274,1,10,'2010-11-03 14:30:10',180850,'2010-11-03 14:31:10',8342,'2010-11-03 14:31:10',1,0,'0000-00-00 00:00:00',0),(11276,1,0,'2010-11-03 14:30:10',181463,'2010-11-03 14:35:01',91489,'2010-11-03 14:35:01',0,7,'0000-00-00 00:00:00',0),(11277,1,5,'2010-11-03 14:30:10',181729,'2010-11-03 14:30:20',192825,'2010-11-03 14:30:20',1,0,'0000-00-00 00:00:00',0),(11279,1,8,'2010-11-03 14:30:10',182441,'2010-11-03 14:30:20',193384,'2010-11-03 14:30:20',1,0,'0000-00-00 00:00:00',0),(11281,1,5,'2010-11-03 14:30:20',193374,'2010-11-03 14:30:30',210343,'2010-11-03 14:30:30',1,0,'0000-00-00 00:00:00',0),(11283,1,8,'2010-11-03 14:30:20',194392,'2010-11-03 14:30:30',210885,'2010-11-03 14:30:30',1,0,'0000-00-00 00:00:00',0),(11285,1,5,'2010-11-03 14:30:30',210875,'2010-11-03 14:30:40',223670,'2010-11-03 14:30:40',1,0,'0000-00-00 00:00:00',0),(11287,1,8,'2010-11-03 14:30:30',211685,'2010-11-03 14:30:40',224252,'2010-11-03 14:30:40',1,0,'0000-00-00 00:00:00',0),(11289,1,5,'2010-11-03 14:30:40',224241,'2010-11-03 14:30:50',234685,'2010-11-03 14:30:50',1,0,'0000-00-00 00:00:00',0),(11291,1,8,'2010-11-03 14:30:40',224574,'2010-11-03 14:30:50',235237,'2010-11-03 14:30:50',1,0,'0000-00-00 00:00:00',0),(11293,1,5,'2010-11-03 14:30:50',235227,'2010-11-03 14:31:00',245748,'2010-11-03 14:31:00',1,0,'0000-00-00 00:00:00',0),(11295,1,8,'2010-11-03 14:30:50',235573,'2010-11-03 14:31:00',246299,'2010-11-03 14:31:00',1,0,'0000-00-00 00:00:00',0),(11297,1,5,'2010-11-03 14:31:00',246288,'2010-11-03 14:31:10',8373,'2010-11-03 14:31:10',1,0,'0000-00-00 00:00:00',0),(11299,1,8,'2010-11-03 14:31:00',247480,'2010-11-03 14:31:10',8412,'2010-11-03 14:31:10',1,0,'0000-00-00 00:00:00',0),(11301,1,6,'2010-11-03 14:31:10',8332,'2010-11-03 14:32:10',82668,'2010-11-03 14:32:10',1,0,'0000-00-00 00:00:00',0),(11303,1,10,'2010-11-03 14:31:10',8364,'2010-11-03 14:32:10',83198,'2010-11-03 14:32:10',1,0,'0000-00-00 00:00:00',0),(11305,1,5,'2010-11-03 14:31:10',8402,'2010-11-03 14:31:20',20061,'2010-11-03 14:31:20',1,0,'0000-00-00 00:00:00',0),(11307,1,8,'2010-11-03 14:31:10',8750,'2010-11-03 14:31:20',20620,'2010-11-03 14:31:20',1,0,'0000-00-00 00:00:00',0),(11309,1,5,'2010-11-03 14:31:20',20610,'2010-11-03 14:31:30',36747,'2010-11-03 14:31:30',1,0,'0000-00-00 00:00:00',0),(11311,1,8,'2010-11-03 14:31:20',21397,'2010-11-03 14:31:30',38192,'2010-11-03 14:31:30',1,0,'0000-00-00 00:00:00',0),(11314,1,0,'2010-11-03 14:31:30',37906,'2010-11-03 14:36:27',200590,'2010-11-03 14:36:27',0,8,'0000-00-00 00:00:00',0),(11315,1,5,'2010-11-03 14:31:30',38181,'2010-11-03 14:31:40',48298,'2010-11-03 14:31:40',1,0,'0000-00-00 00:00:00',0),(11317,1,8,'2010-11-03 14:31:30',38967,'2010-11-03 14:31:40',48829,'2010-11-03 14:31:40',1,0,'0000-00-00 00:00:00',0),(11319,1,5,'2010-11-03 14:31:40',48818,'2010-11-03 14:31:50',59226,'2010-11-03 14:31:50',1,0,'0000-00-00 00:00:00',0),(11321,1,8,'2010-11-03 14:31:40',49645,'2010-11-03 14:31:50',59784,'2010-11-03 14:31:50',1,0,'0000-00-00 00:00:00',0),(11323,1,5,'2010-11-03 14:31:50',59773,'2010-11-03 14:32:00',71203,'2010-11-03 14:32:00',1,0,'0000-00-00 00:00:00',0),(11325,1,8,'2010-11-03 14:31:50',61012,'2010-11-03 14:32:00',71777,'2010-11-03 14:32:00',1,0,'0000-00-00 00:00:00',0),(11327,1,5,'2010-11-03 14:32:00',71767,'2010-11-03 14:32:10',83212,'2010-11-03 14:32:10',1,0,'0000-00-00 00:00:00',0),(11329,1,8,'2010-11-03 14:32:00',72733,'2010-11-03 14:32:10',83250,'2010-11-03 14:32:10',1,0,'0000-00-00 00:00:00',0),(11331,1,6,'2010-11-03 14:32:10',83188,'2010-11-03 14:33:10',184059,'2010-11-03 14:33:10',1,0,'0000-00-00 00:00:00',0),(11333,1,10,'2010-11-03 14:32:10',83205,'2010-11-03 14:33:10',184562,'2010-11-03 14:33:10',1,0,'0000-00-00 00:00:00',0),(11335,1,5,'2010-11-03 14:32:10',83241,'2010-11-03 14:32:20',101500,'2010-11-03 14:32:20',1,0,'0000-00-00 00:00:00',0),(11337,1,8,'2010-11-03 14:32:10',84229,'2010-11-03 14:32:20',102801,'2010-11-03 14:32:20',1,0,'0000-00-00 00:00:00',0),(11340,1,12,'2010-11-03 14:32:20',102640,'2010-11-03 14:37:20',26793,'2010-11-03 14:37:20',0,2,'0000-00-00 00:00:00',0),(11341,1,5,'2010-11-03 14:32:20',102791,'2010-11-03 14:32:30',117533,'2010-11-03 14:32:30',1,0,'0000-00-00 00:00:00',0),(11343,1,8,'2010-11-03 14:32:20',103432,'2010-11-03 14:32:30',117616,'2010-11-03 14:32:30',1,0,'0000-00-00 00:00:00',0),(11346,1,5,'2010-11-03 14:32:30',117605,'2010-11-03 14:32:40',137577,'2010-11-03 14:32:40',1,0,'0000-00-00 00:00:00',0),(11348,1,8,'2010-11-03 14:32:30',118038,'2010-11-03 14:32:40',139270,'2010-11-03 14:32:40',1,0,'0000-00-00 00:00:00',0),(11351,1,0,'2010-11-03 14:32:40',138853,'2010-11-03 14:37:27',39999,'2010-11-03 14:37:27',0,3,'0000-00-00 00:00:00',0),(11352,1,0,'2010-11-03 14:32:40',139002,'2010-11-03 14:37:31',49133,'2010-11-03 14:37:31',0,9,'0000-00-00 00:00:00',0),(11353,1,5,'2010-11-03 14:32:40',139260,'2010-11-03 14:32:50',150064,'2010-11-03 14:32:50',1,0,'0000-00-00 00:00:00',0),(11355,1,8,'2010-11-03 14:32:40',140269,'2010-11-03 14:32:50',150589,'2010-11-03 14:32:50',1,0,'0000-00-00 00:00:00',0),(11357,1,5,'2010-11-03 14:32:50',150579,'2010-11-03 14:33:00',166537,'2010-11-03 14:33:00',1,0,'0000-00-00 00:00:00',0),(11359,1,8,'2010-11-03 14:32:50',151480,'2010-11-03 14:33:00',174863,'2010-11-03 14:33:00',1,0,'0000-00-00 00:00:00',0),(11362,1,0,'2010-11-03 14:33:00',174778,'2010-11-03 14:37:52',81377,'2010-11-03 14:37:52',0,10,'0000-00-00 00:00:00',0),(11363,1,5,'2010-11-03 14:33:00',174853,'2010-11-03 14:33:10',184578,'2010-11-03 14:33:10',1,0,'0000-00-00 00:00:00',0),(11365,1,8,'2010-11-03 14:33:00',175359,'2010-11-03 14:33:10',184618,'2010-11-03 14:33:10',1,0,'0000-00-00 00:00:00',0),(11367,1,6,'2010-11-03 14:33:10',184552,'2010-11-03 14:34:10',20377,'2010-11-03 14:34:10',1,0,'0000-00-00 00:00:00',0),(11369,1,10,'2010-11-03 14:33:10',184569,'2010-11-03 14:34:10',20997,'2010-11-03 14:34:10',1,0,'0000-00-00 00:00:00',0),(11371,1,5,'2010-11-03 14:33:10',184609,'2010-11-03 14:33:20',200141,'2010-11-03 14:33:20',1,0,'0000-00-00 00:00:00',0),(11373,1,8,'2010-11-03 14:33:10',185424,'2010-11-03 14:33:20',201600,'2010-11-03 14:33:20',1,0,'0000-00-00 00:00:00',0),(11376,1,0,'2010-11-03 14:33:20',201228,'2010-11-03 14:38:14',110819,'2010-11-03 14:38:14',0,6,'0000-00-00 00:00:00',0),(11377,1,5,'2010-11-03 14:33:20',201588,'2010-11-03 14:33:30',219283,'2010-11-03 14:33:30',1,0,'0000-00-00 00:00:00',0),(11379,1,8,'2010-11-03 14:33:20',202828,'2010-11-03 14:33:30',219879,'2010-11-03 14:33:30',1,0,'0000-00-00 00:00:00',0),(11381,1,5,'2010-11-03 14:33:30',219869,'2010-11-03 14:33:40',235003,'2010-11-03 14:33:40',1,0,'0000-00-00 00:00:00',0),(11383,1,8,'2010-11-03 14:33:30',220674,'2010-11-03 14:33:40',235788,'2010-11-03 14:33:40',1,0,'0000-00-00 00:00:00',0),(11386,1,0,'2010-11-03 14:33:40',235713,'2010-11-03 14:38:35',145235,'2010-11-03 14:38:35',0,5,'0000-00-00 00:00:00',0),(11387,1,5,'2010-11-03 14:33:40',235778,'2010-11-03 14:33:50',248260,'2010-11-03 14:33:50',1,0,'0000-00-00 00:00:00',0),(11389,1,8,'2010-11-03 14:33:40',236076,'2010-11-03 14:33:50',248834,'2010-11-03 14:33:50',1,0,'0000-00-00 00:00:00',0),(11391,1,5,'2010-11-03 14:33:50',248823,'2010-11-03 14:34:00',9753,'2010-11-03 14:34:00',1,0,'0000-00-00 00:00:00',0),(11393,1,8,'2010-11-03 14:33:50',249590,'2010-11-03 14:34:00',10360,'2010-11-03 14:34:00',1,0,'0000-00-00 00:00:00',0),(11395,1,5,'2010-11-03 14:34:00',10349,'2010-11-03 14:34:10',21012,'2010-11-03 14:34:10',1,0,'0000-00-00 00:00:00',0),(11397,1,8,'2010-11-03 14:34:00',10986,'2010-11-03 14:34:10',21049,'2010-11-03 14:34:10',1,0,'0000-00-00 00:00:00',0),(11399,1,6,'2010-11-03 14:34:10',20986,'2010-11-03 14:35:10',105455,'2010-11-03 14:35:10',1,0,'0000-00-00 00:00:00',0),(11401,1,10,'2010-11-03 14:34:10',21004,'2010-11-03 14:35:10',105529,'2010-11-03 14:35:10',1,0,'0000-00-00 00:00:00',0),(11403,1,5,'2010-11-03 14:34:10',21040,'2010-11-03 14:34:20',37635,'2010-11-03 14:34:20',1,0,'0000-00-00 00:00:00',0),(11405,1,8,'2010-11-03 14:34:10',27156,'2010-11-03 14:34:20',38183,'2010-11-03 14:34:20',1,0,'0000-00-00 00:00:00',0),(11407,1,5,'2010-11-03 14:34:20',38173,'2010-11-03 14:34:30',51364,'2010-11-03 14:34:30',1,0,'0000-00-00 00:00:00',0),(11409,1,8,'2010-11-03 14:34:20',39051,'2010-11-03 14:34:30',51424,'2010-11-03 14:34:30',1,0,'0000-00-00 00:00:00',0),(11411,1,5,'2010-11-03 14:34:30',51414,'2010-11-03 14:34:40',61312,'2010-11-03 14:34:40',1,0,'0000-00-00 00:00:00',0),(11413,1,8,'2010-11-03 14:34:30',51885,'2010-11-03 14:34:40',61849,'2010-11-03 14:34:40',1,0,'0000-00-00 00:00:00',0),(11415,1,5,'2010-11-03 14:34:40',61839,'2010-11-03 14:34:50',71874,'2010-11-03 14:34:50',1,0,'0000-00-00 00:00:00',0),(11417,1,8,'2010-11-03 14:34:40',62649,'2010-11-03 14:34:50',72488,'2010-11-03 14:34:50',1,0,'0000-00-00 00:00:00',0),(11419,1,5,'2010-11-03 14:34:50',72477,'2010-11-03 14:35:00',88962,'2010-11-03 14:35:00',1,0,'0000-00-00 00:00:00',0),(11421,1,8,'2010-11-03 14:34:50',73230,'2010-11-03 14:35:00',89934,'2010-11-03 14:35:00',1,0,'0000-00-00 00:00:00',0),(11424,1,12,'2010-11-03 14:35:00',89871,'2010-11-03 14:40:00',249410,'2010-11-03 14:40:00',0,1,'0000-00-00 00:00:00',0),(11425,1,5,'2010-11-03 14:35:00',89925,'2010-11-03 14:35:10',105544,'2010-11-03 14:35:10',1,0,'0000-00-00 00:00:00',0),(11427,1,8,'2010-11-03 14:35:00',90663,'2010-11-03 14:35:10',105841,'2010-11-03 14:35:10',1,0,'0000-00-00 00:00:00',0),(11430,1,6,'2010-11-03 14:35:10',105518,'2010-11-03 14:36:10',180407,'2010-11-03 14:36:10',1,0,'0000-00-00 00:00:00',0),(11432,1,10,'2010-11-03 14:35:10',105536,'2010-11-03 14:36:10',180977,'2010-11-03 14:36:10',1,0,'0000-00-00 00:00:00',0),(11434,1,0,'2010-11-03 14:35:10',105767,'2010-11-03 14:40:01',6833,'2010-11-03 14:40:01',0,7,'0000-00-00 00:00:00',0),(11435,1,5,'2010-11-03 14:35:10',105830,'2010-11-03 14:35:20',116647,'2010-11-03 14:35:20',1,0,'0000-00-00 00:00:00',0),(11437,1,8,'2010-11-03 14:35:10',106226,'2010-11-03 14:35:20',117178,'2010-11-03 14:35:20',1,0,'0000-00-00 00:00:00',0),(11439,1,5,'2010-11-03 14:35:20',117168,'2010-11-03 14:35:30',127870,'2010-11-03 14:35:30',1,0,'0000-00-00 00:00:00',0),(11441,1,8,'2010-11-03 14:35:20',118042,'2010-11-03 14:35:30',128386,'2010-11-03 14:35:30',1,0,'0000-00-00 00:00:00',0),(11443,1,5,'2010-11-03 14:35:30',128376,'2010-11-03 14:35:40',138567,'2010-11-03 14:35:40',1,0,'0000-00-00 00:00:00',0),(11445,1,8,'2010-11-03 14:35:30',129172,'2010-11-03 14:35:40',139223,'2010-11-03 14:35:40',1,0,'0000-00-00 00:00:00',0),(11447,1,5,'2010-11-03 14:35:40',139212,'2010-11-03 14:35:50',156947,'2010-11-03 14:35:50',1,0,'0000-00-00 00:00:00',0),(11449,1,8,'2010-11-03 14:35:40',147174,'2010-11-03 14:35:50',157469,'2010-11-03 14:35:50',1,0,'0000-00-00 00:00:00',0),(11451,1,5,'2010-11-03 14:35:50',157458,'2010-11-03 14:36:00',169077,'2010-11-03 14:36:00',1,0,'0000-00-00 00:00:00',0),(11453,1,8,'2010-11-03 14:35:50',158270,'2010-11-03 14:36:00',169594,'2010-11-03 14:36:00',1,0,'0000-00-00 00:00:00',0),(11455,1,5,'2010-11-03 14:36:00',169583,'2010-11-03 14:36:10',181010,'2010-11-03 14:36:10',1,0,'0000-00-00 00:00:00',0),(11457,1,8,'2010-11-03 14:36:00',170389,'2010-11-03 14:36:10',181047,'2010-11-03 14:36:10',1,0,'0000-00-00 00:00:00',0),(11459,1,6,'2010-11-03 14:36:10',180922,'2010-11-03 14:37:10',10404,'2010-11-03 14:37:10',1,0,'0000-00-00 00:00:00',0),(11461,1,10,'2010-11-03 14:36:10',180985,'2010-11-03 14:37:10',10419,'2010-11-03 14:37:10',1,0,'0000-00-00 00:00:00',0),(11463,1,5,'2010-11-03 14:36:10',181037,'2010-11-03 14:36:20',191644,'2010-11-03 14:36:20',1,0,'0000-00-00 00:00:00',0),(11465,1,8,'2010-11-03 14:36:10',181905,'2010-11-03 14:36:20',192182,'2010-11-03 14:36:20',1,0,'0000-00-00 00:00:00',0),(11467,1,5,'2010-11-03 14:36:20',192172,'2010-11-03 14:36:30',209027,'2010-11-03 14:36:30',1,0,'0000-00-00 00:00:00',0),(11469,1,8,'2010-11-03 14:36:20',193169,'2010-11-03 14:36:30',210552,'2010-11-03 14:36:30',1,0,'0000-00-00 00:00:00',0),(11472,1,0,'2010-11-03 14:36:30',210254,'2010-11-03 14:41:27',118619,'2010-11-03 14:41:27',0,8,'0000-00-00 00:00:00',0),(11473,1,5,'2010-11-03 14:36:30',210541,'2010-11-03 14:36:40',222233,'2010-11-03 14:36:40',1,0,'0000-00-00 00:00:00',0),(11475,1,8,'2010-11-03 14:36:30',211385,'2010-11-03 14:36:40',222825,'2010-11-03 14:36:40',1,0,'0000-00-00 00:00:00',0),(11477,1,5,'2010-11-03 14:36:40',222815,'2010-11-03 14:36:50',234773,'2010-11-03 14:36:50',1,0,'0000-00-00 00:00:00',0),(11479,1,8,'2010-11-03 14:36:40',223403,'2010-11-03 14:36:50',235284,'2010-11-03 14:36:50',1,0,'0000-00-00 00:00:00',0),(11481,1,5,'2010-11-03 14:36:50',235274,'2010-11-03 14:37:00',246421,'2010-11-03 14:37:00',1,0,'0000-00-00 00:00:00',0),(11483,1,8,'2010-11-03 14:36:50',236227,'2010-11-03 14:37:00',246949,'2010-11-03 14:37:00',1,0,'0000-00-00 00:00:00',0),(11485,1,5,'2010-11-03 14:37:00',246939,'2010-11-03 14:37:10',10433,'2010-11-03 14:37:10',1,0,'0000-00-00 00:00:00',0),(11487,1,8,'2010-11-03 14:37:00',247707,'2010-11-03 14:37:10',10544,'2010-11-03 14:37:10',1,0,'0000-00-00 00:00:00',0),(11489,1,7,'2010-11-03 14:37:10',10393,'0000-00-00 00:00:00',0,'2010-11-03 15:37:10',1,0,'0000-00-00 00:00:00',0),(11491,1,6,'2010-11-03 14:37:10',10411,'2010-11-03 14:38:10',106584,'2010-11-03 14:38:10',1,0,'0000-00-00 00:00:00',0),(11493,1,10,'2010-11-03 14:37:10',10425,'2010-11-03 14:38:10',106673,'2010-11-03 14:38:10',1,0,'0000-00-00 00:00:00',0),(11495,1,5,'2010-11-03 14:37:10',10451,'2010-11-03 14:37:20',20968,'2010-11-03 14:37:20',1,0,'0000-00-00 00:00:00',0),(11497,1,8,'2010-11-03 14:37:10',11744,'2010-11-03 14:37:20',21649,'2010-11-03 14:37:20',1,0,'0000-00-00 00:00:00',0),(11499,1,5,'2010-11-03 14:37:20',21638,'2010-11-03 14:37:30',47565,'2010-11-03 14:37:30',1,0,'0000-00-00 00:00:00',0),(11501,1,8,'2010-11-03 14:37:20',26782,'2010-11-03 14:37:30',47849,'2010-11-03 14:37:30',1,0,'0000-00-00 00:00:00',0),(11505,1,12,'2010-11-03 14:37:30',47787,'2010-11-03 14:42:30',199069,'2010-11-03 14:42:30',0,2,'0000-00-00 00:00:00',0),(11506,1,5,'2010-11-03 14:37:30',47840,'2010-11-03 14:37:40',65635,'2010-11-03 14:37:40',1,0,'0000-00-00 00:00:00',0),(11508,1,8,'2010-11-03 14:37:30',48254,'2010-11-03 14:37:40',67681,'2010-11-03 14:37:40',1,0,'0000-00-00 00:00:00',0),(11511,1,0,'2010-11-03 14:37:40',67221,'2010-11-03 14:42:27',190686,'2010-11-03 14:42:27',0,3,'0000-00-00 00:00:00',0),(11512,1,0,'2010-11-03 14:37:40',67624,'2010-11-03 14:42:31',206065,'2010-11-03 14:42:31',0,9,'0000-00-00 00:00:00',0),(11513,1,5,'2010-11-03 14:37:40',67672,'2010-11-03 14:37:50',78221,'2010-11-03 14:37:50',1,0,'0000-00-00 00:00:00',0),(11515,1,8,'2010-11-03 14:37:40',69342,'2010-11-03 14:37:50',78786,'2010-11-03 14:37:50',1,0,'0000-00-00 00:00:00',0),(11517,1,5,'2010-11-03 14:37:50',78775,'2010-11-03 14:38:00',94575,'2010-11-03 14:38:00',1,0,'0000-00-00 00:00:00',0),(11519,1,8,'2010-11-03 14:37:50',79802,'2010-11-03 14:38:00',95773,'2010-11-03 14:38:00',1,0,'0000-00-00 00:00:00',0),(11522,1,0,'2010-11-03 14:38:00',95692,'2010-11-03 14:42:52',236915,'2010-11-03 14:42:52',0,10,'0000-00-00 00:00:00',0),(11523,1,5,'2010-11-03 14:38:00',95763,'2010-11-03 14:38:10',106689,'2010-11-03 14:38:10',1,0,'0000-00-00 00:00:00',0),(11525,1,8,'2010-11-03 14:38:00',96416,'2010-11-03 14:38:10',106740,'2010-11-03 14:38:10',1,0,'0000-00-00 00:00:00',0),(11527,1,6,'2010-11-03 14:38:10',106664,'2010-11-03 14:39:10',191221,'2010-11-03 14:39:10',1,0,'0000-00-00 00:00:00',0),(11529,1,10,'2010-11-03 14:38:10',106680,'2010-11-03 14:39:10',191250,'2010-11-03 14:39:10',1,0,'0000-00-00 00:00:00',0),(11531,1,5,'2010-11-03 14:38:10',106731,'2010-11-03 14:38:20',128427,'2010-11-03 14:38:20',1,0,'0000-00-00 00:00:00',0),(11533,1,8,'2010-11-03 14:38:10',107188,'2010-11-03 14:38:20',129354,'2010-11-03 14:38:20',1,0,'0000-00-00 00:00:00',0),(11536,1,0,'2010-11-03 14:38:20',129272,'2010-11-03 14:43:14',23534,'2010-11-03 14:43:14',0,6,'0000-00-00 00:00:00',0),(11537,1,5,'2010-11-03 14:38:20',129344,'2010-11-03 14:38:30',138983,'2010-11-03 14:38:30',1,0,'0000-00-00 00:00:00',0),(11539,1,8,'2010-11-03 14:38:20',129632,'2010-11-03 14:38:30',139582,'2010-11-03 14:38:30',1,0,'0000-00-00 00:00:00',0),(11541,1,5,'2010-11-03 14:38:30',139571,'2010-11-03 14:38:40',154685,'2010-11-03 14:38:40',1,0,'0000-00-00 00:00:00',0),(11543,1,8,'2010-11-03 14:38:30',140522,'2010-11-03 14:38:40',156171,'2010-11-03 14:38:40',1,0,'0000-00-00 00:00:00',0),(11546,1,0,'2010-11-03 14:38:40',155885,'2010-11-03 14:43:35',53926,'2010-11-03 14:43:35',0,5,'0000-00-00 00:00:00',0),(11547,1,5,'2010-11-03 14:38:40',156160,'2010-11-03 14:38:50',167471,'2010-11-03 14:38:50',1,0,'0000-00-00 00:00:00',0),(11549,1,8,'2010-11-03 14:38:40',157386,'2010-11-03 14:38:50',167979,'2010-11-03 14:38:50',1,0,'0000-00-00 00:00:00',0),(11551,1,5,'2010-11-03 14:38:50',167969,'2010-11-03 14:39:00',181026,'2010-11-03 14:39:00',1,0,'0000-00-00 00:00:00',0),(11553,1,8,'2010-11-03 14:38:50',168762,'2010-11-03 14:39:00',181549,'2010-11-03 14:39:00',1,0,'0000-00-00 00:00:00',0),(11555,1,5,'2010-11-03 14:39:00',181539,'2010-11-03 14:39:10',191266,'2010-11-03 14:39:10',1,0,'0000-00-00 00:00:00',0),(11557,1,8,'2010-11-03 14:39:00',182325,'2010-11-03 14:39:10',191299,'2010-11-03 14:39:10',1,0,'0000-00-00 00:00:00',0),(11559,1,6,'2010-11-03 14:39:10',191242,'2010-11-03 14:40:10',20943,'2010-11-03 14:40:10',1,0,'0000-00-00 00:00:00',0),(11561,1,10,'2010-11-03 14:39:10',191257,'2010-11-03 14:40:10',21403,'2010-11-03 14:40:10',1,0,'0000-00-00 00:00:00',0),(11563,1,5,'2010-11-03 14:39:10',191290,'2010-11-03 14:39:20',204215,'2010-11-03 14:39:20',1,0,'0000-00-00 00:00:00',0),(11565,1,8,'2010-11-03 14:39:10',191710,'2010-11-03 14:39:20',204273,'2010-11-03 14:39:20',1,0,'0000-00-00 00:00:00',0),(11567,1,5,'2010-11-03 14:39:20',204264,'2010-11-03 14:39:30',213730,'2010-11-03 14:39:30',1,0,'0000-00-00 00:00:00',0),(11569,1,8,'2010-11-03 14:39:20',204711,'2010-11-03 14:39:30',215734,'2010-11-03 14:39:30',1,0,'0000-00-00 00:00:00',0),(11571,1,5,'2010-11-03 14:39:30',215716,'2010-11-03 14:39:40',225621,'2010-11-03 14:39:40',1,0,'0000-00-00 00:00:00',0),(11573,1,8,'2010-11-03 14:39:30',216062,'2010-11-03 14:39:40',226176,'2010-11-03 14:39:40',1,0,'0000-00-00 00:00:00',0),(11575,1,5,'2010-11-03 14:39:40',226166,'2010-11-03 14:39:50',236758,'2010-11-03 14:39:50',1,0,'0000-00-00 00:00:00',0),(11577,1,8,'2010-11-03 14:39:40',226965,'2010-11-03 14:39:50',237473,'2010-11-03 14:39:50',1,0,'0000-00-00 00:00:00',0),(11579,1,5,'2010-11-03 14:39:50',237463,'2010-11-03 14:40:00',248846,'2010-11-03 14:40:00',1,0,'0000-00-00 00:00:00',0),(11581,1,8,'2010-11-03 14:39:50',238331,'2010-11-03 14:40:00',248959,'2010-11-03 14:40:00',1,0,'0000-00-00 00:00:00',0),(11583,1,5,'2010-11-03 14:40:00',248948,'2010-11-03 14:40:10',21418,'2010-11-03 14:40:10',1,0,'0000-00-00 00:00:00',0),(11585,1,8,'2010-11-03 14:40:00',249372,'2010-11-03 14:40:10',26953,'2010-11-03 14:40:10',1,0,'0000-00-00 00:00:00',0),(11589,1,6,'2010-11-03 14:40:10',21392,'2010-11-03 14:41:10',99446,'2010-11-03 14:41:10',1,0,'0000-00-00 00:00:00',0),(11591,1,10,'2010-11-03 14:40:10',21410,'2010-11-03 14:41:10',99961,'2010-11-03 14:41:10',1,0,'0000-00-00 00:00:00',0),(11593,1,12,'2010-11-03 14:40:10',22463,'2010-11-03 14:45:10',177438,'2010-11-03 14:45:10',0,1,'0000-00-00 00:00:00',0),(11594,1,0,'2010-11-03 14:40:10',26891,'2010-11-03 14:45:01',162014,'2010-11-03 14:45:01',0,7,'0000-00-00 00:00:00',0),(11595,1,5,'2010-11-03 14:40:10',26944,'2010-11-03 14:40:20',36838,'2010-11-03 14:40:20',1,0,'0000-00-00 00:00:00',0),(11597,1,8,'2010-11-03 14:40:10',27268,'2010-11-03 14:40:20',37518,'2010-11-03 14:40:20',1,0,'0000-00-00 00:00:00',0),(11599,1,5,'2010-11-03 14:40:20',37508,'2010-11-03 14:40:30',52075,'2010-11-03 14:40:30',1,0,'0000-00-00 00:00:00',0),(11601,1,8,'2010-11-03 14:40:20',43083,'2010-11-03 14:40:30',52742,'2010-11-03 14:40:30',1,0,'0000-00-00 00:00:00',0),(11603,1,5,'2010-11-03 14:40:30',52731,'2010-11-03 14:40:40',69192,'2010-11-03 14:40:40',1,0,'0000-00-00 00:00:00',0),(11605,1,8,'2010-11-03 14:40:30',59049,'2010-11-03 14:40:40',69744,'2010-11-03 14:40:40',1,0,'0000-00-00 00:00:00',0),(11607,1,5,'2010-11-03 14:40:40',69734,'2010-11-03 14:40:50',79228,'2010-11-03 14:40:50',1,0,'0000-00-00 00:00:00',0),(11609,1,8,'2010-11-03 14:40:40',70514,'2010-11-03 14:40:50',79308,'2010-11-03 14:40:50',1,0,'0000-00-00 00:00:00',0),(11611,1,5,'2010-11-03 14:40:50',79298,'2010-11-03 14:41:00',88715,'2010-11-03 14:41:00',1,0,'0000-00-00 00:00:00',0),(11613,1,8,'2010-11-03 14:40:50',79745,'2010-11-03 14:41:00',89266,'2010-11-03 14:41:00',1,0,'0000-00-00 00:00:00',0),(11615,1,5,'2010-11-03 14:41:00',89256,'2010-11-03 14:41:10',99976,'2010-11-03 14:41:10',1,0,'0000-00-00 00:00:00',0),(11617,1,8,'2010-11-03 14:41:00',90014,'2010-11-03 14:41:10',100013,'2010-11-03 14:41:10',1,0,'0000-00-00 00:00:00',0),(11619,1,6,'2010-11-03 14:41:10',99951,'2010-11-03 14:42:10',170678,'2010-11-03 14:42:10',1,0,'0000-00-00 00:00:00',0),(11621,1,10,'2010-11-03 14:41:10',99967,'2010-11-03 14:42:10',171182,'2010-11-03 14:42:10',1,0,'0000-00-00 00:00:00',0),(11623,1,5,'2010-11-03 14:41:10',100004,'2010-11-03 14:41:20',110888,'2010-11-03 14:41:20',1,0,'0000-00-00 00:00:00',0),(11625,1,8,'2010-11-03 14:41:10',100792,'2010-11-03 14:41:20',110947,'2010-11-03 14:41:20',1,0,'0000-00-00 00:00:00',0),(11627,1,5,'2010-11-03 14:41:20',110938,'2010-11-03 14:41:30',126876,'2010-11-03 14:41:30',1,0,'0000-00-00 00:00:00',0),(11629,1,8,'2010-11-03 14:41:20',111465,'2010-11-03 14:41:30',128530,'2010-11-03 14:41:30',1,0,'0000-00-00 00:00:00',0),(11632,1,0,'2010-11-03 14:41:30',128145,'2010-11-03 14:46:27',31549,'2010-11-03 14:46:27',0,8,'0000-00-00 00:00:00',0),(11633,1,5,'2010-11-03 14:41:30',128518,'2010-11-03 14:41:40',141831,'2010-11-03 14:41:40',1,0,'0000-00-00 00:00:00',0),(11635,1,8,'2010-11-03 14:41:30',129730,'2010-11-03 14:41:40',141904,'2010-11-03 14:41:40',1,0,'0000-00-00 00:00:00',0),(11637,1,5,'2010-11-03 14:41:40',141894,'2010-11-03 14:41:50',151905,'2010-11-03 14:41:50',1,0,'0000-00-00 00:00:00',0),(11639,1,8,'2010-11-03 14:41:40',142351,'2010-11-03 14:41:50',152433,'2010-11-03 14:41:50',1,0,'0000-00-00 00:00:00',0),(11641,1,5,'2010-11-03 14:41:50',152423,'2010-11-03 14:42:00',161013,'2010-11-03 14:42:00',1,0,'0000-00-00 00:00:00',0),(11643,1,8,'2010-11-03 14:41:50',153243,'2010-11-03 14:42:00',161590,'2010-11-03 14:42:00',1,0,'0000-00-00 00:00:00',0),(11645,1,5,'2010-11-03 14:42:00',161580,'2010-11-03 14:42:10',171197,'2010-11-03 14:42:10',1,0,'0000-00-00 00:00:00',0),(11647,1,8,'2010-11-03 14:42:00',162174,'2010-11-03 14:42:10',171234,'2010-11-03 14:42:10',1,0,'0000-00-00 00:00:00',0),(11649,1,6,'2010-11-03 14:42:10',171172,'2010-11-03 14:43:10',11103,'2010-11-03 14:43:10',1,0,'0000-00-00 00:00:00',0),(11651,1,10,'2010-11-03 14:42:10',171189,'2010-11-03 14:43:10',11725,'2010-11-03 14:43:10',1,0,'0000-00-00 00:00:00',0),(11653,1,5,'2010-11-03 14:42:10',171225,'2010-11-03 14:42:20',182589,'2010-11-03 14:42:20',1,0,'0000-00-00 00:00:00',0),(11655,1,8,'2010-11-03 14:42:10',172049,'2010-11-03 14:42:20',183136,'2010-11-03 14:42:20',1,0,'0000-00-00 00:00:00',0),(11657,1,5,'2010-11-03 14:42:20',183126,'2010-11-03 14:42:30',198079,'2010-11-03 14:42:30',1,0,'0000-00-00 00:00:00',0),(11659,1,8,'2010-11-03 14:42:20',183857,'2010-11-03 14:42:30',198679,'2010-11-03 14:42:30',1,0,'0000-00-00 00:00:00',0),(11662,1,5,'2010-11-03 14:42:30',198668,'2010-11-03 14:42:40',219629,'2010-11-03 14:42:40',1,0,'0000-00-00 00:00:00',0),(11664,1,8,'2010-11-03 14:42:30',199058,'2010-11-03 14:42:40',222124,'2010-11-03 14:42:40',1,0,'0000-00-00 00:00:00',0),(11668,1,12,'2010-11-03 14:42:40',220982,'2010-11-03 14:47:40',139730,'2010-11-03 14:47:40',0,2,'0000-00-00 00:00:00',0),(11669,1,0,'2010-11-03 14:42:40',221472,'2010-11-03 14:47:27',109598,'2010-11-03 14:47:27',0,3,'0000-00-00 00:00:00',0),(11670,1,0,'2010-11-03 14:42:40',222065,'2010-11-03 14:47:31',121278,'2010-11-03 14:47:31',0,9,'0000-00-00 00:00:00',0),(11671,1,5,'2010-11-03 14:42:40',222114,'2010-11-03 14:42:50',233536,'2010-11-03 14:42:50',1,0,'0000-00-00 00:00:00',0),(11673,1,8,'2010-11-03 14:42:40',223246,'2010-11-03 14:42:50',234075,'2010-11-03 14:42:50',1,0,'0000-00-00 00:00:00',0),(11675,1,5,'2010-11-03 14:42:50',234065,'2010-11-03 14:43:00',249991,'2010-11-03 14:43:00',1,0,'0000-00-00 00:00:00',0),(11677,1,8,'2010-11-03 14:42:50',234984,'2010-11-03 14:43:00',251333,'2010-11-03 14:43:00',1,0,'0000-00-00 00:00:00',0),(11680,1,0,'2010-11-03 14:43:00',251160,'2010-11-03 14:47:52',160104,'2010-11-03 14:47:52',0,10,'0000-00-00 00:00:00',0),(11681,1,5,'2010-11-03 14:43:00',251321,'2010-11-03 14:43:10',11740,'2010-11-03 14:43:10',1,0,'0000-00-00 00:00:00',0),(11683,1,8,'2010-11-03 14:43:00',251917,'2010-11-03 14:43:10',11779,'2010-11-03 14:43:10',1,0,'0000-00-00 00:00:00',0),(11685,1,6,'2010-11-03 14:43:10',11715,'2010-11-03 14:44:10',97528,'2010-11-03 14:44:10',1,0,'0000-00-00 00:00:00',0),(11687,1,10,'2010-11-03 14:43:10',11732,'2010-11-03 14:44:10',98157,'2010-11-03 14:44:10',1,0,'0000-00-00 00:00:00',0),(11689,1,5,'2010-11-03 14:43:10',11770,'2010-11-03 14:43:20',34805,'2010-11-03 14:43:20',1,0,'0000-00-00 00:00:00',0),(11691,1,8,'2010-11-03 14:43:10',18983,'2010-11-03 14:43:20',36180,'2010-11-03 14:43:20',1,0,'0000-00-00 00:00:00',0),(11694,1,0,'2010-11-03 14:43:20',35902,'2010-11-03 14:48:14',190362,'2010-11-03 14:48:14',0,6,'0000-00-00 00:00:00',0),(11695,1,5,'2010-11-03 14:43:20',36169,'2010-11-03 14:43:30',47888,'2010-11-03 14:43:30',1,0,'0000-00-00 00:00:00',0),(11697,1,8,'2010-11-03 14:43:20',37147,'2010-11-03 14:43:30',48480,'2010-11-03 14:43:30',1,0,'0000-00-00 00:00:00',0),(11699,1,5,'2010-11-03 14:43:30',48469,'2010-11-03 14:43:40',63581,'2010-11-03 14:43:40',1,0,'0000-00-00 00:00:00',0),(11701,1,8,'2010-11-03 14:43:30',49306,'2010-11-03 14:43:40',64373,'2010-11-03 14:43:40',1,0,'0000-00-00 00:00:00',0),(11704,1,0,'2010-11-03 14:43:40',64298,'2010-11-03 14:48:35',218302,'2010-11-03 14:48:35',0,5,'0000-00-00 00:00:00',0),(11705,1,5,'2010-11-03 14:43:40',64363,'2010-11-03 14:43:50',75064,'2010-11-03 14:43:50',1,0,'0000-00-00 00:00:00',0),(11707,1,8,'2010-11-03 14:43:40',64662,'2010-11-03 14:43:50',75711,'2010-11-03 14:43:50',1,0,'0000-00-00 00:00:00',0),(11709,1,5,'2010-11-03 14:43:50',75700,'2010-11-03 14:44:00',86669,'2010-11-03 14:44:00',1,0,'0000-00-00 00:00:00',0),(11711,1,8,'2010-11-03 14:43:50',76504,'2010-11-03 14:44:00',87191,'2010-11-03 14:44:00',1,0,'0000-00-00 00:00:00',0),(11713,1,5,'2010-11-03 14:44:00',87180,'2010-11-03 14:44:10',98172,'2010-11-03 14:44:10',1,0,'0000-00-00 00:00:00',0),(11715,1,8,'2010-11-03 14:44:00',87949,'2010-11-03 14:44:10',98209,'2010-11-03 14:44:10',1,0,'0000-00-00 00:00:00',0),(11717,1,6,'2010-11-03 14:44:10',98147,'2010-11-03 14:45:10',175238,'2010-11-03 14:45:10',1,0,'0000-00-00 00:00:00',0),(11719,1,10,'2010-11-03 14:44:10',98164,'2010-11-03 14:45:10',175951,'2010-11-03 14:45:10',1,0,'0000-00-00 00:00:00',0),(11721,1,5,'2010-11-03 14:44:10',98200,'2010-11-03 14:44:20',113409,'2010-11-03 14:44:20',1,0,'0000-00-00 00:00:00',0),(11723,1,8,'2010-11-03 14:44:10',102983,'2010-11-03 14:44:20',114000,'2010-11-03 14:44:20',1,0,'0000-00-00 00:00:00',0),(11725,1,5,'2010-11-03 14:44:20',113989,'2010-11-03 14:44:30',124790,'2010-11-03 14:44:30',1,0,'0000-00-00 00:00:00',0),(11727,1,8,'2010-11-03 14:44:20',114692,'2010-11-03 14:44:30',125339,'2010-11-03 14:44:30',1,0,'0000-00-00 00:00:00',0),(11729,1,5,'2010-11-03 14:44:30',125329,'2010-11-03 14:44:40',136898,'2010-11-03 14:44:40',1,0,'0000-00-00 00:00:00',0),(11731,1,8,'2010-11-03 14:44:30',126124,'2010-11-03 14:44:40',137604,'2010-11-03 14:44:40',1,0,'0000-00-00 00:00:00',0),(11733,1,5,'2010-11-03 14:44:40',137593,'2010-11-03 14:44:50',148403,'2010-11-03 14:44:50',1,0,'0000-00-00 00:00:00',0),(11735,1,8,'2010-11-03 14:44:40',138422,'2010-11-03 14:44:50',148994,'2010-11-03 14:44:50',1,0,'0000-00-00 00:00:00',0),(11737,1,5,'2010-11-03 14:44:50',148983,'2010-11-03 14:45:00',159930,'2010-11-03 14:45:00',1,0,'0000-00-00 00:00:00',0),(11739,1,8,'2010-11-03 14:44:50',149720,'2010-11-03 14:45:00',160442,'2010-11-03 14:45:00',1,0,'0000-00-00 00:00:00',0),(11741,1,5,'2010-11-03 14:45:00',160432,'2010-11-03 14:45:10',175967,'2010-11-03 14:45:10',1,0,'0000-00-00 00:00:00',0),(11743,1,8,'2010-11-03 14:45:00',161193,'2010-11-03 14:45:10',176918,'2010-11-03 14:45:10',1,0,'0000-00-00 00:00:00',0),(11746,1,6,'2010-11-03 14:45:10',175939,'2010-11-03 14:46:10',10949,'2010-11-03 14:46:10',1,0,'0000-00-00 00:00:00',0),(11748,1,10,'2010-11-03 14:45:10',175959,'2010-11-03 14:46:10',11466,'2010-11-03 14:46:10',1,0,'0000-00-00 00:00:00',0),(11750,1,0,'2010-11-03 14:45:10',176634,'2010-11-03 14:50:01',74156,'2010-11-03 14:50:01',0,7,'0000-00-00 00:00:00',0),(11751,1,5,'2010-11-03 14:45:10',176906,'2010-11-03 14:45:20',195246,'2010-11-03 14:45:20',1,0,'0000-00-00 00:00:00',0),(11753,1,8,'2010-11-03 14:45:10',177351,'2010-11-03 14:45:20',196186,'2010-11-03 14:45:20',1,0,'0000-00-00 00:00:00',0),(11756,1,12,'2010-11-03 14:45:20',196124,'2010-11-03 14:50:20',101415,'2010-11-03 14:50:20',0,1,'0000-00-00 00:00:00',0),(11757,1,5,'2010-11-03 14:45:20',196177,'2010-11-03 14:45:30',207830,'2010-11-03 14:45:30',1,0,'0000-00-00 00:00:00',0),(11759,1,8,'2010-11-03 14:45:20',196873,'2010-11-03 14:45:30',208393,'2010-11-03 14:45:30',1,0,'0000-00-00 00:00:00',0),(11761,1,5,'2010-11-03 14:45:30',208383,'2010-11-03 14:45:40',218970,'2010-11-03 14:45:40',1,0,'0000-00-00 00:00:00',0),(11763,1,8,'2010-11-03 14:45:30',209248,'2010-11-03 14:45:40',219597,'2010-11-03 14:45:40',1,0,'0000-00-00 00:00:00',0),(11765,1,5,'2010-11-03 14:45:40',219586,'2010-11-03 14:45:50',230810,'2010-11-03 14:45:50',1,0,'0000-00-00 00:00:00',0),(11767,1,8,'2010-11-03 14:45:40',220408,'2010-11-03 14:45:50',231486,'2010-11-03 14:45:50',1,0,'0000-00-00 00:00:00',0),(11769,1,5,'2010-11-03 14:45:50',231475,'2010-11-03 14:46:00',249305,'2010-11-03 14:46:00',1,0,'0000-00-00 00:00:00',0),(11771,1,8,'2010-11-03 14:45:50',239053,'2010-11-03 14:46:00',249834,'2010-11-03 14:46:00',1,0,'0000-00-00 00:00:00',0),(11773,1,5,'2010-11-03 14:46:00',249823,'2010-11-03 14:46:10',11481,'2010-11-03 14:46:10',1,0,'0000-00-00 00:00:00',0),(11775,1,8,'2010-11-03 14:46:00',250595,'2010-11-03 14:46:10',11518,'2010-11-03 14:46:10',1,0,'0000-00-00 00:00:00',0),(11777,1,6,'2010-11-03 14:46:10',11456,'2010-11-03 14:47:10',91079,'2010-11-03 14:47:10',1,0,'0000-00-00 00:00:00',0),(11779,1,10,'2010-11-03 14:46:10',11473,'2010-11-03 14:47:10',91597,'2010-11-03 14:47:10',1,0,'0000-00-00 00:00:00',0),(11781,1,5,'2010-11-03 14:46:10',11509,'2010-11-03 14:46:20',22665,'2010-11-03 14:46:20',1,0,'0000-00-00 00:00:00',0),(11783,1,8,'2010-11-03 14:46:10',12334,'2010-11-03 14:46:20',23220,'2010-11-03 14:46:20',1,0,'0000-00-00 00:00:00',0),(11785,1,5,'2010-11-03 14:46:20',23208,'2010-11-03 14:46:30',40439,'2010-11-03 14:46:30',1,0,'0000-00-00 00:00:00',0),(11787,1,8,'2010-11-03 14:46:20',23590,'2010-11-03 14:46:30',41426,'2010-11-03 14:46:30',1,0,'0000-00-00 00:00:00',0),(11790,1,0,'2010-11-03 14:46:30',41331,'0000-00-00 00:00:00',0,'2010-11-03 14:51:27',0,8,'0000-00-00 00:00:00',0),(11791,1,5,'2010-11-03 14:46:30',41416,'2010-11-03 14:46:40',55635,'2010-11-03 14:46:40',1,0,'0000-00-00 00:00:00',0),(11793,1,8,'2010-11-03 14:46:30',42092,'2010-11-03 14:46:40',56170,'2010-11-03 14:46:40',1,0,'0000-00-00 00:00:00',0),(11795,1,5,'2010-11-03 14:46:40',56160,'2010-11-03 14:46:50',67398,'2010-11-03 14:46:50',1,0,'0000-00-00 00:00:00',0),(11797,1,8,'2010-11-03 14:46:40',57021,'2010-11-03 14:46:50',67991,'2010-11-03 14:46:50',1,0,'0000-00-00 00:00:00',0),(11799,1,5,'2010-11-03 14:46:50',67980,'2010-11-03 14:47:00',79800,'2010-11-03 14:47:00',1,0,'0000-00-00 00:00:00',0),(11801,1,8,'2010-11-03 14:46:50',68895,'2010-11-03 14:47:00',80347,'2010-11-03 14:47:00',1,0,'0000-00-00 00:00:00',0),(11803,1,5,'2010-11-03 14:47:00',80337,'2010-11-03 14:47:10',91612,'2010-11-03 14:47:10',1,0,'0000-00-00 00:00:00',0),(11805,1,8,'2010-11-03 14:47:00',81091,'2010-11-03 14:47:10',91650,'2010-11-03 14:47:10',1,0,'0000-00-00 00:00:00',0),(11807,1,6,'2010-11-03 14:47:10',91587,'2010-11-03 14:48:10',185839,'2010-11-03 14:48:10',1,0,'0000-00-00 00:00:00',0),(11809,1,10,'2010-11-03 14:47:10',91604,'2010-11-03 14:48:10',185885,'2010-11-03 14:48:10',1,0,'0000-00-00 00:00:00',0),(11811,1,5,'2010-11-03 14:47:10',91641,'2010-11-03 14:47:20',101986,'2010-11-03 14:47:20',1,0,'0000-00-00 00:00:00',0),(11813,1,8,'2010-11-03 14:47:10',92472,'2010-11-03 14:47:20',102575,'2010-11-03 14:47:20',1,0,'0000-00-00 00:00:00',0),(11815,1,5,'2010-11-03 14:47:20',102565,'2010-11-03 14:47:30',118043,'2010-11-03 14:47:30',1,0,'0000-00-00 00:00:00',0),(11817,1,8,'2010-11-03 14:47:20',102938,'2010-11-03 14:47:30',118126,'2010-11-03 14:47:30',1,0,'0000-00-00 00:00:00',0),(11820,1,5,'2010-11-03 14:47:30',118115,'2010-11-03 14:47:40',137749,'2010-11-03 14:47:40',1,0,'0000-00-00 00:00:00',0),(11822,1,8,'2010-11-03 14:47:30',118570,'2010-11-03 14:47:40',139141,'2010-11-03 14:47:40',1,0,'0000-00-00 00:00:00',0),(11825,1,0,'2010-11-03 14:47:40',139001,'0000-00-00 00:00:00',0,'2010-11-03 14:52:27',0,3,'0000-00-00 00:00:00',0),(11826,1,0,'2010-11-03 14:47:40',139085,'0000-00-00 00:00:00',0,'2010-11-03 14:52:31',0,9,'0000-00-00 00:00:00',0),(11827,1,5,'2010-11-03 14:47:40',139132,'2010-11-03 14:47:50',156472,'2010-11-03 14:47:50',1,0,'0000-00-00 00:00:00',0),(11829,1,8,'2010-11-03 14:47:40',139719,'2010-11-03 14:47:50',157692,'2010-11-03 14:47:50',1,0,'0000-00-00 00:00:00',0),(11832,1,12,'2010-11-03 14:47:50',157629,'0000-00-00 00:00:00',0,'2010-11-03 14:52:50',0,2,'0000-00-00 00:00:00',0),(11833,1,5,'2010-11-03 14:47:50',157682,'2010-11-03 14:48:00',174385,'2010-11-03 14:48:00',1,0,'0000-00-00 00:00:00',0),(11835,1,8,'2010-11-03 14:47:50',158346,'2010-11-03 14:48:00',175733,'2010-11-03 14:48:00',1,0,'0000-00-00 00:00:00',0),(11838,1,0,'2010-11-03 14:48:00',175464,'0000-00-00 00:00:00',0,'2010-11-03 14:52:52',0,10,'0000-00-00 00:00:00',0),(11839,1,5,'2010-11-03 14:48:00',175721,'2010-11-03 14:48:10',185900,'2010-11-03 14:48:10',1,0,'0000-00-00 00:00:00',0),(11841,1,8,'2010-11-03 14:48:00',176627,'2010-11-03 14:48:10',185950,'2010-11-03 14:48:10',1,0,'0000-00-00 00:00:00',0),(11843,1,6,'2010-11-03 14:48:10',185877,'2010-11-03 14:49:10',21002,'2010-11-03 14:49:10',1,0,'0000-00-00 00:00:00',0),(11845,1,10,'2010-11-03 14:48:10',185892,'2010-11-03 14:49:10',21486,'2010-11-03 14:49:10',1,0,'0000-00-00 00:00:00',0),(11847,1,5,'2010-11-03 14:48:10',185940,'2010-11-03 14:48:20',201549,'2010-11-03 14:48:20',1,0,'0000-00-00 00:00:00',0),(11849,1,8,'2010-11-03 14:48:10',186387,'2010-11-03 14:48:20',201916,'2010-11-03 14:48:20',1,0,'0000-00-00 00:00:00',0),(11852,1,0,'2010-11-03 14:48:20',201835,'0000-00-00 00:00:00',0,'2010-11-03 14:53:14',0,6,'0000-00-00 00:00:00',0),(11853,1,5,'2010-11-03 14:48:20',201906,'2010-11-03 14:48:30',212462,'2010-11-03 14:48:30',1,0,'0000-00-00 00:00:00',0),(11855,1,8,'2010-11-03 14:48:20',202357,'2010-11-03 14:48:30',213062,'2010-11-03 14:48:30',1,0,'0000-00-00 00:00:00',0),(11857,1,5,'2010-11-03 14:48:30',213051,'2010-11-03 14:48:40',228037,'2010-11-03 14:48:40',1,0,'0000-00-00 00:00:00',0),(11859,1,8,'2010-11-03 14:48:30',213843,'2010-11-03 14:48:40',229597,'2010-11-03 14:48:40',1,0,'0000-00-00 00:00:00',0),(11862,1,0,'2010-11-03 14:48:40',229142,'0000-00-00 00:00:00',0,'2010-11-03 14:53:35',0,5,'0000-00-00 00:00:00',0),(11863,1,5,'2010-11-03 14:48:40',229585,'2010-11-03 14:48:50',241810,'2010-11-03 14:48:50',1,0,'0000-00-00 00:00:00',0),(11865,1,8,'2010-11-03 14:48:40',230826,'2010-11-03 14:48:50',243306,'2010-11-03 14:48:50',1,0,'0000-00-00 00:00:00',0),(11867,1,5,'2010-11-03 14:48:50',243295,'2010-11-03 14:49:00',3604,'2010-11-03 14:49:00',1,0,'0000-00-00 00:00:00',0),(11869,1,8,'2010-11-03 14:48:50',244085,'2010-11-03 14:49:00',4299,'2010-11-03 14:49:00',1,0,'0000-00-00 00:00:00',0),(11871,1,5,'2010-11-03 14:49:00',4288,'2010-11-03 14:49:10',21501,'2010-11-03 14:49:10',1,0,'0000-00-00 00:00:00',0),(11873,1,8,'2010-11-03 14:49:00',10995,'2010-11-03 14:49:10',21539,'2010-11-03 14:49:10',1,0,'0000-00-00 00:00:00',0),(11875,1,6,'2010-11-03 14:49:10',21476,'2010-11-03 14:50:10',87390,'2010-11-03 14:50:10',1,0,'0000-00-00 00:00:00',0),(11877,1,10,'2010-11-03 14:49:10',21493,'2010-11-03 14:50:10',88040,'2010-11-03 14:50:10',1,0,'0000-00-00 00:00:00',0),(11879,1,5,'2010-11-03 14:49:10',21530,'2010-11-03 14:49:20',31290,'2010-11-03 14:49:20',1,0,'0000-00-00 00:00:00',0),(11881,1,8,'2010-11-03 14:49:10',22294,'2010-11-03 14:49:20',31355,'2010-11-03 14:49:20',1,0,'0000-00-00 00:00:00',0),(11883,1,5,'2010-11-03 14:49:20',31346,'2010-11-03 14:49:30',41414,'2010-11-03 14:49:30',1,0,'0000-00-00 00:00:00',0),(11885,1,8,'2010-11-03 14:49:20',31802,'2010-11-03 14:49:30',41475,'2010-11-03 14:49:30',1,0,'0000-00-00 00:00:00',0),(11887,1,5,'2010-11-03 14:49:30',41465,'2010-11-03 14:49:40',51270,'2010-11-03 14:49:40',1,0,'0000-00-00 00:00:00',0),(11889,1,8,'2010-11-03 14:49:30',41905,'2010-11-03 14:49:40',51798,'2010-11-03 14:49:40',1,0,'0000-00-00 00:00:00',0),(11891,1,5,'2010-11-03 14:49:40',51788,'2010-11-03 14:49:50',62813,'2010-11-03 14:49:50',1,0,'0000-00-00 00:00:00',0),(11893,1,8,'2010-11-03 14:49:40',52586,'2010-11-03 14:49:50',63365,'2010-11-03 14:49:50',1,0,'0000-00-00 00:00:00',0),(11895,1,5,'2010-11-03 14:49:50',63354,'2010-11-03 14:50:00',72798,'2010-11-03 14:50:00',1,0,'0000-00-00 00:00:00',0),(11897,1,8,'2010-11-03 14:49:50',64142,'2010-11-03 14:50:00',72858,'2010-11-03 14:50:00',1,0,'0000-00-00 00:00:00',0),(11899,1,5,'2010-11-03 14:50:00',72848,'2010-11-03 14:50:10',88055,'2010-11-03 14:50:10',1,0,'0000-00-00 00:00:00',0),(11901,1,8,'2010-11-03 14:50:00',73299,'2010-11-03 14:50:10',88352,'2010-11-03 14:50:10',1,0,'0000-00-00 00:00:00',0),(11904,1,6,'2010-11-03 14:50:10',88028,'2010-11-03 14:51:10',172302,'2010-11-03 14:51:10',1,0,'0000-00-00 00:00:00',0),(11906,1,10,'2010-11-03 14:50:10',88047,'2010-11-03 14:51:10',172980,'2010-11-03 14:51:10',1,0,'0000-00-00 00:00:00',0),(11908,1,0,'2010-11-03 14:50:10',88269,'0000-00-00 00:00:00',0,'2010-11-03 14:55:01',0,7,'0000-00-00 00:00:00',0),(11909,1,5,'2010-11-03 14:50:10',88342,'2010-11-03 14:50:20',100078,'2010-11-03 14:50:20',1,0,'0000-00-00 00:00:00',0),(11911,1,8,'2010-11-03 14:50:10',88630,'2010-11-03 14:50:20',100544,'2010-11-03 14:50:20',1,0,'0000-00-00 00:00:00',0),(11913,1,5,'2010-11-03 14:50:20',100534,'2010-11-03 14:50:30',121941,'2010-11-03 14:50:30',1,0,'0000-00-00 00:00:00',0),(11915,1,8,'2010-11-03 14:50:20',101404,'2010-11-03 14:50:30',122932,'2010-11-03 14:50:30',1,0,'0000-00-00 00:00:00',0),(11918,1,12,'2010-11-03 14:50:30',122869,'0000-00-00 00:00:00',0,'2010-11-03 14:55:30',0,1,'0000-00-00 00:00:00',0),(11919,1,5,'2010-11-03 14:50:30',122922,'2010-11-03 14:50:40',138753,'2010-11-03 14:50:40',1,0,'0000-00-00 00:00:00',0),(11921,1,8,'2010-11-03 14:50:30',123651,'2010-11-03 14:50:40',138834,'2010-11-03 14:50:40',1,0,'0000-00-00 00:00:00',0),(11923,1,5,'2010-11-03 14:50:40',138824,'2010-11-03 14:50:50',149164,'2010-11-03 14:50:50',1,0,'0000-00-00 00:00:00',0),(11925,1,8,'2010-11-03 14:50:40',139272,'2010-11-03 14:50:50',149696,'2010-11-03 14:50:50',1,0,'0000-00-00 00:00:00',0),(11927,1,5,'2010-11-03 14:50:50',149686,'2010-11-03 14:51:00',160702,'2010-11-03 14:51:00',1,0,'0000-00-00 00:00:00',0),(11929,1,8,'2010-11-03 14:50:50',150513,'2010-11-03 14:51:00',161249,'2010-11-03 14:51:00',1,0,'0000-00-00 00:00:00',0),(11931,1,5,'2010-11-03 14:51:00',161223,'2010-11-03 14:51:10',172995,'2010-11-03 14:51:10',1,0,'0000-00-00 00:00:00',0),(11933,1,8,'2010-11-03 14:51:00',161580,'2010-11-03 14:51:10',173032,'2010-11-03 14:51:10',1,0,'0000-00-00 00:00:00',0),(11935,1,6,'2010-11-03 14:51:10',172969,'0000-00-00 00:00:00',0,'2010-11-03 14:52:10',1,0,'0000-00-00 00:00:00',0),(11937,1,10,'2010-11-03 14:51:10',172987,'0000-00-00 00:00:00',0,'2010-11-03 14:52:10',1,0,'0000-00-00 00:00:00',0),(11939,1,5,'2010-11-03 14:51:10',173023,'2010-11-03 14:51:20',183509,'2010-11-03 14:51:20',1,0,'0000-00-00 00:00:00',0),(11941,1,8,'2010-11-03 14:51:10',173353,'2010-11-03 14:51:20',184077,'2010-11-03 14:51:20',1,0,'0000-00-00 00:00:00',0),(11943,1,5,'2010-11-03 14:51:20',184066,'0000-00-00 00:00:00',0,'2010-11-03 14:51:30',1,0,'0000-00-00 00:00:00',0),(11945,1,8,'2010-11-03 14:51:20',184405,'0000-00-00 00:00:00',0,'2010-11-03 14:51:30',1,0,'0000-00-00 00:00:00',0);
/*!40000 ALTER TABLE `nagios_timedevents` ENABLE KEYS */;
UNLOCK TABLES;

--
-- Table structure for table `nagios_timeperiod_timeranges`
--

DROP TABLE IF EXISTS `nagios_timeperiod_timeranges`;
/*!40101 SET @saved_cs_client     = @@character_set_client */;
/*!40101 SET character_set_client = utf8 */;
CREATE TABLE `nagios_timeperiod_timeranges` (
  `timeperiod_timerange_id` int(11) NOT NULL AUTO_INCREMENT,
  `instance_id` smallint(6) NOT NULL DEFAULT '0',
  `timeperiod_id` int(11) NOT NULL DEFAULT '0',
  `day` smallint(6) NOT NULL DEFAULT '0',
  `start_sec` int(11) NOT NULL DEFAULT '0',
  `end_sec` int(11) NOT NULL DEFAULT '0',
  PRIMARY KEY (`timeperiod_timerange_id`),
  UNIQUE KEY `instance_id` (`timeperiod_id`,`day`,`start_sec`,`end_sec`)
) ENGINE=InnoDB AUTO_INCREMENT=121 DEFAULT CHARSET=latin1 COMMENT='Timeperiod definitions';
/*!40101 SET character_set_client = @saved_cs_client */;

--
-- Dumping data for table `nagios_timeperiod_timeranges`
--

LOCK TABLES `nagios_timeperiod_timeranges` WRITE;
/*!40000 ALTER TABLE `nagios_timeperiod_timeranges` DISABLE KEYS */;
INSERT INTO `nagios_timeperiod_timeranges` VALUES (97,1,17,0,0,86400),(98,1,17,1,0,86400),(99,1,17,2,0,86400),(100,1,17,3,0,86400),(101,1,17,4,0,86400),(102,1,17,5,0,86400),(103,1,17,6,0,86400),(104,1,19,0,0,86400),(105,1,19,1,61200,86400),(106,1,19,1,0,32400),(107,1,19,2,61200,86400),(108,1,19,2,0,32400),(109,1,19,3,61200,86400),(110,1,19,3,0,32400),(111,1,19,4,61200,86400),(112,1,19,4,0,32400),(113,1,19,5,61200,86400),(114,1,19,5,0,32400),(115,1,19,6,0,86400),(116,1,20,1,32400,61200),(117,1,20,2,32400,61200),(118,1,20,3,32400,61200),(119,1,20,4,32400,61200),(120,1,20,5,32400,61200);
/*!40000 ALTER TABLE `nagios_timeperiod_timeranges` ENABLE KEYS */;
UNLOCK TABLES;

--
-- Table structure for table `nagios_timeperiods`
--

DROP TABLE IF EXISTS `nagios_timeperiods`;
/*!40101 SET @saved_cs_client     = @@character_set_client */;
/*!40101 SET character_set_client = utf8 */;
CREATE TABLE `nagios_timeperiods` (
  `timeperiod_id` int(11) NOT NULL AUTO_INCREMENT,
  `instance_id` smallint(6) NOT NULL DEFAULT '0',
  `config_type` smallint(6) NOT NULL DEFAULT '0',
  `timeperiod_object_id` int(11) NOT NULL DEFAULT '0',
  `alias` varchar(255) NOT NULL DEFAULT '',
  PRIMARY KEY (`timeperiod_id`),
  UNIQUE KEY `instance_id` (`instance_id`,`config_type`,`timeperiod_object_id`)
) ENGINE=InnoDB AUTO_INCREMENT=21 DEFAULT CHARSET=latin1 COMMENT='Timeperiod definitions';
/*!40101 SET character_set_client = @saved_cs_client */;

--
-- Dumping data for table `nagios_timeperiods`
--

LOCK TABLES `nagios_timeperiods` WRITE;
/*!40000 ALTER TABLE `nagios_timeperiods` DISABLE KEYS */;
INSERT INTO `nagios_timeperiods` VALUES (17,1,1,4,'24 Hours A Day, 7 Days A Week'),(18,1,1,163,'Never'),(19,1,1,164,'Non-Work Hours'),(20,1,1,165,'Standard Work Hours');
/*!40000 ALTER TABLE `nagios_timeperiods` ENABLE KEYS */;
UNLOCK TABLES;

--
-- Table structure for table `poller`
--

DROP TABLE IF EXISTS `poller`;
/*!40101 SET @saved_cs_client     = @@character_set_client */;
/*!40101 SET character_set_client = utf8 */;
CREATE TABLE `poller` (
  `id` smallint(5) unsigned NOT NULL AUTO_INCREMENT,
  `hostname` varchar(250) NOT NULL DEFAULT '',
  `ip_address` int(11) unsigned NOT NULL DEFAULT '0',
  `last_update` datetime NOT NULL DEFAULT '0000-00-00 00:00:00',
  PRIMARY KEY (`id`)
) ENGINE=MyISAM DEFAULT CHARSET=latin1;
/*!40101 SET character_set_client = @saved_cs_client */;

--
-- Dumping data for table `poller`
--

LOCK TABLES `poller` WRITE;
/*!40000 ALTER TABLE `poller` DISABLE KEYS */;
/*!40000 ALTER TABLE `poller` ENABLE KEYS */;
UNLOCK TABLES;

--
-- Table structure for table `poller_command`
--

DROP TABLE IF EXISTS `poller_command`;
/*!40101 SET @saved_cs_client     = @@character_set_client */;
/*!40101 SET character_set_client = utf8 */;
CREATE TABLE `poller_command` (
  `poller_id` smallint(5) unsigned NOT NULL DEFAULT '0',
  `time` datetime NOT NULL DEFAULT '0000-00-00 00:00:00',
  `action` tinyint(3) unsigned NOT NULL DEFAULT '0',
  `command` varchar(200) NOT NULL DEFAULT '',
  PRIMARY KEY (`poller_id`,`action`,`command`)
) ENGINE=MyISAM DEFAULT CHARSET=latin1;
/*!40101 SET character_set_client = @saved_cs_client */;

--
-- Dumping data for table `poller_command`
--

LOCK TABLES `poller_command` WRITE;
/*!40000 ALTER TABLE `poller_command` DISABLE KEYS */;
/*!40000 ALTER TABLE `poller_command` ENABLE KEYS */;
UNLOCK TABLES;

--
-- Table structure for table `poller_item`
--

DROP TABLE IF EXISTS `poller_item`;
/*!40101 SET @saved_cs_client     = @@character_set_client */;
/*!40101 SET character_set_client = utf8 */;
CREATE TABLE `poller_item` (
  `local_data_id` mediumint(8) unsigned NOT NULL DEFAULT '0',
  `poller_id` smallint(5) unsigned NOT NULL DEFAULT '0',
  `host_id` mediumint(8) NOT NULL DEFAULT '0',
  `action` tinyint(2) unsigned NOT NULL DEFAULT '1',
  `hostname` varchar(250) NOT NULL DEFAULT '',
  `snmp_community` varchar(100) NOT NULL DEFAULT '',
  `snmp_version` tinyint(1) unsigned NOT NULL DEFAULT '0',
  `snmp_username` varchar(50) NOT NULL DEFAULT '',
  `snmp_password` varchar(50) NOT NULL DEFAULT '',
  `snmp_auth_protocol` varchar(5) NOT NULL DEFAULT '',
  `snmp_priv_passphrase` varchar(200) NOT NULL DEFAULT '',
  `snmp_priv_protocol` varchar(6) NOT NULL DEFAULT '',
  `snmp_context` varchar(64) DEFAULT '',
  `snmp_port` mediumint(5) unsigned NOT NULL DEFAULT '161',
  `snmp_timeout` mediumint(8) unsigned NOT NULL DEFAULT '0',
  `rrd_name` varchar(19) NOT NULL DEFAULT '',
  `rrd_path` varchar(255) NOT NULL DEFAULT '',
  `rrd_num` tinyint(2) unsigned NOT NULL DEFAULT '0',
  `rrd_step` mediumint(8) NOT NULL DEFAULT '300',
  `rrd_next_step` mediumint(8) NOT NULL DEFAULT '0',
  `arg1` text,
  `arg2` varchar(255) DEFAULT NULL,
  `arg3` varchar(255) DEFAULT NULL,
  PRIMARY KEY (`local_data_id`,`rrd_name`),
  KEY `local_data_id` (`local_data_id`),
  KEY `host_id` (`host_id`),
  KEY `rrd_next_step` (`rrd_next_step`),
  KEY `action` (`action`)
) ENGINE=MyISAM DEFAULT CHARSET=latin1;
/*!40101 SET character_set_client = @saved_cs_client */;

--
-- Dumping data for table `poller_item`
--

LOCK TABLES `poller_item` WRITE;
/*!40000 ALTER TABLE `poller_item` DISABLE KEYS */;
/*!40000 ALTER TABLE `poller_item` ENABLE KEYS */;
UNLOCK TABLES;

--
-- Table structure for table `poller_output`
--

DROP TABLE IF EXISTS `poller_output`;
/*!40101 SET @saved_cs_client     = @@character_set_client */;
/*!40101 SET character_set_client = utf8 */;
CREATE TABLE `poller_output` (
  `local_data_id` mediumint(8) unsigned NOT NULL DEFAULT '0',
  `rrd_name` varchar(19) NOT NULL DEFAULT '',
  `time` datetime NOT NULL DEFAULT '0000-00-00 00:00:00',
  `output` text NOT NULL,
  PRIMARY KEY (`local_data_id`,`rrd_name`,`time`)
) ENGINE=MyISAM DEFAULT CHARSET=latin1;
/*!40101 SET character_set_client = @saved_cs_client */;

--
-- Dumping data for table `poller_output`
--

LOCK TABLES `poller_output` WRITE;
/*!40000 ALTER TABLE `poller_output` DISABLE KEYS */;
/*!40000 ALTER TABLE `poller_output` ENABLE KEYS */;
UNLOCK TABLES;

--
-- Table structure for table `poller_reindex`
--

DROP TABLE IF EXISTS `poller_reindex`;
/*!40101 SET @saved_cs_client     = @@character_set_client */;
/*!40101 SET character_set_client = utf8 */;
CREATE TABLE `poller_reindex` (
  `host_id` mediumint(8) unsigned NOT NULL DEFAULT '0',
  `data_query_id` mediumint(8) unsigned NOT NULL DEFAULT '0',
  `action` tinyint(3) unsigned NOT NULL DEFAULT '0',
  `op` char(1) NOT NULL DEFAULT '',
  `assert_value` varchar(100) NOT NULL DEFAULT '',
  `arg1` varchar(255) NOT NULL DEFAULT '',
  PRIMARY KEY (`host_id`,`data_query_id`,`arg1`)
) ENGINE=MyISAM DEFAULT CHARSET=latin1;
/*!40101 SET character_set_client = @saved_cs_client */;

--
-- Dumping data for table `poller_reindex`
--

LOCK TABLES `poller_reindex` WRITE;
/*!40000 ALTER TABLE `poller_reindex` DISABLE KEYS */;
/*!40000 ALTER TABLE `poller_reindex` ENABLE KEYS */;
UNLOCK TABLES;

--
-- Table structure for table `poller_time`
--

DROP TABLE IF EXISTS `poller_time`;
/*!40101 SET @saved_cs_client     = @@character_set_client */;
/*!40101 SET character_set_client = utf8 */;
CREATE TABLE `poller_time` (
  `id` mediumint(8) unsigned NOT NULL AUTO_INCREMENT,
  `pid` int(11) unsigned NOT NULL DEFAULT '0',
  `poller_id` smallint(5) unsigned NOT NULL DEFAULT '0',
  `start_time` datetime NOT NULL DEFAULT '0000-00-00 00:00:00',
  `end_time` datetime NOT NULL DEFAULT '0000-00-00 00:00:00',
  PRIMARY KEY (`id`)
) ENGINE=MyISAM DEFAULT CHARSET=latin1;
/*!40101 SET character_set_client = @saved_cs_client */;

--
-- Dumping data for table `poller_time`
--

LOCK TABLES `poller_time` WRITE;
/*!40000 ALTER TABLE `poller_time` DISABLE KEYS */;
/*!40000 ALTER TABLE `poller_time` ENABLE KEYS */;
UNLOCK TABLES;

--
-- Table structure for table `rra`
--

DROP TABLE IF EXISTS `rra`;
/*!40101 SET @saved_cs_client     = @@character_set_client */;
/*!40101 SET character_set_client = utf8 */;
CREATE TABLE `rra` (
  `id` mediumint(8) unsigned NOT NULL AUTO_INCREMENT,
  `hash` varchar(32) NOT NULL DEFAULT '',
  `name` varchar(100) NOT NULL DEFAULT '',
  `x_files_factor` double NOT NULL DEFAULT '0.1',
  `steps` mediumint(8) DEFAULT '1',
  `rows` int(12) NOT NULL DEFAULT '600',
  `timespan` int(12) unsigned NOT NULL DEFAULT '0',
  PRIMARY KEY (`id`)
) ENGINE=MyISAM AUTO_INCREMENT=6 DEFAULT CHARSET=latin1;
/*!40101 SET character_set_client = @saved_cs_client */;

--
-- Dumping data for table `rra`
--

LOCK TABLES `rra` WRITE;
/*!40000 ALTER TABLE `rra` DISABLE KEYS */;
INSERT INTO `rra` VALUES (1,'c21df5178e5c955013591239eb0afd46','Daily (5 Minute Average)',0.5,1,600,86400),(2,'0d9c0af8b8acdc7807943937b3208e29','Weekly (30 Minute Average)',0.5,6,700,604800),(3,'6fc2d038fb42950138b0ce3e9874cc60','Monthly (2 Hour Average)',0.5,24,775,2678400),(4,'e36f3adb9f152adfa5dc50fd2b23337e','Yearly (1 Day Average)',0.5,288,797,33053184),(5,'283ea2bf1634d92ce081ec82a634f513','Hourly (1 Minute Average)',0.5,1,500,14400);
/*!40000 ALTER TABLE `rra` ENABLE KEYS */;
UNLOCK TABLES;

--
-- Table structure for table `rra_cf`
--

DROP TABLE IF EXISTS `rra_cf`;
/*!40101 SET @saved_cs_client     = @@character_set_client */;
/*!40101 SET character_set_client = utf8 */;
CREATE TABLE `rra_cf` (
  `rra_id` mediumint(8) unsigned NOT NULL DEFAULT '0',
  `consolidation_function_id` smallint(5) unsigned NOT NULL DEFAULT '0',
  PRIMARY KEY (`rra_id`,`consolidation_function_id`),
  KEY `rra_id` (`rra_id`)
) ENGINE=MyISAM DEFAULT CHARSET=latin1;
/*!40101 SET character_set_client = @saved_cs_client */;

--
-- Dumping data for table `rra_cf`
--

LOCK TABLES `rra_cf` WRITE;
/*!40000 ALTER TABLE `rra_cf` DISABLE KEYS */;
INSERT INTO `rra_cf` VALUES (1,1),(1,3),(2,1),(2,3),(3,1),(3,3),(4,1),(4,3),(5,1),(5,3);
/*!40000 ALTER TABLE `rra_cf` ENABLE KEYS */;
UNLOCK TABLES;

--
-- Table structure for table `settings`
--

DROP TABLE IF EXISTS `settings`;
/*!40101 SET @saved_cs_client     = @@character_set_client */;
/*!40101 SET character_set_client = utf8 */;
CREATE TABLE `settings` (
  `name` varchar(50) NOT NULL DEFAULT '',
  `value` varchar(255) NOT NULL DEFAULT '',
  PRIMARY KEY (`name`)
) ENGINE=MyISAM DEFAULT CHARSET=latin1;
/*!40101 SET character_set_client = @saved_cs_client */;

--
-- Dumping data for table `settings`
--

LOCK TABLES `settings` WRITE;
/*!40000 ALTER TABLE `settings` DISABLE KEYS */;
INSERT INTO `settings` VALUES ('poller_lastrun','1288365300'),('path_webroot','/usr/share/cacti/site'),('date','2010-10-29 13:15:01'),('stats_poller','Time:299.2547 Method:cmd.php Processes:1 Threads:N/A Hosts:2 HostsPerProcess:2 DataSources:0 RRDsProcessed:0'),('stats_recache','RecacheTime:0.0 HostsRecached:0');
/*!40000 ALTER TABLE `settings` ENABLE KEYS */;
UNLOCK TABLES;

--
-- Table structure for table `settings_graphs`
--

DROP TABLE IF EXISTS `settings_graphs`;
/*!40101 SET @saved_cs_client     = @@character_set_client */;
/*!40101 SET character_set_client = utf8 */;
CREATE TABLE `settings_graphs` (
  `user_id` smallint(8) unsigned NOT NULL DEFAULT '0',
  `name` varchar(50) NOT NULL DEFAULT '',
  `value` varchar(255) NOT NULL DEFAULT '',
  PRIMARY KEY (`user_id`,`name`)
) ENGINE=MyISAM DEFAULT CHARSET=latin1;
/*!40101 SET character_set_client = @saved_cs_client */;

--
-- Dumping data for table `settings_graphs`
--

LOCK TABLES `settings_graphs` WRITE;
/*!40000 ALTER TABLE `settings_graphs` DISABLE KEYS */;
/*!40000 ALTER TABLE `settings_graphs` ENABLE KEYS */;
UNLOCK TABLES;

--
-- Table structure for table `settings_tree`
--

DROP TABLE IF EXISTS `settings_tree`;
/*!40101 SET @saved_cs_client     = @@character_set_client */;
/*!40101 SET character_set_client = utf8 */;
CREATE TABLE `settings_tree` (
  `user_id` mediumint(8) unsigned NOT NULL DEFAULT '0',
  `graph_tree_item_id` mediumint(8) unsigned NOT NULL DEFAULT '0',
  `status` tinyint(1) NOT NULL DEFAULT '0',
  PRIMARY KEY (`user_id`,`graph_tree_item_id`)
) ENGINE=MyISAM DEFAULT CHARSET=latin1;
/*!40101 SET character_set_client = @saved_cs_client */;

--
-- Dumping data for table `settings_tree`
--

LOCK TABLES `settings_tree` WRITE;
/*!40000 ALTER TABLE `settings_tree` DISABLE KEYS */;
/*!40000 ALTER TABLE `settings_tree` ENABLE KEYS */;
UNLOCK TABLES;

--
-- Table structure for table `snmp_query`
--

DROP TABLE IF EXISTS `snmp_query`;
/*!40101 SET @saved_cs_client     = @@character_set_client */;
/*!40101 SET character_set_client = utf8 */;
CREATE TABLE `snmp_query` (
  `id` mediumint(8) unsigned NOT NULL AUTO_INCREMENT,
  `hash` varchar(32) NOT NULL DEFAULT '',
  `xml_path` varchar(255) NOT NULL DEFAULT '',
  `name` varchar(100) NOT NULL DEFAULT '',
  `description` varchar(255) DEFAULT NULL,
  `graph_template_id` mediumint(8) unsigned NOT NULL DEFAULT '0',
  `data_input_id` mediumint(8) unsigned NOT NULL DEFAULT '0',
  PRIMARY KEY (`id`),
  KEY `name` (`name`)
) ENGINE=MyISAM AUTO_INCREMENT=10 DEFAULT CHARSET=latin1;
/*!40101 SET character_set_client = @saved_cs_client */;

--
-- Dumping data for table `snmp_query`
--

LOCK TABLES `snmp_query` WRITE;
/*!40000 ALTER TABLE `snmp_query` DISABLE KEYS */;
INSERT INTO `snmp_query` VALUES (1,'d75e406fdeca4fcef45b8be3a9a63cbc','<path_cacti>/resource/snmp_queries/interface.xml','SNMP - Interface Statistics','Queries a host for a list of monitorable interfaces',0,2),(2,'3c1b27d94ad208a0090f293deadde753','<path_cacti>/resource/snmp_queries/net-snmp_disk.xml','ucd/net -  Get Monitored Partitions','Retrieves a list of monitored partitions/disks from a net-snmp enabled host.',0,2),(3,'59aab7b0feddc7860002ed9303085ba5','<path_cacti>/resource/snmp_queries/kbridge.xml','Karlnet - Wireless Bridge Statistics','Gets information about the wireless connectivity of each station from a Karlnet bridge.',0,2),(4,'ad06f46e22e991cb47c95c7233cfaee8','<path_cacti>/resource/snmp_queries/netware_disk.xml','Netware - Get Available Volumes','Retrieves a list of volumes from a Netware server.',0,2),(6,'8ffa36c1864124b38bcda2ae9bd61f46','<path_cacti>/resource/script_queries/unix_disk.xml','Unix - Get Mounted Partitions','Queries a list of mounted partitions on a unix-based host with the',0,11),(7,'30ec734bc0ae81a3d995be82c73f46c1','<path_cacti>/resource/snmp_queries/netware_cpu.xml','Netware - Get Processor Information','Gets information about running processors in a Netware server',0,2),(8,'9343eab1f4d88b0e61ffc9d020f35414','<path_cacti>/resource/script_server/host_disk.xml','SNMP - Get Mounted Partitions','Gets a list of partitions using SNMP',0,12),(9,'0d1ab53fe37487a5d0b9e1d3ee8c1d0d','<path_cacti>/resource/script_server/host_cpu.xml','SNMP - Get Processor Information','Gets usage for each processor in the system using the host MIB.',0,12);
/*!40000 ALTER TABLE `snmp_query` ENABLE KEYS */;
UNLOCK TABLES;

--
-- Table structure for table `snmp_query_graph`
--

DROP TABLE IF EXISTS `snmp_query_graph`;
/*!40101 SET @saved_cs_client     = @@character_set_client */;
/*!40101 SET character_set_client = utf8 */;
CREATE TABLE `snmp_query_graph` (
  `id` mediumint(8) unsigned NOT NULL AUTO_INCREMENT,
  `hash` varchar(32) NOT NULL DEFAULT '',
  `snmp_query_id` mediumint(8) unsigned NOT NULL DEFAULT '0',
  `name` varchar(100) NOT NULL DEFAULT '',
  `graph_template_id` mediumint(8) unsigned NOT NULL DEFAULT '0',
  PRIMARY KEY (`id`)
) ENGINE=MyISAM AUTO_INCREMENT=23 DEFAULT CHARSET=latin1;
/*!40101 SET character_set_client = @saved_cs_client */;

--
-- Dumping data for table `snmp_query_graph`
--

LOCK TABLES `snmp_query_graph` WRITE;
/*!40000 ALTER TABLE `snmp_query_graph` DISABLE KEYS */;
INSERT INTO `snmp_query_graph` VALUES (2,'a4b829746fb45e35e10474c36c69c0cf',1,'In/Out Errors/Discarded Packets',22),(3,'01e33224f8b15997d3d09d6b1bf83e18',1,'In/Out Non-Unicast Packets',24),(4,'1e6edee3115c42d644dbd014f0577066',1,'In/Out Unicast Packets',23),(6,'da43655bf1f641b07579256227806977',2,'Available/Used Disk Space',3),(7,'1cc468ef92a5779d37a26349e27ef3ba',3,'Wireless Levels',5),(8,'bef2dc94bc84bf91827f45424aac8d2a',3,'Wireless Transmissions',6),(9,'ab93b588c29731ab15db601ca0bc9dec',1,'In/Out Bytes (64-bit Counters)',25),(10,'5a5ce35edb4b195cbde99fd0161dfb4e',4,'Volume Information (free, freeable space)',19),(11,'c1c2cfd33eaf5064300e92e26e20bc56',4,'Directory Information (total/available entries)',20),(13,'ae34f5f385bed8c81a158bf3030f1089',1,'In/Out Bits',2),(14,'1e16a505ddefb40356221d7a50619d91',1,'In/Out Bits (64-bit Counters)',2),(15,'a0b3e7b63c2e66f9e1ea24a16ff245fc',6,'Available Disk Space',21),(16,'d1e0d9b8efd4af98d28ce2aad81a87e7',1,'In/Out Bytes',25),(17,'f6db4151aa07efa401a0af6c9b871844',7,'Get Processor Utilization',15),(18,'46c4ee688932cf6370459527eceb8ef3',8,'Available Disk Space',26),(19,'4a515b61441ea5f27ab7dee6c3cb7818',9,'Get Processor Utilization',27),(20,'ed7f68175d7bb83db8ead332fc945720',1,'In/Out Bits with 95th Percentile',31),(21,'f85386cd2fc94634ef167c7f1e5fbcd0',1,'In/Out Bits with Total Bandwidth',32),(22,'7d309bf200b6e3cdb59a33493c2e58e0',1,'In/Out Bytes with Total Bandwidth',33);
/*!40000 ALTER TABLE `snmp_query_graph` ENABLE KEYS */;
UNLOCK TABLES;

--
-- Table structure for table `snmp_query_graph_rrd`
--

DROP TABLE IF EXISTS `snmp_query_graph_rrd`;
/*!40101 SET @saved_cs_client     = @@character_set_client */;
/*!40101 SET character_set_client = utf8 */;
CREATE TABLE `snmp_query_graph_rrd` (
  `snmp_query_graph_id` mediumint(8) unsigned NOT NULL DEFAULT '0',
  `data_template_id` mediumint(8) unsigned NOT NULL DEFAULT '0',
  `data_template_rrd_id` mediumint(8) unsigned NOT NULL DEFAULT '0',
  `snmp_field_name` varchar(50) NOT NULL DEFAULT '0',
  PRIMARY KEY (`snmp_query_graph_id`,`data_template_id`,`data_template_rrd_id`),
  KEY `data_template_rrd_id` (`data_template_rrd_id`),
  KEY `snmp_query_graph_id` (`snmp_query_graph_id`)
) ENGINE=MyISAM DEFAULT CHARSET=latin1;
/*!40101 SET character_set_client = @saved_cs_client */;

--
-- Dumping data for table `snmp_query_graph_rrd`
--

LOCK TABLES `snmp_query_graph_rrd` WRITE;
/*!40000 ALTER TABLE `snmp_query_graph_rrd` DISABLE KEYS */;
INSERT INTO `snmp_query_graph_rrd` VALUES (2,38,47,'ifInDiscards'),(3,40,52,'ifOutNUcastPkts'),(3,40,53,'ifInNUcastPkts'),(4,39,48,'ifInUcastPkts'),(2,38,51,'ifOutErrors'),(6,3,3,'dskAvail'),(6,3,4,'dskUsed'),(7,7,8,'kbWirelessStationExclHellos'),(7,8,9,'kbWirelessStationExclHellos'),(8,10,11,'kbWirelessStationExclHellos'),(8,9,10,'kbWirelessStationExclHellos'),(9,41,55,'ifHCOutOctets'),(9,41,54,'ifHCInOctets'),(10,35,38,'nwVolSize'),(10,35,40,'nwVolFreeable'),(10,35,39,'nwVolFree'),(11,36,42,'nwVolTotalDirEntries'),(11,36,43,'nwVolUsedDirEntries'),(2,38,50,'ifOutDiscards'),(2,38,46,'ifInErrors'),(13,41,54,'ifInOctets'),(14,41,54,'ifHCInOctets'),(14,41,55,'ifHCOutOctets'),(13,41,55,'ifOutOctets'),(4,39,49,'ifOutUcastPkts'),(15,37,44,'dskAvailable'),(16,41,54,'ifInOctets'),(16,41,55,'ifOutOctets'),(15,37,56,'dskUsed'),(17,42,76,'nwhrProcessorUtilization'),(18,43,78,'hrStorageUsed'),(18,43,92,'hrStorageSize'),(19,44,79,'hrProcessorLoad'),(20,41,55,'ifOutOctets'),(20,41,54,'ifInOctets'),(21,41,55,'ifOutOctets'),(21,41,54,'ifInOctets'),(22,41,55,'ifOutOctets'),(22,41,54,'ifInOctets');
/*!40000 ALTER TABLE `snmp_query_graph_rrd` ENABLE KEYS */;
UNLOCK TABLES;

--
-- Table structure for table `snmp_query_graph_rrd_sv`
--

DROP TABLE IF EXISTS `snmp_query_graph_rrd_sv`;
/*!40101 SET @saved_cs_client     = @@character_set_client */;
/*!40101 SET character_set_client = utf8 */;
CREATE TABLE `snmp_query_graph_rrd_sv` (
  `id` mediumint(8) unsigned NOT NULL AUTO_INCREMENT,
  `hash` varchar(32) NOT NULL DEFAULT '',
  `snmp_query_graph_id` mediumint(8) unsigned NOT NULL DEFAULT '0',
  `data_template_id` mediumint(8) unsigned NOT NULL DEFAULT '0',
  `sequence` mediumint(8) unsigned NOT NULL DEFAULT '0',
  `field_name` varchar(100) NOT NULL DEFAULT '',
  `text` varchar(255) NOT NULL DEFAULT '',
  PRIMARY KEY (`id`),
  KEY `snmp_query_graph_id` (`snmp_query_graph_id`),
  KEY `data_template_id` (`data_template_id`)
) ENGINE=MyISAM AUTO_INCREMENT=110 DEFAULT CHARSET=latin1;
/*!40101 SET character_set_client = @saved_cs_client */;

--
-- Dumping data for table `snmp_query_graph_rrd_sv`
--

LOCK TABLES `snmp_query_graph_rrd_sv` WRITE;
/*!40000 ALTER TABLE `snmp_query_graph_rrd_sv` DISABLE KEYS */;
INSERT INTO `snmp_query_graph_rrd_sv` VALUES (10,'5d3a8b2f4a454e5b0a1494e00fe7d424',6,3,1,'name','|host_description| - Partition - |query_dskDevice|'),(11,'d0b49af67a83c258ef1eab3780f7b3dc',7,7,1,'name','|host_description| - Wireless Noise Level - |query_kbWirelessStationName|'),(12,'bf6b966dc369f3df2ea640a90845e94c',7,8,1,'name','|host_description| - Wireless Signal Level - |query_kbWirelessStationName|'),(13,'5c3616603a7ac9d0c1cb9556b377a74f',8,10,1,'name','|host_description| - Wireless Re-Transmissions - |query_kbWirelessStationName|'),(14,'080f0022f77044a512b083e3a8304e8b',8,9,1,'name','|host_description| - Wireless Transmissions - |query_kbWirelessStationName|'),(30,'8132fa9c446e199732f0102733cb1714',11,36,1,'name','|host_description| - Directories - |query_nwVolPhysicalName|'),(29,'8fc9a94a5f6ef902a3de0fa7549e7476',10,35,1,'name','|host_description| - Volumes - |query_nwVolPhysicalName|'),(80,'27eb220995925e1a5e0e41b2582a2af6',16,41,1,'rrd_maximum','|query_ifSpeed|'),(85,'e85ddc56efa677b70448f9e931360b77',14,41,1,'rrd_maximum','|query_ifSpeed|'),(84,'37bb8c5b38bb7e89ec88ea7ccacf44d4',14,41,4,'name','|host_description| - Traffic - |query_ifDescr|'),(83,'62a47c18be10f273a5f5a13a76b76f54',14,41,3,'name','|host_description| - Traffic - |query_ifIP|/|query_ifDescr|'),(32,'',12,37,1,'name','|host_description| - Partition - |query_dskDevice|'),(49,'6537b3209e0697fbec278e94e7317b52',2,38,1,'name','|host_description| - Errors - |query_ifIP| - |query_ifName|'),(50,'6d3f612051016f48c951af8901720a1c',2,38,2,'name','|host_description| - Errors - |query_ifName|'),(51,'62bc981690576d0b2bd0041ec2e4aa6f',2,38,3,'name','|host_description| - Errors - |query_ifIP|/|query_ifDescr|'),(52,'adb270d55ba521d205eac6a21478804a',2,38,4,'name','|host_description| - Errors - |query_ifDescr|'),(54,'77065435f3bbb2ff99bc3b43b81de8fe',3,40,1,'name','|host_description| - Non-Unicast Packets - |query_ifIP| - |query_ifName|'),(55,'240d8893092619c97a54265e8d0b86a1',3,40,2,'name','|host_description| - Non-Unicast Packets - |query_ifName|'),(56,'4b200ecf445bdeb4c84975b74991df34',3,40,3,'name','|host_description| - Non-Unicast Packets - |query_ifIP|/|query_ifDescr|'),(57,'d6da3887646078e4d01fe60a123c2179',3,40,4,'name','|host_description| - Non-Unicast Packets - |query_ifDescr|'),(59,'ce7769b97d80ca31d21f83dc18ba93c2',4,39,1,'name','|host_description| - Unicast Packets - |query_ifIP| - |query_ifName|'),(60,'1ee1f9717f3f4771f7f823ca5a8b83dd',4,39,2,'name','|host_description| - Unicast Packets - |query_ifName|'),(61,'a7dbd54604533b592d4fae6e67587e32',4,39,3,'name','|host_description| - Unicast Packets - |query_ifIP|/|query_ifDescr|'),(62,'b148fa7199edcf06cd71c89e5c5d7b63',4,39,4,'name','|host_description| - Unicast Packets - |query_ifDescr|'),(69,'cb09784ba05e401a3f1450126ed1e395',15,37,1,'name','|host_description| - Free Space - |query_dskDevice|'),(70,'87a659326af8c75158e5142874fd74b0',13,41,1,'name','|host_description| - Traffic - |query_ifIP| - |query_ifName|'),(72,'14aa2dead86bbad0f992f1514722c95e',13,41,2,'name','|host_description| - Traffic - |query_ifName|'),(73,'70390712158c3c5052a7d830fb456489',13,41,3,'name','|host_description| - Traffic - |query_ifIP|/|query_ifDescr|'),(74,'084efd82bbddb69fb2ac9bd0b0f16ac6',13,41,4,'name','|host_description| - Traffic - |query_ifDescr|'),(75,'7e093c535fa3d810fa76fc3d8c80c94b',13,41,1,'rrd_maximum','|query_ifSpeed|'),(76,'c7ee2110bf81639086d2da03d9d88286',16,41,1,'name','|host_description| - Traffic - |query_ifIP| - |query_ifName|'),(77,'8ef8ae2ef548892ab95bb6c9f0b3170e',16,41,2,'name','|host_description| - Traffic - |query_ifName|'),(78,'3a0f707d1c8fd0e061b70241541c7e2e',16,41,3,'name','|host_description| - Traffic - |query_ifIP|/|query_ifDescr|'),(79,'2347e9f53564a54d43f3c00d4b60040d',16,41,4,'name','|host_description| - Traffic - |query_ifDescr|'),(81,'2e8b27c63d98249096ad5bc320787f43',14,41,1,'name','|host_description| - Traffic - |query_ifIP| - |query_ifName|'),(82,'8d820d091ec1a9683cfa74a462f239ee',14,41,2,'name','|host_description| - Traffic - |query_ifName|'),(86,'c582d3b37f19e4a703d9bf4908dc6548',9,41,1,'name','|host_description| - Traffic - |query_ifIP| - |query_ifName|'),(88,'e1be83d708ed3c0b8715ccb6517a0365',9,41,2,'name','|host_description| - Traffic - |query_ifName|'),(89,'57a9ae1f197498ca8dcde90194f61cbc',9,41,3,'name','|host_description| - Traffic - |query_ifIP|/|query_ifDescr|'),(90,'0110e120981c7ff15304e4a85cb42cbe',9,41,4,'name','|host_description| - Traffic - |query_ifDescr|'),(91,'ce0b9c92a15759d3ddbd7161d26a98b7',9,41,1,'rrd_maximum','|query_ifSpeed|'),(92,'42277993a025f1bfd85374d6b4deeb60',17,42,1,'name','|host_description| - CPU Utilization - CPU|query_nwhrProcessorNum|'),(93,'a3f280327b1592a1a948e256380b544f',18,43,1,'name','|host_description| - Used Space - |query_hrStorageDescr|'),(94,'b5a724edc36c10891fa2a5c370d55b6f',19,44,1,'name','|host_description| - CPU Utilization - CPU|query_hrProcessorFrwID|'),(95,'7e87efd0075caba9908e2e6e569b25b0',20,41,1,'name','|host_description| - Traffic - |query_ifIP| - |query_ifName|'),(96,'dd28d96a253ab86846aedb25d1cca712',20,41,2,'name','|host_description| - Traffic - |query_ifName|'),(97,'ce425fed4eb3174e4f1cde9713eeafa0',20,41,3,'name','|host_description| - Traffic - |query_ifIP|/|query_ifDescr|'),(98,'d0d05156ddb2c65181588db4b64d3907',20,41,4,'name','|host_description| - Traffic - |query_ifDescr|'),(99,'3b018f789ff72cc5693ef79e3a794370',20,41,1,'rrd_maximum','|query_ifSpeed|'),(100,'b225229dbbb48c1766cf90298674ceed',21,41,1,'name','|host_description| - Traffic - |query_ifIP| - |query_ifName|'),(101,'c79248ddbbd195907260887b021a055d',21,41,2,'name','|host_description| - Traffic - |query_ifName|'),(102,'12a6750d973b7f14783f205d86220082',21,41,3,'name','|host_description| - Traffic - |query_ifIP|/|query_ifDescr|'),(103,'25b151fcfe093812cb5c208e36dd697e',21,41,4,'name','|host_description| - Traffic - |query_ifDescr|'),(104,'e9ab404a294e406c20fdd30df766161f',21,41,1,'rrd_maximum','|query_ifSpeed|'),(105,'119578a4f01ab47e820b0e894e5e5bb3',22,41,1,'name','|host_description| - Traffic - |query_ifIP| - |query_ifName|'),(106,'940e57d24b2623849c77b59ed05931b9',22,41,2,'name','|host_description| - Traffic - |query_ifName|'),(107,'0f045eab01bbc4437b30da568ed5cb03',22,41,3,'name','|host_description| - Traffic - |query_ifIP|/|query_ifDescr|'),(108,'bd70bf71108d32f0bf91b24c85b87ff0',22,41,4,'name','|host_description| - Traffic - |query_ifDescr|'),(109,'fdc4cb976c4b9053bfa2af791a21c5b5',22,41,1,'rrd_maximum','|query_ifSpeed|');
/*!40000 ALTER TABLE `snmp_query_graph_rrd_sv` ENABLE KEYS */;
UNLOCK TABLES;

--
-- Table structure for table `snmp_query_graph_sv`
--

DROP TABLE IF EXISTS `snmp_query_graph_sv`;
/*!40101 SET @saved_cs_client     = @@character_set_client */;
/*!40101 SET character_set_client = utf8 */;
CREATE TABLE `snmp_query_graph_sv` (
  `id` mediumint(8) unsigned NOT NULL AUTO_INCREMENT,
  `hash` varchar(32) NOT NULL DEFAULT '',
  `snmp_query_graph_id` mediumint(8) unsigned NOT NULL DEFAULT '0',
  `sequence` mediumint(8) unsigned NOT NULL DEFAULT '0',
  `field_name` varchar(100) NOT NULL DEFAULT '',
  `text` varchar(255) NOT NULL DEFAULT '',
  PRIMARY KEY (`id`),
  KEY `snmp_query_graph_id` (`snmp_query_graph_id`)
) ENGINE=MyISAM AUTO_INCREMENT=50 DEFAULT CHARSET=latin1;
/*!40101 SET character_set_client = @saved_cs_client */;

--
-- Dumping data for table `snmp_query_graph_sv`
--

LOCK TABLES `snmp_query_graph_sv` WRITE;
/*!40000 ALTER TABLE `snmp_query_graph_sv` DISABLE KEYS */;
INSERT INTO `snmp_query_graph_sv` VALUES (7,'437918b8dcd66a64625c6cee481fff61',6,1,'title','|host_description| - Disk Space - |query_dskPath|'),(5,'2ddc61ff4bd9634f33aedce9524b7690',7,1,'title','|host_description| - Wireless Levels (|query_kbWirelessStationName|)'),(6,'c72e2da7af2cdbd6b44a5eb42c5b4758',8,1,'title','|host_description| - Wireless Transmissions (|query_kbWirelessStationName|)'),(11,'a412c5dfa484b599ec0f570979fdbc9e',10,1,'title','|host_description| - Volume Information - |query_nwVolPhysicalName|'),(12,'48f4792dd49fefd7d640ec46b1d7bdb3',11,1,'title','|host_description| - Directory Information - |query_nwVolPhysicalName|'),(14,'',12,1,'title','|host_description| - Disk Space - |query_dskDevice|'),(15,'49dca5592ac26ff149a4fbd18d690644',13,1,'title','|host_description| - Traffic - |query_ifName|'),(16,'bda15298139ad22bdc8a3b0952d4e3ab',13,2,'title','|host_description| - Traffic - |query_ifIP| (|query_ifDescr|)'),(17,'29e48483d0471fcd996bfb702a5960aa',13,3,'title','|host_description| - Traffic - |query_ifDescr|/|query_ifIndex|'),(18,'3f42d358965cb94ce4f708b59e04f82b',14,1,'title','|host_description| - Traffic - |query_ifName|'),(19,'45f44b2f811ea8a8ace1cbed8ef906f1',14,2,'title','|host_description| - Traffic - |query_ifIP| (|query_ifDescr|)'),(20,'69c14fbcc23aecb9920b3cdad7f89901',14,3,'title','|host_description| - Traffic - |query_ifDescr|/|query_ifIndex|'),(21,'299d3434851fc0d5c0e105429069709d',2,1,'title','|host_description| - Errors - |query_ifName|'),(22,'8c8860b17fd67a9a500b4cb8b5e19d4b',2,2,'title','|host_description| - Errors - |query_ifIP| (|query_ifDescr|)'),(23,'d96360ae5094e5732e7e7496ceceb636',2,3,'title','|host_description| - Errors - |query_ifDescr|/|query_ifIndex|'),(24,'750a290cadc3dc60bb682a5c5f47df16',3,1,'title','|host_description| - Non-Unicast Packets - |query_ifName|'),(25,'bde195eecc256c42ca9725f1f22c1dc0',3,2,'title','|host_description| - Non-Unicast Packets - |query_ifIP| (|query_ifDescr|)'),(26,'d9e97d22689e4ffddaca23b46f2aa306',3,3,'title','|host_description| - Non-Unicast Packets - |query_ifDescr|/|query_ifIndex|'),(27,'48ceaba62e0c2671a810a7f1adc5f751',4,1,'title','|host_description| - Unicast Packets - |query_ifName|'),(28,'d6258884bed44abe46d264198adc7c5d',4,2,'title','|host_description| - Unicast Packets - |query_ifIP| (|query_ifDescr|)'),(29,'6eb58d9835b2b86222306d6ced9961d9',4,3,'title','|host_description| - Unicast Packets - |query_ifDescr|/|query_ifIndex|'),(30,'f21b23df740bc4a2d691d2d7b1b18dba',15,1,'title','|host_description| - Disk Space - |query_dskDevice|'),(31,'7fb4a267065f960df81c15f9022cd3a4',16,1,'title','|host_description| - Traffic - |query_ifName|'),(32,'e403f5a733bf5c8401a110609683deb3',16,2,'title','|host_description| - Traffic - |query_ifIP| (|query_ifDescr|)'),(33,'809c2e80552d56b65ca496c1c2fff398',16,3,'title','|host_description| - Traffic - |query_ifDescr|/|query_ifIndex|'),(34,'0a5eb36e98c04ad6be8e1ef66caeed3c',9,1,'title','|host_description| - Traffic - |query_ifName|'),(35,'4c4386a96e6057b7bd0b78095209ddfa',9,2,'title','|host_description| - Traffic - |query_ifIP| (|query_ifDescr|)'),(36,'fd3a384768b0388fa64119fe2f0cc113',9,3,'title','|host_description| - Traffic - |query_ifDescr|/|query_ifIndex|'),(38,'9852782792ede7c0805990e506ac9618',18,1,'title','|host_description| - Used Space - |query_hrStorageDescr|'),(39,'fa2f07ab54fce72eea684ba893dd9c95',19,1,'title','|host_description| - CPU Utilization - CPU|query_hrProcessorFrwID|'),(40,'d99f8db04fd07bcd2260d246916e03da',17,1,'title','|host_description| - CPU Utilization - CPU|query_nwhrProcessorNum|'),(41,'f434ec853c479d424276f367e9806a75',20,1,'title','|host_description| - Traffic - |query_ifName|'),(42,'9b085245847444c5fb90ebbf4448e265',20,2,'title','|host_description| - Traffic - |query_ifIP| (|query_ifDescr|)'),(43,'5977863f28629bd8eb93a2a9cbc3e306',20,3,'title','|host_description| - Traffic - |query_ifDescr|/|query_ifIndex|'),(44,'37b6711af3930c56309cf8956d8bbf14',21,1,'title','|host_description| - Traffic - |query_ifName|'),(45,'cc435c5884a75421329a9b08207c1c90',21,2,'title','|host_description| - Traffic - |query_ifIP| (|query_ifDescr|)'),(46,'82edeea1ec249c9818773e3145836492',21,3,'title','|host_description| - Traffic - |query_ifDescr|/|query_ifIndex|'),(47,'87522150ee8a601b4d6a1f6b9e919c47',22,1,'title','|host_description| - Traffic - |query_ifName|'),(48,'993a87c04f550f1209d689d584aa8b45',22,2,'title','|host_description| - Traffic - |query_ifIP| (|query_ifDescr|)'),(49,'183bb486c92a566fddcb0585ede37865',22,3,'title','|host_description| - Traffic - |query_ifDescr|/|query_ifIndex|');
/*!40000 ALTER TABLE `snmp_query_graph_sv` ENABLE KEYS */;
UNLOCK TABLES;

--
-- Table structure for table `user_auth`
--

DROP TABLE IF EXISTS `user_auth`;
/*!40101 SET @saved_cs_client     = @@character_set_client */;
/*!40101 SET character_set_client = utf8 */;
CREATE TABLE `user_auth` (
  `id` mediumint(8) unsigned NOT NULL AUTO_INCREMENT,
  `username` varchar(50) NOT NULL DEFAULT '0',
  `password` varchar(50) NOT NULL DEFAULT '0',
  `realm` mediumint(8) NOT NULL DEFAULT '0',
  `full_name` varchar(100) DEFAULT '0',
  `must_change_password` char(2) DEFAULT NULL,
  `show_tree` char(2) DEFAULT 'on',
  `show_list` char(2) DEFAULT 'on',
  `show_preview` char(2) NOT NULL DEFAULT 'on',
  `graph_settings` char(2) DEFAULT NULL,
  `login_opts` tinyint(1) NOT NULL DEFAULT '1',
  `policy_graphs` tinyint(1) unsigned NOT NULL DEFAULT '1',
  `policy_trees` tinyint(1) unsigned NOT NULL DEFAULT '1',
  `policy_hosts` tinyint(1) unsigned NOT NULL DEFAULT '1',
  `policy_graph_templates` tinyint(1) unsigned NOT NULL DEFAULT '1',
  `enabled` char(2) NOT NULL DEFAULT 'on',
  PRIMARY KEY (`id`),
  KEY `username` (`username`),
  KEY `realm` (`realm`),
  KEY `enabled` (`enabled`)
) ENGINE=MyISAM AUTO_INCREMENT=4 DEFAULT CHARSET=latin1;
/*!40101 SET character_set_client = @saved_cs_client */;

--
-- Dumping data for table `user_auth`
--

LOCK TABLES `user_auth` WRITE;
/*!40000 ALTER TABLE `user_auth` DISABLE KEYS */;
INSERT INTO `user_auth` VALUES (1,'admin','21232f297a57a5a743894a0e4a801fc3',0,'Administrator','on','on','on','on','on',1,1,1,1,1,'on'),(3,'guest','43e9a4ab75570f5b',0,'Guest Account','on','on','on','on','on',3,1,1,1,1,'');
/*!40000 ALTER TABLE `user_auth` ENABLE KEYS */;
UNLOCK TABLES;

--
-- Table structure for table `user_auth_perms`
--

DROP TABLE IF EXISTS `user_auth_perms`;
/*!40101 SET @saved_cs_client     = @@character_set_client */;
/*!40101 SET character_set_client = utf8 */;
CREATE TABLE `user_auth_perms` (
  `user_id` mediumint(8) unsigned NOT NULL DEFAULT '0',
  `item_id` mediumint(8) unsigned NOT NULL DEFAULT '0',
  `type` tinyint(2) unsigned NOT NULL DEFAULT '0',
  PRIMARY KEY (`user_id`,`item_id`,`type`),
  KEY `user_id` (`user_id`,`type`)
) ENGINE=MyISAM DEFAULT CHARSET=latin1;
/*!40101 SET character_set_client = @saved_cs_client */;

--
-- Dumping data for table `user_auth_perms`
--

LOCK TABLES `user_auth_perms` WRITE;
/*!40000 ALTER TABLE `user_auth_perms` DISABLE KEYS */;
/*!40000 ALTER TABLE `user_auth_perms` ENABLE KEYS */;
UNLOCK TABLES;

--
-- Table structure for table `user_auth_realm`
--

DROP TABLE IF EXISTS `user_auth_realm`;
/*!40101 SET @saved_cs_client     = @@character_set_client */;
/*!40101 SET character_set_client = utf8 */;
CREATE TABLE `user_auth_realm` (
  `realm_id` mediumint(8) unsigned NOT NULL DEFAULT '0',
  `user_id` mediumint(8) unsigned NOT NULL DEFAULT '0',
  PRIMARY KEY (`realm_id`,`user_id`),
  KEY `user_id` (`user_id`)
) ENGINE=MyISAM DEFAULT CHARSET=latin1;
/*!40101 SET character_set_client = @saved_cs_client */;

--
-- Dumping data for table `user_auth_realm`
--

LOCK TABLES `user_auth_realm` WRITE;
/*!40000 ALTER TABLE `user_auth_realm` DISABLE KEYS */;
INSERT INTO `user_auth_realm` VALUES (1,1),(2,1),(3,1),(4,1),(5,1),(7,1),(7,3),(8,1),(9,1),(10,1),(11,1),(12,1),(13,1),(14,1),(15,1),(16,1),(17,1);
/*!40000 ALTER TABLE `user_auth_realm` ENABLE KEYS */;
UNLOCK TABLES;

--
-- Table structure for table `user_log`
--

DROP TABLE IF EXISTS `user_log`;
/*!40101 SET @saved_cs_client     = @@character_set_client */;
/*!40101 SET character_set_client = utf8 */;
CREATE TABLE `user_log` (
  `username` varchar(50) NOT NULL DEFAULT '0',
  `user_id` mediumint(8) NOT NULL DEFAULT '0',
  `time` datetime NOT NULL DEFAULT '0000-00-00 00:00:00',
  `result` tinyint(1) NOT NULL DEFAULT '0',
  `ip` varchar(40) NOT NULL DEFAULT '',
  PRIMARY KEY (`username`,`user_id`,`time`),
  KEY `username` (`username`)
) ENGINE=MyISAM DEFAULT CHARSET=latin1;
/*!40101 SET character_set_client = @saved_cs_client */;

--
-- Dumping data for table `user_log`
--

LOCK TABLES `user_log` WRITE;
/*!40000 ALTER TABLE `user_log` DISABLE KEYS */;
/*!40000 ALTER TABLE `user_log` ENABLE KEYS */;
UNLOCK TABLES;

--
-- Table structure for table `version`
--

DROP TABLE IF EXISTS `version`;
/*!40101 SET @saved_cs_client     = @@character_set_client */;
/*!40101 SET character_set_client = utf8 */;
CREATE TABLE `version` (
  `cacti` char(20) DEFAULT NULL
) ENGINE=MyISAM DEFAULT CHARSET=latin1;
/*!40101 SET character_set_client = @saved_cs_client */;

--
-- Dumping data for table `version`
--

LOCK TABLES `version` WRITE;
/*!40000 ALTER TABLE `version` DISABLE KEYS */;
INSERT INTO `version` VALUES ('new_install');
/*!40000 ALTER TABLE `version` ENABLE KEYS */;
UNLOCK TABLES;
/*!40103 SET TIME_ZONE=@OLD_TIME_ZONE */;

/*!40101 SET SQL_MODE=@OLD_SQL_MODE */;
/*!40014 SET FOREIGN_KEY_CHECKS=@OLD_FOREIGN_KEY_CHECKS */;
/*!40014 SET UNIQUE_CHECKS=@OLD_UNIQUE_CHECKS */;
/*!40101 SET CHARACTER_SET_CLIENT=@OLD_CHARACTER_SET_CLIENT */;
/*!40101 SET CHARACTER_SET_RESULTS=@OLD_CHARACTER_SET_RESULTS */;
/*!40101 SET COLLATION_CONNECTION=@OLD_COLLATION_CONNECTION */;
/*!40111 SET SQL_NOTES=@OLD_SQL_NOTES */;

-- Dump completed on 2010-11-03 16:42:17
